missionsfile version 1
 51
mst_town_default town_default 0  -1
Default_town_visit 

32 0 4100 256 0 1 4  164 163 25 532 
1 4100 256 0 1 0  
2 4100 256 0 1 0  
3 4100 256 0 1 0  
4 4100 256 0 1 0  
5 4100 256 0 1 0  
6 4100 256 0 1 0  
7 4100 256 0 1 0  
8 4 256 0 1 0  
9 4 256 0 1 0  
10 4 256 0 1 0  
11 4 256 0 1 0  
12 4 256 0 1 0  
13 4 0 0 1 0  
14 4 0 0 1 0  
15 4 0 0 1 0  
16 16 256 0 1 0  
17 16 256 0 1 0  
18 16 256 0 1 0  
19 16 256 0 1 0  
20 16 256 0 1 0  
21 16 256 0 1 0  
22 16 256 0 1 0  
23 16 256 0 1 0  
24 16 256 0 1 0  
25 16 256 0 1 0  
26 16 256 0 1 0  
27 16 256 0 1 0  
28 16 256 0 1 0  
29 16 256 0 1 0  
30 16 256 0 1 0  
31 16 256 0 1 0  
31
1.000000 0.000000 100000000.000000  0  11 2211 1 1224979098644774912 503 3 1224979098644774912 0 1 4 0 31 2 144115188075856215 1 1 2 936748722493063651 16384 5 0 31 2 144115188075856110 14 1 2 936748722493063651 512 5 0 1 2 936748722493063651 8192 3 0 
-19.000000 0.000000 0.000000  0  2 1 1 936748722493063507 1 1 936748722493063726 
-22.000000 0.000000 0.000000  1 2075 1 1  0 
1.000000 0.000000 0.000000  5 32 2 144115188075856911 0 1780 2 0 0 1710 2 1 144115188075856911 710 3 1224979098644774912 0 1 2147483680 2 1224979098644774912 150  2 1749 1 144115188075856911 2133 2 144115188075856911 0 
-21.000000 0.000000 0.000000  4 4 0 31 2 144115188075856009 0 2075 1 1 3 0  0 
2.000000 0.000000 0.000000  5 2147483690 0 31 2 144115188075856110 14 2147484188 3 360287970189640686 12 144115188075856273 540 3 360287970189640685 12 144115188075856273 31 2 144115188075856010 0  32 4 0 31 2 144115188075856923 0 2133 2 144115188075856923 1 12 1 1224979098644774912 1718 2 1224979098644774913 1224979098644774912 31 2 1224979098644774913 360287970189640685 2133 2 144115188075856924 1224979098644774912 3 0 5 0 31 2 144115188075856923 1 1712 1 144115188075856924 1702 1 144115188075856924 1700 1 1224979098644774914 1710 2 0 1224979098644774914 1710 2 1 144115188075856924 710 3 1224979098644774915 0 1 728 2 1224979098644774916 0 728 2 1224979098644774917 1 2121 3 1224979098644774918 1224979098644774917 1224979098644774916 4 0 2147483680 2 1224979098644774918 0 2107 2 1224979098644774918 -1 3 0 2122 3 1224979098644774919 1224979098644774918 3 2105 2 1224979098644774915 1224979098644774919 2136 3 1224979098644774920 0 200 2120 3 1224979098644774921 400 1224979098644774920 2147483680 2 1224979098644774915 1224979098644774921 1 1 936748722493063699 1920 1 360287970189640685 2133 2 144115188075856923 2 3 0 
2.000000 0.000000 0.000000  3 2147483690 0 31 2 144115188075856110 14 540 3 360287970189640686 12 144115188075856273  31 4 0 31 2 144115188075856925 0 2133 2 144115188075856925 1 12 1 1224979098644774912 1718 2 1224979098644774913 1224979098644774912 31 2 1224979098644774913 360287970189640686 2133 2 144115188075856926 1224979098644774912 3 0 5 0 31 2 144115188075856925 1 1712 1 144115188075856926 1702 1 144115188075856926 1700 1 1224979098644774914 1710 2 0 1224979098644774914 1710 2 1 144115188075856926 710 3 1224979098644774915 0 1 728 2 1224979098644774916 0 728 2 1224979098644774917 1 2121 3 1224979098644774918 1224979098644774917 1224979098644774916 4 0 2147483680 2 1224979098644774918 0 2107 2 1224979098644774918 -1 3 0 2122 3 1224979098644774919 1224979098644774918 3 2105 2 1224979098644774915 1224979098644774919 2136 3 1224979098644774920 0 200 2120 3 1224979098644774921 400 1224979098644774920 2147483680 2 1224979098644774915 1224979098644774921 1 1 936748722493063699 2133 2 144115188075856925 2 3 0 
3.000000 0.000000 100000000.000000  5 2147483690 0 31 2 144115188075856110 14 32 2 144115188075856009 0 3221227174 1 144115188075856009 1703 1 144115188075856009  8 1935 0 12 1 1224979098644774912 1702 1 1224979098644774912 1710 2 4 1224979098644774912 1730 2 1224979098644774912 4 3 0 521 3 1224979098644774913 144115188075856273 20 1920 1 1224979098644774913 
3.000000 0.000000 100000000.000000  4 2147483690 0 31 2 144115188075856110 14 32 2 144115188075856009 0 1006 0  2 2060 1 864691128455135454 1907 1 0 
1.000000 0.000000 0.000000  13 2147483690 0 31 2 144115188075856110 14 32 2 144115188075856009 0 1700 1 1224979098644774912 1702 1 1224979098644774912 1726 3 1224979098644774913 1224979098644774912 0 33 3 1224979098644774913 288230376151712273 288230376151712302 2147483679 2 1224979098644774913 288230376151712278 2147483679 2 1224979098644774913 288230376151712280 2147483679 2 1224979098644774913 288230376151712282 2147483679 2 1224979098644774913 288230376151712284 2147483679 2 1224979098644774913 288230376151712286 2147483679 2 1224979098644774913 288230376151712288  2 521 3 1224979098644774912 144115188075856273 20 1920 1 1224979098644774912 
1.000000 0.000000 0.000000  1 32 2 144115188075856009 0  3 1726 3 1224979098644774912 144115188075856009 0 2111 2 144115188075856290 1224979098644774912 1 1 936748722493063703 
-20.000000 0.000000 100000000.000000  2 541 3 648518346341351424 84 1 2147483679 2 144115188075856156 1  60 2170 3 1224979098644774912 1369094286720630785 360287970189639680 520 3 1224979098644774913 360287970189639680 7 2108 2 1224979098644774912 3 2108 2 1224979098644774913 400 2120 3 1224979098644774914 1224979098644774913 1224979098644774912 2110 2 1224979098644774914 4 30 2 1224979098644774914 1 1700 1 144115188075857103 1770 2 144115188075857104 144115188075857103 1714 2 1224979098644774915 144115188075857103 2133 2 1224979098644774916 0 2133 2 1224979098644774917 0 4 0 541 3 144115188075856213 0 4 2133 2 1224979098644774916 11 2133 2 1224979098644774917 792633534417207299 5 0 1073741855 2 144115188075856110 18 1073741855 2 144115188075856110 19 31 2 144115188075856110 0 2133 2 1224979098644774916 24 4 0 541 3 144115188075856213 0 2 2133 2 1224979098644774917 792633534417207313 5 0 2133 2 1224979098644774917 792633534417207298 3 0 5 0 31 2 144115188075856110 14 2133 2 1224979098644774916 17 3 0 4 0 2147483679 2 144115188075856110 14 32 2 1224979098644774915 0 1940 3 1224979098644774917 1224979098644774916 0 3 0 2211 1 1224979098644774918 1261 1 1224979098644774918 2133 2 1224979098644774919 0 1650 2 1224979098644774920 648518346341351424 6 3 1224979098644774921 0 1224979098644774920 1652 3 1224979098644774922 648518346341351424 1224979098644774921 2147483679 2 1224979098644774922 360287970189639680 1507 1 1224979098644774922 2147485156 1 1224979098644774922 2105 2 1224979098644774919 1 4 0 1073741855 2 144115188075856110 19 31 2 144115188075856110 18 500 3 1224979098644774922 161 1 3 0 1265 3 1224979098644774916 1224979098644774922 1 31 2 1224979098644774919 1224979098644774914 2133 2 1224979098644774920 0 3 0 32 2 1224979098644774919 0 1107 1 0 1790 3 144115188075857104 8 1 1795 2 144115188075857104 8 1107 1 1 
-25.000000 0.000000 0.000000  1 541 3 648518346341351424 84 1  22 2071 1 1224979098644774912 1718 2 1224979098644774913 1224979098644774912 2147483679 2 1224979098644774913 360287970189639680 1507 1 1224979098644774913 110 1 1224979098644774913 1710 2 1 144115188075857103 1771 2 1224979098644774912 144115188075857104 1783 2 1224979098644774912 8 1803 3 1224979098644774912 144115188075857103 1 1807 2 1224979098644774912 1 2136 3 1224979098644774914 1 3 2107 2 1224979098644774914 100 721 2 1 1224979098644774914 2136 3 1224979098644774914 1 3 2136 3 1224979098644774915 0 2 2107 2 1224979098644774915 -1 4 0 2147483679 2 1224979098644774915 0 2107 2 1224979098644774914 1224979098644774915 3 0 720 2 1 1224979098644774914 1711 2 1224979098644774912 1 
-26.000000 0.000000 0.000000  1 541 3 648518346341351424 84 1  7 2071 1 1224979098644774912 1718 2 1224979098644774913 1224979098644774912 2147483679 2 1224979098644774913 360287970189639680 1507 1 1224979098644774913 110 1 1224979098644774913 2147485156 1 1224979098644774913 1618 3 648518346341351424 1224979098644774913 1 
0.000000 0.000000 100000000.000000  0  5 1700 1 144115188075857103 1770 2 144115188075857104 144115188075857103 1714 2 1224979098644774912 144115188075857103 30 2 1224979098644774912 0 505 3 144115188075857103 41 1224979098644774912 
-19.000000 0.000000 100000000.000000  0  11 501 3 648518346341351424 108 0 501 3 648518346341351433 108 0 501 3 2 108 0 6 3 1224979098644774912 0 4 6 3 1224979098644774913 149 167 509 3 1224979098644774912 1224979098644774913 -1 3 0 3 0 541 3 648518346341351424 72 0 1 1 936748722493063830 501 3 648518346341351424 72 1 
0.000000 0.000000 0.000000  13 2147484654 0 1073741897 1 30 1073741897 1 31 1073741897 1 32 1073741897 1 33 1073741897 1 34 1073741897 1 35 1073741897 1 36 1073741897 1 37 1073741897 1 38 1073741897 1 29 1073741897 1 39 73 1 40  2 501 3 648518346341351424 108 0 900 1 1513209474796486734 
-23.000000 0.000000 0.000000  0  3 501 3 648518346341351424 108 0 903 1 1513209474796486734 902 1 0 
0.000000 0.000000 0.000000  2 2147484654 0 71 1 67  6 2147484189 3 648518346341351424 108 23 2147484189 3 648518346341351424 108 24 2147484189 3 648518346341351424 108 25 903 1 1513209474796486734 902 1 0 501 3 648518346341351424 108 0 
0.000000 0.000000 0.000000  2 2147484654 0 73 1 23  20 4 0 2147484189 3 648518346341351424 108 23 2147484189 3 648518346341351424 108 24 2147484189 3 648518346341351424 108 25 501 3 648518346341351424 108 23 5 0 541 3 648518346341351424 108 23 2133 2 144115188075857105 1 1 2 936748722493063868 0 501 3 648518346341351424 108 0 5 0 541 3 648518346341351424 108 24 2133 2 144115188075857105 1 1 2 936748722493063868 5 501 3 648518346341351424 108 0 5 0 541 3 648518346341351424 108 25 1 2 936748722493063839 0 501 3 648518346341351424 108 0 3 0 
0.000000 0.000000 0.000000  2 2147484654 0 73 1 24  20 4 0 2147484189 3 648518346341351424 108 23 2147484189 3 648518346341351424 108 24 2147484189 3 648518346341351424 108 25 501 3 648518346341351424 108 24 5 0 541 3 648518346341351424 108 23 2133 2 144115188075857105 1 1 2 936748722493063868 1 501 3 648518346341351424 108 0 5 0 541 3 648518346341351424 108 24 2133 2 144115188075857105 1 1 2 936748722493063868 6 501 3 648518346341351424 108 0 5 0 541 3 648518346341351424 108 25 1 2 936748722493063839 0 501 3 648518346341351424 108 0 3 0 
0.000000 0.000000 0.000000  2 2147484654 0 73 1 25  19 4 0 2147484189 3 648518346341351424 108 23 2147484189 3 648518346341351424 108 24 2147484189 3 648518346341351424 108 25 501 3 648518346341351424 108 25 5 0 541 3 648518346341351424 108 23 2133 2 144115188075857105 1 1 2 936748722493063868 2 501 3 648518346341351424 108 0 5 0 541 3 648518346341351424 108 24 2133 2 144115188075857105 1 1 2 936748722493063868 8 501 3 648518346341351424 108 0 5 0 541 3 648518346341351424 108 25 501 3 648518346341351424 108 0 3 0 
0.000000 0.000000 0.000000  2 2147484654 0 73 1 26  35 4 0 541 3 648518346341351424 108 0 1073741855 2 144115188075856193 864691128455135276 31 2 144115188075856193 864691128455135287 501 3 648518346341351424 108 26 900 1 1513209474796486734 5 0 541 3 648518346341351424 108 23 2133 2 144115188075857105 1 1 2 936748722493063868 11 501 3 648518346341351424 108 0 5 0 541 3 648518346341351424 108 24 2133 2 144115188075857105 1 1 2 936748722493063868 7 501 3 648518346341351424 108 0 5 0 541 3 648518346341351424 108 25 1 3 936748722493063833 -1 144115188075857104 501 3 648518346341351424 108 0 5 0 541 3 648518346341351424 108 26 6 3 1224979098644774912 0 9 1775 2 144115188075857104 1224979098644774912 2120 3 1224979098644774913 14 1224979098644774912 569 3 144115188075857104 1224979098644774913 1 2133 2 144115188075857105 1 1 3 936748722493063867 1224979098644774912 2 3 0 501 3 648518346341351424 108 0 5 0 541 3 648518346341351424 108 65 1 1 936748722493063837 501 3 648518346341351424 108 0 3 0 
0.000000 0.000000 0.000000  2 2147484654 0 73 1 27  36 4 0 541 3 648518346341351424 108 0 501 3 648518346341351424 108 27 900 1 1513209474796486734 5 0 541 3 648518346341351424 108 23 2133 2 144115188075857105 1 1 2 936748722493063868 14 501 3 648518346341351424 108 0 5 0 541 3 648518346341351424 108 24 501 3 648518346341351424 108 0 5 0 541 3 648518346341351424 108 26 6 3 1224979098644774912 0 9 1775 2 144115188075857104 1224979098644774912 2120 3 1224979098644774913 14 1224979098644774912 569 3 144115188075857104 1224979098644774913 1 2133 2 144115188075857105 1 1 3 936748722493063867 1224979098644774912 3 3 0 501 3 648518346341351424 108 0 5 0 541 3 648518346341351424 108 27 1 2 936748722493063835 1 501 3 648518346341351424 108 0 5 0 541 3 648518346341351424 108 28 1 2 936748722493063835 4 501 3 648518346341351424 108 0 5 0 541 3 648518346341351424 108 65 1 2 936748722493063834 9 1 2 936748722493063840 1 501 3 648518346341351424 108 0 3 0 
0.000000 0.000000 0.000000  2 2147484654 0 73 1 28  33 4 0 541 3 648518346341351424 108 0 501 3 648518346341351424 108 28 900 1 1513209474796486734 5 0 541 3 648518346341351424 108 24 2133 2 144115188075857105 1 1 2 936748722493063868 4 501 3 648518346341351424 108 0 5 0 541 3 648518346341351424 108 26 6 3 1224979098644774912 0 9 1775 2 144115188075857104 1224979098644774912 2120 3 1224979098644774913 14 1224979098644774912 569 3 144115188075857104 1224979098644774913 1 2133 2 144115188075857105 1 1 3 936748722493063867 1224979098644774912 4 3 0 501 3 648518346341351424 108 0 5 0 541 3 648518346341351424 108 27 1 2 936748722493063835 2 501 3 648518346341351424 108 0 5 0 541 3 648518346341351424 108 28 1 2 936748722493063835 5 501 3 648518346341351424 108 0 5 0 541 3 648518346341351424 108 65 1 2 936748722493063834 11 1 2 936748722493063839 1 501 3 648518346341351424 108 0 3 0 
0.000000 0.000000 0.000000  2 2147484654 0 71 1 65  28 4 0 541 3 648518346341351424 108 0 501 3 648518346341351424 108 65 900 1 1513209474796486734 5 0 541 3 648518346341351424 108 26 6 3 1224979098644774912 0 9 1775 2 144115188075857104 1224979098644774912 2120 3 1224979098644774913 14 1224979098644774912 569 3 144115188075857104 1224979098644774913 1 2133 2 144115188075857105 1 1 3 936748722493063867 1224979098644774912 5 3 0 501 3 648518346341351424 108 0 5 0 541 3 648518346341351424 108 27 1 2 936748722493063835 3 501 3 648518346341351424 108 0 5 0 541 3 648518346341351424 108 28 1 2 936748722493063835 6 501 3 648518346341351424 108 0 5 0 541 3 648518346341351424 108 65 1 2 936748722493063834 13 1 2 936748722493063838 1 501 3 648518346341351424 108 0 3 0 
0.000000 0.000000 0.000000  2 2147484654 0 71 1 66  10 4 0 541 3 648518346341351424 108 26 2133 2 144115188075857105 1 1 2 936748722493063868 2 501 3 648518346341351424 108 0 5 0 541 3 648518346341351424 108 27 1 2 936748722493063835 0 501 3 648518346341351424 108 0 3 0 
0.500000 0.000000 0.000000  1 1 2 936748722493063836 167  1 1 1 936748722493063841 
1.000000 0.000000 0.000000  1 1 2 936748722493063836 176  37 6 3 1224979098644774912 0 4 6 3 1224979098644774913 0 9 2120 3 1224979098644774914 176 1224979098644774913 569 3 1224979098644774912 1224979098644774914 1 529 3 1224979098644774915 1224979098644774912 1224979098644774914 2105 2 1224979098644774915 1 509 3 1224979098644774912 1224979098644774914 1224979098644774915 3 0 3 0 12 1 1224979098644774916 1707 1 1224979098644774916 565 3 1224979098644774916 43 1 1727 3 1224979098644774917 1224979098644774916 1 32 2 1224979098644774917 0 1770 2 1224979098644774912 1224979098644774916 1773 2 1224979098644774913 1224979098644774916 2120 3 1224979098644774914 176 1224979098644774913 529 3 1224979098644774915 1224979098644774912 1224979098644774914 525 3 1224979098644774918 1224979098644774916 43 4 0 31 2 1224979098644774918 8 2133 2 1224979098644774919 2 5 0 31 2 1224979098644774918 9 2133 2 1224979098644774919 5 3 0 1739 2 1224979098644774920 1224979098644774916 1073741855 2 1224979098644774920 1 31 2 1224979098644774920 3 2119 3 72057594037927936 1224979098644774915 1224979098644774919 4 0 31 2 72057594037927936 0 1745 3 1224979098644774916 0 0 5 0 1745 3 1224979098644774916 0 1 3 0 3 0 
1.000000 0.000000 100000000.000000  1 2147483679 2 144115188075856168 0  5 6 3 1224979098644774912 0 4 6 3 1224979098644774913 176 185 509 3 1224979098644774912 1224979098644774913 0 3 0 3 0 
0.000000 0.000000 3.000000  1 71 1 50  7 525 3 1224979098644774912 144115188075857103 41 32 2 1224979098644774912 0 1750 2 144115188075857103 1152921504606847104 1106 1 1585267068834415372 1702 1 1224979098644774912 1710 2 1 144115188075857103 1730 3 1224979098644774912 1 0 


mst_conversation_encounter conversation_encounter 0  -1
Conversation_encounter 

32 0 16 512 0 1 0  
1 16 512 0 1 0  
2 16 512 0 1 0  
3 16 512 0 1 0  
4 16 512 0 1 0  
5 16 512 0 1 0  
6 16 512 0 1 0  
7 16 512 0 1 0  
8 16 512 0 1 0  
9 16 512 0 1 0  
10 16 512 0 1 0  
11 16 512 0 1 0  
12 16 512 0 1 0  
13 16 512 0 1 0  
14 16 512 0 1 0  
15 16 512 0 1 0  
16 16 512 0 1 0  
17 16 512 0 1 0  
18 16 512 0 1 0  
19 16 512 0 1 0  
20 16 512 0 1 0  
21 16 512 0 1 0  
22 16 512 0 1 0  
23 16 512 0 1 0  
24 16 512 0 1 0  
25 16 512 0 1 0  
26 16 512 0 1 0  
27 16 512 0 1 0  
28 16 512 0 1 0  
29 16 512 0 1 0  
30 16 512 0 1 0  
31 16 512 0 1 0  
0


mst_town_center town_center 0  -1
Default_town_visit 

48 0 4100 256 0 1 4  164 163 25 532 
1 4100 0 0 1 0  
2 4100 256 0 1 4  164 163 25 532 
3 4100 256 0 1 4  164 163 25 532 
4 4100 256 0 1 4  164 163 25 532 
5 4100 256 0 1 4  164 163 25 532 
6 4100 256 0 1 4  164 163 25 532 
7 4100 256 0 1 4  164 163 25 532 
8 16 256 0 1 0  
9 16 256 0 1 0  
10 16 256 0 1 0  
11 16 256 0 1 0  
12 16 256 0 1 0  
13 16 0 0 1 0  
14 4 0 0 1 0  
15 4 0 0 1 0  
16 16 256 0 1 0  
17 16 256 0 1 0  
18 16 256 0 1 0  
19 16 256 0 1 0  
20 16 256 0 1 0  
21 16 256 0 1 0  
22 16 256 0 1 0  
23 16 256 0 1 0  
24 16 256 0 1 0  
25 16 256 0 1 0  
26 16 256 0 1 0  
27 16 256 0 1 0  
28 16 256 0 1 0  
29 16 256 0 1 0  
30 16 256 0 1 0  
31 16 256 0 1 0  
32 16 256 0 1 0  
33 16 256 0 1 0  
34 16 256 0 1 0  
35 16 256 0 1 0  
36 16 256 0 1 0  
37 16 256 0 1 0  
38 16 256 0 1 0  
39 16 256 0 1 0  
40 8208 256 16 1 0  
41 8208 256 16 1 0  
42 8208 256 16 1 0  
43 8208 256 16 1 0  
44 8208 256 16 1 0  
45 8208 256 16 1 0  
46 8208 256 16 1 0  
47 8208 256 16 1 0  
43
-25.000000 0.000000 0.000000  0  18 2071 1 1224979098644774912 1 2 936748722493063517 1224979098644774912 4 0 1073741855 2 144115188075856110 19 31 2 144115188075856110 18 1718 2 1224979098644774913 1224979098644774912 540 3 1224979098644774913 161 1 1700 1 1224979098644774914 1770 2 1224979098644774915 1224979098644774914 1771 2 1224979098644774912 1224979098644774915 1753 2 1224979098644774912 5 500 3 1224979098644774913 161 0 4 0 540 3 1224979098644774913 149 3 1710 2 1 1224979098644774912 1730 2 1224979098644774912 1 3 0 3 0 
-19.000000 0.000000 0.000000  0  1 2133 2 144115188075856009 0 
1.000000 0.000000 100000000.000000  0  12 4 0 31 2 144115188075856156 0 2211 1 1224979098644774912 503 3 1224979098644774912 0 1 3 0 1 1 936748722493063518 4 0 31 2 144115188075856215 1 1 2 936748722493063651 16384 5 0 1 2 936748722493063651 8192 3 0 
-19.000000 0.000000 0.000000  0  1 1 1 936748722493063507 
-22.000000 0.000000 0.000000  9 4 0 31 2 144115188075856156 0 2075 1 1 5 0 31 2 144115188075856156 1 1106 1 216172782113783921 5 0 1106 1 216172782113783919 3 0  0 
-21.000000 0.000000 0.000000  12 4 0 1073741855 2 144115188075856110 19 31 2 144115188075856110 18 1106 1 216172782113786889 5 0 1073741855 2 144115188075856156 0 31 2 144115188075856156 1 1935 0 2075 1 1 5 0 1106 1 216172782113786889 3 0  0 
-30.000000 0.000000 0.000000  4 4 0 31 2 144115188075856236 0 2133 2 144115188075856081 1 3 0  6 4 0 31 2 144115188075856110 19 1 1 936748722493063712 2060 1 864691128455135379 3 0 1935 0 
0.000000 0.000000 100000000.000000  0  6 541 3 144115188075856213 0 3 1 2 936748722493063523 0 4 0 31 2 144115188075856244 0 600 2 1152921504606847147 2 3 0 
3.000000 0.000000 0.000000  1 1 1 936748722493063521  0 
2.000000 0.000000 0.000000  1 1 1 936748722493063511  0 
1.000000 0.000000 0.000000  2 1073741855 2 144115188075856110 18 31 2 144115188075856110 19  2 1 1 936748722493063703 1936 0 
1.000000 0.000000 100000000.000000  1 31 2 144115188075856110 19  16 1700 1 1224979098644774912 2133 2 72057594037927942 1224979098644774912 1 1 936748722493063701 1700 1 1224979098644774912 1710 2 4 1224979098644774912 6 3 1224979098644774913 360287970189639932 360287970189640302 560 3 1224979098644774913 149 2 2322 2 4 1224979098644774913 1106 1 216172782113786284 2211 1 1224979098644774914 1261 1 1224979098644774914 2211 1 1224979098644774914 1261 1 1224979098644774914 1265 5 24 1224979098644774913 1 0 0 500 3 1224979098644774913 161 1 3 0 
3.000000 0.000000 0.000000  1 1006 1 0  14 4 0 1073741855 2 144115188075856110 18 31 2 144115188075856110 19 1 1 936748722493063712 2060 1 864691128455135396 2133 2 1224979098644774912 360287970189640302 6 3 1224979098644774913 360287970189639932 1224979098644774912 500 3 1224979098644774913 149 0 3 0 1935 0 1907 1 0 5 0 2075 1 1 3 0 
3.000000 0.000000 0.000000  5 31 2 144115188075856110 19 2147484654 1 0 2370 1 1224979098644774912 30 2 1224979098644774912 10 1003 0  14 1 1 936748722493063712 12 1 1224979098644774912 1718 2 1224979098644774913 1224979098644774912 560 3 1224979098644774913 149 2 4 0 1702 1 1224979098644774912 500 3 1224979098644774913 149 4 5 0 500 3 1224979098644774913 149 5 3 0 3 0 2060 1 864691128455135380 1935 0 1907 1 0 
-26.000000 0.000000 0.000000  0  14 2071 1 1224979098644774912 2072 1 1224979098644774913 1718 2 1224979098644774914 1224979098644774912 1718 2 1224979098644774915 1224979098644774913 4 0 1073741855 2 1224979098644774914 360287970189639738 1073741855 2 1224979098644774914 360287970189639760 1073741855 2 1224979098644774914 360287970189639770 1073741855 2 1224979098644774914 360287970189639783 1073741855 2 1224979098644774914 360287970189639796 31 2 1224979098644774914 360287970189639810 31 2 1224979098644774915 360287970189639680 1106 1 1585267068834415373 3 0 
-20.000000 0.000000 100000000.000000  2 541 3 648518346341351424 84 1 2147483679 2 144115188075856156 1  60 2170 3 1224979098644774912 1369094286720630785 360287970189639680 520 3 1224979098644774913 360287970189639680 7 2108 2 1224979098644774912 3 2108 2 1224979098644774913 400 2120 3 1224979098644774914 1224979098644774913 1224979098644774912 2110 2 1224979098644774914 4 30 2 1224979098644774914 1 1700 1 144115188075857103 1770 2 144115188075857104 144115188075857103 1714 2 1224979098644774915 144115188075857103 2133 2 1224979098644774916 0 2133 2 1224979098644774917 0 4 0 541 3 144115188075856213 0 4 2133 2 1224979098644774916 11 2133 2 1224979098644774917 792633534417207299 5 0 1073741855 2 144115188075856110 18 1073741855 2 144115188075856110 19 31 2 144115188075856110 0 2133 2 1224979098644774916 24 4 0 541 3 144115188075856213 0 2 2133 2 1224979098644774917 792633534417207313 5 0 2133 2 1224979098644774917 792633534417207298 3 0 5 0 31 2 144115188075856110 14 2133 2 1224979098644774916 17 3 0 4 0 2147483679 2 144115188075856110 14 32 2 1224979098644774915 0 1940 3 1224979098644774917 1224979098644774916 0 3 0 2211 1 1224979098644774918 1261 1 1224979098644774918 2133 2 1224979098644774919 0 1650 2 1224979098644774920 648518346341351424 6 3 1224979098644774921 0 1224979098644774920 1652 3 1224979098644774922 648518346341351424 1224979098644774921 2147483679 2 1224979098644774922 360287970189639680 1507 1 1224979098644774922 2147485156 1 1224979098644774922 2105 2 1224979098644774919 1 4 0 1073741855 2 144115188075856110 19 31 2 144115188075856110 18 500 3 1224979098644774922 161 1 3 0 1265 3 1224979098644774916 1224979098644774922 1 31 2 1224979098644774919 1224979098644774914 2133 2 1224979098644774920 0 3 0 32 2 1224979098644774919 0 1107 1 0 1790 3 144115188075857104 8 1 1795 2 144115188075857104 8 1107 1 1 
-25.000000 0.000000 0.000000  1 541 3 648518346341351424 84 1  22 2071 1 1224979098644774912 1718 2 1224979098644774913 1224979098644774912 2147483679 2 1224979098644774913 360287970189639680 1507 1 1224979098644774913 110 1 1224979098644774913 1710 2 1 144115188075857103 1771 2 1224979098644774912 144115188075857104 1783 2 1224979098644774912 8 1803 3 1224979098644774912 144115188075857103 1 1807 2 1224979098644774912 1 2136 3 1224979098644774914 1 3 2107 2 1224979098644774914 100 721 2 1 1224979098644774914 2136 3 1224979098644774914 1 3 2136 3 1224979098644774915 0 2 2107 2 1224979098644774915 -1 4 0 2147483679 2 1224979098644774915 0 2107 2 1224979098644774914 1224979098644774915 3 0 720 2 1 1224979098644774914 1711 2 1224979098644774912 1 
-26.000000 0.000000 0.000000  1 541 3 648518346341351424 84 1  7 2071 1 1224979098644774912 1718 2 1224979098644774913 1224979098644774912 2147483679 2 1224979098644774913 360287970189639680 1507 1 1224979098644774913 110 1 1224979098644774913 2147485156 1 1224979098644774913 1618 3 648518346341351424 1224979098644774913 1 
0.000000 0.000000 100000000.000000  0  5 1700 1 144115188075857103 1770 2 144115188075857104 144115188075857103 1714 2 1224979098644774912 144115188075857103 30 2 1224979098644774912 0 505 3 144115188075857103 41 1224979098644774912 
-19.000000 0.000000 100000000.000000  0  11 501 3 648518346341351424 108 0 501 3 648518346341351433 108 0 501 3 2 108 0 6 3 1224979098644774912 0 4 6 3 1224979098644774913 149 167 509 3 1224979098644774912 1224979098644774913 -1 3 0 3 0 541 3 648518346341351424 72 0 1 1 936748722493063830 501 3 648518346341351424 72 1 
0.000000 0.000000 0.000000  13 2147484654 0 1073741897 1 30 1073741897 1 31 1073741897 1 32 1073741897 1 33 1073741897 1 34 1073741897 1 35 1073741897 1 36 1073741897 1 37 1073741897 1 38 1073741897 1 29 1073741897 1 39 73 1 40  2 501 3 648518346341351424 108 0 900 1 1513209474796486734 
-23.000000 0.000000 0.000000  0  3 501 3 648518346341351424 108 0 903 1 1513209474796486734 902 1 0 
0.000000 0.000000 0.000000  2 2147484654 0 71 1 67  6 2147484189 3 648518346341351424 108 23 2147484189 3 648518346341351424 108 24 2147484189 3 648518346341351424 108 25 903 1 1513209474796486734 902 1 0 501 3 648518346341351424 108 0 
0.000000 0.000000 0.000000  2 2147484654 0 73 1 23  20 4 0 2147484189 3 648518346341351424 108 23 2147484189 3 648518346341351424 108 24 2147484189 3 648518346341351424 108 25 501 3 648518346341351424 108 23 5 0 541 3 648518346341351424 108 23 2133 2 144115188075857105 1 1 2 936748722493063868 0 501 3 648518346341351424 108 0 5 0 541 3 648518346341351424 108 24 2133 2 144115188075857105 1 1 2 936748722493063868 5 501 3 648518346341351424 108 0 5 0 541 3 648518346341351424 108 25 1 2 936748722493063839 0 501 3 648518346341351424 108 0 3 0 
0.000000 0.000000 0.000000  2 2147484654 0 73 1 24  20 4 0 2147484189 3 648518346341351424 108 23 2147484189 3 648518346341351424 108 24 2147484189 3 648518346341351424 108 25 501 3 648518346341351424 108 24 5 0 541 3 648518346341351424 108 23 2133 2 144115188075857105 1 1 2 936748722493063868 1 501 3 648518346341351424 108 0 5 0 541 3 648518346341351424 108 24 2133 2 144115188075857105 1 1 2 936748722493063868 6 501 3 648518346341351424 108 0 5 0 541 3 648518346341351424 108 25 1 2 936748722493063839 0 501 3 648518346341351424 108 0 3 0 
0.000000 0.000000 0.000000  2 2147484654 0 73 1 25  19 4 0 2147484189 3 648518346341351424 108 23 2147484189 3 648518346341351424 108 24 2147484189 3 648518346341351424 108 25 501 3 648518346341351424 108 25 5 0 541 3 648518346341351424 108 23 2133 2 144115188075857105 1 1 2 936748722493063868 2 501 3 648518346341351424 108 0 5 0 541 3 648518346341351424 108 24 2133 2 144115188075857105 1 1 2 936748722493063868 8 501 3 648518346341351424 108 0 5 0 541 3 648518346341351424 108 25 501 3 648518346341351424 108 0 3 0 
0.000000 0.000000 0.000000  2 2147484654 0 73 1 26  35 4 0 541 3 648518346341351424 108 0 1073741855 2 144115188075856193 864691128455135276 31 2 144115188075856193 864691128455135287 501 3 648518346341351424 108 26 900 1 1513209474796486734 5 0 541 3 648518346341351424 108 23 2133 2 144115188075857105 1 1 2 936748722493063868 11 501 3 648518346341351424 108 0 5 0 541 3 648518346341351424 108 24 2133 2 144115188075857105 1 1 2 936748722493063868 7 501 3 648518346341351424 108 0 5 0 541 3 648518346341351424 108 25 1 3 936748722493063833 -1 144115188075857104 501 3 648518346341351424 108 0 5 0 541 3 648518346341351424 108 26 6 3 1224979098644774912 0 9 1775 2 144115188075857104 1224979098644774912 2120 3 1224979098644774913 14 1224979098644774912 569 3 144115188075857104 1224979098644774913 1 2133 2 144115188075857105 1 1 3 936748722493063867 1224979098644774912 2 3 0 501 3 648518346341351424 108 0 5 0 541 3 648518346341351424 108 65 1 1 936748722493063837 501 3 648518346341351424 108 0 3 0 
0.000000 0.000000 0.000000  2 2147484654 0 73 1 27  36 4 0 541 3 648518346341351424 108 0 501 3 648518346341351424 108 27 900 1 1513209474796486734 5 0 541 3 648518346341351424 108 23 2133 2 144115188075857105 1 1 2 936748722493063868 14 501 3 648518346341351424 108 0 5 0 541 3 648518346341351424 108 24 501 3 648518346341351424 108 0 5 0 541 3 648518346341351424 108 26 6 3 1224979098644774912 0 9 1775 2 144115188075857104 1224979098644774912 2120 3 1224979098644774913 14 1224979098644774912 569 3 144115188075857104 1224979098644774913 1 2133 2 144115188075857105 1 1 3 936748722493063867 1224979098644774912 3 3 0 501 3 648518346341351424 108 0 5 0 541 3 648518346341351424 108 27 1 2 936748722493063835 1 501 3 648518346341351424 108 0 5 0 541 3 648518346341351424 108 28 1 2 936748722493063835 4 501 3 648518346341351424 108 0 5 0 541 3 648518346341351424 108 65 1 2 936748722493063834 9 1 2 936748722493063840 1 501 3 648518346341351424 108 0 3 0 
0.000000 0.000000 0.000000  2 2147484654 0 73 1 28  33 4 0 541 3 648518346341351424 108 0 501 3 648518346341351424 108 28 900 1 1513209474796486734 5 0 541 3 648518346341351424 108 24 2133 2 144115188075857105 1 1 2 936748722493063868 4 501 3 648518346341351424 108 0 5 0 541 3 648518346341351424 108 26 6 3 1224979098644774912 0 9 1775 2 144115188075857104 1224979098644774912 2120 3 1224979098644774913 14 1224979098644774912 569 3 144115188075857104 1224979098644774913 1 2133 2 144115188075857105 1 1 3 936748722493063867 1224979098644774912 4 3 0 501 3 648518346341351424 108 0 5 0 541 3 648518346341351424 108 27 1 2 936748722493063835 2 501 3 648518346341351424 108 0 5 0 541 3 648518346341351424 108 28 1 2 936748722493063835 5 501 3 648518346341351424 108 0 5 0 541 3 648518346341351424 108 65 1 2 936748722493063834 11 1 2 936748722493063839 1 501 3 648518346341351424 108 0 3 0 
0.000000 0.000000 0.000000  2 2147484654 0 71 1 65  28 4 0 541 3 648518346341351424 108 0 501 3 648518346341351424 108 65 900 1 1513209474796486734 5 0 541 3 648518346341351424 108 26 6 3 1224979098644774912 0 9 1775 2 144115188075857104 1224979098644774912 2120 3 1224979098644774913 14 1224979098644774912 569 3 144115188075857104 1224979098644774913 1 2133 2 144115188075857105 1 1 3 936748722493063867 1224979098644774912 5 3 0 501 3 648518346341351424 108 0 5 0 541 3 648518346341351424 108 27 1 2 936748722493063835 3 501 3 648518346341351424 108 0 5 0 541 3 648518346341351424 108 28 1 2 936748722493063835 6 501 3 648518346341351424 108 0 5 0 541 3 648518346341351424 108 65 1 2 936748722493063834 13 1 2 936748722493063838 1 501 3 648518346341351424 108 0 3 0 
0.000000 0.000000 0.000000  2 2147484654 0 71 1 66  10 4 0 541 3 648518346341351424 108 26 2133 2 144115188075857105 1 1 2 936748722493063868 2 501 3 648518346341351424 108 0 5 0 541 3 648518346341351424 108 27 1 2 936748722493063835 0 501 3 648518346341351424 108 0 3 0 
0.500000 0.000000 0.000000  1 1 2 936748722493063836 167  1 1 1 936748722493063841 
1.000000 0.000000 0.000000  1 1 2 936748722493063836 176  37 6 3 1224979098644774912 0 4 6 3 1224979098644774913 0 9 2120 3 1224979098644774914 176 1224979098644774913 569 3 1224979098644774912 1224979098644774914 1 529 3 1224979098644774915 1224979098644774912 1224979098644774914 2105 2 1224979098644774915 1 509 3 1224979098644774912 1224979098644774914 1224979098644774915 3 0 3 0 12 1 1224979098644774916 1707 1 1224979098644774916 565 3 1224979098644774916 43 1 1727 3 1224979098644774917 1224979098644774916 1 32 2 1224979098644774917 0 1770 2 1224979098644774912 1224979098644774916 1773 2 1224979098644774913 1224979098644774916 2120 3 1224979098644774914 176 1224979098644774913 529 3 1224979098644774915 1224979098644774912 1224979098644774914 525 3 1224979098644774918 1224979098644774916 43 4 0 31 2 1224979098644774918 8 2133 2 1224979098644774919 2 5 0 31 2 1224979098644774918 9 2133 2 1224979098644774919 5 3 0 1739 2 1224979098644774920 1224979098644774916 1073741855 2 1224979098644774920 1 31 2 1224979098644774920 3 2119 3 72057594037927936 1224979098644774915 1224979098644774919 4 0 31 2 72057594037927936 0 1745 3 1224979098644774916 0 0 5 0 1745 3 1224979098644774916 0 1 3 0 3 0 
1.000000 0.000000 100000000.000000  1 2147483679 2 144115188075856168 0  5 6 3 1224979098644774912 0 4 6 3 1224979098644774913 176 185 509 3 1224979098644774912 1224979098644774913 0 3 0 3 0 
0.000000 0.000000 3.000000  1 71 1 50  7 525 3 1224979098644774912 144115188075857103 41 32 2 1224979098644774912 0 1750 2 144115188075857103 1152921504606847104 1106 1 1585267068834415372 1702 1 1224979098644774912 1710 2 1 144115188075857103 1730 3 1224979098644774912 1 0 
0.000000 0.000000 100000000.000000  0  7 12 1 1224979098644774912 1704 1 1224979098644774912 1718 2 1224979098644774913 1224979098644774912 1507 1 1224979098644774913 1515 2 1224979098644774914 1224979098644774913 500 3 1224979098644774913 329 1224979098644774914 3 0 
1.000000 0.000000 0.000000  0  41 1700 1 1224979098644774912 12 1 1224979098644774913 1704 1 1224979098644774913 1718 2 1224979098644774914 1224979098644774913 1507 1 1224979098644774914 1515 2 1224979098644774915 1224979098644774914 520 3 1224979098644774916 1224979098644774914 329 32 2 1224979098644774915 1224979098644774916 2121 3 1224979098644774917 1224979098644774915 1224979098644774916 2172 3 1224979098644774918 1224979098644774914 2 2122 3 1224979098644774919 1224979098644774918 3 2107 2 1224979098644774919 1224979098644774917 2108 2 1224979098644774919 100 1107 1 0 1062 2 1224979098644774919 1224979098644774914 1107 1 1 4 0 31 2 1224979098644774913 1224979098644774912 32 2 1224979098644774919 0 31 2 144115188075857164 1 2133 2 72057594037927937 1224979098644774919 1106 1 1585267068834415374 3 0 1515 2 1224979098644774920 1224979098644774914 500 3 1224979098644774914 329 1224979098644774920 2121 3 1224979098644774921 1224979098644774920 1224979098644774916 2170 3 1224979098644774922 27 1224979098644774914 2105 2 1224979098644774922 10 2107 2 1224979098644774921 1224979098644774922 2108 2 1224979098644774921 20 2108 2 1224979098644774921 100 32 2 1224979098644774921 0 1525 2 1224979098644774914 1224979098644774921 4 0 31 2 1224979098644774913 1224979098644774912 31 2 144115188075857164 1 2133 2 72057594037927937 1224979098644774921 2121 3 72057594037927938 72057594037927937 1 1106 1 1585267068834415375 3 0 3 0 
1.000000 0.000000 0.000000  0  11 1700 1 1224979098644774912 12 1 1224979098644774913 2147483679 2 1224979098644774913 1224979098644774912 1702 1 1224979098644774913 1704 1 1224979098644774913 1727 2 1224979098644774914 1224979098644774913 545 3 1224979098644774913 26 0 2147483680 2 1224979098644774914 1 1728 1 1224979098644774913 505 3 1224979098644774913 26 1 3 0 
0.000000 0.000000 0.000000  0  11 4 0 70 1 29 71 1 30 1700 1 1224979098644774912 1728 1 1224979098644774912 5 0 70 1 56 71 1 30 12 1 1224979098644774913 1728 1 1224979098644774913 3 0 
-19.000000 0.000000 0.000000  0  1 1 1 936748722493063765 
0.000000 0.000000 100000000.000000  1 2147483679 2 144115188075856169 360287970189639680  5 2120 3 1224979098644774912 6 1 6 3 1224979098644774913 0 1224979098644774912 2176 3 1224979098644774914 144115188075856169 1224979098644774913 507 3 1224979098644774913 68 1224979098644774914 3 0 
1.000000 0.000000 0.000000  1 2147483679 2 144115188075856169 360287970189639680  17 2322 2 1 144115188075856169 2120 3 1224979098644774912 6 1 6 3 1224979098644774913 0 1224979098644774912 2176 3 1224979098644774914 144115188075856169 1224979098644774913 527 3 1224979098644774915 1224979098644774913 68 32 2 1224979098644774914 1224979098644774915 2121 3 1224979098644774916 1224979098644774914 1224979098644774915 2133 2 72057594037927938 1224979098644774916 2106 2 1224979098644774916 1 2133 2 72057594037927939 1224979098644774916 2133 2 72057594037927937 1224979098644774914 2121 3 1224979098644774917 1224979098644774913 0 2105 2 1224979098644774917 216172782113787044 2320 2 2 1224979098644774917 1106 2 1585267068834415376 15658496 507 3 1224979098644774913 68 1224979098644774914 3 0 
0.000000 0.000000 0.000000  0  11 1700 1 1224979098644774912 1710 2 2 1224979098644774912 4 0 1726 3 1224979098644774913 1224979098644774912 1 31 2 1224979098644774913 288230376151712268 71 1 34 721 2 2 50 1970 1 2 1974 1 1080863910568920066 1774 2 1224979098644774912 288230376151712268 3 0 


mst_village_center village_center 0  -1
village_center 

48 0 4100 0 0 1 0  
1 4100 0 0 1 0  
2 4100 256 0 1 0  
3 4100 256 0 1 0  
4 4100 256 0 1 0  
5 4100 256 0 1 0  
6 4100 256 0 1 0  
7 4100 256 0 1 0  
8 16 256 0 1 0  
9 16 256 0 1 0  
10 16 256 0 1 0  
11 16 256 0 1 0  
12 16 256 0 1 0  
13 16 0 0 1 0  
14 16 0 0 1 0  
15 16 0 0 1 0  
16 16 256 0 1 0  
17 16 256 0 1 0  
18 16 256 0 1 0  
19 16 256 0 1 0  
20 16 256 0 1 0  
21 16 256 0 1 0  
22 16 256 0 1 0  
23 16 256 0 1 0  
24 16 256 0 1 0  
25 16 256 0 1 0  
26 16 256 0 1 0  
27 16 256 0 1 0  
28 16 256 0 1 0  
29 16 256 0 1 0  
30 16 256 0 1 0  
31 16 256 0 1 0  
32 16 256 0 1 0  
33 16 256 0 1 0  
34 16 256 0 1 0  
35 16 256 0 1 0  
36 16 256 0 1 0  
37 16 256 0 1 0  
38 16 256 0 1 0  
39 16 256 0 1 0  
40 16 256 0 1 0  
41 16 256 0 1 0  
42 16 256 0 1 0  
43 16 256 0 1 0  
44 16 256 0 1 0  
45 16 256 0 1 0  
46 16 256 0 1 0  
47 16 256 0 1 0  
28
1.000000 0.000000 100000000.000000  0  4 2211 1 1224979098644774912 503 3 1224979098644774912 0 1 1 1 936748722493063518 1 2 936748722493063651 65536 
-19.000000 0.000000 0.000000  0  1 1 1 936748722493063507 
-22.000000 0.000000 0.000000  1 2075 1 1  0 
-21.000000 0.000000 0.000000  13 4 0 200 1 504403158265495558 2147483850 1 504403158265495558 2147483851 1 504403158265495558 546 3 504403158265495558 11 1 4 0 1 2 936748722493063593 360287970189640684 1 2 936748722493063553 504403158265495558 5 0 1 2 936748722493063552 504403158265495558 3 0 3 0 2075 1 1  0 
-30.000000 0.000000 0.000000  3 4 0 2133 2 144115188075856081 1 3 0  0 
3.000000 0.000000 0.000000  1 1 1 936748722493063521  0 
2.000000 0.000000 0.000000  1 1 1 936748722493063511  0 
1.000000 0.000000 100000000.000000  12 200 1 504403158265495558 2147483850 1 504403158265495558 2147483851 1 504403158265495558 546 3 504403158265495558 11 1 2133 2 1224979098644774912 0 4 0 1 2 936748722493063593 360287970189640684 5 0 2133 2 1224979098644774912 1 3 0 1073742830 0 31 2 1224979098644774912 1  9 4 0 1006 0 2060 1 864691128455135328 1 2 936748722493063553 504403158265495558 1907 1 4 5 0 1 3 936748722493063440 144115188075856213 -2 1 2 936748722493063552 504403158265495558 3 0 
-20.000000 0.000000 100000000.000000  2 541 3 648518346341351424 84 1 2147483679 2 144115188075856156 1  60 2170 3 1224979098644774912 1369094286720630785 360287970189639680 520 3 1224979098644774913 360287970189639680 7 2108 2 1224979098644774912 3 2108 2 1224979098644774913 400 2120 3 1224979098644774914 1224979098644774913 1224979098644774912 2110 2 1224979098644774914 4 30 2 1224979098644774914 1 1700 1 144115188075857103 1770 2 144115188075857104 144115188075857103 1714 2 1224979098644774915 144115188075857103 2133 2 1224979098644774916 0 2133 2 1224979098644774917 0 4 0 541 3 144115188075856213 0 4 2133 2 1224979098644774916 11 2133 2 1224979098644774917 792633534417207299 5 0 1073741855 2 144115188075856110 18 1073741855 2 144115188075856110 19 31 2 144115188075856110 0 2133 2 1224979098644774916 24 4 0 541 3 144115188075856213 0 2 2133 2 1224979098644774917 792633534417207313 5 0 2133 2 1224979098644774917 792633534417207298 3 0 5 0 31 2 144115188075856110 14 2133 2 1224979098644774916 17 3 0 4 0 2147483679 2 144115188075856110 14 32 2 1224979098644774915 0 1940 3 1224979098644774917 1224979098644774916 0 3 0 2211 1 1224979098644774918 1261 1 1224979098644774918 2133 2 1224979098644774919 0 1650 2 1224979098644774920 648518346341351424 6 3 1224979098644774921 0 1224979098644774920 1652 3 1224979098644774922 648518346341351424 1224979098644774921 2147483679 2 1224979098644774922 360287970189639680 1507 1 1224979098644774922 2147485156 1 1224979098644774922 2105 2 1224979098644774919 1 4 0 1073741855 2 144115188075856110 19 31 2 144115188075856110 18 500 3 1224979098644774922 161 1 3 0 1265 3 1224979098644774916 1224979098644774922 1 31 2 1224979098644774919 1224979098644774914 2133 2 1224979098644774920 0 3 0 32 2 1224979098644774919 0 1107 1 0 1790 3 144115188075857104 8 1 1795 2 144115188075857104 8 1107 1 1 
-25.000000 0.000000 0.000000  1 541 3 648518346341351424 84 1  22 2071 1 1224979098644774912 1718 2 1224979098644774913 1224979098644774912 2147483679 2 1224979098644774913 360287970189639680 1507 1 1224979098644774913 110 1 1224979098644774913 1710 2 1 144115188075857103 1771 2 1224979098644774912 144115188075857104 1783 2 1224979098644774912 8 1803 3 1224979098644774912 144115188075857103 1 1807 2 1224979098644774912 1 2136 3 1224979098644774914 1 3 2107 2 1224979098644774914 100 721 2 1 1224979098644774914 2136 3 1224979098644774914 1 3 2136 3 1224979098644774915 0 2 2107 2 1224979098644774915 -1 4 0 2147483679 2 1224979098644774915 0 2107 2 1224979098644774914 1224979098644774915 3 0 720 2 1 1224979098644774914 1711 2 1224979098644774912 1 
-26.000000 0.000000 0.000000  1 541 3 648518346341351424 84 1  7 2071 1 1224979098644774912 1718 2 1224979098644774913 1224979098644774912 2147483679 2 1224979098644774913 360287970189639680 1507 1 1224979098644774913 110 1 1224979098644774913 2147485156 1 1224979098644774913 1618 3 648518346341351424 1224979098644774913 1 
0.000000 0.000000 100000000.000000  0  5 1700 1 144115188075857103 1770 2 144115188075857104 144115188075857103 1714 2 1224979098644774912 144115188075857103 30 2 1224979098644774912 0 505 3 144115188075857103 41 1224979098644774912 
-19.000000 0.000000 100000000.000000  0  11 501 3 648518346341351424 108 0 501 3 648518346341351433 108 0 501 3 2 108 0 6 3 1224979098644774912 0 4 6 3 1224979098644774913 149 167 509 3 1224979098644774912 1224979098644774913 -1 3 0 3 0 541 3 648518346341351424 72 0 1 1 936748722493063830 501 3 648518346341351424 72 1 
0.000000 0.000000 0.000000  13 2147484654 0 1073741897 1 30 1073741897 1 31 1073741897 1 32 1073741897 1 33 1073741897 1 34 1073741897 1 35 1073741897 1 36 1073741897 1 37 1073741897 1 38 1073741897 1 29 1073741897 1 39 73 1 40  2 501 3 648518346341351424 108 0 900 1 1513209474796486734 
-23.000000 0.000000 0.000000  0  3 501 3 648518346341351424 108 0 903 1 1513209474796486734 902 1 0 
0.000000 0.000000 0.000000  2 2147484654 0 71 1 67  6 2147484189 3 648518346341351424 108 23 2147484189 3 648518346341351424 108 24 2147484189 3 648518346341351424 108 25 903 1 1513209474796486734 902 1 0 501 3 648518346341351424 108 0 
0.000000 0.000000 0.000000  2 2147484654 0 73 1 23  20 4 0 2147484189 3 648518346341351424 108 23 2147484189 3 648518346341351424 108 24 2147484189 3 648518346341351424 108 25 501 3 648518346341351424 108 23 5 0 541 3 648518346341351424 108 23 2133 2 144115188075857105 1 1 2 936748722493063868 0 501 3 648518346341351424 108 0 5 0 541 3 648518346341351424 108 24 2133 2 144115188075857105 1 1 2 936748722493063868 5 501 3 648518346341351424 108 0 5 0 541 3 648518346341351424 108 25 1 2 936748722493063839 0 501 3 648518346341351424 108 0 3 0 
0.000000 0.000000 0.000000  2 2147484654 0 73 1 24  20 4 0 2147484189 3 648518346341351424 108 23 2147484189 3 648518346341351424 108 24 2147484189 3 648518346341351424 108 25 501 3 648518346341351424 108 24 5 0 541 3 648518346341351424 108 23 2133 2 144115188075857105 1 1 2 936748722493063868 1 501 3 648518346341351424 108 0 5 0 541 3 648518346341351424 108 24 2133 2 144115188075857105 1 1 2 936748722493063868 6 501 3 648518346341351424 108 0 5 0 541 3 648518346341351424 108 25 1 2 936748722493063839 0 501 3 648518346341351424 108 0 3 0 
0.000000 0.000000 0.000000  2 2147484654 0 73 1 25  19 4 0 2147484189 3 648518346341351424 108 23 2147484189 3 648518346341351424 108 24 2147484189 3 648518346341351424 108 25 501 3 648518346341351424 108 25 5 0 541 3 648518346341351424 108 23 2133 2 144115188075857105 1 1 2 936748722493063868 2 501 3 648518346341351424 108 0 5 0 541 3 648518346341351424 108 24 2133 2 144115188075857105 1 1 2 936748722493063868 8 501 3 648518346341351424 108 0 5 0 541 3 648518346341351424 108 25 501 3 648518346341351424 108 0 3 0 
0.000000 0.000000 0.000000  2 2147484654 0 73 1 26  35 4 0 541 3 648518346341351424 108 0 1073741855 2 144115188075856193 864691128455135276 31 2 144115188075856193 864691128455135287 501 3 648518346341351424 108 26 900 1 1513209474796486734 5 0 541 3 648518346341351424 108 23 2133 2 144115188075857105 1 1 2 936748722493063868 11 501 3 648518346341351424 108 0 5 0 541 3 648518346341351424 108 24 2133 2 144115188075857105 1 1 2 936748722493063868 7 501 3 648518346341351424 108 0 5 0 541 3 648518346341351424 108 25 1 3 936748722493063833 -1 144115188075857104 501 3 648518346341351424 108 0 5 0 541 3 648518346341351424 108 26 6 3 1224979098644774912 0 9 1775 2 144115188075857104 1224979098644774912 2120 3 1224979098644774913 14 1224979098644774912 569 3 144115188075857104 1224979098644774913 1 2133 2 144115188075857105 1 1 3 936748722493063867 1224979098644774912 2 3 0 501 3 648518346341351424 108 0 5 0 541 3 648518346341351424 108 65 1 1 936748722493063837 501 3 648518346341351424 108 0 3 0 
0.000000 0.000000 0.000000  2 2147484654 0 73 1 27  36 4 0 541 3 648518346341351424 108 0 501 3 648518346341351424 108 27 900 1 1513209474796486734 5 0 541 3 648518346341351424 108 23 2133 2 144115188075857105 1 1 2 936748722493063868 14 501 3 648518346341351424 108 0 5 0 541 3 648518346341351424 108 24 501 3 648518346341351424 108 0 5 0 541 3 648518346341351424 108 26 6 3 1224979098644774912 0 9 1775 2 144115188075857104 1224979098644774912 2120 3 1224979098644774913 14 1224979098644774912 569 3 144115188075857104 1224979098644774913 1 2133 2 144115188075857105 1 1 3 936748722493063867 1224979098644774912 3 3 0 501 3 648518346341351424 108 0 5 0 541 3 648518346341351424 108 27 1 2 936748722493063835 1 501 3 648518346341351424 108 0 5 0 541 3 648518346341351424 108 28 1 2 936748722493063835 4 501 3 648518346341351424 108 0 5 0 541 3 648518346341351424 108 65 1 2 936748722493063834 9 1 2 936748722493063840 1 501 3 648518346341351424 108 0 3 0 
0.000000 0.000000 0.000000  2 2147484654 0 73 1 28  33 4 0 541 3 648518346341351424 108 0 501 3 648518346341351424 108 28 900 1 1513209474796486734 5 0 541 3 648518346341351424 108 24 2133 2 144115188075857105 1 1 2 936748722493063868 4 501 3 648518346341351424 108 0 5 0 541 3 648518346341351424 108 26 6 3 1224979098644774912 0 9 1775 2 144115188075857104 1224979098644774912 2120 3 1224979098644774913 14 1224979098644774912 569 3 144115188075857104 1224979098644774913 1 2133 2 144115188075857105 1 1 3 936748722493063867 1224979098644774912 4 3 0 501 3 648518346341351424 108 0 5 0 541 3 648518346341351424 108 27 1 2 936748722493063835 2 501 3 648518346341351424 108 0 5 0 541 3 648518346341351424 108 28 1 2 936748722493063835 5 501 3 648518346341351424 108 0 5 0 541 3 648518346341351424 108 65 1 2 936748722493063834 11 1 2 936748722493063839 1 501 3 648518346341351424 108 0 3 0 
0.000000 0.000000 0.000000  2 2147484654 0 71 1 65  28 4 0 541 3 648518346341351424 108 0 501 3 648518346341351424 108 65 900 1 1513209474796486734 5 0 541 3 648518346341351424 108 26 6 3 1224979098644774912 0 9 1775 2 144115188075857104 1224979098644774912 2120 3 1224979098644774913 14 1224979098644774912 569 3 144115188075857104 1224979098644774913 1 2133 2 144115188075857105 1 1 3 936748722493063867 1224979098644774912 5 3 0 501 3 648518346341351424 108 0 5 0 541 3 648518346341351424 108 27 1 2 936748722493063835 3 501 3 648518346341351424 108 0 5 0 541 3 648518346341351424 108 28 1 2 936748722493063835 6 501 3 648518346341351424 108 0 5 0 541 3 648518346341351424 108 65 1 2 936748722493063834 13 1 2 936748722493063838 1 501 3 648518346341351424 108 0 3 0 
0.000000 0.000000 0.000000  2 2147484654 0 71 1 66  10 4 0 541 3 648518346341351424 108 26 2133 2 144115188075857105 1 1 2 936748722493063868 2 501 3 648518346341351424 108 0 5 0 541 3 648518346341351424 108 27 1 2 936748722493063835 0 501 3 648518346341351424 108 0 3 0 
0.500000 0.000000 0.000000  1 1 2 936748722493063836 167  1 1 1 936748722493063841 
1.000000 0.000000 0.000000  1 1 2 936748722493063836 176  37 6 3 1224979098644774912 0 4 6 3 1224979098644774913 0 9 2120 3 1224979098644774914 176 1224979098644774913 569 3 1224979098644774912 1224979098644774914 1 529 3 1224979098644774915 1224979098644774912 1224979098644774914 2105 2 1224979098644774915 1 509 3 1224979098644774912 1224979098644774914 1224979098644774915 3 0 3 0 12 1 1224979098644774916 1707 1 1224979098644774916 565 3 1224979098644774916 43 1 1727 3 1224979098644774917 1224979098644774916 1 32 2 1224979098644774917 0 1770 2 1224979098644774912 1224979098644774916 1773 2 1224979098644774913 1224979098644774916 2120 3 1224979098644774914 176 1224979098644774913 529 3 1224979098644774915 1224979098644774912 1224979098644774914 525 3 1224979098644774918 1224979098644774916 43 4 0 31 2 1224979098644774918 8 2133 2 1224979098644774919 2 5 0 31 2 1224979098644774918 9 2133 2 1224979098644774919 5 3 0 1739 2 1224979098644774920 1224979098644774916 1073741855 2 1224979098644774920 1 31 2 1224979098644774920 3 2119 3 72057594037927936 1224979098644774915 1224979098644774919 4 0 31 2 72057594037927936 0 1745 3 1224979098644774916 0 0 5 0 1745 3 1224979098644774916 0 1 3 0 3 0 
1.000000 0.000000 100000000.000000  1 2147483679 2 144115188075856168 0  5 6 3 1224979098644774912 0 4 6 3 1224979098644774913 176 185 509 3 1224979098644774912 1224979098644774913 0 3 0 3 0 
0.000000 0.000000 3.000000  1 71 1 50  7 525 3 1224979098644774912 144115188075857103 41 32 2 1224979098644774912 0 1750 2 144115188075857103 1152921504606847104 1106 1 1585267068834415372 1702 1 1224979098644774912 1710 2 1 144115188075857103 1730 3 1224979098644774912 1 0 


mst_bandits_at_night bandits_at_night 0  -1
Default_town_visit 

48 0 4100 256 16 1 4  164 163 25 532 
1 4100 0 0 1 0  
2 4100 256 0 1 0  
3 4100 256 0 1 0  
4 4112 256 16 1 0  
5 4100 256 0 1 0  
6 4100 256 0 1 0  
7 4100 256 0 1 0  
8 4 256 0 1 0  
9 16 256 0 1 0  
10 16 256 0 1 0  
11 16 256 16 1 0  
12 16 256 0 1 0  
13 4 0 0 1 0  
14 4 0 0 1 0  
15 4 0 0 1 0  
16 16 256 0 1 0  
17 16 256 0 1 0  
18 16 256 0 1 0  
19 16 256 0 1 0  
20 16 256 0 1 0  
21 16 256 0 1 0  
22 16 256 0 1 0  
23 16 256 0 1 0  
24 16 256 0 1 0  
25 16 256 0 1 0  
26 16 256 0 1 0  
27 16 256 16 1 0  
28 16 256 16 1 0  
29 16 256 0 1 0  
30 16 256 0 1 0  
31 16 256 0 1 0  
32 16 256 0 1 0  
33 16 256 0 1 0  
34 16 256 0 1 0  
35 16 256 0 1 0  
36 16 256 0 1 0  
37 16 256 0 1 0  
38 16 256 0 1 0  
39 16 256 0 1 0  
40 8208 256 16 1 0  
41 8208 256 16 1 0  
42 8208 256 16 1 0  
43 8208 256 16 1 0  
44 8208 256 16 1 0  
45 8208 256 16 1 0  
46 8208 256 16 1 0  
47 8208 256 16 1 0  
37
-25.000000 0.000000 0.000000  0  4 2071 1 1224979098644774912 1718 2 1224979098644774913 1224979098644774912 2147483679 2 1224979098644774913 360287970189639680 1771 2 1224979098644774912 1 
-19.000000 0.000000 0.000000  0  1 1 1 936748722493063507 
-22.000000 0.000000 0.000000  1 1106 1 216172782113783919  0 
-21.000000 0.000000 0.000000  1 1106 1 216172782113786889  0 
-30.000000 0.000000 0.000000  4 4 0 31 2 144115188075856236 0 2133 2 144115188075856081 1 3 0  0 
0.000000 0.000000 100000000.000000  0  4 1 2 936748722493063651 4096 1020 0 541 3 144115188075856213 0 3 1 2 936748722493063523 0 
1.000000 4.000000 100000000.000000  4 2370 1 1224979098644774912 30 2 1224979098644774912 5 1073742830 0 1005 1 1  7 4 0 1006 0 2060 1 864691128455135333 5 0 2060 1 864691128455135334 3 0 1907 0 
0.000000 0.000000 100000000.000000  0  2 2147484551 1 1513209474796486703 900 1 1513209474796486703 
0.000000 0.000000 0.000000  0  15 4 0 2147484551 1 1513209474796486694 2147484551 1 1513209474796486703 2147484551 1 1513209474796486734 900 1 1513209474796486703 3 0 4 0 903 1 1513209474796486694 1 1 936748722493063538 5 0 903 1 1513209474796486703 1 1 936748722493063790 31 2 144115188075857173 1 1 1 936748722493063788 3 0 
-20.000000 0.000000 100000000.000000  2 541 3 648518346341351424 84 1 2147483679 2 144115188075856156 1  60 2170 3 1224979098644774912 1369094286720630785 360287970189639680 520 3 1224979098644774913 360287970189639680 7 2108 2 1224979098644774912 3 2108 2 1224979098644774913 400 2120 3 1224979098644774914 1224979098644774913 1224979098644774912 2110 2 1224979098644774914 4 30 2 1224979098644774914 1 1700 1 144115188075857103 1770 2 144115188075857104 144115188075857103 1714 2 1224979098644774915 144115188075857103 2133 2 1224979098644774916 0 2133 2 1224979098644774917 0 4 0 541 3 144115188075856213 0 4 2133 2 1224979098644774916 11 2133 2 1224979098644774917 792633534417207299 5 0 1073741855 2 144115188075856110 18 1073741855 2 144115188075856110 19 31 2 144115188075856110 0 2133 2 1224979098644774916 24 4 0 541 3 144115188075856213 0 2 2133 2 1224979098644774917 792633534417207313 5 0 2133 2 1224979098644774917 792633534417207298 3 0 5 0 31 2 144115188075856110 14 2133 2 1224979098644774916 17 3 0 4 0 2147483679 2 144115188075856110 14 32 2 1224979098644774915 0 1940 3 1224979098644774917 1224979098644774916 0 3 0 2211 1 1224979098644774918 1261 1 1224979098644774918 2133 2 1224979098644774919 0 1650 2 1224979098644774920 648518346341351424 6 3 1224979098644774921 0 1224979098644774920 1652 3 1224979098644774922 648518346341351424 1224979098644774921 2147483679 2 1224979098644774922 360287970189639680 1507 1 1224979098644774922 2147485156 1 1224979098644774922 2105 2 1224979098644774919 1 4 0 1073741855 2 144115188075856110 19 31 2 144115188075856110 18 500 3 1224979098644774922 161 1 3 0 1265 3 1224979098644774916 1224979098644774922 1 31 2 1224979098644774919 1224979098644774914 2133 2 1224979098644774920 0 3 0 32 2 1224979098644774919 0 1107 1 0 1790 3 144115188075857104 8 1 1795 2 144115188075857104 8 1107 1 1 
-25.000000 0.000000 0.000000  1 541 3 648518346341351424 84 1  22 2071 1 1224979098644774912 1718 2 1224979098644774913 1224979098644774912 2147483679 2 1224979098644774913 360287970189639680 1507 1 1224979098644774913 110 1 1224979098644774913 1710 2 1 144115188075857103 1771 2 1224979098644774912 144115188075857104 1783 2 1224979098644774912 8 1803 3 1224979098644774912 144115188075857103 1 1807 2 1224979098644774912 1 2136 3 1224979098644774914 1 3 2107 2 1224979098644774914 100 721 2 1 1224979098644774914 2136 3 1224979098644774914 1 3 2136 3 1224979098644774915 0 2 2107 2 1224979098644774915 -1 4 0 2147483679 2 1224979098644774915 0 2107 2 1224979098644774914 1224979098644774915 3 0 720 2 1 1224979098644774914 1711 2 1224979098644774912 1 
-26.000000 0.000000 0.000000  1 541 3 648518346341351424 84 1  7 2071 1 1224979098644774912 1718 2 1224979098644774913 1224979098644774912 2147483679 2 1224979098644774913 360287970189639680 1507 1 1224979098644774913 110 1 1224979098644774913 2147485156 1 1224979098644774913 1618 3 648518346341351424 1224979098644774913 1 
0.000000 0.000000 100000000.000000  0  5 1700 1 144115188075857103 1770 2 144115188075857104 144115188075857103 1714 2 1224979098644774912 144115188075857103 30 2 1224979098644774912 0 505 3 144115188075857103 41 1224979098644774912 
-19.000000 0.000000 100000000.000000  0  11 501 3 648518346341351424 108 0 501 3 648518346341351433 108 0 501 3 2 108 0 6 3 1224979098644774912 0 4 6 3 1224979098644774913 149 167 509 3 1224979098644774912 1224979098644774913 -1 3 0 3 0 541 3 648518346341351424 72 0 1 1 936748722493063830 501 3 648518346341351424 72 1 
0.000000 0.000000 0.000000  13 2147484654 0 1073741897 1 30 1073741897 1 31 1073741897 1 32 1073741897 1 33 1073741897 1 34 1073741897 1 35 1073741897 1 36 1073741897 1 37 1073741897 1 38 1073741897 1 29 1073741897 1 39 73 1 40  2 501 3 648518346341351424 108 0 900 1 1513209474796486734 
-23.000000 0.000000 0.000000  0  3 501 3 648518346341351424 108 0 903 1 1513209474796486734 902 1 0 
0.000000 0.000000 0.000000  2 2147484654 0 71 1 67  6 2147484189 3 648518346341351424 108 23 2147484189 3 648518346341351424 108 24 2147484189 3 648518346341351424 108 25 903 1 1513209474796486734 902 1 0 501 3 648518346341351424 108 0 
0.000000 0.000000 0.000000  2 2147484654 0 73 1 23  20 4 0 2147484189 3 648518346341351424 108 23 2147484189 3 648518346341351424 108 24 2147484189 3 648518346341351424 108 25 501 3 648518346341351424 108 23 5 0 541 3 648518346341351424 108 23 2133 2 144115188075857105 1 1 2 936748722493063868 0 501 3 648518346341351424 108 0 5 0 541 3 648518346341351424 108 24 2133 2 144115188075857105 1 1 2 936748722493063868 5 501 3 648518346341351424 108 0 5 0 541 3 648518346341351424 108 25 1 2 936748722493063839 0 501 3 648518346341351424 108 0 3 0 
0.000000 0.000000 0.000000  2 2147484654 0 73 1 24  20 4 0 2147484189 3 648518346341351424 108 23 2147484189 3 648518346341351424 108 24 2147484189 3 648518346341351424 108 25 501 3 648518346341351424 108 24 5 0 541 3 648518346341351424 108 23 2133 2 144115188075857105 1 1 2 936748722493063868 1 501 3 648518346341351424 108 0 5 0 541 3 648518346341351424 108 24 2133 2 144115188075857105 1 1 2 936748722493063868 6 501 3 648518346341351424 108 0 5 0 541 3 648518346341351424 108 25 1 2 936748722493063839 0 501 3 648518346341351424 108 0 3 0 
0.000000 0.000000 0.000000  2 2147484654 0 73 1 25  19 4 0 2147484189 3 648518346341351424 108 23 2147484189 3 648518346341351424 108 24 2147484189 3 648518346341351424 108 25 501 3 648518346341351424 108 25 5 0 541 3 648518346341351424 108 23 2133 2 144115188075857105 1 1 2 936748722493063868 2 501 3 648518346341351424 108 0 5 0 541 3 648518346341351424 108 24 2133 2 144115188075857105 1 1 2 936748722493063868 8 501 3 648518346341351424 108 0 5 0 541 3 648518346341351424 108 25 501 3 648518346341351424 108 0 3 0 
0.000000 0.000000 0.000000  2 2147484654 0 73 1 26  35 4 0 541 3 648518346341351424 108 0 1073741855 2 144115188075856193 864691128455135276 31 2 144115188075856193 864691128455135287 501 3 648518346341351424 108 26 900 1 1513209474796486734 5 0 541 3 648518346341351424 108 23 2133 2 144115188075857105 1 1 2 936748722493063868 11 501 3 648518346341351424 108 0 5 0 541 3 648518346341351424 108 24 2133 2 144115188075857105 1 1 2 936748722493063868 7 501 3 648518346341351424 108 0 5 0 541 3 648518346341351424 108 25 1 3 936748722493063833 -1 144115188075857104 501 3 648518346341351424 108 0 5 0 541 3 648518346341351424 108 26 6 3 1224979098644774912 0 9 1775 2 144115188075857104 1224979098644774912 2120 3 1224979098644774913 14 1224979098644774912 569 3 144115188075857104 1224979098644774913 1 2133 2 144115188075857105 1 1 3 936748722493063867 1224979098644774912 2 3 0 501 3 648518346341351424 108 0 5 0 541 3 648518346341351424 108 65 1 1 936748722493063837 501 3 648518346341351424 108 0 3 0 
0.000000 0.000000 0.000000  2 2147484654 0 73 1 27  36 4 0 541 3 648518346341351424 108 0 501 3 648518346341351424 108 27 900 1 1513209474796486734 5 0 541 3 648518346341351424 108 23 2133 2 144115188075857105 1 1 2 936748722493063868 14 501 3 648518346341351424 108 0 5 0 541 3 648518346341351424 108 24 501 3 648518346341351424 108 0 5 0 541 3 648518346341351424 108 26 6 3 1224979098644774912 0 9 1775 2 144115188075857104 1224979098644774912 2120 3 1224979098644774913 14 1224979098644774912 569 3 144115188075857104 1224979098644774913 1 2133 2 144115188075857105 1 1 3 936748722493063867 1224979098644774912 3 3 0 501 3 648518346341351424 108 0 5 0 541 3 648518346341351424 108 27 1 2 936748722493063835 1 501 3 648518346341351424 108 0 5 0 541 3 648518346341351424 108 28 1 2 936748722493063835 4 501 3 648518346341351424 108 0 5 0 541 3 648518346341351424 108 65 1 2 936748722493063834 9 1 2 936748722493063840 1 501 3 648518346341351424 108 0 3 0 
0.000000 0.000000 0.000000  2 2147484654 0 73 1 28  33 4 0 541 3 648518346341351424 108 0 501 3 648518346341351424 108 28 900 1 1513209474796486734 5 0 541 3 648518346341351424 108 24 2133 2 144115188075857105 1 1 2 936748722493063868 4 501 3 648518346341351424 108 0 5 0 541 3 648518346341351424 108 26 6 3 1224979098644774912 0 9 1775 2 144115188075857104 1224979098644774912 2120 3 1224979098644774913 14 1224979098644774912 569 3 144115188075857104 1224979098644774913 1 2133 2 144115188075857105 1 1 3 936748722493063867 1224979098644774912 4 3 0 501 3 648518346341351424 108 0 5 0 541 3 648518346341351424 108 27 1 2 936748722493063835 2 501 3 648518346341351424 108 0 5 0 541 3 648518346341351424 108 28 1 2 936748722493063835 5 501 3 648518346341351424 108 0 5 0 541 3 648518346341351424 108 65 1 2 936748722493063834 11 1 2 936748722493063839 1 501 3 648518346341351424 108 0 3 0 
0.000000 0.000000 0.000000  2 2147484654 0 71 1 65  28 4 0 541 3 648518346341351424 108 0 501 3 648518346341351424 108 65 900 1 1513209474796486734 5 0 541 3 648518346341351424 108 26 6 3 1224979098644774912 0 9 1775 2 144115188075857104 1224979098644774912 2120 3 1224979098644774913 14 1224979098644774912 569 3 144115188075857104 1224979098644774913 1 2133 2 144115188075857105 1 1 3 936748722493063867 1224979098644774912 5 3 0 501 3 648518346341351424 108 0 5 0 541 3 648518346341351424 108 27 1 2 936748722493063835 3 501 3 648518346341351424 108 0 5 0 541 3 648518346341351424 108 28 1 2 936748722493063835 6 501 3 648518346341351424 108 0 5 0 541 3 648518346341351424 108 65 1 2 936748722493063834 13 1 2 936748722493063838 1 501 3 648518346341351424 108 0 3 0 
0.000000 0.000000 0.000000  2 2147484654 0 71 1 66  10 4 0 541 3 648518346341351424 108 26 2133 2 144115188075857105 1 1 2 936748722493063868 2 501 3 648518346341351424 108 0 5 0 541 3 648518346341351424 108 27 1 2 936748722493063835 0 501 3 648518346341351424 108 0 3 0 
0.500000 0.000000 0.000000  1 1 2 936748722493063836 167  1 1 1 936748722493063841 
1.000000 0.000000 0.000000  1 1 2 936748722493063836 176  37 6 3 1224979098644774912 0 4 6 3 1224979098644774913 0 9 2120 3 1224979098644774914 176 1224979098644774913 569 3 1224979098644774912 1224979098644774914 1 529 3 1224979098644774915 1224979098644774912 1224979098644774914 2105 2 1224979098644774915 1 509 3 1224979098644774912 1224979098644774914 1224979098644774915 3 0 3 0 12 1 1224979098644774916 1707 1 1224979098644774916 565 3 1224979098644774916 43 1 1727 3 1224979098644774917 1224979098644774916 1 32 2 1224979098644774917 0 1770 2 1224979098644774912 1224979098644774916 1773 2 1224979098644774913 1224979098644774916 2120 3 1224979098644774914 176 1224979098644774913 529 3 1224979098644774915 1224979098644774912 1224979098644774914 525 3 1224979098644774918 1224979098644774916 43 4 0 31 2 1224979098644774918 8 2133 2 1224979098644774919 2 5 0 31 2 1224979098644774918 9 2133 2 1224979098644774919 5 3 0 1739 2 1224979098644774920 1224979098644774916 1073741855 2 1224979098644774920 1 31 2 1224979098644774920 3 2119 3 72057594037927936 1224979098644774915 1224979098644774919 4 0 31 2 72057594037927936 0 1745 3 1224979098644774916 0 0 5 0 1745 3 1224979098644774916 0 1 3 0 3 0 
1.000000 0.000000 100000000.000000  1 2147483679 2 144115188075856168 0  5 6 3 1224979098644774912 0 4 6 3 1224979098644774913 176 185 509 3 1224979098644774912 1224979098644774913 0 3 0 3 0 
0.000000 0.000000 3.000000  1 71 1 50  7 525 3 1224979098644774912 144115188075857103 41 32 2 1224979098644774912 0 1750 2 144115188075857103 1152921504606847104 1106 1 1585267068834415372 1702 1 1224979098644774912 1710 2 1 144115188075857103 1730 3 1224979098644774912 1 0 
0.000000 0.000000 100000000.000000  0  7 12 1 1224979098644774912 1704 1 1224979098644774912 1718 2 1224979098644774913 1224979098644774912 1507 1 1224979098644774913 1515 2 1224979098644774914 1224979098644774913 500 3 1224979098644774913 329 1224979098644774914 3 0 
1.000000 0.000000 0.000000  0  41 1700 1 1224979098644774912 12 1 1224979098644774913 1704 1 1224979098644774913 1718 2 1224979098644774914 1224979098644774913 1507 1 1224979098644774914 1515 2 1224979098644774915 1224979098644774914 520 3 1224979098644774916 1224979098644774914 329 32 2 1224979098644774915 1224979098644774916 2121 3 1224979098644774917 1224979098644774915 1224979098644774916 2172 3 1224979098644774918 1224979098644774914 2 2122 3 1224979098644774919 1224979098644774918 3 2107 2 1224979098644774919 1224979098644774917 2108 2 1224979098644774919 100 1107 1 0 1062 2 1224979098644774919 1224979098644774914 1107 1 1 4 0 31 2 1224979098644774913 1224979098644774912 32 2 1224979098644774919 0 31 2 144115188075857164 1 2133 2 72057594037927937 1224979098644774919 1106 1 1585267068834415374 3 0 1515 2 1224979098644774920 1224979098644774914 500 3 1224979098644774914 329 1224979098644774920 2121 3 1224979098644774921 1224979098644774920 1224979098644774916 2170 3 1224979098644774922 27 1224979098644774914 2105 2 1224979098644774922 10 2107 2 1224979098644774921 1224979098644774922 2108 2 1224979098644774921 20 2108 2 1224979098644774921 100 32 2 1224979098644774921 0 1525 2 1224979098644774914 1224979098644774921 4 0 31 2 1224979098644774913 1224979098644774912 31 2 144115188075857164 1 2133 2 72057594037927937 1224979098644774921 2121 3 72057594037927938 72057594037927937 1 1106 1 1585267068834415375 3 0 3 0 
1.000000 0.000000 0.000000  0  11 1700 1 1224979098644774912 12 1 1224979098644774913 2147483679 2 1224979098644774913 1224979098644774912 1702 1 1224979098644774913 1704 1 1224979098644774913 1727 2 1224979098644774914 1224979098644774913 545 3 1224979098644774913 26 0 2147483680 2 1224979098644774914 1 1728 1 1224979098644774913 505 3 1224979098644774913 26 1 3 0 
0.000000 0.000000 0.000000  0  11 4 0 70 1 29 71 1 30 1700 1 1224979098644774912 1728 1 1224979098644774912 5 0 70 1 56 71 1 30 12 1 1224979098644774913 1728 1 1224979098644774913 3 0 
-19.000000 0.000000 0.000000  0  1 1 1 936748722493063765 
0.000000 0.000000 100000000.000000  1 2147483679 2 144115188075856169 360287970189639680  5 2120 3 1224979098644774912 6 1 6 3 1224979098644774913 0 1224979098644774912 2176 3 1224979098644774914 144115188075856169 1224979098644774913 507 3 1224979098644774913 68 1224979098644774914 3 0 
1.000000 0.000000 0.000000  1 2147483679 2 144115188075856169 360287970189639680  17 2322 2 1 144115188075856169 2120 3 1224979098644774912 6 1 6 3 1224979098644774913 0 1224979098644774912 2176 3 1224979098644774914 144115188075856169 1224979098644774913 527 3 1224979098644774915 1224979098644774913 68 32 2 1224979098644774914 1224979098644774915 2121 3 1224979098644774916 1224979098644774914 1224979098644774915 2133 2 72057594037927938 1224979098644774916 2106 2 1224979098644774916 1 2133 2 72057594037927939 1224979098644774916 2133 2 72057594037927937 1224979098644774914 2121 3 1224979098644774917 1224979098644774913 0 2105 2 1224979098644774917 216172782113787044 2320 2 2 1224979098644774917 1106 2 1585267068834415376 15658496 507 3 1224979098644774913 68 1224979098644774914 3 0 
0.000000 0.000000 0.000000  0  11 1700 1 1224979098644774912 1710 2 2 1224979098644774912 4 0 1726 3 1224979098644774913 1224979098644774912 1 31 2 1224979098644774913 288230376151712268 71 1 34 721 2 2 50 1970 1 2 1974 1 1080863910568920066 1774 2 1224979098644774912 288230376151712268 3 0 


mst_village_training village_training 1  -1
village_training 

2 2 4112 511 16 1 2  25 40 
4 8208 511 16 1 2  25 40 
13
-19.000000 0.000000 0.000000  0  2 2133 2 144115188075856291 0 1 1 936748722493063507 
-21.000000 0.000000 0.000000  0  1 1121 1 216172782113783945 
-8.000000 0.000000 0.000000  0  3 2071 1 1224979098644774912 31 2 1224979098644774912 0 1907 0 
-22.000000 0.000000 0.000000  1 1106 1 216172782113783919  0 
1.000000 4.000000 100000000.000000  2 1073742830 0 1005 1 1  5 4 0 2147484654 0 2133 2 144115188075856291 1 3 0 1907 0 
0.000000 0.000000 100000000.000000  0  7 12 1 1224979098644774912 1704 1 1224979098644774912 1718 2 1224979098644774913 1224979098644774912 1507 1 1224979098644774913 1515 2 1224979098644774914 1224979098644774913 500 3 1224979098644774913 329 1224979098644774914 3 0 
1.000000 0.000000 0.000000  0  41 1700 1 1224979098644774912 12 1 1224979098644774913 1704 1 1224979098644774913 1718 2 1224979098644774914 1224979098644774913 1507 1 1224979098644774914 1515 2 1224979098644774915 1224979098644774914 520 3 1224979098644774916 1224979098644774914 329 32 2 1224979098644774915 1224979098644774916 2121 3 1224979098644774917 1224979098644774915 1224979098644774916 2172 3 1224979098644774918 1224979098644774914 2 2122 3 1224979098644774919 1224979098644774918 3 2107 2 1224979098644774919 1224979098644774917 2108 2 1224979098644774919 100 1107 1 0 1062 2 1224979098644774919 1224979098644774914 1107 1 1 4 0 31 2 1224979098644774913 1224979098644774912 32 2 1224979098644774919 0 31 2 144115188075857164 1 2133 2 72057594037927937 1224979098644774919 1106 1 1585267068834415374 3 0 1515 2 1224979098644774920 1224979098644774914 500 3 1224979098644774914 329 1224979098644774920 2121 3 1224979098644774921 1224979098644774920 1224979098644774916 2170 3 1224979098644774922 27 1224979098644774914 2105 2 1224979098644774922 10 2107 2 1224979098644774921 1224979098644774922 2108 2 1224979098644774921 20 2108 2 1224979098644774921 100 32 2 1224979098644774921 0 1525 2 1224979098644774914 1224979098644774921 4 0 31 2 1224979098644774913 1224979098644774912 31 2 144115188075857164 1 2133 2 72057594037927937 1224979098644774921 2121 3 72057594037927938 72057594037927937 1 1106 1 1585267068834415375 3 0 3 0 
1.000000 0.000000 0.000000  0  11 1700 1 1224979098644774912 12 1 1224979098644774913 2147483679 2 1224979098644774913 1224979098644774912 1702 1 1224979098644774913 1704 1 1224979098644774913 1727 2 1224979098644774914 1224979098644774913 545 3 1224979098644774913 26 0 2147483680 2 1224979098644774914 1 1728 1 1224979098644774913 505 3 1224979098644774913 26 1 3 0 
0.000000 0.000000 0.000000  0  11 4 0 70 1 29 71 1 30 1700 1 1224979098644774912 1728 1 1224979098644774912 5 0 70 1 56 71 1 30 12 1 1224979098644774913 1728 1 1224979098644774913 3 0 
-19.000000 0.000000 0.000000  0  1 1 1 936748722493063765 
0.000000 0.000000 100000000.000000  1 2147483679 2 144115188075856169 360287970189639680  5 2120 3 1224979098644774912 6 1 6 3 1224979098644774913 0 1224979098644774912 2176 3 1224979098644774914 144115188075856169 1224979098644774913 507 3 1224979098644774913 68 1224979098644774914 3 0 
1.000000 0.000000 0.000000  1 2147483679 2 144115188075856169 360287970189639680  17 2322 2 1 144115188075856169 2120 3 1224979098644774912 6 1 6 3 1224979098644774913 0 1224979098644774912 2176 3 1224979098644774914 144115188075856169 1224979098644774913 527 3 1224979098644774915 1224979098644774913 68 32 2 1224979098644774914 1224979098644774915 2121 3 1224979098644774916 1224979098644774914 1224979098644774915 2133 2 72057594037927938 1224979098644774916 2106 2 1224979098644774916 1 2133 2 72057594037927939 1224979098644774916 2133 2 72057594037927937 1224979098644774914 2121 3 1224979098644774917 1224979098644774913 0 2105 2 1224979098644774917 216172782113787044 2320 2 2 1224979098644774917 1106 2 1585267068834415376 15658496 507 3 1224979098644774913 68 1224979098644774914 3 0 
0.000000 0.000000 0.000000  0  11 1700 1 1224979098644774912 1710 2 2 1224979098644774912 4 0 1726 3 1224979098644774913 1224979098644774912 1 31 2 1224979098644774913 288230376151712268 71 1 34 721 2 2 50 1970 1 2 1974 1 1080863910568920066 1774 2 1224979098644774912 288230376151712268 3 0 


mst_visit_town_castle visit_town_castle 0  -1
You_enter_the_halls_of_the_lord. 

32 0 4100 287 0 1 0  
1 4100 256 0 1 0  
2 4100 256 0 1 0  
3 4100 256 0 1 0  
4 4100 256 0 1 0  
5 4112 256 0 1 0  
6 4112 256 0 1 0  
7 4112 256 0 1 0  
8 16 256 0 1 0  
9 16 256 0 1 0  
10 4 256 0 1 0  
11 4 256 0 1 0  
12 16 256 0 1 0  
13 16 0 0 1 0  
14 16 0 0 1 0  
15 16 0 0 1 0  
16 16 268435727 0 1 0  
17 16 268435727 0 1 0  
18 16 268435727 0 1 0  
19 16 268435727 0 1 0  
20 16 268435727 0 1 0  
21 16 268435727 0 1 0  
22 16 268435727 0 1 0  
23 16 268435727 0 1 0  
24 16 268435727 0 1 0  
25 16 268435727 0 1 0  
26 16 268435727 0 1 0  
27 16 268435727 0 1 0  
28 16 268435727 0 1 0  
29 16 268435727 0 1 0  
30 16 268435727 0 1 0  
31 16 268435727 0 1 0  
16
-25.000000 0.000000 0.000000  0  2 2071 1 1224979098644774912 1 2 936748722493063517 1224979098644774912 
-19.000000 0.000000 0.000000  0  1 1 1 936748722493063507 
-22.000000 0.000000 0.000000  1 2075 1 1  0 
-21.000000 0.000000 0.000000  2 2147483679 2 144115188075856110 18 2075 1 1  0 
-30.000000 0.000000 0.000000  1 31 2 144115188075856110 18  2 1106 1 216172782113786286 1911 1 792633534417207317 
0.000000 0.000000 100000000.000000  0  11 4 0 31 2 144115188075856110 1 4 0 2204 2 1224979098644774912 144115188075856213 542 3 1224979098644774912 4 6 542 3 1224979098644774912 5 144115188075856213 1 2 936748722493063651 16777216 3 0 5 0 1 2 936748722493063651 0 3 0 
0.000000 0.000000 0.500000  0  9 70 1 225 1811 3 1224979098644774912 1080863910568919047 0 30 2 1224979098644774912 0 1850 2 1 1224979098644774912 1700 1 1224979098644774913 1710 2 2 1224979098644774913 710 3 1224979098644774914 1 2 2147483678 2 1224979098644774914 300 900 1 1513209474796486717 
3.000000 0.000000 0.000000  0  9 1811 3 1224979098644774912 1080863910568919047 0 30 2 1224979098644774912 0 1850 2 1 1224979098644774912 1700 1 1224979098644774913 1710 2 2 1224979098644774913 710 3 1224979098644774914 1 2 2147483678 2 1224979098644774914 300 2147484551 1 1513209474796486717 1106 1 1585267068834415377 
0.000000 0.000000 100000000.000000  0  7 12 1 1224979098644774912 1704 1 1224979098644774912 1718 2 1224979098644774913 1224979098644774912 1507 1 1224979098644774913 1515 2 1224979098644774914 1224979098644774913 500 3 1224979098644774913 329 1224979098644774914 3 0 
1.000000 0.000000 0.000000  0  41 1700 1 1224979098644774912 12 1 1224979098644774913 1704 1 1224979098644774913 1718 2 1224979098644774914 1224979098644774913 1507 1 1224979098644774914 1515 2 1224979098644774915 1224979098644774914 520 3 1224979098644774916 1224979098644774914 329 32 2 1224979098644774915 1224979098644774916 2121 3 1224979098644774917 1224979098644774915 1224979098644774916 2172 3 1224979098644774918 1224979098644774914 2 2122 3 1224979098644774919 1224979098644774918 3 2107 2 1224979098644774919 1224979098644774917 2108 2 1224979098644774919 100 1107 1 0 1062 2 1224979098644774919 1224979098644774914 1107 1 1 4 0 31 2 1224979098644774913 1224979098644774912 32 2 1224979098644774919 0 31 2 144115188075857164 1 2133 2 72057594037927937 1224979098644774919 1106 1 1585267068834415374 3 0 1515 2 1224979098644774920 1224979098644774914 500 3 1224979098644774914 329 1224979098644774920 2121 3 1224979098644774921 1224979098644774920 1224979098644774916 2170 3 1224979098644774922 27 1224979098644774914 2105 2 1224979098644774922 10 2107 2 1224979098644774921 1224979098644774922 2108 2 1224979098644774921 20 2108 2 1224979098644774921 100 32 2 1224979098644774921 0 1525 2 1224979098644774914 1224979098644774921 4 0 31 2 1224979098644774913 1224979098644774912 31 2 144115188075857164 1 2133 2 72057594037927937 1224979098644774921 2121 3 72057594037927938 72057594037927937 1 1106 1 1585267068834415375 3 0 3 0 
1.000000 0.000000 0.000000  0  11 1700 1 1224979098644774912 12 1 1224979098644774913 2147483679 2 1224979098644774913 1224979098644774912 1702 1 1224979098644774913 1704 1 1224979098644774913 1727 2 1224979098644774914 1224979098644774913 545 3 1224979098644774913 26 0 2147483680 2 1224979098644774914 1 1728 1 1224979098644774913 505 3 1224979098644774913 26 1 3 0 
0.000000 0.000000 0.000000  0  11 4 0 70 1 29 71 1 30 1700 1 1224979098644774912 1728 1 1224979098644774912 5 0 70 1 56 71 1 30 12 1 1224979098644774913 1728 1 1224979098644774913 3 0 
-19.000000 0.000000 0.000000  0  1 1 1 936748722493063765 
0.000000 0.000000 100000000.000000  1 2147483679 2 144115188075856169 360287970189639680  5 2120 3 1224979098644774912 6 1 6 3 1224979098644774913 0 1224979098644774912 2176 3 1224979098644774914 144115188075856169 1224979098644774913 507 3 1224979098644774913 68 1224979098644774914 3 0 
1.000000 0.000000 0.000000  1 2147483679 2 144115188075856169 360287970189639680  17 2322 2 1 144115188075856169 2120 3 1224979098644774912 6 1 6 3 1224979098644774913 0 1224979098644774912 2176 3 1224979098644774914 144115188075856169 1224979098644774913 527 3 1224979098644774915 1224979098644774913 68 32 2 1224979098644774914 1224979098644774915 2121 3 1224979098644774916 1224979098644774914 1224979098644774915 2133 2 72057594037927938 1224979098644774916 2106 2 1224979098644774916 1 2133 2 72057594037927939 1224979098644774916 2133 2 72057594037927937 1224979098644774914 2121 3 1224979098644774917 1224979098644774913 0 2105 2 1224979098644774917 216172782113787044 2320 2 2 1224979098644774917 1106 2 1585267068834415376 15658496 507 3 1224979098644774913 68 1224979098644774914 3 0 
0.000000 0.000000 0.000000  0  11 1700 1 1224979098644774912 1710 2 2 1224979098644774912 4 0 1726 3 1224979098644774913 1224979098644774912 1 31 2 1224979098644774913 288230376151712268 71 1 34 721 2 2 50 1970 1 2 1974 1 1080863910568920066 1774 2 1224979098644774912 288230376151712268 3 0 


mst_back_alley_kill_local_merchant back_alley_kill_local_merchant 2  -1
You_enter_the_back_alley 

2 0 4112 256 16 1 0  
3 8208 256 16 1 0  
14
-22.000000 0.000000 0.000000  1 1106 1 216172782113783919  0 
-21.000000 0.000000 0.000000  1 1106 1 216172782113786889  0 
-19.000000 0.000000 0.000000  0  1 1 1 936748722493063507 
0.000000 0.000000 100000000.000000  0  1 1 2 936748722493063651 4096 
0.000000 0.000000 100000000.000000  26 2370 1 1224979098644774912 30 2 1224979098644774912 1 2133 2 1224979098644774913 0 2133 2 1224979098644774914 0 2133 2 1224979098644774913 0 2133 2 1224979098644774915 -1 2133 2 1224979098644774916 -1 12 1 1224979098644774917 1718 2 1224979098644774918 1224979098644774917 4 0 31 2 1224979098644774918 360287970189640681 1720 2 1224979098644774913 1224979098644774917 2133 2 1224979098644774915 1224979098644774917 5 0 31 2 1224979098644774918 360287970189639680 1720 2 1224979098644774914 1224979098644774917 2133 2 1224979098644774916 1224979098644774917 3 0 3 0 30 2 1224979098644774916 0 30 2 1224979098644774915 0 1702 1 1224979098644774916 1702 1 1224979098644774915 33 3 1224979098644774913 1 30 32 2 1224979098644774914 50 1920 1 360287970189640681  0 
1.000000 4.000000 100000000.000000  8 2133 2 1224979098644774912 0 4 0 1 2 936748722493063593 360287970189640681 5 0 2133 2 1224979098644774912 1 3 0 1073742830 0 31 2 1224979098644774912 1  8 4 0 1006 0 1 2 936748722493063553 504403158265495559 5 0 1 3 936748722493063440 144115188075856213 -4 1 2 936748722493063552 504403158265495559 3 0 1907 0 
0.000000 0.000000 100000000.000000  0  7 12 1 1224979098644774912 1704 1 1224979098644774912 1718 2 1224979098644774913 1224979098644774912 1507 1 1224979098644774913 1515 2 1224979098644774914 1224979098644774913 500 3 1224979098644774913 329 1224979098644774914 3 0 
1.000000 0.000000 0.000000  0  41 1700 1 1224979098644774912 12 1 1224979098644774913 1704 1 1224979098644774913 1718 2 1224979098644774914 1224979098644774913 1507 1 1224979098644774914 1515 2 1224979098644774915 1224979098644774914 520 3 1224979098644774916 1224979098644774914 329 32 2 1224979098644774915 1224979098644774916 2121 3 1224979098644774917 1224979098644774915 1224979098644774916 2172 3 1224979098644774918 1224979098644774914 2 2122 3 1224979098644774919 1224979098644774918 3 2107 2 1224979098644774919 1224979098644774917 2108 2 1224979098644774919 100 1107 1 0 1062 2 1224979098644774919 1224979098644774914 1107 1 1 4 0 31 2 1224979098644774913 1224979098644774912 32 2 1224979098644774919 0 31 2 144115188075857164 1 2133 2 72057594037927937 1224979098644774919 1106 1 1585267068834415374 3 0 1515 2 1224979098644774920 1224979098644774914 500 3 1224979098644774914 329 1224979098644774920 2121 3 1224979098644774921 1224979098644774920 1224979098644774916 2170 3 1224979098644774922 27 1224979098644774914 2105 2 1224979098644774922 10 2107 2 1224979098644774921 1224979098644774922 2108 2 1224979098644774921 20 2108 2 1224979098644774921 100 32 2 1224979098644774921 0 1525 2 1224979098644774914 1224979098644774921 4 0 31 2 1224979098644774913 1224979098644774912 31 2 144115188075857164 1 2133 2 72057594037927937 1224979098644774921 2121 3 72057594037927938 72057594037927937 1 1106 1 1585267068834415375 3 0 3 0 
1.000000 0.000000 0.000000  0  11 1700 1 1224979098644774912 12 1 1224979098644774913 2147483679 2 1224979098644774913 1224979098644774912 1702 1 1224979098644774913 1704 1 1224979098644774913 1727 2 1224979098644774914 1224979098644774913 545 3 1224979098644774913 26 0 2147483680 2 1224979098644774914 1 1728 1 1224979098644774913 505 3 1224979098644774913 26 1 3 0 
0.000000 0.000000 0.000000  0  11 4 0 70 1 29 71 1 30 1700 1 1224979098644774912 1728 1 1224979098644774912 5 0 70 1 56 71 1 30 12 1 1224979098644774913 1728 1 1224979098644774913 3 0 
-19.000000 0.000000 0.000000  0  1 1 1 936748722493063765 
0.000000 0.000000 100000000.000000  1 2147483679 2 144115188075856169 360287970189639680  5 2120 3 1224979098644774912 6 1 6 3 1224979098644774913 0 1224979098644774912 2176 3 1224979098644774914 144115188075856169 1224979098644774913 507 3 1224979098644774913 68 1224979098644774914 3 0 
1.000000 0.000000 0.000000  1 2147483679 2 144115188075856169 360287970189639680  17 2322 2 1 144115188075856169 2120 3 1224979098644774912 6 1 6 3 1224979098644774913 0 1224979098644774912 2176 3 1224979098644774914 144115188075856169 1224979098644774913 527 3 1224979098644774915 1224979098644774913 68 32 2 1224979098644774914 1224979098644774915 2121 3 1224979098644774916 1224979098644774914 1224979098644774915 2133 2 72057594037927938 1224979098644774916 2106 2 1224979098644774916 1 2133 2 72057594037927939 1224979098644774916 2133 2 72057594037927937 1224979098644774914 2121 3 1224979098644774917 1224979098644774913 0 2105 2 1224979098644774917 216172782113787044 2320 2 2 1224979098644774917 1106 2 1585267068834415376 15658496 507 3 1224979098644774913 68 1224979098644774914 3 0 
0.000000 0.000000 0.000000  0  11 1700 1 1224979098644774912 1710 2 2 1224979098644774912 4 0 1726 3 1224979098644774913 1224979098644774912 1 31 2 1224979098644774913 288230376151712268 71 1 34 721 2 2 50 1970 1 2 1974 1 1080863910568920066 1774 2 1224979098644774912 288230376151712268 3 0 


mst_back_alley_revolt back_alley_revolt 2  8
You_lead_your_men_to_battle. 

2 0 33558528 287 16 4 1  467 
3 8208 256 16 1 0  
16
-22.000000 0.000000 0.000000  1 1106 1 216172782113783919  0 
-25.000000 0.000000 0.000000  0  3 2071 1 1224979098644774912 1718 2 1224979098644774913 1224979098644774912 1 4 936748722493063580 1729382256910270468 1224979098644774912 1224979098644774913 
-21.000000 0.000000 0.000000  0  1 1121 1 216172782113783944 
-8.000000 0.000000 0.000000  0  4 2071 1 1224979098644774912 31 2 1224979098644774912 0 2060 1 864691128455135359 1907 0 
-21.000000 0.000000 0.000000  1 1106 1 216172782113786889  0 
-19.000000 0.000000 0.000000  0  1 1 1 936748722493063507 
0.000000 0.000000 100000000.000000  0  1 1 2 936748722493063651 1024 
1.000000 4.000000 100000000.000000  2 1073742830 0 1005 1 1  7 4 0 1006 0 2060 1 864691128455135359 5 0 2060 1 864691128455135358 3 0 1907 0 
0.000000 0.000000 100000000.000000  0  7 12 1 1224979098644774912 1704 1 1224979098644774912 1718 2 1224979098644774913 1224979098644774912 1507 1 1224979098644774913 1515 2 1224979098644774914 1224979098644774913 500 3 1224979098644774913 329 1224979098644774914 3 0 
1.000000 0.000000 0.000000  0  41 1700 1 1224979098644774912 12 1 1224979098644774913 1704 1 1224979098644774913 1718 2 1224979098644774914 1224979098644774913 1507 1 1224979098644774914 1515 2 1224979098644774915 1224979098644774914 520 3 1224979098644774916 1224979098644774914 329 32 2 1224979098644774915 1224979098644774916 2121 3 1224979098644774917 1224979098644774915 1224979098644774916 2172 3 1224979098644774918 1224979098644774914 2 2122 3 1224979098644774919 1224979098644774918 3 2107 2 1224979098644774919 1224979098644774917 2108 2 1224979098644774919 100 1107 1 0 1062 2 1224979098644774919 1224979098644774914 1107 1 1 4 0 31 2 1224979098644774913 1224979098644774912 32 2 1224979098644774919 0 31 2 144115188075857164 1 2133 2 72057594037927937 1224979098644774919 1106 1 1585267068834415374 3 0 1515 2 1224979098644774920 1224979098644774914 500 3 1224979098644774914 329 1224979098644774920 2121 3 1224979098644774921 1224979098644774920 1224979098644774916 2170 3 1224979098644774922 27 1224979098644774914 2105 2 1224979098644774922 10 2107 2 1224979098644774921 1224979098644774922 2108 2 1224979098644774921 20 2108 2 1224979098644774921 100 32 2 1224979098644774921 0 1525 2 1224979098644774914 1224979098644774921 4 0 31 2 1224979098644774913 1224979098644774912 31 2 144115188075857164 1 2133 2 72057594037927937 1224979098644774921 2121 3 72057594037927938 72057594037927937 1 1106 1 1585267068834415375 3 0 3 0 
1.000000 0.000000 0.000000  0  11 1700 1 1224979098644774912 12 1 1224979098644774913 2147483679 2 1224979098644774913 1224979098644774912 1702 1 1224979098644774913 1704 1 1224979098644774913 1727 2 1224979098644774914 1224979098644774913 545 3 1224979098644774913 26 0 2147483680 2 1224979098644774914 1 1728 1 1224979098644774913 505 3 1224979098644774913 26 1 3 0 
0.000000 0.000000 0.000000  0  11 4 0 70 1 29 71 1 30 1700 1 1224979098644774912 1728 1 1224979098644774912 5 0 70 1 56 71 1 30 12 1 1224979098644774913 1728 1 1224979098644774913 3 0 
-19.000000 0.000000 0.000000  0  1 1 1 936748722493063765 
0.000000 0.000000 100000000.000000  1 2147483679 2 144115188075856169 360287970189639680  5 2120 3 1224979098644774912 6 1 6 3 1224979098644774913 0 1224979098644774912 2176 3 1224979098644774914 144115188075856169 1224979098644774913 507 3 1224979098644774913 68 1224979098644774914 3 0 
1.000000 0.000000 0.000000  1 2147483679 2 144115188075856169 360287970189639680  17 2322 2 1 144115188075856169 2120 3 1224979098644774912 6 1 6 3 1224979098644774913 0 1224979098644774912 2176 3 1224979098644774914 144115188075856169 1224979098644774913 527 3 1224979098644774915 1224979098644774913 68 32 2 1224979098644774914 1224979098644774915 2121 3 1224979098644774916 1224979098644774914 1224979098644774915 2133 2 72057594037927938 1224979098644774916 2106 2 1224979098644774916 1 2133 2 72057594037927939 1224979098644774916 2133 2 72057594037927937 1224979098644774914 2121 3 1224979098644774917 1224979098644774913 0 2105 2 1224979098644774917 216172782113787044 2320 2 2 1224979098644774917 1106 2 1585267068834415376 15658496 507 3 1224979098644774913 68 1224979098644774914 3 0 
0.000000 0.000000 0.000000  0  11 1700 1 1224979098644774912 1710 2 2 1224979098644774912 4 0 1726 3 1224979098644774913 1224979098644774912 1 31 2 1224979098644774913 288230376151712268 71 1 34 721 2 2 50 1970 1 2 1974 1 1080863910568920066 1774 2 1224979098644774912 288230376151712268 3 0 


mst_lead_charge lead_charge 2  8
You_lead_your_men_to_battle. 

4 1 4160 0 16 12 0  
0 4160 0 16 0 0  
4 8320 0 16 12 0  
4 8320 0 16 0 0  
90
-25.000000 0.000000 0.000000  0  15 2071 1 1224979098644774912 1 2 936748722493063549 1224979098644774912 2133 2 1224979098644774913 5000 1718 2 1224979098644774914 1224979098644774912 2171 2 1224979098644774915 1224979098644774914 2107 2 1224979098644774915 35 2105 2 1224979098644774913 1224979098644774915 2136 3 1224979098644774916 0 3000 2105 2 1224979098644774913 1224979098644774916 1716 2 1224979098644774917 1224979098644774912 1671 2 1224979098644774918 1224979098644774917 2121 3 1224979098644774919 1224979098644774918 70 2107 2 1224979098644774919 30 2105 2 1224979098644774913 1224979098644774919 505 3 1224979098644774912 16 1224979098644774913 
-25.000000 0.000000 0.000000  0  3 2071 1 1224979098644774912 1718 2 1224979098644774913 1224979098644774912 1 4 936748722493063580 1729382256910270468 1224979098644774912 1224979098644774913 
-26.000000 0.000000 0.000000  0  13 2071 1 1224979098644774912 2072 1 1224979098644774913 2073 1 1224979098644774914 4 0 30 2 1224979098644774912 0 2147485354 1 1224979098644774912 1704 1 1224979098644774912 1718 2 1224979098644774915 1224979098644774912 1610 3 648518346341351442 1224979098644774915 1 31 2 1224979098644774914 1 1618 3 648518346341351442 1224979098644774915 1 3 0 1 3 936748722493063475 1224979098644774912 1224979098644774913 
-21.000000 0.000000 0.000000  0  23 4 0 31 2 144115188075856297 1 1 1 936748722493063589 1907 1 0 5 0 521 3 1224979098644774912 648518346341351424 380 30 2 1224979098644774912 1 1106 1 216172782113783948 5 0 541 3 648518346341351424 85 1 1073742830 0 31 2 144115188075856292 1 2320 2 5 216172782113784210 1 4 936748722493063487 5 20 0 1 1 936748722493063589 1906 1 -1 1907 1 0 5 0 1 1 936748722493063389 1121 1 216172782113783944 5 0 1106 1 216172782113783948 3 0 
-8.000000 0.000000 0.000000  0  11 2071 1 1224979098644774912 31 2 1224979098644774912 0 2133 2 144115188075856292 0 4 0 2370 1 1224979098644774913 32 2 1224979098644774913 20 2320 2 5 216172782113784210 1 4 936748722493063487 10 20 1 3 0 1 1 936748722493063589 1907 1 0 
-19.000000 0.000000 0.000000  0  8 1796 3 0 2 1 1796 3 1 3 1 1 1 936748722493063617 1617 1 648518346341351443 2133 2 144115188075856293 1 2133 2 144115188075856294 1 2133 2 144115188075856295 1 2133 2 144115188075856296 1 
0.000000 0.000000 100000000.000000  0  11 2133 2 144115188075856297 0 2133 2 144115188075856298 0 2133 2 144115188075856299 0 1 1 936748722493063616 1 1 936748722493063652 2133 2 144115188075856300 144115188075857169 1700 1 1224979098644774912 1770 2 1224979098644774913 1224979098644774912 1107 1 0 1790 3 1224979098644774913 9 0 1107 1 1 
30.000000 0.000000 0.000000  0  1 1 1 936748722493063652 
2.000000 0.000000 0.000000  0  1 1 1 936748722493063486 
1.000000 0.000000 5.000000  25 1 2 936748722493063354 648518346341351439 2133 2 1224979098644774912 72057594037927936 2133 2 1224979098644774913 0 12 1 1224979098644774914 1704 1 1224979098644774914 1716 2 1224979098644774915 1224979098644774914 4 0 2147483679 2 1224979098644774915 648518346341351424 2147485354 1 1224979098644774914 2105 2 1224979098644774913 1 3 0 3 0 2121 3 1224979098644774916 1224979098644774912 1224979098644774913 4 0 2147483678 2 1224979098644774916 15 30 2 144115188075856298 2 31 2 144115188075856301 0 2105 2 144115188075856300 1 2133 2 144115188075856301 1 3 0 2147483678 2 144115188075856298 144115188075856300 2370 1 1224979098644774917 30 2 1224979098644774917 10 2385 2 1224979098644774918 0 2147483678 2 1224979098644774918 6  3 1930 2 0 7 2133 2 144115188075856301 0 2105 2 144115188075856298 1 
1.000000 0.000000 5.000000  5 2147483678 2 144115188075856299 144115188075857169 2370 1 1224979098644774912 30 2 1224979098644774912 10 2385 2 1224979098644774913 1 2147483678 2 1224979098644774913 6  2 1930 2 3 7 2105 2 144115188075856299 1 
5.000000 60.000000 100000000.000000  10 2370 1 72057594037927937 30 2 72057594037927937 10 1003 1 5 1073742365 3 648518346341351424 85 1 2147484654 1 0 1906 1 1 1106 1 216172782113783827 2133 2 144115188075856297 1 2133 2 144115188075856168 1 1 1 936748722493063653  2 1 1 936748722493063589 1907 1 1 
10.000000 0.000000 0.000000  0  2 31 2 144115188075856297 1 1106 1 216172782113783827 
1.000000 4.000000 0.000000  1 1006 0  32 2133 2 144115188075856292 1 4 0 541 3 648518346341351424 85 1 2133 2 1224979098644774912 0 12 1 1224979098644774913 1706 1 1224979098644774913 1702 1 1224979098644774913 2105 2 1224979098644774912 1 3 0 32 2 1224979098644774912 0 4 0 2147483679 2 144115188075857106 1 1106 1 1585267068834415378 2133 2 144115188075857106 1 2133 2 144115188075857107 2 1 1 936748722493063843 2001 1 1 541 3 648518346341351424 86 1 1107 1 0 1790 3 144115188075857104 9 2 1795 2 144115188075857104 9 1 2 936748722493063868 2 1107 1 1 3 0 5 0 2320 2 5 216172782113784210 1 4 936748722493063487 10 20 1 2133 2 144115188075856168 -1 1906 1 -1 1 1 936748722493063589 1907 1 0 3 0 
-22.000000 0.000000 0.000000  0  1 1106 1 216172782113783918 
0.000000 0.000000 100000000.000000  3 2147484189 3 648518346341351424 83 1 2370 1 1224979098644774912 30 2 1224979098644774912 2  2 1 1 936748722493063469 1 1 936748722493063471 
3.000000 0.000000 0.000000  1 1 1 936748722493063474  0 
3.000000 0.000000 0.000000  7 12 1 1224979098644774912 1704 1 1224979098644774912 1702 1 1224979098644774912 2370 1 1224979098644774913 30 2 1224979098644774913 3 1 3 936748722493063476 1224979098644774912 1224979098644774913 3 0  0 
5.000000 0.000000 0.000000  4 2147484189 3 648518346341351424 83 1 2370 1 1224979098644774912 30 2 1224979098644774912 3 1 1 936748722493063477  0 
0.000000 0.000000 100000000.000000  0  2 2147484551 1 1513209474796486703 900 1 1513209474796486703 
0.000000 0.000000 0.000000  0  15 4 0 2147484551 1 1513209474796486694 2147484551 1 1513209474796486703 2147484551 1 1513209474796486734 900 1 1513209474796486703 3 0 4 0 903 1 1513209474796486694 1 1 936748722493063538 5 0 903 1 1513209474796486703 1 1 936748722493063790 31 2 144115188075857173 1 1 1 936748722493063788 3 0 
0.000000 0.000000 100000000.000000  11 2147483679 2 144115188075856169 360287970189639680 2175 2 144115188075857108 360287970189639680 2147485156 1 360287970189639680 1700 1 1224979098644774912 30 2 1224979098644774912 0 1770 2 1224979098644774913 1224979098644774912 1710 2 49 1224979098644774912 720 2 49 -100 1970 1 49 1972 1 360287970189639680 1771 2 72057594037927936 1224979098644774913  0 
0.000000 0.000000 100000000.000000  2 1700 1 144115188075857109 32 2 144115188075857109 -1  12 2133 2 144115188075857107 0 2133 2 144115188075857110 0 2133 2 144115188075857106 -1 2133 2 144115188075857111 0 2133 2 144115188075856292 0 2133 2 144115188075857112 500 2133 2 144115188075857113 375 2133 2 144115188075857114 144115188075857112 2133 2 144115188075857115 144115188075857113 2133 2 144115188075857116 0 31 2 144115188075857185 0 1 1 936748722493063842 
0.000000 0.000000 0.000000  3 1006 0 31 2 144115188075857111 0 31 2 144115188075857107 2  12 1710 2 1 144115188075857103 726 2 1224979098644774912 1 727 2 1224979098644774913 1 701 1 47 729 2 47 1224979098644774912 730 2 47 1224979098644774913 791 1 47 722 2 47 250 2001 3 1 0 0 2011 1 47 2133 2 144115188075857117 0 2133 2 144115188075857111 1 
0.000000 0.000000 0.000000  10 31 2 144115188075857111 1 31 2 144115188075857107 2 1073741895 1 144115188075857179 1073741894 1 144115188075857179 1073741895 1 144115188075857180 1073741894 1 144115188075857180 1073741895 1 144115188075857181 1073741894 1 144115188075857181 1073741895 1 144115188075857182 70 1 144115188075857182  26 2010 1 47 2133 2 1224979098644774912 0 2133 2 1224979098644774913 0 4 0 1073741895 1 144115188075857179 70 1 144115188075857179 2133 2 1224979098644774913 10 3 0 4 0 1073741895 1 144115188075857180 70 1 144115188075857180 2133 2 1224979098644774913 -10 3 0 4 0 1073741895 1 144115188075857181 70 1 144115188075857181 2133 2 1224979098644774912 -10 3 0 4 0 1073741895 1 144115188075857182 70 1 144115188075857182 2133 2 1224979098644774912 10 3 0 720 2 47 1224979098644774912 721 2 47 1224979098644774913 2011 1 47 
0.000000 0.000000 0.000000  9 31 2 144115188075857111 1 31 2 144115188075857107 2 2147484551 1 1513209474796486694 75 1 1 2124 1 1000 726 2 72057594037927937 1 727 2 72057594037927938 1 3221225503 2 72057594037927937 144115188075857112 2147483679 2 72057594037927938 144115188075857113  53 2133 2 1224979098644774912 1 4 0 31 2 72057594037927937 144115188075857114 31 2 72057594037927938 144115188075857115 2105 2 144115188075857116 1 4 0 32 2 144115188075857116 50 2133 2 144115188075857112 72057594037927937 2133 2 144115188075857113 72057594037927938 2133 2 144115188075857116 0 3 0 2133 2 1224979098644774912 0 3 0 31 2 1224979098644774912 1 2133 2 144115188075857116 0 2133 2 144115188075857114 72057594037927937 2133 2 144115188075857115 72057594037927938 2010 1 47 2121 3 1224979098644774913 144115188075857112 72057594037927937 2121 3 1224979098644774914 72057594037927938 144115188075857113 6 3 1224979098644774915 0 2 4 0 31 2 1224979098644774915 1 2133 2 1224979098644774913 1224979098644774914 3 0 3221225502 2 1224979098644774913 -2 32 2 1224979098644774913 2 2133 2 1224979098644774916 1 4 0 2147483678 2 1224979098644774913 0 2133 2 1224979098644774916 -1 3 0 2113 1 1224979098644774913 2106 2 1224979098644774913 2 2130 1 1224979098644774913 2125 2 1224979098644774913 1224979098644774913 2131 1 1224979098644774913 2112 3 1224979098644774913 1 6 2107 2 1224979098644774913 1224979098644774916 4 0 31 2 1224979098644774915 0 2122 3 1224979098644774917 144115188075857117 -1 723 2 47 1224979098644774917 725 2 47 1224979098644774913 723 2 47 144115188075857117 3 0 4 0 31 2 1224979098644774915 1 723 2 47 1224979098644774913 2105 2 144115188075857117 1224979098644774913 3 0 3 0 2011 1 47 
0.000000 0.000000 0.000000  2 31 2 144115188075857111 0 31 2 144115188075857107 1  32 2124 1 100 1709 2 7 144115188075857109 742 2 1224979098644774912 7 2121 3 1224979098644774913 0 1224979098644774912 723 2 7 1224979098644774913 4 0 31 2 144115188075857106 -1 2112 3 144115188075857120 -1000 1000 2112 3 144115188075857119 -1000 1000 2110 2 144115188075857118 1000 3 0 721 2 7 144115188075857119 722 2 7 144115188075857118 720 2 7 144115188075857120 1714 2 1224979098644774914 144115188075857109 4 0 30 2 1224979098644774914 0 722 2 7 80 3 0 2122 3 1224979098644774913 -1 144115188075857119 2143 3 1224979098644774915 144115188075857118 1224979098644774913 2131 1 1224979098644774915 2106 2 1224979098644774912 1224979098644774915 723 2 7 1224979098644774912 2012 3 7 100 0 4 0 2147484654 0 1073741897 1 20 73 1 21 2001 1 0 2133 2 144115188075857107 0 3 0 
0.000000 0.000000 0.000000  3 71 1 144115188075857185 2147483678 2 144115188075857107 3 2147483679 2 144115188075857110 1  38 4 0 31 2 144115188075857107 0 2133 2 144115188075857107 1 2133 2 144115188075857118 300 2133 2 144115188075857119 -1000 2133 2 144115188075857120 0 5 0 31 2 144115188075857107 1 4 0 31 2 144115188075857106 -1 4 0 2147484654 1 0 1700 1 144115188075857109 3 0 2133 2 144115188075857107 0 5 0 2133 2 144115188075857107 2 3 0 5 0 31 2 144115188075857107 2 4 0 30 2 144115188075857106 0 2133 2 144115188075857107 1 2133 2 144115188075857118 300 2133 2 144115188075857119 -1000 2133 2 144115188075857120 0 2133 2 144115188075857111 0 5 0 2133 2 144115188075857107 0 3 0 3 0 900 1 1513209474796486735 4 0 31 2 144115188075857107 0 2001 1 0 5 0 2001 1 1 3 0 
0.000000 0.000000 0.000000  2 70 1 144115188075857182 31 2 144115188075857107 1  3 2105 2 144115188075857120 1 2147483718 1 42 2105 2 144115188075857120 9 
0.000000 0.000000 0.000000  2 70 1 144115188075857181 31 2 144115188075857107 1  3 2106 2 144115188075857120 1 2147483718 1 42 2106 2 144115188075857120 9 
0.000000 0.000000 0.000000  2 70 1 144115188075857179 31 2 144115188075857107 1  3 2105 2 144115188075857119 1 2147483718 1 42 2105 2 144115188075857119 9 
0.000000 0.000000 0.000000  2 70 1 144115188075857180 31 2 144115188075857107 1  3 2106 2 144115188075857119 1 2147483718 1 42 2106 2 144115188075857119 9 
0.000000 0.000000 0.000000  2 70 1 144115188075857183 31 2 144115188075857107 1  3 2105 2 144115188075857118 1 2147483718 1 42 2105 2 144115188075857118 9 
0.000000 0.000000 0.000000  2 70 1 144115188075857184 31 2 144115188075857107 1  4 2106 2 144115188075857118 1 2147483718 1 42 2106 2 144115188075857118 9 2111 2 144115188075857118 50 
0.000000 0.000000 0.000000  3 71 1 144115188075857186 31 2 144115188075857107 1 30 2 144115188075857106 1  1 1 1 936748722493063843 
0.000000 0.000000 0.000000  3 71 1 144115188075857187 31 2 144115188075857107 1 30 2 144115188075857106 1  1 1 1 936748722493063844 
0.000000 0.000000 0.000000  3 2147484654 0 70 1 224 31 2 144115188075857107 1  10 31 2 144115188075857103 144115188075857109 1702 1 144115188075857103 1726 3 1224979098644774912 144115188075857109 0 30 2 1224979098644774912 0 1570 2 1224979098644774913 1224979098644774912 1073741855 2 1224979098644774913 8 1073741855 2 1224979098644774913 9 31 2 1224979098644774913 10 2133 2 144115188075857110 1 2001 1 0 
0.000000 0.000000 0.000000  3 2147484654 0 2147483718 1 224 31 2 144115188075857110 1  2 2133 2 144115188075857110 0 2001 1 1 
0.000000 0.000000 100000000.000000  0  5 1700 1 144115188075857103 1770 2 144115188075857104 144115188075857103 1714 2 1224979098644774912 144115188075857103 30 2 1224979098644774912 0 505 3 144115188075857103 41 1224979098644774912 
0.000000 0.500000 100000000.000000  1 561 3 648518346341351424 232 1  68 521 3 1224979098644774912 648518346341351424 232 1107 1 0 2133 2 1224979098644774913 0 6 3 1224979098644774914 0 1224979098644774912 2120 3 1224979098644774915 1224979098644774914 250 521 3 1224979098644774916 648518346341351424 1224979098644774915 30 2 1224979098644774916 10 2123 3 1224979098644774917 1224979098644774916 100 2122 3 1224979098644774918 1224979098644774917 100 2106 2 1224979098644774916 1224979098644774918 2123 3 1224979098644774918 1224979098644774916 10 2122 3 1224979098644774919 1224979098644774918 10 2121 3 1224979098644774919 1224979098644774916 1224979098644774919 2133 2 1224979098644774920 0 4 0 31 2 1224979098644774918 1 31 2 1224979098644774919 3 2133 2 1224979098644774919 11 5 0 31 2 1224979098644774918 2 33 3 1224979098644774919 5 9 2133 2 1224979098644774920 1 2105 2 1224979098644774913 1 5 0 31 2 1224979098644774918 3 4 0 31 2 1224979098644774919 0 2133 2 1224979098644774919 10 5 0 31 2 1224979098644774919 2 2133 2 1224979098644774919 12 5 0 31 2 1224979098644774919 3 2133 2 1224979098644774919 13 3 0 5 0 31 2 1224979098644774918 4 1107 1 0 1 3 936748722493063867 1224979098644774917 1224979098644774919 5 0 33 3 1224979098644774918 5 7 2105 2 1224979098644774913 1 5 0 31 2 1224979098644774918 7 31 2 1224979098644774919 1 1795 2 144115188075857104 1224979098644774917 1 2 936748722493063840 1 1795 2 144115188075857104 -1 3 0 4 0 33 3 1224979098644774918 1 4 2147483679 2 1224979098644774920 1 1790 3 144115188075857104 1224979098644774917 1224979098644774919 3 0 3 0 1795 2 144115188075857104 9 1107 1 1 1106 2 1585267068834415379 4292730214 4 0 31 2 1224979098644774912 1 521 3 1224979098644774921 648518346341351433 250 501 3 648518346341351424 250 1224979098644774921 501 3 648518346341351433 250 0 3 0 4 0 31 2 1224979098644774913 0 501 3 648518346341351424 232 0 3 0 
1.000000 1.500000 100000000.000000  1 561 3 648518346341351424 232 1  41 521 3 1224979098644774912 648518346341351424 232 1107 1 0 6 3 1224979098644774913 0 1224979098644774912 2120 3 1224979098644774914 1224979098644774913 250 521 3 1224979098644774915 648518346341351424 1224979098644774914 30 2 1224979098644774915 10 2123 3 1224979098644774916 1224979098644774915 100 2122 3 1224979098644774917 1224979098644774916 100 2106 2 1224979098644774915 1224979098644774917 2123 3 1224979098644774917 1224979098644774915 10 1073741857 3 1224979098644774917 5 7 31 2 1224979098644774917 2 2122 3 1224979098644774918 1224979098644774917 10 2121 3 1224979098644774918 1224979098644774915 1224979098644774918 4 0 31 2 1224979098644774917 2 33 3 1224979098644774918 5 9 2120 3 1224979098644774919 1224979098644774914 70 521 3 1224979098644774920 648518346341351424 1224979098644774919 2111 2 1224979098644774920 1 6 3 1224979098644774921 0 1224979098644774920 4 0 2120 3 1224979098644774922 77 1224979098644774916 2147484197 3 144115188075857104 1224979098644774922 0 1795 2 144115188075857104 1224979098644774916 1 2 936748722493063868 1224979098644774918 1795 2 144115188075857104 -1 5 0 1790 3 144115188075857104 1224979098644774916 1224979098644774918 3 0 3 0 5 0 33 3 1224979098644774917 5 7 1795 2 144115188075857104 1224979098644774916 1 2 936748722493063835 1224979098644774918 1795 2 144115188075857104 -1 3 0 3 0 1795 2 144115188075857104 9 1107 1 1 501 3 648518346341351424 232 0 
-19.000000 0.000000 100000000.000000  1 541 3 648518346341351424 47 1  131 1 3 936748722493063334 648518346341351425 648518346341351424 1673 3 648518346341351424 1 1 1650 2 1224979098644774912 648518346341351425 6 3 1224979098644774913 0 1224979098644774912 1652 3 1224979098644774914 648518346341351425 1224979098644774913 2147485155 1 1224979098644774914 500 3 1224979098644774914 39 0 500 3 1224979098644774914 52 0 3 0 6 3 1224979098644774913 0 1224979098644774912 1652 3 1224979098644774914 648518346341351425 1224979098644774913 2147485155 1 1224979098644774914 540 3 1224979098644774914 39 0 6 3 1224979098644774915 47 54 501 3 648518346341351433 1224979098644774915 0 3 0 2133 2 1224979098644774916 1224979098644774914 2133 2 1224979098644774917 7 6 3 1224979098644774918 0 1224979098644774917 2133 2 1224979098644774919 1224979098644774912 6 3 1224979098644774920 0 1224979098644774919 1652 3 1224979098644774921 648518346341351425 1224979098644774920 2147485155 1 1224979098644774921 2147483679 2 1224979098644774921 1224979098644774916 1561 3 1224979098644774922 1224979098644774921 0 31 2 1224979098644774922 1224979098644774916 2133 2 1224979098644774919 0 3 0 4 0 2147483679 2 1224979098644774922 1224979098644774916 2133 2 1224979098644774917 0 540 3 1224979098644774916 39 0 1630 3 1224979098644774923 648518346341351425 1224979098644774916 1630 3 1224979098644774924 648518346341351424 1224979098644774916 2121 3 1224979098644774925 1224979098644774923 1224979098644774924 2111 2 1224979098644774925 0 500 3 1224979098644774916 52 1224979098644774925 500 3 1224979098644774916 39 1 5 0 2133 2 1224979098644774926 47 7 3 1224979098644774927 1224979098644774926 54 541 3 648518346341351433 1224979098644774927 0 501 3 648518346341351433 1224979098644774927 1224979098644774921 2133 2 1224979098644774926 54 3 0 2133 2 1224979098644774916 1224979098644774921 3 0 3 0 540 3 1224979098644774914 39 0 2133 2 1224979098644774916 1224979098644774914 2133 2 1224979098644774917 7 6 3 1224979098644774918 0 1224979098644774917 1561 3 1224979098644774922 1224979098644774916 0 1630 3 1224979098644774928 648518346341351424 1224979098644774922 4 0 32 2 1224979098644774928 0 2133 2 1224979098644774929 54 6 3 1224979098644774930 47 1224979098644774929 541 3 648518346341351433 1224979098644774930 0 501 3 648518346341351433 1224979098644774930 1224979098644774922 2133 2 1224979098644774929 47 3 0 2133 2 1224979098644774916 1224979098644774922 5 0 2133 2 1224979098644774917 0 3 0 3 0 2133 2 1224979098644774917 54 6 3 1224979098644774915 47 1224979098644774917 521 3 1224979098644774916 648518346341351433 1224979098644774915 32 2 1224979098644774916 0 540 3 1224979098644774916 39 1 2133 2 1224979098644774931 1224979098644774915 2133 2 1224979098644774932 0 7 3 1224979098644774930 47 1224979098644774931 521 3 1224979098644774933 648518346341351433 1224979098644774930 32 2 1224979098644774933 0 1630 3 1224979098644774923 648518346341351425 1224979098644774933 1630 3 1224979098644774924 648518346341351424 1224979098644774933 2121 3 1224979098644774925 1224979098644774924 1224979098644774923 2105 2 1224979098644774925 1224979098644774932 2111 2 1224979098644774925 0 2133 2 1224979098644774932 1224979098644774925 2121 3 1224979098644774934 1224979098644774930 1 4 0 30 2 1224979098644774934 47 521 3 1224979098644774935 648518346341351433 1224979098644774934 5 0 31 2 1224979098644774934 46 2133 2 1224979098644774935 1224979098644774914 3 0 32 2 1224979098644774935 0 540 3 1224979098644774935 39 0 500 3 1224979098644774935 52 1224979098644774925 500 3 1224979098644774933 39 1 3 0 500 3 1224979098644774914 39 1 2133 2 1224979098644774932 0 6 3 1224979098644774927 1224979098644774931 1224979098644774917 521 3 1224979098644774936 648518346341351433 1224979098644774927 32 2 1224979098644774936 0 4 0 540 3 1224979098644774936 39 1 520 3 1224979098644774932 1224979098644774936 52 5 0 540 3 1224979098644774936 39 0 1630 3 1224979098644774923 648518346341351425 1224979098644774936 1630 3 1224979098644774924 648518346341351424 1224979098644774936 2121 3 1224979098644774925 1224979098644774924 1224979098644774923 2105 2 1224979098644774925 1224979098644774932 2111 2 1224979098644774925 0 2133 2 1224979098644774932 1224979098644774925 500 3 1224979098644774936 52 1224979098644774925 500 3 1224979098644774936 39 1 3 0 3 0 2133 2 1224979098644774917 47 3 0 3 0 1 3 936748722493063334 648518346341351424 648518346341351425 500 3 360287970189639680 37 1 1650 2 1224979098644774937 648518346341351424 2105 2 1224979098644774937 1 7 3 1224979098644774913 0 1224979098644774937 1652 3 1224979098644774914 648518346341351424 1224979098644774913 520 3 1224979098644774938 1224979098644774914 37 1653 3 1224979098644774939 648518346341351424 1224979098644774913 2121 3 1224979098644774925 1224979098644774939 1224979098644774938 32 2 1224979098644774925 0 1619 3 648518346341351424 1224979098644774914 1224979098644774925 3 0 
-20.000000 0.000000 100000000.000000  1 541 3 648518346341351424 47 1  38 1650 2 1224979098644774912 648518346341351425 6 3 1224979098644774913 0 1224979098644774912 1652 3 1224979098644774914 648518346341351425 1224979098644774913 2147483679 2 1224979098644774914 360287970189639680 1653 3 1224979098644774915 648518346341351425 1224979098644774913 1650 2 1224979098644774916 648518346341351424 2133 2 1224979098644774917 0 2133 2 1224979098644774918 0 6 3 1224979098644774919 0 1224979098644774916 1652 3 1224979098644774920 648518346341351424 1224979098644774919 31 2 1224979098644774920 1224979098644774914 1653 3 1224979098644774917 648518346341351424 1224979098644774919 1654 3 1224979098644774918 648518346341351424 1224979098644774919 2133 2 1224979098644774916 0 3 0 2121 3 1224979098644774921 1224979098644774915 1224979098644774917 4 0 32 2 1224979098644774921 0 1610 3 648518346341351424 1224979098644774914 1224979098644774921 1654 3 1224979098644774922 648518346341351425 1224979098644774913 2106 2 1224979098644774922 1224979098644774918 32 2 1224979098644774922 0 1618 3 648518346341351424 1224979098644774920 1224979098644774922 3 0 2147485155 1 1224979098644774914 520 3 1224979098644774923 1224979098644774914 52 32 2 1224979098644774923 0 1 2 936748722493063190 1224979098644774914 2122 3 1224979098644774924 1224979098644774923 72057594037927936 1650 2 1224979098644774916 648518346341351424 6 3 1224979098644774919 0 1224979098644774916 1652 3 1224979098644774920 648518346341351424 1224979098644774919 31 2 1224979098644774920 1224979098644774914 1670 3 648518346341351424 1224979098644774919 1224979098644774924 2133 2 1224979098644774916 0 3 0 3 0 501 3 648518346341351424 47 0 
0.000000 0.000000 100000000.000000  0  5 1700 1 144115188075857103 1770 2 144115188075857104 144115188075857103 1714 2 1224979098644774912 144115188075857103 30 2 1224979098644774912 0 505 3 144115188075857103 41 1224979098644774912 
-19.000000 0.000000 100000000.000000  0  11 501 3 648518346341351424 108 0 501 3 648518346341351433 108 0 501 3 2 108 0 6 3 1224979098644774912 0 4 6 3 1224979098644774913 149 167 509 3 1224979098644774912 1224979098644774913 -1 3 0 3 0 541 3 648518346341351424 72 0 1 1 936748722493063830 501 3 648518346341351424 72 1 
0.000000 0.000000 0.000000  13 2147484654 0 1073741897 1 30 1073741897 1 31 1073741897 1 32 1073741897 1 33 1073741897 1 34 1073741897 1 35 1073741897 1 36 1073741897 1 37 1073741897 1 38 1073741897 1 29 1073741897 1 39 73 1 40  2 501 3 648518346341351424 108 0 900 1 1513209474796486734 
-23.000000 0.000000 0.000000  0  3 501 3 648518346341351424 108 0 903 1 1513209474796486734 902 1 0 
0.000000 0.000000 0.000000  2 2147484654 0 71 1 67  6 2147484189 3 648518346341351424 108 23 2147484189 3 648518346341351424 108 24 2147484189 3 648518346341351424 108 25 903 1 1513209474796486734 902 1 0 501 3 648518346341351424 108 0 
0.000000 0.000000 0.000000  2 2147484654 0 73 1 23  20 4 0 2147484189 3 648518346341351424 108 23 2147484189 3 648518346341351424 108 24 2147484189 3 648518346341351424 108 25 501 3 648518346341351424 108 23 5 0 541 3 648518346341351424 108 23 2133 2 144115188075857105 1 1 2 936748722493063868 0 501 3 648518346341351424 108 0 5 0 541 3 648518346341351424 108 24 2133 2 144115188075857105 1 1 2 936748722493063868 5 501 3 648518346341351424 108 0 5 0 541 3 648518346341351424 108 25 1 2 936748722493063839 0 501 3 648518346341351424 108 0 3 0 
0.000000 0.000000 0.000000  2 2147484654 0 73 1 24  20 4 0 2147484189 3 648518346341351424 108 23 2147484189 3 648518346341351424 108 24 2147484189 3 648518346341351424 108 25 501 3 648518346341351424 108 24 5 0 541 3 648518346341351424 108 23 2133 2 144115188075857105 1 1 2 936748722493063868 1 501 3 648518346341351424 108 0 5 0 541 3 648518346341351424 108 24 2133 2 144115188075857105 1 1 2 936748722493063868 6 501 3 648518346341351424 108 0 5 0 541 3 648518346341351424 108 25 1 2 936748722493063839 0 501 3 648518346341351424 108 0 3 0 
0.000000 0.000000 0.000000  2 2147484654 0 73 1 25  19 4 0 2147484189 3 648518346341351424 108 23 2147484189 3 648518346341351424 108 24 2147484189 3 648518346341351424 108 25 501 3 648518346341351424 108 25 5 0 541 3 648518346341351424 108 23 2133 2 144115188075857105 1 1 2 936748722493063868 2 501 3 648518346341351424 108 0 5 0 541 3 648518346341351424 108 24 2133 2 144115188075857105 1 1 2 936748722493063868 8 501 3 648518346341351424 108 0 5 0 541 3 648518346341351424 108 25 501 3 648518346341351424 108 0 3 0 
0.000000 0.000000 0.000000  2 2147484654 0 73 1 26  35 4 0 541 3 648518346341351424 108 0 1073741855 2 144115188075856193 864691128455135276 31 2 144115188075856193 864691128455135287 501 3 648518346341351424 108 26 900 1 1513209474796486734 5 0 541 3 648518346341351424 108 23 2133 2 144115188075857105 1 1 2 936748722493063868 11 501 3 648518346341351424 108 0 5 0 541 3 648518346341351424 108 24 2133 2 144115188075857105 1 1 2 936748722493063868 7 501 3 648518346341351424 108 0 5 0 541 3 648518346341351424 108 25 1 3 936748722493063833 -1 144115188075857104 501 3 648518346341351424 108 0 5 0 541 3 648518346341351424 108 26 6 3 1224979098644774912 0 9 1775 2 144115188075857104 1224979098644774912 2120 3 1224979098644774913 14 1224979098644774912 569 3 144115188075857104 1224979098644774913 1 2133 2 144115188075857105 1 1 3 936748722493063867 1224979098644774912 2 3 0 501 3 648518346341351424 108 0 5 0 541 3 648518346341351424 108 65 1 1 936748722493063837 501 3 648518346341351424 108 0 3 0 
0.000000 0.000000 0.000000  2 2147484654 0 73 1 27  36 4 0 541 3 648518346341351424 108 0 501 3 648518346341351424 108 27 900 1 1513209474796486734 5 0 541 3 648518346341351424 108 23 2133 2 144115188075857105 1 1 2 936748722493063868 14 501 3 648518346341351424 108 0 5 0 541 3 648518346341351424 108 24 501 3 648518346341351424 108 0 5 0 541 3 648518346341351424 108 26 6 3 1224979098644774912 0 9 1775 2 144115188075857104 1224979098644774912 2120 3 1224979098644774913 14 1224979098644774912 569 3 144115188075857104 1224979098644774913 1 2133 2 144115188075857105 1 1 3 936748722493063867 1224979098644774912 3 3 0 501 3 648518346341351424 108 0 5 0 541 3 648518346341351424 108 27 1 2 936748722493063835 1 501 3 648518346341351424 108 0 5 0 541 3 648518346341351424 108 28 1 2 936748722493063835 4 501 3 648518346341351424 108 0 5 0 541 3 648518346341351424 108 65 1 2 936748722493063834 9 1 2 936748722493063840 1 501 3 648518346341351424 108 0 3 0 
0.000000 0.000000 0.000000  2 2147484654 0 73 1 28  33 4 0 541 3 648518346341351424 108 0 501 3 648518346341351424 108 28 900 1 1513209474796486734 5 0 541 3 648518346341351424 108 24 2133 2 144115188075857105 1 1 2 936748722493063868 4 501 3 648518346341351424 108 0 5 0 541 3 648518346341351424 108 26 6 3 1224979098644774912 0 9 1775 2 144115188075857104 1224979098644774912 2120 3 1224979098644774913 14 1224979098644774912 569 3 144115188075857104 1224979098644774913 1 2133 2 144115188075857105 1 1 3 936748722493063867 1224979098644774912 4 3 0 501 3 648518346341351424 108 0 5 0 541 3 648518346341351424 108 27 1 2 936748722493063835 2 501 3 648518346341351424 108 0 5 0 541 3 648518346341351424 108 28 1 2 936748722493063835 5 501 3 648518346341351424 108 0 5 0 541 3 648518346341351424 108 65 1 2 936748722493063834 11 1 2 936748722493063839 1 501 3 648518346341351424 108 0 3 0 
0.000000 0.000000 0.000000  2 2147484654 0 71 1 65  28 4 0 541 3 648518346341351424 108 0 501 3 648518346341351424 108 65 900 1 1513209474796486734 5 0 541 3 648518346341351424 108 26 6 3 1224979098644774912 0 9 1775 2 144115188075857104 1224979098644774912 2120 3 1224979098644774913 14 1224979098644774912 569 3 144115188075857104 1224979098644774913 1 2133 2 144115188075857105 1 1 3 936748722493063867 1224979098644774912 5 3 0 501 3 648518346341351424 108 0 5 0 541 3 648518346341351424 108 27 1 2 936748722493063835 3 501 3 648518346341351424 108 0 5 0 541 3 648518346341351424 108 28 1 2 936748722493063835 6 501 3 648518346341351424 108 0 5 0 541 3 648518346341351424 108 65 1 2 936748722493063834 13 1 2 936748722493063838 1 501 3 648518346341351424 108 0 3 0 
0.000000 0.000000 0.000000  2 2147484654 0 71 1 66  10 4 0 541 3 648518346341351424 108 26 2133 2 144115188075857105 1 1 2 936748722493063868 2 501 3 648518346341351424 108 0 5 0 541 3 648518346341351424 108 27 1 2 936748722493063835 0 501 3 648518346341351424 108 0 3 0 
0.500000 0.000000 0.000000  1 1 2 936748722493063836 167  1 1 1 936748722493063841 
1.000000 0.000000 0.000000  1 1 2 936748722493063836 176  37 6 3 1224979098644774912 0 4 6 3 1224979098644774913 0 9 2120 3 1224979098644774914 176 1224979098644774913 569 3 1224979098644774912 1224979098644774914 1 529 3 1224979098644774915 1224979098644774912 1224979098644774914 2105 2 1224979098644774915 1 509 3 1224979098644774912 1224979098644774914 1224979098644774915 3 0 3 0 12 1 1224979098644774916 1707 1 1224979098644774916 565 3 1224979098644774916 43 1 1727 3 1224979098644774917 1224979098644774916 1 32 2 1224979098644774917 0 1770 2 1224979098644774912 1224979098644774916 1773 2 1224979098644774913 1224979098644774916 2120 3 1224979098644774914 176 1224979098644774913 529 3 1224979098644774915 1224979098644774912 1224979098644774914 525 3 1224979098644774918 1224979098644774916 43 4 0 31 2 1224979098644774918 8 2133 2 1224979098644774919 2 5 0 31 2 1224979098644774918 9 2133 2 1224979098644774919 5 3 0 1739 2 1224979098644774920 1224979098644774916 1073741855 2 1224979098644774920 1 31 2 1224979098644774920 3 2119 3 72057594037927936 1224979098644774915 1224979098644774919 4 0 31 2 72057594037927936 0 1745 3 1224979098644774916 0 0 5 0 1745 3 1224979098644774916 0 1 3 0 3 0 
1.000000 0.000000 100000000.000000  1 2147483679 2 144115188075856168 0  5 6 3 1224979098644774912 0 4 6 3 1224979098644774913 176 185 509 3 1224979098644774912 1224979098644774913 0 3 0 3 0 
0.000000 0.000000 3.000000  1 71 1 50  7 525 3 1224979098644774912 144115188075857103 41 32 2 1224979098644774912 0 1750 2 144115188075857103 1152921504606847104 1106 1 1585267068834415372 1702 1 1224979098644774912 1710 2 1 144115188075857103 1730 3 1224979098644774912 1 0 
1.000000 0.000000 0.000000  0  27 31 2 144115188075857178 0 12 1 1224979098644774912 1702 1 1224979098644774912 1704 1 1224979098644774912 1714 2 1224979098644774913 1224979098644774912 4 0 30 2 1224979098644774913 0 1720 2 1224979098644774914 1224979098644774913 2121 3 1224979098644774915 100 1224979098644774914 4 0 2147483680 2 1224979098644774915 15 2108 2 1224979098644774915 2 2120 3 1224979098644774916 100 1224979098644774915 5 0 2107 2 1224979098644774915 2 2108 2 1224979098644774915 3 2121 3 1224979098644774916 115 1224979098644774915 3 0 1718 2 1224979098644774917 1224979098644774912 2170 3 1224979098644774918 24 1224979098644774917 2122 3 1224979098644774919 1224979098644774918 2 2105 2 1224979098644774919 100 2107 2 1224979098644774916 1224979098644774919 2108 2 1224979098644774916 100 1734 2 1224979098644774912 1224979098644774916 3 0 3 0 
1.000000 0.000000 100000000.000000  0  1 1 1 936748722493063832 
2.000000 0.000000 0.000000  3 1073742365 3 648518346341351424 78 1 1073742365 3 648518346341351424 79 1 541 3 648518346341351424 80 1  112 12 1 1224979098644774912 1702 1 1224979098644774912 1707 1 1224979098644774912 2133 2 1224979098644774913 -1 2133 2 1224979098644774914 -1 2133 2 1224979098644774915 0 2133 2 1224979098644774916 0 4 0 1770 2 1224979098644774917 1224979098644774912 31 2 1224979098644774917 144115188075857104 1773 2 1224979098644774918 1224979098644774912 1787 3 1224979098644774915 1224979098644774917 1224979098644774918 1784 3 1224979098644774916 1224979098644774917 1224979098644774918 2120 3 1224979098644774919 149 1224979098644774918 529 3 1224979098644774913 1224979098644774917 1224979098644774919 2120 3 1224979098644774919 158 1224979098644774918 529 3 1224979098644774914 1224979098644774917 1224979098644774919 3 0 2147483679 2 1224979098644774915 1 4 0 31 2 1224979098644774913 -1 541 3 648518346341351424 78 1 525 3 1224979098644774920 1224979098644774912 37 32 2 1224979098644774920 0 1726 3 1224979098644774921 1224979098644774912 0 1714 2 1224979098644774922 1224979098644774912 4 0 2147483680 2 1224979098644774922 0 505 3 1224979098644774912 37 0 31 2 1224979098644774921 1224979098644774920 4 0 31 2 1224979098644774914 1 2133 2 1224979098644774923 0 5 0 2133 2 1224979098644774923 1 3 0 1 3 936748722493063831 1224979098644774912 1224979098644774923 5 0 1710 2 1 1224979098644774912 1 3 936748722493063480 1224979098644774917 1 2133 2 1224979098644774924 72057594037927936 4 0 2147483678 2 1224979098644774924 500 1739 2 1224979098644774925 1224979098644774912 32 2 1224979098644774925 3 31 2 1224979098644774921 1224979098644774920 4 0 31 2 1224979098644774914 1 2133 2 1224979098644774923 0 5 0 2133 2 1224979098644774923 1 3 0 1 3 936748722493063831 1224979098644774912 1224979098644774923 5 0 2147483679 2 1224979098644774921 1224979098644774920 1747 2 1224979098644774912 1224979098644774920 3 0 3 0 5 0 31 2 1224979098644774913 -1 541 3 648518346341351424 79 1 525 3 1224979098644774926 1224979098644774912 38 32 2 1224979098644774926 0 2147483679 2 1224979098644774916 1 1726 3 1224979098644774921 1224979098644774912 0 1727 2 1224979098644774927 1224979098644774912 4 0 2147483680 2 1224979098644774927 0 505 3 1224979098644774912 38 0 31 2 1224979098644774921 1224979098644774926 4 0 31 2 1224979098644774914 1 2133 2 1224979098644774923 0 5 0 2133 2 1224979098644774923 1 3 0 1 3 936748722493063831 1224979098644774912 1224979098644774923 5 0 32 2 1224979098644774927 0 1714 2 1224979098644774922 1224979098644774912 2147483680 2 1224979098644774922 0 5 0 32 2 1224979098644774927 0 2147483679 2 1224979098644774921 1224979098644774926 1747 2 1224979098644774912 1224979098644774926 3 0 5 0 541 3 648518346341351424 80 1 525 3 1224979098644774928 1224979098644774912 39 32 2 1224979098644774928 0 2120 3 1224979098644774919 77 1224979098644774918 549 3 1224979098644774917 1224979098644774919 0 1710 2 1 1224979098644774912 1 3 936748722493063480 1224979098644774917 1 2133 2 1224979098644774924 72057594037927936 2133 2 1224979098644774929 72057594037927937 31 2 1224979098644774913 -1 2147483679 2 1224979098644774914 1 1726 3 1224979098644774921 1224979098644774912 0 4 0 3221225502 2 1224979098644774929 300 2147483678 2 1224979098644774924 700 1739 2 1224979098644774925 1224979098644774912 32 2 1224979098644774925 3 31 2 1224979098644774921 1224979098644774928 1 3 936748722493063831 1224979098644774912 1 5 0 2147483679 2 1224979098644774921 1224979098644774928 1747 2 1224979098644774912 1224979098644774928 3 0 3 0 3 0 
-28.000000 0.000000 0.000000  1 541 3 648518346341351424 81 1  102 2071 1 1224979098644774912 2072 1 1224979098644774913 2073 1 1224979098644774914 2133 2 1224979098644774915 72057594037927936 2133 2 1224979098644774916 1224979098644774914 4 0 1704 1 1224979098644774912 1707 1 1224979098644774912 4 0 2147485352 1 1224979098644774913 31 2 1224979098644774915 -1 1719 2 1224979098644774917 1224979098644774913 30 2 1224979098644774917 0 32 2 1224979098644774916 5 527 3 1224979098644774918 1224979098644774917 79 4 0 2147483678 2 1224979098644774918 18 2108 2 1224979098644774918 3 2111 2 1224979098644774914 1224979098644774918 5 0 33 3 1224979098644774918 18 25 2108 2 1224979098644774918 2 2111 2 1224979098644774914 1224979098644774918 5 0 2111 2 1224979098644774914 1224979098644774918 3 0 4 0 1689 2 0 1224979098644774913 727 2 1224979098644774919 0 726 2 1224979098644774920 0 2111 2 1224979098644774919 1224979098644774920 2131 1 1224979098644774919 32 2 1224979098644774919 600 2107 2 1224979098644774914 2 3 0 3 0 5 0 2147485352 1 1224979098644774912 32 2 1224979098644774915 0 567 3 1224979098644774915 79 150 1714 2 1224979098644774917 1224979098644774913 31 2 1224979098644774917 -1 4 0 1767 2 1224979098644774921 1224979098644774913 31 2 1224979098644774921 0 2111 2 1224979098644774914 120 5 0 2111 2 1224979098644774914 60 3 0 1689 2 0 1224979098644774912 727 2 1224979098644774919 0 726 2 1224979098644774920 0 2111 2 1224979098644774919 1224979098644774920 2131 1 1224979098644774919 2106 2 1224979098644774919 4 2112 3 1224979098644774919 -2 5 2122 3 1224979098644774922 1224979098644774919 10 2105 2 1224979098644774914 1224979098644774922 2136 3 1224979098644774923 0 100 4 0 2123 3 1224979098644774924 1224979098644774916 5 2106 2 1224979098644774923 1224979098644774924 2106 2 1224979098644774923 1224979098644774919 4 0 32 2 1224979098644774916 5 31 2 1224979098644774921 0 2106 2 1224979098644774923 10 3 0 2147483678 2 1224979098644774923 10 1740 2 1224979098644774912 1801439850948198959 3 0 3 0 32 2 1224979098644774914 1224979098644774916 2106 2 1224979098644774914 1224979098644774916 1720 3 1224979098644774925 1224979098644774912 1 2106 2 1224979098644774925 1224979098644774914 1721 3 1224979098644774912 1224979098644774925 1 2133 2 72057594037927938 -1 1714 2 1224979098644774926 144115188075857103 4 0 4 0 31 2 1224979098644774912 1224979098644774926 2133 2 72057594037927938 0 5 0 31 2 1224979098644774912 144115188075857103 2133 2 72057594037927938 1 3 0 2147483679 2 72057594037927938 -1 2133 2 72057594037927937 1224979098644774914 1106 2 1585267068834415380 16728128 5 0 4 0 31 2 1224979098644774913 1224979098644774926 2133 2 72057594037927938 0 5 0 31 2 1224979098644774913 144115188075857103 2133 2 72057594037927938 1 3 0 2147483679 2 72057594037927938 -1 2133 2 72057594037927937 1224979098644774914 1106 1 1585267068834415381 3 0 
-25.000000 0.000000 0.000000  0  2 2071 1 1224979098644774912 505 3 1224979098644774912 40 -1 
-25.000000 0.000000 0.000000  2 521 3 72057594037927939 648518346341351424 76 33 3 72057594037927939 0 9  12 2071 1 1224979098644774912 4 0 2147485352 1 1224979098644774912 1715 2 1224979098644774913 1224979098644774912 30 2 1224979098644774913 0 1712 1 1224979098644774913 1702 1 1224979098644774913 1707 1 1224979098644774913 5 0 2133 2 1224979098644774913 -1 3 0 505 3 1224979098644774912 42 1224979098644774913 
-26.000000 0.000000 0.000000  2 521 3 72057594037927939 648518346341351424 76 33 3 72057594037927939 0 9  16 2071 1 1224979098644774912 2147485352 1 1224979098644774912 525 3 1224979098644774913 1224979098644774912 42 30 2 1224979098644774913 0 1712 1 1224979098644774913 1702 1 1224979098644774913 1707 1 1224979098644774913 1770 2 1224979098644774914 1224979098644774913 4 0 31 2 1224979098644774914 144115188075857104 1783 2 1224979098644774913 72057594037927939 505 3 1224979098644774913 40 72057594037927939 5 0 1783 2 1224979098644774913 0 505 3 1224979098644774913 40 0 3 0 
-58.000000 0.000000 0.000000  2 521 3 72057594037927939 648518346341351424 77 33 3 72057594037927939 0 9  31 2072 1 1224979098644774912 30 2 1224979098644774912 0 1570 2 1224979098644774913 1224979098644774912 1073741855 2 1224979098644774913 8 31 2 1224979098644774913 9 2071 1 1224979098644774914 1712 1 1224979098644774914 1702 1 1224979098644774914 1707 1 1224979098644774914 1727 3 1224979098644774915 1224979098644774914 0 2147483680 2 1224979098644774915 0 1714 2 1224979098644774916 1224979098644774914 31 2 1224979098644774916 -1 1770 2 1224979098644774917 1224979098644774914 2133 2 1224979098644774918 1 4 0 1073742365 3 144115188075856273 0 3 541 3 144115188075856273 0 2 1073741855 2 1224979098644774917 144115188075856302 31 2 1224979098644774917 144115188075856304 2133 2 1224979098644774918 0 3 0 31 2 1224979098644774918 1 4 0 31 2 1224979098644774917 144115188075857104 1783 2 1224979098644774914 72057594037927939 505 3 1224979098644774914 40 72057594037927939 5 0 1783 2 1224979098644774914 0 505 3 1224979098644774914 40 0 3 0 
1.000000 0.000000 0.000000  2 3221226013 3 648518346341351424 77 9 2147484189 3 648518346341351424 76 9  9 12 1 1224979098644774912 1712 1 1224979098644774912 565 3 1224979098644774912 40 0 1702 1 1224979098644774912 1773 2 1224979098644774913 1224979098644774912 2147484193 3 1224979098644774912 40 1224979098644774913 525 3 1224979098644774914 1224979098644774912 40 1783 2 1224979098644774912 1224979098644774914 3 0 
0.100000 0.000000 0.000000  1 1 2 936748722493063836 185  131 12 1 1224979098644774912 1702 1 1224979098644774912 1704 1 1224979098644774912 565 3 1224979098644774912 39 1 545 3 1224979098644774912 15 0 1770 2 1224979098644774913 1224979098644774912 1773 2 1224979098644774914 1224979098644774912 2133 2 1224979098644774915 0 4 0 2147483679 2 1224979098644774913 144115188075857104 541 3 648518346341351424 82 1 2133 2 1224979098644774915 1 5 0 31 2 1224979098644774913 144115188075857104 2120 3 1224979098644774916 185 1224979098644774914 549 3 1224979098644774913 1224979098644774916 1 2133 2 1224979098644774915 1 5 0 31 2 1224979098644774912 144115188075857103 545 3 144115188075857103 45 1 2133 2 1224979098644774915 1 3 0 31 2 1224979098644774915 1 525 3 1224979098644774917 1224979098644774912 44 4 0 2147483678 2 1224979098644774917 20 2105 2 1224979098644774917 1 1073743531 1 1224979098644774912 545 3 144115188075857103 45 1 505 3 1224979098644774912 44 1224979098644774917 3 0 30 2 1224979098644774917 20 1738 2 1224979098644774918 1224979098644774912 1785 3 1224979098644774919 1224979098644774913 1224979098644774914 2133 2 1224979098644774915 0 4 0 2147483679 2 1224979098644774913 144115188075857104 1073741855 2 1224979098644774918 0 1073741855 2 1224979098644774918 9 31 2 1224979098644774918 1 2133 2 1224979098644774915 1 5 0 2147483679 2 1224979098644774912 144115188075857103 31 2 1224979098644774913 144115188075857104 1073741855 2 1224979098644774919 0 31 2 1224979098644774919 11 1073741855 2 1224979098644774918 0 1073741855 2 1224979098644774918 9 31 2 1224979098644774918 1 2133 2 1224979098644774915 1 5 0 31 2 1224979098644774912 144115188075857103 545 3 144115188075857103 45 1 2133 2 1224979098644774915 1 3 0 31 2 1224979098644774915 1 1726 3 1224979098644774920 1224979098644774912 0 545 3 1224979098644774912 39 1224979098644774920 527 3 1224979098644774921 1224979098644774920 79 2133 2 1224979098644774922 1224979098644774921 2133 2 1224979098644774923 -1 1710 2 1 1224979098644774912 12 1 1224979098644774924 1702 1 1224979098644774924 2147485352 1 1224979098644774924 1715 2 1224979098644774925 1224979098644774924 30 2 1224979098644774925 0 1770 2 1224979098644774926 1224979098644774925 1788 2 1224979098644774913 1224979098644774926 1710 2 2 1224979098644774924 710 3 1224979098644774927 1 2 2147483678 2 1224979098644774927 1224979098644774922 2147484362 2 2 1 705 3 1224979098644774928 1 2 2113 1 1224979098644774928 2131 1 1224979098644774928 33 3 1224979098644774928 170 181 1689 2 0 1224979098644774924 727 2 1224979098644774929 0 726 2 1224979098644774930 0 2111 2 1224979098644774929 1224979098644774930 30 2 1224979098644774929 400 2133 2 1224979098644774922 1224979098644774927 2133 2 1224979098644774923 1224979098644774924 3 0 32 2 1224979098644774923 -1 1740 2 1224979098644774912 1801439850948198866 1750 2 1224979098644774923 1152921504606847094 1720 3 1224979098644774931 1224979098644774923 0 1720 3 1224979098644774932 1224979098644774923 1 2108 2 1224979098644774929 8 2106 2 1224979098644774929 10 4 0 547 3 1224979098644774920 86 1 2105 2 1224979098644774929 5 32 2 1224979098644774921 200 2105 2 1224979098644774929 5 3 0 2106 2 1224979098644774931 1224979098644774929 2111 2 1224979098644774931 0 505 3 1224979098644774912 44 0 1721 3 1224979098644774923 1224979098644774931 0 1722 2 1224979098644774923 1224979098644774923 2136 3 1224979098644774933 0 100 4 0 547 3 1224979098644774920 86 1 2106 2 1224979098644774933 8 32 2 1224979098644774921 200 2106 2 1224979098644774933 8 3 0 4 0 2147483678 2 1224979098644774933 50 1740 2 1224979098644774923 1801439850948198959 3 0 4 0 1714 2 1224979098644774934 144115188075857103 31 2 1224979098644774923 1224979098644774934 1720 3 1224979098644774931 1224979098644774923 1 2106 2 1224979098644774932 1224979098644774931 2133 2 72057594037927937 1224979098644774932 1106 2 1585267068834415382 16728128 5 0 31 2 1224979098644774912 144115188075857103 1720 3 1224979098644774931 1224979098644774923 1 2106 2 1224979098644774932 1224979098644774931 2133 2 72057594037927937 1224979098644774932 2325 2 1 1224979098644774920 1106 1 1585267068834415383 505 3 144115188075857103 45 0 3 0 3 0 
0.000000 0.000000 2.000000  2 71 1 48 2147484193 3 144115188075857103 45 1  19 1702 1 144115188075857103 1726 3 1224979098644774912 144115188075857103 0 2133 2 1224979098644774913 0 4 0 565 3 144115188075857103 39 1 545 3 144115188075857103 39 1224979098644774912 2133 2 1224979098644774913 1 5 0 30 2 1224979098644774912 0 1570 2 1224979098644774914 1224979098644774912 31 2 1224979098644774914 4 505 3 144115188075857103 39 1224979098644774912 2133 2 1224979098644774913 1 3 0 31 2 1224979098644774913 1 2325 2 1 1224979098644774912 1106 2 1585267068834415384 6591981 1740 2 144115188075857103 1801439850948198866 505 3 144115188075857103 45 1 
0.000000 0.000000 0.000000  12 2147484193 3 144115188075857103 45 0 1073741897 1 6 1073741897 1 7 1073741897 1 7 1073741897 1 0 1073741897 1 1 1073741897 1 2 1073741897 1 3 1073741897 1 14 1073741897 1 15 1073741897 1 4 73 1 17  4 1702 1 144115188075857103 1106 2 1585267068834415385 6591981 1740 2 144115188075857103 1801439850948198696 505 3 144115188075857103 45 0 
3.000000 0.000000 0.000000  1 545 3 144115188075857103 45 1  2 1702 1 144115188075857103 1740 2 144115188075857103 1801439850948198866 
-28.000000 0.000000 0.000000  1 545 3 144115188075857103 45 1  8 2071 1 1224979098644774912 31 2 1224979098644774912 144115188075857103 1702 1 144115188075857103 2073 1 1224979098644774913 32 2 1224979098644774913 5 1106 2 1585267068834415386 16728128 1740 2 144115188075857103 1801439850948198696 505 3 144115188075857103 45 0 
0.000000 0.000000 100000000.000000  0  7 12 1 1224979098644774912 1704 1 1224979098644774912 1718 2 1224979098644774913 1224979098644774912 1507 1 1224979098644774913 1515 2 1224979098644774914 1224979098644774913 500 3 1224979098644774913 329 1224979098644774914 3 0 
1.000000 0.000000 0.000000  0  41 1700 1 1224979098644774912 12 1 1224979098644774913 1704 1 1224979098644774913 1718 2 1224979098644774914 1224979098644774913 1507 1 1224979098644774914 1515 2 1224979098644774915 1224979098644774914 520 3 1224979098644774916 1224979098644774914 329 32 2 1224979098644774915 1224979098644774916 2121 3 1224979098644774917 1224979098644774915 1224979098644774916 2172 3 1224979098644774918 1224979098644774914 2 2122 3 1224979098644774919 1224979098644774918 3 2107 2 1224979098644774919 1224979098644774917 2108 2 1224979098644774919 100 1107 1 0 1062 2 1224979098644774919 1224979098644774914 1107 1 1 4 0 31 2 1224979098644774913 1224979098644774912 32 2 1224979098644774919 0 31 2 144115188075857164 1 2133 2 72057594037927937 1224979098644774919 1106 1 1585267068834415374 3 0 1515 2 1224979098644774920 1224979098644774914 500 3 1224979098644774914 329 1224979098644774920 2121 3 1224979098644774921 1224979098644774920 1224979098644774916 2170 3 1224979098644774922 27 1224979098644774914 2105 2 1224979098644774922 10 2107 2 1224979098644774921 1224979098644774922 2108 2 1224979098644774921 20 2108 2 1224979098644774921 100 32 2 1224979098644774921 0 1525 2 1224979098644774914 1224979098644774921 4 0 31 2 1224979098644774913 1224979098644774912 31 2 144115188075857164 1 2133 2 72057594037927937 1224979098644774921 2121 3 72057594037927938 72057594037927937 1 1106 1 1585267068834415375 3 0 3 0 
1.000000 0.000000 0.000000  0  11 1700 1 1224979098644774912 12 1 1224979098644774913 2147483679 2 1224979098644774913 1224979098644774912 1702 1 1224979098644774913 1704 1 1224979098644774913 1727 2 1224979098644774914 1224979098644774913 545 3 1224979098644774913 26 0 2147483680 2 1224979098644774914 1 1728 1 1224979098644774913 505 3 1224979098644774913 26 1 3 0 
0.000000 0.000000 0.000000  0  11 4 0 70 1 29 71 1 30 1700 1 1224979098644774912 1728 1 1224979098644774912 5 0 70 1 56 71 1 30 12 1 1224979098644774913 1728 1 1224979098644774913 3 0 
-19.000000 0.000000 0.000000  0  1 1 1 936748722493063765 
0.000000 0.000000 100000000.000000  1 2147483679 2 144115188075856169 360287970189639680  5 2120 3 1224979098644774912 6 1 6 3 1224979098644774913 0 1224979098644774912 2176 3 1224979098644774914 144115188075856169 1224979098644774913 507 3 1224979098644774913 68 1224979098644774914 3 0 
1.000000 0.000000 0.000000  1 2147483679 2 144115188075856169 360287970189639680  17 2322 2 1 144115188075856169 2120 3 1224979098644774912 6 1 6 3 1224979098644774913 0 1224979098644774912 2176 3 1224979098644774914 144115188075856169 1224979098644774913 527 3 1224979098644774915 1224979098644774913 68 32 2 1224979098644774914 1224979098644774915 2121 3 1224979098644774916 1224979098644774914 1224979098644774915 2133 2 72057594037927938 1224979098644774916 2106 2 1224979098644774916 1 2133 2 72057594037927939 1224979098644774916 2133 2 72057594037927937 1224979098644774914 2121 3 1224979098644774917 1224979098644774913 0 2105 2 1224979098644774917 216172782113787044 2320 2 2 1224979098644774917 1106 2 1585267068834415376 15658496 507 3 1224979098644774913 68 1224979098644774914 3 0 
0.000000 0.000000 0.000000  0  11 1700 1 1224979098644774912 1710 2 2 1224979098644774912 4 0 1726 3 1224979098644774913 1224979098644774912 1 31 2 1224979098644774913 288230376151712268 71 1 34 721 2 2 50 1970 1 2 1974 1 1080863910568920066 1774 2 1224979098644774912 288230376151712268 3 0 
-19.000000 0.000000 0.000000  0  4 501 3 648518346341351424 108 0 501 3 2 108 0 2133 2 144115188075857121 1 2133 2 144115188075857105 1 
0.000000 0.400000 100000000.000000  0  29 1700 1 144115188075857103 1770 2 144115188075857104 144115188075857103 1 1 936748722493063871 12 1 1224979098644774912 1704 1 1224979098644774912 1770 2 1224979098644774913 1224979098644774912 1718 2 1224979098644774914 1224979098644774912 2173 2 1224979098644774915 1224979098644774914 529 3 1224979098644774916 1224979098644774913 0 2105 2 1224979098644774916 1224979098644774915 509 3 1224979098644774913 0 1224979098644774916 3 0 6 3 1224979098644774917 0 4 569 3 1224979098644774917 3 1 1792 2 1224979098644774918 1224979098644774917 4 0 30 2 1224979098644774918 0 1718 2 1224979098644774919 1224979098644774918 2173 2 1224979098644774920 1224979098644774919 5 0 529 3 1224979098644774921 1224979098644774917 3 529 3 1224979098644774916 1224979098644774917 0 2122 3 1224979098644774920 1224979098644774916 10 2108 2 1224979098644774920 1224979098644774921 2105 2 1224979098644774920 5 2108 2 1224979098644774920 10 3 0 509 3 1224979098644774917 0 1224979098644774920 3 0 
0.000000 0.300000 0.000000  1 73 1 23  4 541 3 648518346341351424 108 23 72 1 23 501 3 2 108 1 501 3 648518346341351424 108 0 
0.500000 0.000000 0.000000  2 541 3 2 108 1 2147483720 1 23  57 2133 2 144115188075857105 1 1 4 936748722493063872 60 144115188075857104 9 2133 2 1224979098644774912 0 6 3 1224979098644774913 0 9 1775 2 144115188075857104 1224979098644774913 2120 3 1224979098644774914 14 1224979098644774913 569 3 144115188075857104 1224979098644774914 1 2105 2 1224979098644774912 1 3 0 1710 2 49 144115188075857103 6 3 1224979098644774913 0 9 1775 2 144115188075857104 1224979098644774913 2120 3 1224979098644774914 14 1224979098644774913 569 3 144115188075857104 1224979098644774914 1 2120 3 1224979098644774914 77 1224979098644774913 2147484197 3 144115188075857104 1224979098644774914 0 529 3 1224979098644774915 144115188075857104 1224979098644774914 2120 3 1224979098644774914 122 1224979098644774913 529 3 1224979098644774916 144115188075857104 1224979098644774914 1794 3 2 144115188075857104 1224979098644774913 1 3 936748722493063869 2 60 4 0 32 2 1224979098644774912 1 1711 2 144115188075857103 2 4 0 1 5 936748722493063853 144115188075857104 1224979098644774913 1224979098644774916 1224979098644774915 3 0 5 0 1 4 936748722493063863 144115188075857104 1224979098644774913 2 4 0 2120 3 1224979098644774914 59 1224979098644774913 529 3 1224979098644774917 144115188075857104 1224979098644774914 2147483679 2 1224979098644774917 2 2147483679 2 1224979098644774917 5 2120 3 1224979098644774914 14 1224979098644774913 529 3 1224979098644774918 144115188075857104 1224979098644774914 1 4 936748722493063860 1224979098644774915 1224979098644774918 1224979098644774916 4 0 1073741855 2 1224979098644774917 1 31 2 1224979098644774917 4 2107 2 72057594037927936 -1 2133 2 1224979098644774919 936748722493063855 5 0 2133 2 1224979098644774919 936748722493063856 3 0 720 2 2 72057594037927936 5 0 2133 2 1224979098644774919 936748722493063854 3 0 700 2 1 2 1 6 1224979098644774919 144115188075857104 144115188075857103 1224979098644774913 1224979098644774916 1224979098644774915 3 0 2120 3 1224979098644774914 68 1224979098644774913 509 3 144115188075857104 1224979098644774914 0 3 0 1711 2 144115188075857103 49 501 3 2 108 0 
1.000000 0.000000 0.000000  8 2147483718 1 65 2147483718 1 66 2147483720 1 23 2147483720 1 24 2147483720 1 25 2147483720 1 26 2147483720 1 27 2147483720 1 28  68 2124 1 100 2119 3 1224979098644774912 144115188075857105 5 1 4 936748722493063872 60 144115188075857104 9 4 0 31 2 72057594037927936 0 1 3 936748722493063861 144115188075857104 9 5 0 2133 2 144115188075857121 0 6 3 1224979098644774913 0 9 2120 3 1224979098644774914 14 1224979098644774913 569 3 144115188075857104 1224979098644774914 1 2120 3 1224979098644774914 77 1224979098644774913 2147484197 3 144115188075857104 1224979098644774914 0 529 3 1224979098644774915 144115188075857104 1224979098644774914 2120 3 1224979098644774914 122 1224979098644774913 529 3 1224979098644774916 144115188075857104 1224979098644774914 4 0 2120 3 1224979098644774914 68 1224979098644774913 549 3 144115188075857104 1224979098644774914 1 1 5 936748722493063853 144115188075857104 1224979098644774913 1224979098644774916 1224979098644774915 5 0 31 2 1224979098644774912 0 1785 3 72057594037927936 144115188075857104 1224979098644774913 2147483679 2 72057594037927936 11 1 4 936748722493063864 1 144115188075857104 1224979098644774913 4 0 2120 3 1224979098644774914 59 1224979098644774913 529 3 1224979098644774917 144115188075857104 1224979098644774914 2147483679 2 1224979098644774917 2 2147483679 2 1224979098644774917 5 721 2 1 -2000 3 0 1 3 936748722493063869 1 60 4 0 2147483679 2 1224979098644774917 2 2147483679 2 1224979098644774917 5 721 2 1 2000 3 0 1 4 936748722493063863 144115188075857104 1224979098644774913 1 4 0 2147483679 2 1224979098644774917 2 2147483679 2 1224979098644774917 5 2120 3 1224979098644774914 14 1224979098644774913 529 3 1224979098644774918 144115188075857104 1224979098644774914 1 4 936748722493063860 1224979098644774915 1224979098644774918 1224979098644774916 4 0 1073741855 2 1224979098644774917 1 31 2 1224979098644774917 4 2107 2 72057594037927936 -1 3 0 720 2 1 72057594037927936 3 0 4 0 1073741855 2 1224979098644774917 2 31 2 1224979098644774917 5 1 5 936748722493063854 144115188075857104 144115188075857103 1224979098644774913 1224979098644774916 5 0 1073741855 2 1224979098644774917 1 31 2 1224979098644774917 4 1 6 936748722493063855 144115188075857104 144115188075857103 1224979098644774913 1224979098644774916 1224979098644774915 5 0 1 6 936748722493063856 144115188075857104 144115188075857103 1224979098644774913 1224979098644774916 1224979098644774915 3 0 3 0 3 0 2133 2 144115188075857121 1 3 0 2105 2 144115188075857105 1 
-19.000000 0.000000 0.000000  1 541 3 648518346341351424 83 1  12 2133 2 144115188075857122 0 2133 2 144115188075857123 0 2133 2 144115188075857124 1 2133 2 144115188075857125 1 2133 2 144115188075857126 0 6 3 1224979098644774912 0 4 509 3 1224979098644774912 1 1 3 0 701 1 56 701 1 57 701 1 58 701 1 59 
0.000000 0.500000 100000000.000000  1 541 3 648518346341351424 83 1  9 12 1 1224979098644774912 505 3 1224979098644774912 15 0 3 0 2124 1 100 1 4 936748722493063883 12 0 9 1 4 936748722493063883 13 1 9 1 4 936748722493063883 14 2 9 1 4 936748722493063883 16 3 9 1 2 936748722493063880 1 
1.000000 0.500000 0.000000  1 541 3 648518346341351424 83 1  39 4 0 1 1 936748722493063882 2133 2 144115188075857122 72057594037927936 2133 2 144115188075857125 3 3 0 2124 1 100 1 1 936748722493063871 4 0 30 2 144115188075857125 3 31 2 144115188075857126 0 1 2 936748722493063880 1 2133 2 144115188075857124 0 2133 2 144115188075857126 1 5 0 30 2 144115188075857125 2 2119 3 72057594037927936 144115188075857124 5 31 2 72057594037927936 0 1 2 936748722493063880 1 509 3 0 2 144115188075856298 509 3 1 2 144115188075856299 5 0 1 2 936748722493063880 0 3 0 4 0 31 2 144115188075857125 1 2133 2 1224979098644774912 0 6 3 1224979098644774913 0 4 2147483679 2 1224979098644774913 144115188075857104 569 3 1224979098644774913 3 1 1 4 936748722493063883 1 1224979098644774913 1 1794 3 0 1224979098644774913 1 710 3 72057594037927936 0 1 32 2 72057594037927936 500 2133 2 1224979098644774912 1 3 0 31 2 1224979098644774912 0 2133 2 144115188075857125 2 3 0 2105 2 144115188075857124 1 


mst_village_attack_bandits village_attack_bandits 2  8
You_lead_your_men_to_battle. 

3 3 8208 0 16 1 0  
1 33558528 0 16 7 0  
1 4112 0 16 1 0  
73
-21.000000 0.000000 0.000000  0  23 4 0 31 2 144115188075856297 1 1 1 936748722493063589 1907 1 0 5 0 521 3 1224979098644774912 648518346341351424 380 30 2 1224979098644774912 1 1106 1 216172782113783948 5 0 541 3 648518346341351424 85 1 1073742830 0 31 2 144115188075856292 1 2320 2 5 216172782113784210 1 4 936748722493063487 5 20 0 1 1 936748722493063589 1906 1 -1 1907 1 0 5 0 1 1 936748722493063389 1121 1 216172782113783944 5 0 1106 1 216172782113783948 3 0 
-25.000000 0.000000 0.000000  0  3 2071 1 1224979098644774912 1718 2 1224979098644774913 1224979098644774912 1 4 936748722493063580 1729382256910270468 1224979098644774912 1224979098644774913 
-8.000000 0.000000 0.000000  0  8 2071 1 1224979098644774912 31 2 1224979098644774912 0 2133 2 144115188075856292 0 2320 2 5 216172782113784210 1 4 936748722493063487 10 20 1 2133 2 144115188075856168 -1 1 1 936748722493063589 1907 1 0 
0.000000 0.000000 100000000.000000  0  15 2133 2 144115188075856297 0 2133 2 144115188075856298 0 2133 2 144115188075856299 0 4 0 31 2 144115188075856156 2 1930 2 1 6 5 0 1930 2 1 29 3 0 1 1 936748722493063652 1700 1 1224979098644774912 1770 2 1224979098644774913 1224979098644774912 1107 1 0 1790 3 1224979098644774913 9 0 1107 1 1 
30.000000 0.000000 0.000000  0  1 1 1 936748722493063652 
2.000000 0.000000 0.000000  0  1 1 1 936748722493063486 
5.000000 60.000000 100000000.000000  10 2370 1 72057594037927937 30 2 72057594037927937 10 1003 1 5 1073742365 3 648518346341351424 85 1 2147484654 1 0 1906 1 1 1106 1 216172782113783827 2133 2 144115188075856297 1 2133 2 144115188075856168 1 1 1 936748722493063653  2 1 1 936748722493063589 1907 1 1 
10.000000 0.000000 0.000000  0  2 31 2 144115188075856297 1 1106 1 216172782113783827 
1.000000 4.000000 0.000000  1 1006 0  30 2133 2 144115188075856292 1 4 0 541 3 648518346341351424 85 1 2133 2 1224979098644774912 0 12 1 1224979098644774913 1706 1 1224979098644774913 1702 1 1224979098644774913 2105 2 1224979098644774912 1 3 0 32 2 1224979098644774912 0 4 0 2147483679 2 144115188075857106 1 1106 1 1585267068834415378 2133 2 144115188075857106 1 2133 2 144115188075857107 2 1 1 936748722493063843 2001 1 1 541 3 648518346341351424 86 1 1107 1 0 1790 3 144115188075857104 9 2 1107 1 1 3 0 5 0 2320 2 5 216172782113784210 1 4 936748722493063487 10 20 1 2133 2 144115188075856168 -1 1906 1 -1 1 1 936748722493063589 1907 1 0 3 0 
-22.000000 0.000000 0.000000  0  1 1106 1 216172782113783918 
0.000000 0.000000 100000000.000000  0  2 2147484551 1 1513209474796486703 900 1 1513209474796486703 
0.000000 0.000000 0.000000  0  15 4 0 2147484551 1 1513209474796486694 2147484551 1 1513209474796486703 2147484551 1 1513209474796486734 900 1 1513209474796486703 3 0 4 0 903 1 1513209474796486694 1 1 936748722493063538 5 0 903 1 1513209474796486703 1 1 936748722493063790 31 2 144115188075857173 1 1 1 936748722493063788 3 0 
0.000000 0.000000 100000000.000000  11 2147483679 2 144115188075856169 360287970189639680 2175 2 144115188075857108 360287970189639680 2147485156 1 360287970189639680 1700 1 1224979098644774912 30 2 1224979098644774912 0 1770 2 1224979098644774913 1224979098644774912 1710 2 49 1224979098644774912 720 2 49 -100 1970 1 49 1972 1 360287970189639680 1771 2 72057594037927936 1224979098644774913  0 
0.000000 0.000000 100000000.000000  2 1700 1 144115188075857109 32 2 144115188075857109 -1  12 2133 2 144115188075857107 0 2133 2 144115188075857110 0 2133 2 144115188075857106 -1 2133 2 144115188075857111 0 2133 2 144115188075856292 0 2133 2 144115188075857112 500 2133 2 144115188075857113 375 2133 2 144115188075857114 144115188075857112 2133 2 144115188075857115 144115188075857113 2133 2 144115188075857116 0 31 2 144115188075857185 0 1 1 936748722493063842 
0.000000 0.000000 0.000000  3 1006 0 31 2 144115188075857111 0 31 2 144115188075857107 2  12 1710 2 1 144115188075857103 726 2 1224979098644774912 1 727 2 1224979098644774913 1 701 1 47 729 2 47 1224979098644774912 730 2 47 1224979098644774913 791 1 47 722 2 47 250 2001 3 1 0 0 2011 1 47 2133 2 144115188075857117 0 2133 2 144115188075857111 1 
0.000000 0.000000 0.000000  10 31 2 144115188075857111 1 31 2 144115188075857107 2 1073741895 1 144115188075857179 1073741894 1 144115188075857179 1073741895 1 144115188075857180 1073741894 1 144115188075857180 1073741895 1 144115188075857181 1073741894 1 144115188075857181 1073741895 1 144115188075857182 70 1 144115188075857182  26 2010 1 47 2133 2 1224979098644774912 0 2133 2 1224979098644774913 0 4 0 1073741895 1 144115188075857179 70 1 144115188075857179 2133 2 1224979098644774913 10 3 0 4 0 1073741895 1 144115188075857180 70 1 144115188075857180 2133 2 1224979098644774913 -10 3 0 4 0 1073741895 1 144115188075857181 70 1 144115188075857181 2133 2 1224979098644774912 -10 3 0 4 0 1073741895 1 144115188075857182 70 1 144115188075857182 2133 2 1224979098644774912 10 3 0 720 2 47 1224979098644774912 721 2 47 1224979098644774913 2011 1 47 
0.000000 0.000000 0.000000  9 31 2 144115188075857111 1 31 2 144115188075857107 2 2147484551 1 1513209474796486694 75 1 1 2124 1 1000 726 2 72057594037927937 1 727 2 72057594037927938 1 3221225503 2 72057594037927937 144115188075857112 2147483679 2 72057594037927938 144115188075857113  53 2133 2 1224979098644774912 1 4 0 31 2 72057594037927937 144115188075857114 31 2 72057594037927938 144115188075857115 2105 2 144115188075857116 1 4 0 32 2 144115188075857116 50 2133 2 144115188075857112 72057594037927937 2133 2 144115188075857113 72057594037927938 2133 2 144115188075857116 0 3 0 2133 2 1224979098644774912 0 3 0 31 2 1224979098644774912 1 2133 2 144115188075857116 0 2133 2 144115188075857114 72057594037927937 2133 2 144115188075857115 72057594037927938 2010 1 47 2121 3 1224979098644774913 144115188075857112 72057594037927937 2121 3 1224979098644774914 72057594037927938 144115188075857113 6 3 1224979098644774915 0 2 4 0 31 2 1224979098644774915 1 2133 2 1224979098644774913 1224979098644774914 3 0 3221225502 2 1224979098644774913 -2 32 2 1224979098644774913 2 2133 2 1224979098644774916 1 4 0 2147483678 2 1224979098644774913 0 2133 2 1224979098644774916 -1 3 0 2113 1 1224979098644774913 2106 2 1224979098644774913 2 2130 1 1224979098644774913 2125 2 1224979098644774913 1224979098644774913 2131 1 1224979098644774913 2112 3 1224979098644774913 1 6 2107 2 1224979098644774913 1224979098644774916 4 0 31 2 1224979098644774915 0 2122 3 1224979098644774917 144115188075857117 -1 723 2 47 1224979098644774917 725 2 47 1224979098644774913 723 2 47 144115188075857117 3 0 4 0 31 2 1224979098644774915 1 723 2 47 1224979098644774913 2105 2 144115188075857117 1224979098644774913 3 0 3 0 2011 1 47 
0.000000 0.000000 0.000000  2 31 2 144115188075857111 0 31 2 144115188075857107 1  32 2124 1 100 1709 2 7 144115188075857109 742 2 1224979098644774912 7 2121 3 1224979098644774913 0 1224979098644774912 723 2 7 1224979098644774913 4 0 31 2 144115188075857106 -1 2112 3 144115188075857120 -1000 1000 2112 3 144115188075857119 -1000 1000 2110 2 144115188075857118 1000 3 0 721 2 7 144115188075857119 722 2 7 144115188075857118 720 2 7 144115188075857120 1714 2 1224979098644774914 144115188075857109 4 0 30 2 1224979098644774914 0 722 2 7 80 3 0 2122 3 1224979098644774913 -1 144115188075857119 2143 3 1224979098644774915 144115188075857118 1224979098644774913 2131 1 1224979098644774915 2106 2 1224979098644774912 1224979098644774915 723 2 7 1224979098644774912 2012 3 7 100 0 4 0 2147484654 0 1073741897 1 20 73 1 21 2001 1 0 2133 2 144115188075857107 0 3 0 
0.000000 0.000000 0.000000  3 71 1 144115188075857185 2147483678 2 144115188075857107 3 2147483679 2 144115188075857110 1  38 4 0 31 2 144115188075857107 0 2133 2 144115188075857107 1 2133 2 144115188075857118 300 2133 2 144115188075857119 -1000 2133 2 144115188075857120 0 5 0 31 2 144115188075857107 1 4 0 31 2 144115188075857106 -1 4 0 2147484654 1 0 1700 1 144115188075857109 3 0 2133 2 144115188075857107 0 5 0 2133 2 144115188075857107 2 3 0 5 0 31 2 144115188075857107 2 4 0 30 2 144115188075857106 0 2133 2 144115188075857107 1 2133 2 144115188075857118 300 2133 2 144115188075857119 -1000 2133 2 144115188075857120 0 2133 2 144115188075857111 0 5 0 2133 2 144115188075857107 0 3 0 3 0 900 1 1513209474796486735 4 0 31 2 144115188075857107 0 2001 1 0 5 0 2001 1 1 3 0 
0.000000 0.000000 0.000000  2 70 1 144115188075857182 31 2 144115188075857107 1  3 2105 2 144115188075857120 1 2147483718 1 42 2105 2 144115188075857120 9 
0.000000 0.000000 0.000000  2 70 1 144115188075857181 31 2 144115188075857107 1  3 2106 2 144115188075857120 1 2147483718 1 42 2106 2 144115188075857120 9 
0.000000 0.000000 0.000000  2 70 1 144115188075857179 31 2 144115188075857107 1  3 2105 2 144115188075857119 1 2147483718 1 42 2105 2 144115188075857119 9 
0.000000 0.000000 0.000000  2 70 1 144115188075857180 31 2 144115188075857107 1  3 2106 2 144115188075857119 1 2147483718 1 42 2106 2 144115188075857119 9 
0.000000 0.000000 0.000000  2 70 1 144115188075857183 31 2 144115188075857107 1  3 2105 2 144115188075857118 1 2147483718 1 42 2105 2 144115188075857118 9 
0.000000 0.000000 0.000000  2 70 1 144115188075857184 31 2 144115188075857107 1  4 2106 2 144115188075857118 1 2147483718 1 42 2106 2 144115188075857118 9 2111 2 144115188075857118 50 
0.000000 0.000000 0.000000  3 71 1 144115188075857186 31 2 144115188075857107 1 30 2 144115188075857106 1  1 1 1 936748722493063843 
0.000000 0.000000 0.000000  3 71 1 144115188075857187 31 2 144115188075857107 1 30 2 144115188075857106 1  1 1 1 936748722493063844 
0.000000 0.000000 0.000000  3 2147484654 0 70 1 224 31 2 144115188075857107 1  10 31 2 144115188075857103 144115188075857109 1702 1 144115188075857103 1726 3 1224979098644774912 144115188075857109 0 30 2 1224979098644774912 0 1570 2 1224979098644774913 1224979098644774912 1073741855 2 1224979098644774913 8 1073741855 2 1224979098644774913 9 31 2 1224979098644774913 10 2133 2 144115188075857110 1 2001 1 0 
0.000000 0.000000 0.000000  3 2147484654 0 2147483718 1 224 31 2 144115188075857110 1  2 2133 2 144115188075857110 0 2001 1 1 
0.000000 0.000000 100000000.000000  0  5 1700 1 144115188075857103 1770 2 144115188075857104 144115188075857103 1714 2 1224979098644774912 144115188075857103 30 2 1224979098644774912 0 505 3 144115188075857103 41 1224979098644774912 
-19.000000 0.000000 100000000.000000  0  11 501 3 648518346341351424 108 0 501 3 648518346341351433 108 0 501 3 2 108 0 6 3 1224979098644774912 0 4 6 3 1224979098644774913 149 167 509 3 1224979098644774912 1224979098644774913 -1 3 0 3 0 541 3 648518346341351424 72 0 1 1 936748722493063830 501 3 648518346341351424 72 1 
0.000000 0.000000 0.000000  13 2147484654 0 1073741897 1 30 1073741897 1 31 1073741897 1 32 1073741897 1 33 1073741897 1 34 1073741897 1 35 1073741897 1 36 1073741897 1 37 1073741897 1 38 1073741897 1 29 1073741897 1 39 73 1 40  2 501 3 648518346341351424 108 0 900 1 1513209474796486734 
-23.000000 0.000000 0.000000  0  3 501 3 648518346341351424 108 0 903 1 1513209474796486734 902 1 0 
0.000000 0.000000 0.000000  2 2147484654 0 71 1 67  6 2147484189 3 648518346341351424 108 23 2147484189 3 648518346341351424 108 24 2147484189 3 648518346341351424 108 25 903 1 1513209474796486734 902 1 0 501 3 648518346341351424 108 0 
0.000000 0.000000 0.000000  2 2147484654 0 73 1 23  20 4 0 2147484189 3 648518346341351424 108 23 2147484189 3 648518346341351424 108 24 2147484189 3 648518346341351424 108 25 501 3 648518346341351424 108 23 5 0 541 3 648518346341351424 108 23 2133 2 144115188075857105 1 1 2 936748722493063868 0 501 3 648518346341351424 108 0 5 0 541 3 648518346341351424 108 24 2133 2 144115188075857105 1 1 2 936748722493063868 5 501 3 648518346341351424 108 0 5 0 541 3 648518346341351424 108 25 1 2 936748722493063839 0 501 3 648518346341351424 108 0 3 0 
0.000000 0.000000 0.000000  2 2147484654 0 73 1 24  20 4 0 2147484189 3 648518346341351424 108 23 2147484189 3 648518346341351424 108 24 2147484189 3 648518346341351424 108 25 501 3 648518346341351424 108 24 5 0 541 3 648518346341351424 108 23 2133 2 144115188075857105 1 1 2 936748722493063868 1 501 3 648518346341351424 108 0 5 0 541 3 648518346341351424 108 24 2133 2 144115188075857105 1 1 2 936748722493063868 6 501 3 648518346341351424 108 0 5 0 541 3 648518346341351424 108 25 1 2 936748722493063839 0 501 3 648518346341351424 108 0 3 0 
0.000000 0.000000 0.000000  2 2147484654 0 73 1 25  19 4 0 2147484189 3 648518346341351424 108 23 2147484189 3 648518346341351424 108 24 2147484189 3 648518346341351424 108 25 501 3 648518346341351424 108 25 5 0 541 3 648518346341351424 108 23 2133 2 144115188075857105 1 1 2 936748722493063868 2 501 3 648518346341351424 108 0 5 0 541 3 648518346341351424 108 24 2133 2 144115188075857105 1 1 2 936748722493063868 8 501 3 648518346341351424 108 0 5 0 541 3 648518346341351424 108 25 501 3 648518346341351424 108 0 3 0 
0.000000 0.000000 0.000000  2 2147484654 0 73 1 26  35 4 0 541 3 648518346341351424 108 0 1073741855 2 144115188075856193 864691128455135276 31 2 144115188075856193 864691128455135287 501 3 648518346341351424 108 26 900 1 1513209474796486734 5 0 541 3 648518346341351424 108 23 2133 2 144115188075857105 1 1 2 936748722493063868 11 501 3 648518346341351424 108 0 5 0 541 3 648518346341351424 108 24 2133 2 144115188075857105 1 1 2 936748722493063868 7 501 3 648518346341351424 108 0 5 0 541 3 648518346341351424 108 25 1 3 936748722493063833 -1 144115188075857104 501 3 648518346341351424 108 0 5 0 541 3 648518346341351424 108 26 6 3 1224979098644774912 0 9 1775 2 144115188075857104 1224979098644774912 2120 3 1224979098644774913 14 1224979098644774912 569 3 144115188075857104 1224979098644774913 1 2133 2 144115188075857105 1 1 3 936748722493063867 1224979098644774912 2 3 0 501 3 648518346341351424 108 0 5 0 541 3 648518346341351424 108 65 1 1 936748722493063837 501 3 648518346341351424 108 0 3 0 
0.000000 0.000000 0.000000  2 2147484654 0 73 1 27  36 4 0 541 3 648518346341351424 108 0 501 3 648518346341351424 108 27 900 1 1513209474796486734 5 0 541 3 648518346341351424 108 23 2133 2 144115188075857105 1 1 2 936748722493063868 14 501 3 648518346341351424 108 0 5 0 541 3 648518346341351424 108 24 501 3 648518346341351424 108 0 5 0 541 3 648518346341351424 108 26 6 3 1224979098644774912 0 9 1775 2 144115188075857104 1224979098644774912 2120 3 1224979098644774913 14 1224979098644774912 569 3 144115188075857104 1224979098644774913 1 2133 2 144115188075857105 1 1 3 936748722493063867 1224979098644774912 3 3 0 501 3 648518346341351424 108 0 5 0 541 3 648518346341351424 108 27 1 2 936748722493063835 1 501 3 648518346341351424 108 0 5 0 541 3 648518346341351424 108 28 1 2 936748722493063835 4 501 3 648518346341351424 108 0 5 0 541 3 648518346341351424 108 65 1 2 936748722493063834 9 1 2 936748722493063840 1 501 3 648518346341351424 108 0 3 0 
0.000000 0.000000 0.000000  2 2147484654 0 73 1 28  33 4 0 541 3 648518346341351424 108 0 501 3 648518346341351424 108 28 900 1 1513209474796486734 5 0 541 3 648518346341351424 108 24 2133 2 144115188075857105 1 1 2 936748722493063868 4 501 3 648518346341351424 108 0 5 0 541 3 648518346341351424 108 26 6 3 1224979098644774912 0 9 1775 2 144115188075857104 1224979098644774912 2120 3 1224979098644774913 14 1224979098644774912 569 3 144115188075857104 1224979098644774913 1 2133 2 144115188075857105 1 1 3 936748722493063867 1224979098644774912 4 3 0 501 3 648518346341351424 108 0 5 0 541 3 648518346341351424 108 27 1 2 936748722493063835 2 501 3 648518346341351424 108 0 5 0 541 3 648518346341351424 108 28 1 2 936748722493063835 5 501 3 648518346341351424 108 0 5 0 541 3 648518346341351424 108 65 1 2 936748722493063834 11 1 2 936748722493063839 1 501 3 648518346341351424 108 0 3 0 
0.000000 0.000000 0.000000  2 2147484654 0 71 1 65  28 4 0 541 3 648518346341351424 108 0 501 3 648518346341351424 108 65 900 1 1513209474796486734 5 0 541 3 648518346341351424 108 26 6 3 1224979098644774912 0 9 1775 2 144115188075857104 1224979098644774912 2120 3 1224979098644774913 14 1224979098644774912 569 3 144115188075857104 1224979098644774913 1 2133 2 144115188075857105 1 1 3 936748722493063867 1224979098644774912 5 3 0 501 3 648518346341351424 108 0 5 0 541 3 648518346341351424 108 27 1 2 936748722493063835 3 501 3 648518346341351424 108 0 5 0 541 3 648518346341351424 108 28 1 2 936748722493063835 6 501 3 648518346341351424 108 0 5 0 541 3 648518346341351424 108 65 1 2 936748722493063834 13 1 2 936748722493063838 1 501 3 648518346341351424 108 0 3 0 
0.000000 0.000000 0.000000  2 2147484654 0 71 1 66  10 4 0 541 3 648518346341351424 108 26 2133 2 144115188075857105 1 1 2 936748722493063868 2 501 3 648518346341351424 108 0 5 0 541 3 648518346341351424 108 27 1 2 936748722493063835 0 501 3 648518346341351424 108 0 3 0 
0.500000 0.000000 0.000000  1 1 2 936748722493063836 167  1 1 1 936748722493063841 
1.000000 0.000000 0.000000  1 1 2 936748722493063836 176  37 6 3 1224979098644774912 0 4 6 3 1224979098644774913 0 9 2120 3 1224979098644774914 176 1224979098644774913 569 3 1224979098644774912 1224979098644774914 1 529 3 1224979098644774915 1224979098644774912 1224979098644774914 2105 2 1224979098644774915 1 509 3 1224979098644774912 1224979098644774914 1224979098644774915 3 0 3 0 12 1 1224979098644774916 1707 1 1224979098644774916 565 3 1224979098644774916 43 1 1727 3 1224979098644774917 1224979098644774916 1 32 2 1224979098644774917 0 1770 2 1224979098644774912 1224979098644774916 1773 2 1224979098644774913 1224979098644774916 2120 3 1224979098644774914 176 1224979098644774913 529 3 1224979098644774915 1224979098644774912 1224979098644774914 525 3 1224979098644774918 1224979098644774916 43 4 0 31 2 1224979098644774918 8 2133 2 1224979098644774919 2 5 0 31 2 1224979098644774918 9 2133 2 1224979098644774919 5 3 0 1739 2 1224979098644774920 1224979098644774916 1073741855 2 1224979098644774920 1 31 2 1224979098644774920 3 2119 3 72057594037927936 1224979098644774915 1224979098644774919 4 0 31 2 72057594037927936 0 1745 3 1224979098644774916 0 0 5 0 1745 3 1224979098644774916 0 1 3 0 3 0 
1.000000 0.000000 100000000.000000  1 2147483679 2 144115188075856168 0  5 6 3 1224979098644774912 0 4 6 3 1224979098644774913 176 185 509 3 1224979098644774912 1224979098644774913 0 3 0 3 0 
0.000000 0.000000 3.000000  1 71 1 50  7 525 3 1224979098644774912 144115188075857103 41 32 2 1224979098644774912 0 1750 2 144115188075857103 1152921504606847104 1106 1 1585267068834415372 1702 1 1224979098644774912 1710 2 1 144115188075857103 1730 3 1224979098644774912 1 0 
1.000000 0.000000 0.000000  0  27 31 2 144115188075857178 0 12 1 1224979098644774912 1702 1 1224979098644774912 1704 1 1224979098644774912 1714 2 1224979098644774913 1224979098644774912 4 0 30 2 1224979098644774913 0 1720 2 1224979098644774914 1224979098644774913 2121 3 1224979098644774915 100 1224979098644774914 4 0 2147483680 2 1224979098644774915 15 2108 2 1224979098644774915 2 2120 3 1224979098644774916 100 1224979098644774915 5 0 2107 2 1224979098644774915 2 2108 2 1224979098644774915 3 2121 3 1224979098644774916 115 1224979098644774915 3 0 1718 2 1224979098644774917 1224979098644774912 2170 3 1224979098644774918 24 1224979098644774917 2122 3 1224979098644774919 1224979098644774918 2 2105 2 1224979098644774919 100 2107 2 1224979098644774916 1224979098644774919 2108 2 1224979098644774916 100 1734 2 1224979098644774912 1224979098644774916 3 0 3 0 
1.000000 0.000000 100000000.000000  0  1 1 1 936748722493063832 
2.000000 0.000000 0.000000  3 1073742365 3 648518346341351424 78 1 1073742365 3 648518346341351424 79 1 541 3 648518346341351424 80 1  112 12 1 1224979098644774912 1702 1 1224979098644774912 1707 1 1224979098644774912 2133 2 1224979098644774913 -1 2133 2 1224979098644774914 -1 2133 2 1224979098644774915 0 2133 2 1224979098644774916 0 4 0 1770 2 1224979098644774917 1224979098644774912 31 2 1224979098644774917 144115188075857104 1773 2 1224979098644774918 1224979098644774912 1787 3 1224979098644774915 1224979098644774917 1224979098644774918 1784 3 1224979098644774916 1224979098644774917 1224979098644774918 2120 3 1224979098644774919 149 1224979098644774918 529 3 1224979098644774913 1224979098644774917 1224979098644774919 2120 3 1224979098644774919 158 1224979098644774918 529 3 1224979098644774914 1224979098644774917 1224979098644774919 3 0 2147483679 2 1224979098644774915 1 4 0 31 2 1224979098644774913 -1 541 3 648518346341351424 78 1 525 3 1224979098644774920 1224979098644774912 37 32 2 1224979098644774920 0 1726 3 1224979098644774921 1224979098644774912 0 1714 2 1224979098644774922 1224979098644774912 4 0 2147483680 2 1224979098644774922 0 505 3 1224979098644774912 37 0 31 2 1224979098644774921 1224979098644774920 4 0 31 2 1224979098644774914 1 2133 2 1224979098644774923 0 5 0 2133 2 1224979098644774923 1 3 0 1 3 936748722493063831 1224979098644774912 1224979098644774923 5 0 1710 2 1 1224979098644774912 1 3 936748722493063480 1224979098644774917 1 2133 2 1224979098644774924 72057594037927936 4 0 2147483678 2 1224979098644774924 500 1739 2 1224979098644774925 1224979098644774912 32 2 1224979098644774925 3 31 2 1224979098644774921 1224979098644774920 4 0 31 2 1224979098644774914 1 2133 2 1224979098644774923 0 5 0 2133 2 1224979098644774923 1 3 0 1 3 936748722493063831 1224979098644774912 1224979098644774923 5 0 2147483679 2 1224979098644774921 1224979098644774920 1747 2 1224979098644774912 1224979098644774920 3 0 3 0 5 0 31 2 1224979098644774913 -1 541 3 648518346341351424 79 1 525 3 1224979098644774926 1224979098644774912 38 32 2 1224979098644774926 0 2147483679 2 1224979098644774916 1 1726 3 1224979098644774921 1224979098644774912 0 1727 2 1224979098644774927 1224979098644774912 4 0 2147483680 2 1224979098644774927 0 505 3 1224979098644774912 38 0 31 2 1224979098644774921 1224979098644774926 4 0 31 2 1224979098644774914 1 2133 2 1224979098644774923 0 5 0 2133 2 1224979098644774923 1 3 0 1 3 936748722493063831 1224979098644774912 1224979098644774923 5 0 32 2 1224979098644774927 0 1714 2 1224979098644774922 1224979098644774912 2147483680 2 1224979098644774922 0 5 0 32 2 1224979098644774927 0 2147483679 2 1224979098644774921 1224979098644774926 1747 2 1224979098644774912 1224979098644774926 3 0 5 0 541 3 648518346341351424 80 1 525 3 1224979098644774928 1224979098644774912 39 32 2 1224979098644774928 0 2120 3 1224979098644774919 77 1224979098644774918 549 3 1224979098644774917 1224979098644774919 0 1710 2 1 1224979098644774912 1 3 936748722493063480 1224979098644774917 1 2133 2 1224979098644774924 72057594037927936 2133 2 1224979098644774929 72057594037927937 31 2 1224979098644774913 -1 2147483679 2 1224979098644774914 1 1726 3 1224979098644774921 1224979098644774912 0 4 0 3221225502 2 1224979098644774929 300 2147483678 2 1224979098644774924 700 1739 2 1224979098644774925 1224979098644774912 32 2 1224979098644774925 3 31 2 1224979098644774921 1224979098644774928 1 3 936748722493063831 1224979098644774912 1 5 0 2147483679 2 1224979098644774921 1224979098644774928 1747 2 1224979098644774912 1224979098644774928 3 0 3 0 3 0 
-28.000000 0.000000 0.000000  1 541 3 648518346341351424 81 1  102 2071 1 1224979098644774912 2072 1 1224979098644774913 2073 1 1224979098644774914 2133 2 1224979098644774915 72057594037927936 2133 2 1224979098644774916 1224979098644774914 4 0 1704 1 1224979098644774912 1707 1 1224979098644774912 4 0 2147485352 1 1224979098644774913 31 2 1224979098644774915 -1 1719 2 1224979098644774917 1224979098644774913 30 2 1224979098644774917 0 32 2 1224979098644774916 5 527 3 1224979098644774918 1224979098644774917 79 4 0 2147483678 2 1224979098644774918 18 2108 2 1224979098644774918 3 2111 2 1224979098644774914 1224979098644774918 5 0 33 3 1224979098644774918 18 25 2108 2 1224979098644774918 2 2111 2 1224979098644774914 1224979098644774918 5 0 2111 2 1224979098644774914 1224979098644774918 3 0 4 0 1689 2 0 1224979098644774913 727 2 1224979098644774919 0 726 2 1224979098644774920 0 2111 2 1224979098644774919 1224979098644774920 2131 1 1224979098644774919 32 2 1224979098644774919 600 2107 2 1224979098644774914 2 3 0 3 0 5 0 2147485352 1 1224979098644774912 32 2 1224979098644774915 0 567 3 1224979098644774915 79 150 1714 2 1224979098644774917 1224979098644774913 31 2 1224979098644774917 -1 4 0 1767 2 1224979098644774921 1224979098644774913 31 2 1224979098644774921 0 2111 2 1224979098644774914 120 5 0 2111 2 1224979098644774914 60 3 0 1689 2 0 1224979098644774912 727 2 1224979098644774919 0 726 2 1224979098644774920 0 2111 2 1224979098644774919 1224979098644774920 2131 1 1224979098644774919 2106 2 1224979098644774919 4 2112 3 1224979098644774919 -2 5 2122 3 1224979098644774922 1224979098644774919 10 2105 2 1224979098644774914 1224979098644774922 2136 3 1224979098644774923 0 100 4 0 2123 3 1224979098644774924 1224979098644774916 5 2106 2 1224979098644774923 1224979098644774924 2106 2 1224979098644774923 1224979098644774919 4 0 32 2 1224979098644774916 5 31 2 1224979098644774921 0 2106 2 1224979098644774923 10 3 0 2147483678 2 1224979098644774923 10 1740 2 1224979098644774912 1801439850948198959 3 0 3 0 32 2 1224979098644774914 1224979098644774916 2106 2 1224979098644774914 1224979098644774916 1720 3 1224979098644774925 1224979098644774912 1 2106 2 1224979098644774925 1224979098644774914 1721 3 1224979098644774912 1224979098644774925 1 2133 2 72057594037927938 -1 1714 2 1224979098644774926 144115188075857103 4 0 4 0 31 2 1224979098644774912 1224979098644774926 2133 2 72057594037927938 0 5 0 31 2 1224979098644774912 144115188075857103 2133 2 72057594037927938 1 3 0 2147483679 2 72057594037927938 -1 2133 2 72057594037927937 1224979098644774914 1106 2 1585267068834415380 16728128 5 0 4 0 31 2 1224979098644774913 1224979098644774926 2133 2 72057594037927938 0 5 0 31 2 1224979098644774913 144115188075857103 2133 2 72057594037927938 1 3 0 2147483679 2 72057594037927938 -1 2133 2 72057594037927937 1224979098644774914 1106 1 1585267068834415381 3 0 
-25.000000 0.000000 0.000000  0  2 2071 1 1224979098644774912 505 3 1224979098644774912 40 -1 
-25.000000 0.000000 0.000000  2 521 3 72057594037927939 648518346341351424 76 33 3 72057594037927939 0 9  12 2071 1 1224979098644774912 4 0 2147485352 1 1224979098644774912 1715 2 1224979098644774913 1224979098644774912 30 2 1224979098644774913 0 1712 1 1224979098644774913 1702 1 1224979098644774913 1707 1 1224979098644774913 5 0 2133 2 1224979098644774913 -1 3 0 505 3 1224979098644774912 42 1224979098644774913 
-26.000000 0.000000 0.000000  2 521 3 72057594037927939 648518346341351424 76 33 3 72057594037927939 0 9  16 2071 1 1224979098644774912 2147485352 1 1224979098644774912 525 3 1224979098644774913 1224979098644774912 42 30 2 1224979098644774913 0 1712 1 1224979098644774913 1702 1 1224979098644774913 1707 1 1224979098644774913 1770 2 1224979098644774914 1224979098644774913 4 0 31 2 1224979098644774914 144115188075857104 1783 2 1224979098644774913 72057594037927939 505 3 1224979098644774913 40 72057594037927939 5 0 1783 2 1224979098644774913 0 505 3 1224979098644774913 40 0 3 0 
-58.000000 0.000000 0.000000  2 521 3 72057594037927939 648518346341351424 77 33 3 72057594037927939 0 9  31 2072 1 1224979098644774912 30 2 1224979098644774912 0 1570 2 1224979098644774913 1224979098644774912 1073741855 2 1224979098644774913 8 31 2 1224979098644774913 9 2071 1 1224979098644774914 1712 1 1224979098644774914 1702 1 1224979098644774914 1707 1 1224979098644774914 1727 3 1224979098644774915 1224979098644774914 0 2147483680 2 1224979098644774915 0 1714 2 1224979098644774916 1224979098644774914 31 2 1224979098644774916 -1 1770 2 1224979098644774917 1224979098644774914 2133 2 1224979098644774918 1 4 0 1073742365 3 144115188075856273 0 3 541 3 144115188075856273 0 2 1073741855 2 1224979098644774917 144115188075856302 31 2 1224979098644774917 144115188075856304 2133 2 1224979098644774918 0 3 0 31 2 1224979098644774918 1 4 0 31 2 1224979098644774917 144115188075857104 1783 2 1224979098644774914 72057594037927939 505 3 1224979098644774914 40 72057594037927939 5 0 1783 2 1224979098644774914 0 505 3 1224979098644774914 40 0 3 0 
1.000000 0.000000 0.000000  2 3221226013 3 648518346341351424 77 9 2147484189 3 648518346341351424 76 9  9 12 1 1224979098644774912 1712 1 1224979098644774912 565 3 1224979098644774912 40 0 1702 1 1224979098644774912 1773 2 1224979098644774913 1224979098644774912 2147484193 3 1224979098644774912 40 1224979098644774913 525 3 1224979098644774914 1224979098644774912 40 1783 2 1224979098644774912 1224979098644774914 3 0 
0.100000 0.000000 0.000000  1 1 2 936748722493063836 185  131 12 1 1224979098644774912 1702 1 1224979098644774912 1704 1 1224979098644774912 565 3 1224979098644774912 39 1 545 3 1224979098644774912 15 0 1770 2 1224979098644774913 1224979098644774912 1773 2 1224979098644774914 1224979098644774912 2133 2 1224979098644774915 0 4 0 2147483679 2 1224979098644774913 144115188075857104 541 3 648518346341351424 82 1 2133 2 1224979098644774915 1 5 0 31 2 1224979098644774913 144115188075857104 2120 3 1224979098644774916 185 1224979098644774914 549 3 1224979098644774913 1224979098644774916 1 2133 2 1224979098644774915 1 5 0 31 2 1224979098644774912 144115188075857103 545 3 144115188075857103 45 1 2133 2 1224979098644774915 1 3 0 31 2 1224979098644774915 1 525 3 1224979098644774917 1224979098644774912 44 4 0 2147483678 2 1224979098644774917 20 2105 2 1224979098644774917 1 1073743531 1 1224979098644774912 545 3 144115188075857103 45 1 505 3 1224979098644774912 44 1224979098644774917 3 0 30 2 1224979098644774917 20 1738 2 1224979098644774918 1224979098644774912 1785 3 1224979098644774919 1224979098644774913 1224979098644774914 2133 2 1224979098644774915 0 4 0 2147483679 2 1224979098644774913 144115188075857104 1073741855 2 1224979098644774918 0 1073741855 2 1224979098644774918 9 31 2 1224979098644774918 1 2133 2 1224979098644774915 1 5 0 2147483679 2 1224979098644774912 144115188075857103 31 2 1224979098644774913 144115188075857104 1073741855 2 1224979098644774919 0 31 2 1224979098644774919 11 1073741855 2 1224979098644774918 0 1073741855 2 1224979098644774918 9 31 2 1224979098644774918 1 2133 2 1224979098644774915 1 5 0 31 2 1224979098644774912 144115188075857103 545 3 144115188075857103 45 1 2133 2 1224979098644774915 1 3 0 31 2 1224979098644774915 1 1726 3 1224979098644774920 1224979098644774912 0 545 3 1224979098644774912 39 1224979098644774920 527 3 1224979098644774921 1224979098644774920 79 2133 2 1224979098644774922 1224979098644774921 2133 2 1224979098644774923 -1 1710 2 1 1224979098644774912 12 1 1224979098644774924 1702 1 1224979098644774924 2147485352 1 1224979098644774924 1715 2 1224979098644774925 1224979098644774924 30 2 1224979098644774925 0 1770 2 1224979098644774926 1224979098644774925 1788 2 1224979098644774913 1224979098644774926 1710 2 2 1224979098644774924 710 3 1224979098644774927 1 2 2147483678 2 1224979098644774927 1224979098644774922 2147484362 2 2 1 705 3 1224979098644774928 1 2 2113 1 1224979098644774928 2131 1 1224979098644774928 33 3 1224979098644774928 170 181 1689 2 0 1224979098644774924 727 2 1224979098644774929 0 726 2 1224979098644774930 0 2111 2 1224979098644774929 1224979098644774930 30 2 1224979098644774929 400 2133 2 1224979098644774922 1224979098644774927 2133 2 1224979098644774923 1224979098644774924 3 0 32 2 1224979098644774923 -1 1740 2 1224979098644774912 1801439850948198866 1750 2 1224979098644774923 1152921504606847094 1720 3 1224979098644774931 1224979098644774923 0 1720 3 1224979098644774932 1224979098644774923 1 2108 2 1224979098644774929 8 2106 2 1224979098644774929 10 4 0 547 3 1224979098644774920 86 1 2105 2 1224979098644774929 5 32 2 1224979098644774921 200 2105 2 1224979098644774929 5 3 0 2106 2 1224979098644774931 1224979098644774929 2111 2 1224979098644774931 0 505 3 1224979098644774912 44 0 1721 3 1224979098644774923 1224979098644774931 0 1722 2 1224979098644774923 1224979098644774923 2136 3 1224979098644774933 0 100 4 0 547 3 1224979098644774920 86 1 2106 2 1224979098644774933 8 32 2 1224979098644774921 200 2106 2 1224979098644774933 8 3 0 4 0 2147483678 2 1224979098644774933 50 1740 2 1224979098644774923 1801439850948198959 3 0 4 0 1714 2 1224979098644774934 144115188075857103 31 2 1224979098644774923 1224979098644774934 1720 3 1224979098644774931 1224979098644774923 1 2106 2 1224979098644774932 1224979098644774931 2133 2 72057594037927937 1224979098644774932 1106 2 1585267068834415382 16728128 5 0 31 2 1224979098644774912 144115188075857103 1720 3 1224979098644774931 1224979098644774923 1 2106 2 1224979098644774932 1224979098644774931 2133 2 72057594037927937 1224979098644774932 2325 2 1 1224979098644774920 1106 1 1585267068834415383 505 3 144115188075857103 45 0 3 0 3 0 
0.000000 0.000000 2.000000  2 71 1 48 2147484193 3 144115188075857103 45 1  19 1702 1 144115188075857103 1726 3 1224979098644774912 144115188075857103 0 2133 2 1224979098644774913 0 4 0 565 3 144115188075857103 39 1 545 3 144115188075857103 39 1224979098644774912 2133 2 1224979098644774913 1 5 0 30 2 1224979098644774912 0 1570 2 1224979098644774914 1224979098644774912 31 2 1224979098644774914 4 505 3 144115188075857103 39 1224979098644774912 2133 2 1224979098644774913 1 3 0 31 2 1224979098644774913 1 2325 2 1 1224979098644774912 1106 2 1585267068834415384 6591981 1740 2 144115188075857103 1801439850948198866 505 3 144115188075857103 45 1 
0.000000 0.000000 0.000000  12 2147484193 3 144115188075857103 45 0 1073741897 1 6 1073741897 1 7 1073741897 1 7 1073741897 1 0 1073741897 1 1 1073741897 1 2 1073741897 1 3 1073741897 1 14 1073741897 1 15 1073741897 1 4 73 1 17  4 1702 1 144115188075857103 1106 2 1585267068834415385 6591981 1740 2 144115188075857103 1801439850948198696 505 3 144115188075857103 45 0 
3.000000 0.000000 0.000000  1 545 3 144115188075857103 45 1  2 1702 1 144115188075857103 1740 2 144115188075857103 1801439850948198866 
-28.000000 0.000000 0.000000  1 545 3 144115188075857103 45 1  8 2071 1 1224979098644774912 31 2 1224979098644774912 144115188075857103 1702 1 144115188075857103 2073 1 1224979098644774913 32 2 1224979098644774913 5 1106 2 1585267068834415386 16728128 1740 2 144115188075857103 1801439850948198696 505 3 144115188075857103 45 0 
0.000000 0.000000 100000000.000000  0  5 1700 1 144115188075857103 1770 2 144115188075857104 144115188075857103 1714 2 1224979098644774912 144115188075857103 30 2 1224979098644774912 0 505 3 144115188075857103 41 1224979098644774912 
0.000000 0.500000 100000000.000000  1 561 3 648518346341351424 232 1  68 521 3 1224979098644774912 648518346341351424 232 1107 1 0 2133 2 1224979098644774913 0 6 3 1224979098644774914 0 1224979098644774912 2120 3 1224979098644774915 1224979098644774914 250 521 3 1224979098644774916 648518346341351424 1224979098644774915 30 2 1224979098644774916 10 2123 3 1224979098644774917 1224979098644774916 100 2122 3 1224979098644774918 1224979098644774917 100 2106 2 1224979098644774916 1224979098644774918 2123 3 1224979098644774918 1224979098644774916 10 2122 3 1224979098644774919 1224979098644774918 10 2121 3 1224979098644774919 1224979098644774916 1224979098644774919 2133 2 1224979098644774920 0 4 0 31 2 1224979098644774918 1 31 2 1224979098644774919 3 2133 2 1224979098644774919 11 5 0 31 2 1224979098644774918 2 33 3 1224979098644774919 5 9 2133 2 1224979098644774920 1 2105 2 1224979098644774913 1 5 0 31 2 1224979098644774918 3 4 0 31 2 1224979098644774919 0 2133 2 1224979098644774919 10 5 0 31 2 1224979098644774919 2 2133 2 1224979098644774919 12 5 0 31 2 1224979098644774919 3 2133 2 1224979098644774919 13 3 0 5 0 31 2 1224979098644774918 4 1107 1 0 1 3 936748722493063867 1224979098644774917 1224979098644774919 5 0 33 3 1224979098644774918 5 7 2105 2 1224979098644774913 1 5 0 31 2 1224979098644774918 7 31 2 1224979098644774919 1 1795 2 144115188075857104 1224979098644774917 1 2 936748722493063840 1 1795 2 144115188075857104 -1 3 0 4 0 33 3 1224979098644774918 1 4 2147483679 2 1224979098644774920 1 1790 3 144115188075857104 1224979098644774917 1224979098644774919 3 0 3 0 1795 2 144115188075857104 9 1107 1 1 1106 2 1585267068834415379 4292730214 4 0 31 2 1224979098644774912 1 521 3 1224979098644774921 648518346341351433 250 501 3 648518346341351424 250 1224979098644774921 501 3 648518346341351433 250 0 3 0 4 0 31 2 1224979098644774913 0 501 3 648518346341351424 232 0 3 0 
1.000000 1.500000 100000000.000000  1 561 3 648518346341351424 232 1  41 521 3 1224979098644774912 648518346341351424 232 1107 1 0 6 3 1224979098644774913 0 1224979098644774912 2120 3 1224979098644774914 1224979098644774913 250 521 3 1224979098644774915 648518346341351424 1224979098644774914 30 2 1224979098644774915 10 2123 3 1224979098644774916 1224979098644774915 100 2122 3 1224979098644774917 1224979098644774916 100 2106 2 1224979098644774915 1224979098644774917 2123 3 1224979098644774917 1224979098644774915 10 1073741857 3 1224979098644774917 5 7 31 2 1224979098644774917 2 2122 3 1224979098644774918 1224979098644774917 10 2121 3 1224979098644774918 1224979098644774915 1224979098644774918 4 0 31 2 1224979098644774917 2 33 3 1224979098644774918 5 9 2120 3 1224979098644774919 1224979098644774914 70 521 3 1224979098644774920 648518346341351424 1224979098644774919 2111 2 1224979098644774920 1 6 3 1224979098644774921 0 1224979098644774920 4 0 2120 3 1224979098644774922 77 1224979098644774916 2147484197 3 144115188075857104 1224979098644774922 0 1795 2 144115188075857104 1224979098644774916 1 2 936748722493063868 1224979098644774918 1795 2 144115188075857104 -1 5 0 1790 3 144115188075857104 1224979098644774916 1224979098644774918 3 0 3 0 5 0 33 3 1224979098644774917 5 7 1795 2 144115188075857104 1224979098644774916 1 2 936748722493063835 1224979098644774918 1795 2 144115188075857104 -1 3 0 3 0 1795 2 144115188075857104 9 1107 1 1 501 3 648518346341351424 232 0 
-19.000000 0.000000 100000000.000000  1 541 3 648518346341351424 47 1  131 1 3 936748722493063334 648518346341351425 648518346341351424 1673 3 648518346341351424 1 1 1650 2 1224979098644774912 648518346341351425 6 3 1224979098644774913 0 1224979098644774912 1652 3 1224979098644774914 648518346341351425 1224979098644774913 2147485155 1 1224979098644774914 500 3 1224979098644774914 39 0 500 3 1224979098644774914 52 0 3 0 6 3 1224979098644774913 0 1224979098644774912 1652 3 1224979098644774914 648518346341351425 1224979098644774913 2147485155 1 1224979098644774914 540 3 1224979098644774914 39 0 6 3 1224979098644774915 47 54 501 3 648518346341351433 1224979098644774915 0 3 0 2133 2 1224979098644774916 1224979098644774914 2133 2 1224979098644774917 7 6 3 1224979098644774918 0 1224979098644774917 2133 2 1224979098644774919 1224979098644774912 6 3 1224979098644774920 0 1224979098644774919 1652 3 1224979098644774921 648518346341351425 1224979098644774920 2147485155 1 1224979098644774921 2147483679 2 1224979098644774921 1224979098644774916 1561 3 1224979098644774922 1224979098644774921 0 31 2 1224979098644774922 1224979098644774916 2133 2 1224979098644774919 0 3 0 4 0 2147483679 2 1224979098644774922 1224979098644774916 2133 2 1224979098644774917 0 540 3 1224979098644774916 39 0 1630 3 1224979098644774923 648518346341351425 1224979098644774916 1630 3 1224979098644774924 648518346341351424 1224979098644774916 2121 3 1224979098644774925 1224979098644774923 1224979098644774924 2111 2 1224979098644774925 0 500 3 1224979098644774916 52 1224979098644774925 500 3 1224979098644774916 39 1 5 0 2133 2 1224979098644774926 47 7 3 1224979098644774927 1224979098644774926 54 541 3 648518346341351433 1224979098644774927 0 501 3 648518346341351433 1224979098644774927 1224979098644774921 2133 2 1224979098644774926 54 3 0 2133 2 1224979098644774916 1224979098644774921 3 0 3 0 540 3 1224979098644774914 39 0 2133 2 1224979098644774916 1224979098644774914 2133 2 1224979098644774917 7 6 3 1224979098644774918 0 1224979098644774917 1561 3 1224979098644774922 1224979098644774916 0 1630 3 1224979098644774928 648518346341351424 1224979098644774922 4 0 32 2 1224979098644774928 0 2133 2 1224979098644774929 54 6 3 1224979098644774930 47 1224979098644774929 541 3 648518346341351433 1224979098644774930 0 501 3 648518346341351433 1224979098644774930 1224979098644774922 2133 2 1224979098644774929 47 3 0 2133 2 1224979098644774916 1224979098644774922 5 0 2133 2 1224979098644774917 0 3 0 3 0 2133 2 1224979098644774917 54 6 3 1224979098644774915 47 1224979098644774917 521 3 1224979098644774916 648518346341351433 1224979098644774915 32 2 1224979098644774916 0 540 3 1224979098644774916 39 1 2133 2 1224979098644774931 1224979098644774915 2133 2 1224979098644774932 0 7 3 1224979098644774930 47 1224979098644774931 521 3 1224979098644774933 648518346341351433 1224979098644774930 32 2 1224979098644774933 0 1630 3 1224979098644774923 648518346341351425 1224979098644774933 1630 3 1224979098644774924 648518346341351424 1224979098644774933 2121 3 1224979098644774925 1224979098644774924 1224979098644774923 2105 2 1224979098644774925 1224979098644774932 2111 2 1224979098644774925 0 2133 2 1224979098644774932 1224979098644774925 2121 3 1224979098644774934 1224979098644774930 1 4 0 30 2 1224979098644774934 47 521 3 1224979098644774935 648518346341351433 1224979098644774934 5 0 31 2 1224979098644774934 46 2133 2 1224979098644774935 1224979098644774914 3 0 32 2 1224979098644774935 0 540 3 1224979098644774935 39 0 500 3 1224979098644774935 52 1224979098644774925 500 3 1224979098644774933 39 1 3 0 500 3 1224979098644774914 39 1 2133 2 1224979098644774932 0 6 3 1224979098644774927 1224979098644774931 1224979098644774917 521 3 1224979098644774936 648518346341351433 1224979098644774927 32 2 1224979098644774936 0 4 0 540 3 1224979098644774936 39 1 520 3 1224979098644774932 1224979098644774936 52 5 0 540 3 1224979098644774936 39 0 1630 3 1224979098644774923 648518346341351425 1224979098644774936 1630 3 1224979098644774924 648518346341351424 1224979098644774936 2121 3 1224979098644774925 1224979098644774924 1224979098644774923 2105 2 1224979098644774925 1224979098644774932 2111 2 1224979098644774925 0 2133 2 1224979098644774932 1224979098644774925 500 3 1224979098644774936 52 1224979098644774925 500 3 1224979098644774936 39 1 3 0 3 0 2133 2 1224979098644774917 47 3 0 3 0 1 3 936748722493063334 648518346341351424 648518346341351425 500 3 360287970189639680 37 1 1650 2 1224979098644774937 648518346341351424 2105 2 1224979098644774937 1 7 3 1224979098644774913 0 1224979098644774937 1652 3 1224979098644774914 648518346341351424 1224979098644774913 520 3 1224979098644774938 1224979098644774914 37 1653 3 1224979098644774939 648518346341351424 1224979098644774913 2121 3 1224979098644774925 1224979098644774939 1224979098644774938 32 2 1224979098644774925 0 1619 3 648518346341351424 1224979098644774914 1224979098644774925 3 0 
-20.000000 0.000000 100000000.000000  1 541 3 648518346341351424 47 1  38 1650 2 1224979098644774912 648518346341351425 6 3 1224979098644774913 0 1224979098644774912 1652 3 1224979098644774914 648518346341351425 1224979098644774913 2147483679 2 1224979098644774914 360287970189639680 1653 3 1224979098644774915 648518346341351425 1224979098644774913 1650 2 1224979098644774916 648518346341351424 2133 2 1224979098644774917 0 2133 2 1224979098644774918 0 6 3 1224979098644774919 0 1224979098644774916 1652 3 1224979098644774920 648518346341351424 1224979098644774919 31 2 1224979098644774920 1224979098644774914 1653 3 1224979098644774917 648518346341351424 1224979098644774919 1654 3 1224979098644774918 648518346341351424 1224979098644774919 2133 2 1224979098644774916 0 3 0 2121 3 1224979098644774921 1224979098644774915 1224979098644774917 4 0 32 2 1224979098644774921 0 1610 3 648518346341351424 1224979098644774914 1224979098644774921 1654 3 1224979098644774922 648518346341351425 1224979098644774913 2106 2 1224979098644774922 1224979098644774918 32 2 1224979098644774922 0 1618 3 648518346341351424 1224979098644774920 1224979098644774922 3 0 2147485155 1 1224979098644774914 520 3 1224979098644774923 1224979098644774914 52 32 2 1224979098644774923 0 1 2 936748722493063190 1224979098644774914 2122 3 1224979098644774924 1224979098644774923 72057594037927936 1650 2 1224979098644774916 648518346341351424 6 3 1224979098644774919 0 1224979098644774916 1652 3 1224979098644774920 648518346341351424 1224979098644774919 31 2 1224979098644774920 1224979098644774914 1670 3 648518346341351424 1224979098644774919 1224979098644774924 2133 2 1224979098644774916 0 3 0 3 0 501 3 648518346341351424 47 0 
0.000000 0.000000 100000000.000000  0  7 12 1 1224979098644774912 1704 1 1224979098644774912 1718 2 1224979098644774913 1224979098644774912 1507 1 1224979098644774913 1515 2 1224979098644774914 1224979098644774913 500 3 1224979098644774913 329 1224979098644774914 3 0 
1.000000 0.000000 0.000000  0  41 1700 1 1224979098644774912 12 1 1224979098644774913 1704 1 1224979098644774913 1718 2 1224979098644774914 1224979098644774913 1507 1 1224979098644774914 1515 2 1224979098644774915 1224979098644774914 520 3 1224979098644774916 1224979098644774914 329 32 2 1224979098644774915 1224979098644774916 2121 3 1224979098644774917 1224979098644774915 1224979098644774916 2172 3 1224979098644774918 1224979098644774914 2 2122 3 1224979098644774919 1224979098644774918 3 2107 2 1224979098644774919 1224979098644774917 2108 2 1224979098644774919 100 1107 1 0 1062 2 1224979098644774919 1224979098644774914 1107 1 1 4 0 31 2 1224979098644774913 1224979098644774912 32 2 1224979098644774919 0 31 2 144115188075857164 1 2133 2 72057594037927937 1224979098644774919 1106 1 1585267068834415374 3 0 1515 2 1224979098644774920 1224979098644774914 500 3 1224979098644774914 329 1224979098644774920 2121 3 1224979098644774921 1224979098644774920 1224979098644774916 2170 3 1224979098644774922 27 1224979098644774914 2105 2 1224979098644774922 10 2107 2 1224979098644774921 1224979098644774922 2108 2 1224979098644774921 20 2108 2 1224979098644774921 100 32 2 1224979098644774921 0 1525 2 1224979098644774914 1224979098644774921 4 0 31 2 1224979098644774913 1224979098644774912 31 2 144115188075857164 1 2133 2 72057594037927937 1224979098644774921 2121 3 72057594037927938 72057594037927937 1 1106 1 1585267068834415375 3 0 3 0 
1.000000 0.000000 0.000000  0  11 1700 1 1224979098644774912 12 1 1224979098644774913 2147483679 2 1224979098644774913 1224979098644774912 1702 1 1224979098644774913 1704 1 1224979098644774913 1727 2 1224979098644774914 1224979098644774913 545 3 1224979098644774913 26 0 2147483680 2 1224979098644774914 1 1728 1 1224979098644774913 505 3 1224979098644774913 26 1 3 0 
0.000000 0.000000 0.000000  0  11 4 0 70 1 29 71 1 30 1700 1 1224979098644774912 1728 1 1224979098644774912 5 0 70 1 56 71 1 30 12 1 1224979098644774913 1728 1 1224979098644774913 3 0 
-19.000000 0.000000 0.000000  0  1 1 1 936748722493063765 
0.000000 0.000000 100000000.000000  1 2147483679 2 144115188075856169 360287970189639680  5 2120 3 1224979098644774912 6 1 6 3 1224979098644774913 0 1224979098644774912 2176 3 1224979098644774914 144115188075856169 1224979098644774913 507 3 1224979098644774913 68 1224979098644774914 3 0 
1.000000 0.000000 0.000000  1 2147483679 2 144115188075856169 360287970189639680  17 2322 2 1 144115188075856169 2120 3 1224979098644774912 6 1 6 3 1224979098644774913 0 1224979098644774912 2176 3 1224979098644774914 144115188075856169 1224979098644774913 527 3 1224979098644774915 1224979098644774913 68 32 2 1224979098644774914 1224979098644774915 2121 3 1224979098644774916 1224979098644774914 1224979098644774915 2133 2 72057594037927938 1224979098644774916 2106 2 1224979098644774916 1 2133 2 72057594037927939 1224979098644774916 2133 2 72057594037927937 1224979098644774914 2121 3 1224979098644774917 1224979098644774913 0 2105 2 1224979098644774917 216172782113787044 2320 2 2 1224979098644774917 1106 2 1585267068834415376 15658496 507 3 1224979098644774913 68 1224979098644774914 3 0 
0.000000 0.000000 0.000000  0  11 1700 1 1224979098644774912 1710 2 2 1224979098644774912 4 0 1726 3 1224979098644774913 1224979098644774912 1 31 2 1224979098644774913 288230376151712268 71 1 34 721 2 2 50 1970 1 2 1974 1 1080863910568920066 1774 2 1224979098644774912 288230376151712268 3 0 


mst_village_raid village_raid 2  8
You_lead_your_men_to_battle. 

4 3 4160 256 16 12 0  
3 4160 0 16 0 0  
1 8320 0 16 12 0  
1 8320 0 16 0 0  
75
-21.000000 0.000000 0.000000  0  23 4 0 31 2 144115188075856297 1 1 1 936748722493063589 1907 1 0 5 0 521 3 1224979098644774912 648518346341351424 380 30 2 1224979098644774912 1 1106 1 216172782113783948 5 0 541 3 648518346341351424 85 1 1073742830 0 31 2 144115188075856292 1 2320 2 5 216172782113784210 1 4 936748722493063487 5 20 0 1 1 936748722493063589 1906 1 -1 1907 1 0 5 0 1 1 936748722493063389 1121 1 216172782113783944 5 0 1106 1 216172782113783948 3 0 
-25.000000 0.000000 0.000000  0  3 2071 1 1224979098644774912 1718 2 1224979098644774913 1224979098644774912 1 4 936748722493063580 1729382256910270468 1224979098644774912 1224979098644774913 
-8.000000 0.000000 0.000000  0  7 2071 1 1224979098644774912 31 2 1224979098644774912 0 2133 2 144115188075856292 0 2320 2 5 216172782113784210 1 4 936748722493063487 10 20 1 1 1 936748722493063589 1907 1 0 
0.000000 0.000000 100000000.000000  0  9 2133 2 144115188075856297 0 2133 2 144115188075856298 0 2133 2 144115188075856299 0 1 1 936748722493063652 1700 1 1224979098644774912 1770 2 1224979098644774913 1224979098644774912 1107 1 0 1790 3 1224979098644774913 9 0 1107 1 1 
30.000000 0.000000 0.000000  0  1 1 1 936748722493063652 
2.000000 0.000000 0.000000  0  1 1 1 936748722493063486 
1.000000 0.000000 5.000000  5 2147483678 2 144115188075856298 144115188075857169 2370 1 1224979098644774912 30 2 1224979098644774912 10 2385 2 1224979098644774913 0 2147483678 2 1224979098644774913 6  2 1930 2 0 6 2105 2 144115188075856298 1 
1.000000 0.000000 5.000000  5 2147483678 2 144115188075856299 144115188075857169 2370 1 1224979098644774912 30 2 1224979098644774912 10 2385 2 1224979098644774913 1 2147483678 2 1224979098644774913 6  2 1930 2 3 6 2105 2 144115188075856299 1 
1.000000 60.000000 100000000.000000  14 2370 1 72057594037927937 30 2 72057594037927937 10 1003 1 5 2147484654 1 0 1906 1 1 1106 1 216172782113783827 2133 2 144115188075856297 1 2133 2 144115188075856168 1 4 0 31 2 144115188075856195 0 1 1 936748722493063653 5 0 601 2 1657324662872342593 1 3 0  2 1 1 936748722493063589 1907 1 1 
10.000000 0.000000 0.000000  0  2 31 2 144115188075856297 1 1106 1 216172782113783827 
1.000000 4.000000 0.000000  1 1006 0  30 2133 2 144115188075856292 1 4 0 541 3 648518346341351424 85 1 2133 2 1224979098644774912 0 12 1 1224979098644774913 1706 1 1224979098644774913 1702 1 1224979098644774913 2105 2 1224979098644774912 1 3 0 32 2 1224979098644774912 0 4 0 2147483679 2 144115188075857106 1 1106 1 1585267068834415378 2133 2 144115188075857106 1 2133 2 144115188075857107 2 1 1 936748722493063843 2001 1 1 541 3 648518346341351424 86 1 1107 1 0 1790 3 144115188075857104 9 2 1107 1 1 3 0 5 0 2320 2 5 216172782113784210 1 4 936748722493063487 10 20 1 2133 2 144115188075856168 -1 1906 1 -1 1 1 936748722493063589 1907 1 0 3 0 
-22.000000 0.000000 0.000000  0  1 1106 1 216172782113783918 
0.000000 0.000000 100000000.000000  0  2 2147484551 1 1513209474796486703 900 1 1513209474796486703 
0.000000 0.000000 0.000000  0  15 4 0 2147484551 1 1513209474796486694 2147484551 1 1513209474796486703 2147484551 1 1513209474796486734 900 1 1513209474796486703 3 0 4 0 903 1 1513209474796486694 1 1 936748722493063538 5 0 903 1 1513209474796486703 1 1 936748722493063790 31 2 144115188075857173 1 1 1 936748722493063788 3 0 
0.000000 0.000000 100000000.000000  11 2147483679 2 144115188075856169 360287970189639680 2175 2 144115188075857108 360287970189639680 2147485156 1 360287970189639680 1700 1 1224979098644774912 30 2 1224979098644774912 0 1770 2 1224979098644774913 1224979098644774912 1710 2 49 1224979098644774912 720 2 49 -100 1970 1 49 1972 1 360287970189639680 1771 2 72057594037927936 1224979098644774913  0 
0.000000 0.000000 100000000.000000  2 1700 1 144115188075857109 32 2 144115188075857109 -1  12 2133 2 144115188075857107 0 2133 2 144115188075857110 0 2133 2 144115188075857106 -1 2133 2 144115188075857111 0 2133 2 144115188075856292 0 2133 2 144115188075857112 500 2133 2 144115188075857113 375 2133 2 144115188075857114 144115188075857112 2133 2 144115188075857115 144115188075857113 2133 2 144115188075857116 0 31 2 144115188075857185 0 1 1 936748722493063842 
0.000000 0.000000 0.000000  3 1006 0 31 2 144115188075857111 0 31 2 144115188075857107 2  12 1710 2 1 144115188075857103 726 2 1224979098644774912 1 727 2 1224979098644774913 1 701 1 47 729 2 47 1224979098644774912 730 2 47 1224979098644774913 791 1 47 722 2 47 250 2001 3 1 0 0 2011 1 47 2133 2 144115188075857117 0 2133 2 144115188075857111 1 
0.000000 0.000000 0.000000  10 31 2 144115188075857111 1 31 2 144115188075857107 2 1073741895 1 144115188075857179 1073741894 1 144115188075857179 1073741895 1 144115188075857180 1073741894 1 144115188075857180 1073741895 1 144115188075857181 1073741894 1 144115188075857181 1073741895 1 144115188075857182 70 1 144115188075857182  26 2010 1 47 2133 2 1224979098644774912 0 2133 2 1224979098644774913 0 4 0 1073741895 1 144115188075857179 70 1 144115188075857179 2133 2 1224979098644774913 10 3 0 4 0 1073741895 1 144115188075857180 70 1 144115188075857180 2133 2 1224979098644774913 -10 3 0 4 0 1073741895 1 144115188075857181 70 1 144115188075857181 2133 2 1224979098644774912 -10 3 0 4 0 1073741895 1 144115188075857182 70 1 144115188075857182 2133 2 1224979098644774912 10 3 0 720 2 47 1224979098644774912 721 2 47 1224979098644774913 2011 1 47 
0.000000 0.000000 0.000000  9 31 2 144115188075857111 1 31 2 144115188075857107 2 2147484551 1 1513209474796486694 75 1 1 2124 1 1000 726 2 72057594037927937 1 727 2 72057594037927938 1 3221225503 2 72057594037927937 144115188075857112 2147483679 2 72057594037927938 144115188075857113  53 2133 2 1224979098644774912 1 4 0 31 2 72057594037927937 144115188075857114 31 2 72057594037927938 144115188075857115 2105 2 144115188075857116 1 4 0 32 2 144115188075857116 50 2133 2 144115188075857112 72057594037927937 2133 2 144115188075857113 72057594037927938 2133 2 144115188075857116 0 3 0 2133 2 1224979098644774912 0 3 0 31 2 1224979098644774912 1 2133 2 144115188075857116 0 2133 2 144115188075857114 72057594037927937 2133 2 144115188075857115 72057594037927938 2010 1 47 2121 3 1224979098644774913 144115188075857112 72057594037927937 2121 3 1224979098644774914 72057594037927938 144115188075857113 6 3 1224979098644774915 0 2 4 0 31 2 1224979098644774915 1 2133 2 1224979098644774913 1224979098644774914 3 0 3221225502 2 1224979098644774913 -2 32 2 1224979098644774913 2 2133 2 1224979098644774916 1 4 0 2147483678 2 1224979098644774913 0 2133 2 1224979098644774916 -1 3 0 2113 1 1224979098644774913 2106 2 1224979098644774913 2 2130 1 1224979098644774913 2125 2 1224979098644774913 1224979098644774913 2131 1 1224979098644774913 2112 3 1224979098644774913 1 6 2107 2 1224979098644774913 1224979098644774916 4 0 31 2 1224979098644774915 0 2122 3 1224979098644774917 144115188075857117 -1 723 2 47 1224979098644774917 725 2 47 1224979098644774913 723 2 47 144115188075857117 3 0 4 0 31 2 1224979098644774915 1 723 2 47 1224979098644774913 2105 2 144115188075857117 1224979098644774913 3 0 3 0 2011 1 47 
0.000000 0.000000 0.000000  2 31 2 144115188075857111 0 31 2 144115188075857107 1  32 2124 1 100 1709 2 7 144115188075857109 742 2 1224979098644774912 7 2121 3 1224979098644774913 0 1224979098644774912 723 2 7 1224979098644774913 4 0 31 2 144115188075857106 -1 2112 3 144115188075857120 -1000 1000 2112 3 144115188075857119 -1000 1000 2110 2 144115188075857118 1000 3 0 721 2 7 144115188075857119 722 2 7 144115188075857118 720 2 7 144115188075857120 1714 2 1224979098644774914 144115188075857109 4 0 30 2 1224979098644774914 0 722 2 7 80 3 0 2122 3 1224979098644774913 -1 144115188075857119 2143 3 1224979098644774915 144115188075857118 1224979098644774913 2131 1 1224979098644774915 2106 2 1224979098644774912 1224979098644774915 723 2 7 1224979098644774912 2012 3 7 100 0 4 0 2147484654 0 1073741897 1 20 73 1 21 2001 1 0 2133 2 144115188075857107 0 3 0 
0.000000 0.000000 0.000000  3 71 1 144115188075857185 2147483678 2 144115188075857107 3 2147483679 2 144115188075857110 1  38 4 0 31 2 144115188075857107 0 2133 2 144115188075857107 1 2133 2 144115188075857118 300 2133 2 144115188075857119 -1000 2133 2 144115188075857120 0 5 0 31 2 144115188075857107 1 4 0 31 2 144115188075857106 -1 4 0 2147484654 1 0 1700 1 144115188075857109 3 0 2133 2 144115188075857107 0 5 0 2133 2 144115188075857107 2 3 0 5 0 31 2 144115188075857107 2 4 0 30 2 144115188075857106 0 2133 2 144115188075857107 1 2133 2 144115188075857118 300 2133 2 144115188075857119 -1000 2133 2 144115188075857120 0 2133 2 144115188075857111 0 5 0 2133 2 144115188075857107 0 3 0 3 0 900 1 1513209474796486735 4 0 31 2 144115188075857107 0 2001 1 0 5 0 2001 1 1 3 0 
0.000000 0.000000 0.000000  2 70 1 144115188075857182 31 2 144115188075857107 1  3 2105 2 144115188075857120 1 2147483718 1 42 2105 2 144115188075857120 9 
0.000000 0.000000 0.000000  2 70 1 144115188075857181 31 2 144115188075857107 1  3 2106 2 144115188075857120 1 2147483718 1 42 2106 2 144115188075857120 9 
0.000000 0.000000 0.000000  2 70 1 144115188075857179 31 2 144115188075857107 1  3 2105 2 144115188075857119 1 2147483718 1 42 2105 2 144115188075857119 9 
0.000000 0.000000 0.000000  2 70 1 144115188075857180 31 2 144115188075857107 1  3 2106 2 144115188075857119 1 2147483718 1 42 2106 2 144115188075857119 9 
0.000000 0.000000 0.000000  2 70 1 144115188075857183 31 2 144115188075857107 1  3 2105 2 144115188075857118 1 2147483718 1 42 2105 2 144115188075857118 9 
0.000000 0.000000 0.000000  2 70 1 144115188075857184 31 2 144115188075857107 1  4 2106 2 144115188075857118 1 2147483718 1 42 2106 2 144115188075857118 9 2111 2 144115188075857118 50 
0.000000 0.000000 0.000000  3 71 1 144115188075857186 31 2 144115188075857107 1 30 2 144115188075857106 1  1 1 1 936748722493063843 
0.000000 0.000000 0.000000  3 71 1 144115188075857187 31 2 144115188075857107 1 30 2 144115188075857106 1  1 1 1 936748722493063844 
0.000000 0.000000 0.000000  3 2147484654 0 70 1 224 31 2 144115188075857107 1  10 31 2 144115188075857103 144115188075857109 1702 1 144115188075857103 1726 3 1224979098644774912 144115188075857109 0 30 2 1224979098644774912 0 1570 2 1224979098644774913 1224979098644774912 1073741855 2 1224979098644774913 8 1073741855 2 1224979098644774913 9 31 2 1224979098644774913 10 2133 2 144115188075857110 1 2001 1 0 
0.000000 0.000000 0.000000  3 2147484654 0 2147483718 1 224 31 2 144115188075857110 1  2 2133 2 144115188075857110 0 2001 1 1 
0.000000 0.000000 100000000.000000  0  5 1700 1 144115188075857103 1770 2 144115188075857104 144115188075857103 1714 2 1224979098644774912 144115188075857103 30 2 1224979098644774912 0 505 3 144115188075857103 41 1224979098644774912 
-19.000000 0.000000 100000000.000000  0  11 501 3 648518346341351424 108 0 501 3 648518346341351433 108 0 501 3 2 108 0 6 3 1224979098644774912 0 4 6 3 1224979098644774913 149 167 509 3 1224979098644774912 1224979098644774913 -1 3 0 3 0 541 3 648518346341351424 72 0 1 1 936748722493063830 501 3 648518346341351424 72 1 
0.000000 0.000000 0.000000  13 2147484654 0 1073741897 1 30 1073741897 1 31 1073741897 1 32 1073741897 1 33 1073741897 1 34 1073741897 1 35 1073741897 1 36 1073741897 1 37 1073741897 1 38 1073741897 1 29 1073741897 1 39 73 1 40  2 501 3 648518346341351424 108 0 900 1 1513209474796486734 
-23.000000 0.000000 0.000000  0  3 501 3 648518346341351424 108 0 903 1 1513209474796486734 902 1 0 
0.000000 0.000000 0.000000  2 2147484654 0 71 1 67  6 2147484189 3 648518346341351424 108 23 2147484189 3 648518346341351424 108 24 2147484189 3 648518346341351424 108 25 903 1 1513209474796486734 902 1 0 501 3 648518346341351424 108 0 
0.000000 0.000000 0.000000  2 2147484654 0 73 1 23  20 4 0 2147484189 3 648518346341351424 108 23 2147484189 3 648518346341351424 108 24 2147484189 3 648518346341351424 108 25 501 3 648518346341351424 108 23 5 0 541 3 648518346341351424 108 23 2133 2 144115188075857105 1 1 2 936748722493063868 0 501 3 648518346341351424 108 0 5 0 541 3 648518346341351424 108 24 2133 2 144115188075857105 1 1 2 936748722493063868 5 501 3 648518346341351424 108 0 5 0 541 3 648518346341351424 108 25 1 2 936748722493063839 0 501 3 648518346341351424 108 0 3 0 
0.000000 0.000000 0.000000  2 2147484654 0 73 1 24  20 4 0 2147484189 3 648518346341351424 108 23 2147484189 3 648518346341351424 108 24 2147484189 3 648518346341351424 108 25 501 3 648518346341351424 108 24 5 0 541 3 648518346341351424 108 23 2133 2 144115188075857105 1 1 2 936748722493063868 1 501 3 648518346341351424 108 0 5 0 541 3 648518346341351424 108 24 2133 2 144115188075857105 1 1 2 936748722493063868 6 501 3 648518346341351424 108 0 5 0 541 3 648518346341351424 108 25 1 2 936748722493063839 0 501 3 648518346341351424 108 0 3 0 
0.000000 0.000000 0.000000  2 2147484654 0 73 1 25  19 4 0 2147484189 3 648518346341351424 108 23 2147484189 3 648518346341351424 108 24 2147484189 3 648518346341351424 108 25 501 3 648518346341351424 108 25 5 0 541 3 648518346341351424 108 23 2133 2 144115188075857105 1 1 2 936748722493063868 2 501 3 648518346341351424 108 0 5 0 541 3 648518346341351424 108 24 2133 2 144115188075857105 1 1 2 936748722493063868 8 501 3 648518346341351424 108 0 5 0 541 3 648518346341351424 108 25 501 3 648518346341351424 108 0 3 0 
0.000000 0.000000 0.000000  2 2147484654 0 73 1 26  35 4 0 541 3 648518346341351424 108 0 1073741855 2 144115188075856193 864691128455135276 31 2 144115188075856193 864691128455135287 501 3 648518346341351424 108 26 900 1 1513209474796486734 5 0 541 3 648518346341351424 108 23 2133 2 144115188075857105 1 1 2 936748722493063868 11 501 3 648518346341351424 108 0 5 0 541 3 648518346341351424 108 24 2133 2 144115188075857105 1 1 2 936748722493063868 7 501 3 648518346341351424 108 0 5 0 541 3 648518346341351424 108 25 1 3 936748722493063833 -1 144115188075857104 501 3 648518346341351424 108 0 5 0 541 3 648518346341351424 108 26 6 3 1224979098644774912 0 9 1775 2 144115188075857104 1224979098644774912 2120 3 1224979098644774913 14 1224979098644774912 569 3 144115188075857104 1224979098644774913 1 2133 2 144115188075857105 1 1 3 936748722493063867 1224979098644774912 2 3 0 501 3 648518346341351424 108 0 5 0 541 3 648518346341351424 108 65 1 1 936748722493063837 501 3 648518346341351424 108 0 3 0 
0.000000 0.000000 0.000000  2 2147484654 0 73 1 27  36 4 0 541 3 648518346341351424 108 0 501 3 648518346341351424 108 27 900 1 1513209474796486734 5 0 541 3 648518346341351424 108 23 2133 2 144115188075857105 1 1 2 936748722493063868 14 501 3 648518346341351424 108 0 5 0 541 3 648518346341351424 108 24 501 3 648518346341351424 108 0 5 0 541 3 648518346341351424 108 26 6 3 1224979098644774912 0 9 1775 2 144115188075857104 1224979098644774912 2120 3 1224979098644774913 14 1224979098644774912 569 3 144115188075857104 1224979098644774913 1 2133 2 144115188075857105 1 1 3 936748722493063867 1224979098644774912 3 3 0 501 3 648518346341351424 108 0 5 0 541 3 648518346341351424 108 27 1 2 936748722493063835 1 501 3 648518346341351424 108 0 5 0 541 3 648518346341351424 108 28 1 2 936748722493063835 4 501 3 648518346341351424 108 0 5 0 541 3 648518346341351424 108 65 1 2 936748722493063834 9 1 2 936748722493063840 1 501 3 648518346341351424 108 0 3 0 
0.000000 0.000000 0.000000  2 2147484654 0 73 1 28  33 4 0 541 3 648518346341351424 108 0 501 3 648518346341351424 108 28 900 1 1513209474796486734 5 0 541 3 648518346341351424 108 24 2133 2 144115188075857105 1 1 2 936748722493063868 4 501 3 648518346341351424 108 0 5 0 541 3 648518346341351424 108 26 6 3 1224979098644774912 0 9 1775 2 144115188075857104 1224979098644774912 2120 3 1224979098644774913 14 1224979098644774912 569 3 144115188075857104 1224979098644774913 1 2133 2 144115188075857105 1 1 3 936748722493063867 1224979098644774912 4 3 0 501 3 648518346341351424 108 0 5 0 541 3 648518346341351424 108 27 1 2 936748722493063835 2 501 3 648518346341351424 108 0 5 0 541 3 648518346341351424 108 28 1 2 936748722493063835 5 501 3 648518346341351424 108 0 5 0 541 3 648518346341351424 108 65 1 2 936748722493063834 11 1 2 936748722493063839 1 501 3 648518346341351424 108 0 3 0 
0.000000 0.000000 0.000000  2 2147484654 0 71 1 65  28 4 0 541 3 648518346341351424 108 0 501 3 648518346341351424 108 65 900 1 1513209474796486734 5 0 541 3 648518346341351424 108 26 6 3 1224979098644774912 0 9 1775 2 144115188075857104 1224979098644774912 2120 3 1224979098644774913 14 1224979098644774912 569 3 144115188075857104 1224979098644774913 1 2133 2 144115188075857105 1 1 3 936748722493063867 1224979098644774912 5 3 0 501 3 648518346341351424 108 0 5 0 541 3 648518346341351424 108 27 1 2 936748722493063835 3 501 3 648518346341351424 108 0 5 0 541 3 648518346341351424 108 28 1 2 936748722493063835 6 501 3 648518346341351424 108 0 5 0 541 3 648518346341351424 108 65 1 2 936748722493063834 13 1 2 936748722493063838 1 501 3 648518346341351424 108 0 3 0 
0.000000 0.000000 0.000000  2 2147484654 0 71 1 66  10 4 0 541 3 648518346341351424 108 26 2133 2 144115188075857105 1 1 2 936748722493063868 2 501 3 648518346341351424 108 0 5 0 541 3 648518346341351424 108 27 1 2 936748722493063835 0 501 3 648518346341351424 108 0 3 0 
0.500000 0.000000 0.000000  1 1 2 936748722493063836 167  1 1 1 936748722493063841 
1.000000 0.000000 0.000000  1 1 2 936748722493063836 176  37 6 3 1224979098644774912 0 4 6 3 1224979098644774913 0 9 2120 3 1224979098644774914 176 1224979098644774913 569 3 1224979098644774912 1224979098644774914 1 529 3 1224979098644774915 1224979098644774912 1224979098644774914 2105 2 1224979098644774915 1 509 3 1224979098644774912 1224979098644774914 1224979098644774915 3 0 3 0 12 1 1224979098644774916 1707 1 1224979098644774916 565 3 1224979098644774916 43 1 1727 3 1224979098644774917 1224979098644774916 1 32 2 1224979098644774917 0 1770 2 1224979098644774912 1224979098644774916 1773 2 1224979098644774913 1224979098644774916 2120 3 1224979098644774914 176 1224979098644774913 529 3 1224979098644774915 1224979098644774912 1224979098644774914 525 3 1224979098644774918 1224979098644774916 43 4 0 31 2 1224979098644774918 8 2133 2 1224979098644774919 2 5 0 31 2 1224979098644774918 9 2133 2 1224979098644774919 5 3 0 1739 2 1224979098644774920 1224979098644774916 1073741855 2 1224979098644774920 1 31 2 1224979098644774920 3 2119 3 72057594037927936 1224979098644774915 1224979098644774919 4 0 31 2 72057594037927936 0 1745 3 1224979098644774916 0 0 5 0 1745 3 1224979098644774916 0 1 3 0 3 0 
1.000000 0.000000 100000000.000000  1 2147483679 2 144115188075856168 0  5 6 3 1224979098644774912 0 4 6 3 1224979098644774913 176 185 509 3 1224979098644774912 1224979098644774913 0 3 0 3 0 
0.000000 0.000000 3.000000  1 71 1 50  7 525 3 1224979098644774912 144115188075857103 41 32 2 1224979098644774912 0 1750 2 144115188075857103 1152921504606847104 1106 1 1585267068834415372 1702 1 1224979098644774912 1710 2 1 144115188075857103 1730 3 1224979098644774912 1 0 
1.000000 0.000000 0.000000  0  27 31 2 144115188075857178 0 12 1 1224979098644774912 1702 1 1224979098644774912 1704 1 1224979098644774912 1714 2 1224979098644774913 1224979098644774912 4 0 30 2 1224979098644774913 0 1720 2 1224979098644774914 1224979098644774913 2121 3 1224979098644774915 100 1224979098644774914 4 0 2147483680 2 1224979098644774915 15 2108 2 1224979098644774915 2 2120 3 1224979098644774916 100 1224979098644774915 5 0 2107 2 1224979098644774915 2 2108 2 1224979098644774915 3 2121 3 1224979098644774916 115 1224979098644774915 3 0 1718 2 1224979098644774917 1224979098644774912 2170 3 1224979098644774918 24 1224979098644774917 2122 3 1224979098644774919 1224979098644774918 2 2105 2 1224979098644774919 100 2107 2 1224979098644774916 1224979098644774919 2108 2 1224979098644774916 100 1734 2 1224979098644774912 1224979098644774916 3 0 3 0 
1.000000 0.000000 100000000.000000  0  1 1 1 936748722493063832 
2.000000 0.000000 0.000000  3 1073742365 3 648518346341351424 78 1 1073742365 3 648518346341351424 79 1 541 3 648518346341351424 80 1  112 12 1 1224979098644774912 1702 1 1224979098644774912 1707 1 1224979098644774912 2133 2 1224979098644774913 -1 2133 2 1224979098644774914 -1 2133 2 1224979098644774915 0 2133 2 1224979098644774916 0 4 0 1770 2 1224979098644774917 1224979098644774912 31 2 1224979098644774917 144115188075857104 1773 2 1224979098644774918 1224979098644774912 1787 3 1224979098644774915 1224979098644774917 1224979098644774918 1784 3 1224979098644774916 1224979098644774917 1224979098644774918 2120 3 1224979098644774919 149 1224979098644774918 529 3 1224979098644774913 1224979098644774917 1224979098644774919 2120 3 1224979098644774919 158 1224979098644774918 529 3 1224979098644774914 1224979098644774917 1224979098644774919 3 0 2147483679 2 1224979098644774915 1 4 0 31 2 1224979098644774913 -1 541 3 648518346341351424 78 1 525 3 1224979098644774920 1224979098644774912 37 32 2 1224979098644774920 0 1726 3 1224979098644774921 1224979098644774912 0 1714 2 1224979098644774922 1224979098644774912 4 0 2147483680 2 1224979098644774922 0 505 3 1224979098644774912 37 0 31 2 1224979098644774921 1224979098644774920 4 0 31 2 1224979098644774914 1 2133 2 1224979098644774923 0 5 0 2133 2 1224979098644774923 1 3 0 1 3 936748722493063831 1224979098644774912 1224979098644774923 5 0 1710 2 1 1224979098644774912 1 3 936748722493063480 1224979098644774917 1 2133 2 1224979098644774924 72057594037927936 4 0 2147483678 2 1224979098644774924 500 1739 2 1224979098644774925 1224979098644774912 32 2 1224979098644774925 3 31 2 1224979098644774921 1224979098644774920 4 0 31 2 1224979098644774914 1 2133 2 1224979098644774923 0 5 0 2133 2 1224979098644774923 1 3 0 1 3 936748722493063831 1224979098644774912 1224979098644774923 5 0 2147483679 2 1224979098644774921 1224979098644774920 1747 2 1224979098644774912 1224979098644774920 3 0 3 0 5 0 31 2 1224979098644774913 -1 541 3 648518346341351424 79 1 525 3 1224979098644774926 1224979098644774912 38 32 2 1224979098644774926 0 2147483679 2 1224979098644774916 1 1726 3 1224979098644774921 1224979098644774912 0 1727 2 1224979098644774927 1224979098644774912 4 0 2147483680 2 1224979098644774927 0 505 3 1224979098644774912 38 0 31 2 1224979098644774921 1224979098644774926 4 0 31 2 1224979098644774914 1 2133 2 1224979098644774923 0 5 0 2133 2 1224979098644774923 1 3 0 1 3 936748722493063831 1224979098644774912 1224979098644774923 5 0 32 2 1224979098644774927 0 1714 2 1224979098644774922 1224979098644774912 2147483680 2 1224979098644774922 0 5 0 32 2 1224979098644774927 0 2147483679 2 1224979098644774921 1224979098644774926 1747 2 1224979098644774912 1224979098644774926 3 0 5 0 541 3 648518346341351424 80 1 525 3 1224979098644774928 1224979098644774912 39 32 2 1224979098644774928 0 2120 3 1224979098644774919 77 1224979098644774918 549 3 1224979098644774917 1224979098644774919 0 1710 2 1 1224979098644774912 1 3 936748722493063480 1224979098644774917 1 2133 2 1224979098644774924 72057594037927936 2133 2 1224979098644774929 72057594037927937 31 2 1224979098644774913 -1 2147483679 2 1224979098644774914 1 1726 3 1224979098644774921 1224979098644774912 0 4 0 3221225502 2 1224979098644774929 300 2147483678 2 1224979098644774924 700 1739 2 1224979098644774925 1224979098644774912 32 2 1224979098644774925 3 31 2 1224979098644774921 1224979098644774928 1 3 936748722493063831 1224979098644774912 1 5 0 2147483679 2 1224979098644774921 1224979098644774928 1747 2 1224979098644774912 1224979098644774928 3 0 3 0 3 0 
-28.000000 0.000000 0.000000  1 541 3 648518346341351424 81 1  102 2071 1 1224979098644774912 2072 1 1224979098644774913 2073 1 1224979098644774914 2133 2 1224979098644774915 72057594037927936 2133 2 1224979098644774916 1224979098644774914 4 0 1704 1 1224979098644774912 1707 1 1224979098644774912 4 0 2147485352 1 1224979098644774913 31 2 1224979098644774915 -1 1719 2 1224979098644774917 1224979098644774913 30 2 1224979098644774917 0 32 2 1224979098644774916 5 527 3 1224979098644774918 1224979098644774917 79 4 0 2147483678 2 1224979098644774918 18 2108 2 1224979098644774918 3 2111 2 1224979098644774914 1224979098644774918 5 0 33 3 1224979098644774918 18 25 2108 2 1224979098644774918 2 2111 2 1224979098644774914 1224979098644774918 5 0 2111 2 1224979098644774914 1224979098644774918 3 0 4 0 1689 2 0 1224979098644774913 727 2 1224979098644774919 0 726 2 1224979098644774920 0 2111 2 1224979098644774919 1224979098644774920 2131 1 1224979098644774919 32 2 1224979098644774919 600 2107 2 1224979098644774914 2 3 0 3 0 5 0 2147485352 1 1224979098644774912 32 2 1224979098644774915 0 567 3 1224979098644774915 79 150 1714 2 1224979098644774917 1224979098644774913 31 2 1224979098644774917 -1 4 0 1767 2 1224979098644774921 1224979098644774913 31 2 1224979098644774921 0 2111 2 1224979098644774914 120 5 0 2111 2 1224979098644774914 60 3 0 1689 2 0 1224979098644774912 727 2 1224979098644774919 0 726 2 1224979098644774920 0 2111 2 1224979098644774919 1224979098644774920 2131 1 1224979098644774919 2106 2 1224979098644774919 4 2112 3 1224979098644774919 -2 5 2122 3 1224979098644774922 1224979098644774919 10 2105 2 1224979098644774914 1224979098644774922 2136 3 1224979098644774923 0 100 4 0 2123 3 1224979098644774924 1224979098644774916 5 2106 2 1224979098644774923 1224979098644774924 2106 2 1224979098644774923 1224979098644774919 4 0 32 2 1224979098644774916 5 31 2 1224979098644774921 0 2106 2 1224979098644774923 10 3 0 2147483678 2 1224979098644774923 10 1740 2 1224979098644774912 1801439850948198959 3 0 3 0 32 2 1224979098644774914 1224979098644774916 2106 2 1224979098644774914 1224979098644774916 1720 3 1224979098644774925 1224979098644774912 1 2106 2 1224979098644774925 1224979098644774914 1721 3 1224979098644774912 1224979098644774925 1 2133 2 72057594037927938 -1 1714 2 1224979098644774926 144115188075857103 4 0 4 0 31 2 1224979098644774912 1224979098644774926 2133 2 72057594037927938 0 5 0 31 2 1224979098644774912 144115188075857103 2133 2 72057594037927938 1 3 0 2147483679 2 72057594037927938 -1 2133 2 72057594037927937 1224979098644774914 1106 2 1585267068834415380 16728128 5 0 4 0 31 2 1224979098644774913 1224979098644774926 2133 2 72057594037927938 0 5 0 31 2 1224979098644774913 144115188075857103 2133 2 72057594037927938 1 3 0 2147483679 2 72057594037927938 -1 2133 2 72057594037927937 1224979098644774914 1106 1 1585267068834415381 3 0 
-25.000000 0.000000 0.000000  0  2 2071 1 1224979098644774912 505 3 1224979098644774912 40 -1 
-25.000000 0.000000 0.000000  2 521 3 72057594037927939 648518346341351424 76 33 3 72057594037927939 0 9  12 2071 1 1224979098644774912 4 0 2147485352 1 1224979098644774912 1715 2 1224979098644774913 1224979098644774912 30 2 1224979098644774913 0 1712 1 1224979098644774913 1702 1 1224979098644774913 1707 1 1224979098644774913 5 0 2133 2 1224979098644774913 -1 3 0 505 3 1224979098644774912 42 1224979098644774913 
-26.000000 0.000000 0.000000  2 521 3 72057594037927939 648518346341351424 76 33 3 72057594037927939 0 9  16 2071 1 1224979098644774912 2147485352 1 1224979098644774912 525 3 1224979098644774913 1224979098644774912 42 30 2 1224979098644774913 0 1712 1 1224979098644774913 1702 1 1224979098644774913 1707 1 1224979098644774913 1770 2 1224979098644774914 1224979098644774913 4 0 31 2 1224979098644774914 144115188075857104 1783 2 1224979098644774913 72057594037927939 505 3 1224979098644774913 40 72057594037927939 5 0 1783 2 1224979098644774913 0 505 3 1224979098644774913 40 0 3 0 
-58.000000 0.000000 0.000000  2 521 3 72057594037927939 648518346341351424 77 33 3 72057594037927939 0 9  31 2072 1 1224979098644774912 30 2 1224979098644774912 0 1570 2 1224979098644774913 1224979098644774912 1073741855 2 1224979098644774913 8 31 2 1224979098644774913 9 2071 1 1224979098644774914 1712 1 1224979098644774914 1702 1 1224979098644774914 1707 1 1224979098644774914 1727 3 1224979098644774915 1224979098644774914 0 2147483680 2 1224979098644774915 0 1714 2 1224979098644774916 1224979098644774914 31 2 1224979098644774916 -1 1770 2 1224979098644774917 1224979098644774914 2133 2 1224979098644774918 1 4 0 1073742365 3 144115188075856273 0 3 541 3 144115188075856273 0 2 1073741855 2 1224979098644774917 144115188075856302 31 2 1224979098644774917 144115188075856304 2133 2 1224979098644774918 0 3 0 31 2 1224979098644774918 1 4 0 31 2 1224979098644774917 144115188075857104 1783 2 1224979098644774914 72057594037927939 505 3 1224979098644774914 40 72057594037927939 5 0 1783 2 1224979098644774914 0 505 3 1224979098644774914 40 0 3 0 
1.000000 0.000000 0.000000  2 3221226013 3 648518346341351424 77 9 2147484189 3 648518346341351424 76 9  9 12 1 1224979098644774912 1712 1 1224979098644774912 565 3 1224979098644774912 40 0 1702 1 1224979098644774912 1773 2 1224979098644774913 1224979098644774912 2147484193 3 1224979098644774912 40 1224979098644774913 525 3 1224979098644774914 1224979098644774912 40 1783 2 1224979098644774912 1224979098644774914 3 0 
0.100000 0.000000 0.000000  1 1 2 936748722493063836 185  131 12 1 1224979098644774912 1702 1 1224979098644774912 1704 1 1224979098644774912 565 3 1224979098644774912 39 1 545 3 1224979098644774912 15 0 1770 2 1224979098644774913 1224979098644774912 1773 2 1224979098644774914 1224979098644774912 2133 2 1224979098644774915 0 4 0 2147483679 2 1224979098644774913 144115188075857104 541 3 648518346341351424 82 1 2133 2 1224979098644774915 1 5 0 31 2 1224979098644774913 144115188075857104 2120 3 1224979098644774916 185 1224979098644774914 549 3 1224979098644774913 1224979098644774916 1 2133 2 1224979098644774915 1 5 0 31 2 1224979098644774912 144115188075857103 545 3 144115188075857103 45 1 2133 2 1224979098644774915 1 3 0 31 2 1224979098644774915 1 525 3 1224979098644774917 1224979098644774912 44 4 0 2147483678 2 1224979098644774917 20 2105 2 1224979098644774917 1 1073743531 1 1224979098644774912 545 3 144115188075857103 45 1 505 3 1224979098644774912 44 1224979098644774917 3 0 30 2 1224979098644774917 20 1738 2 1224979098644774918 1224979098644774912 1785 3 1224979098644774919 1224979098644774913 1224979098644774914 2133 2 1224979098644774915 0 4 0 2147483679 2 1224979098644774913 144115188075857104 1073741855 2 1224979098644774918 0 1073741855 2 1224979098644774918 9 31 2 1224979098644774918 1 2133 2 1224979098644774915 1 5 0 2147483679 2 1224979098644774912 144115188075857103 31 2 1224979098644774913 144115188075857104 1073741855 2 1224979098644774919 0 31 2 1224979098644774919 11 1073741855 2 1224979098644774918 0 1073741855 2 1224979098644774918 9 31 2 1224979098644774918 1 2133 2 1224979098644774915 1 5 0 31 2 1224979098644774912 144115188075857103 545 3 144115188075857103 45 1 2133 2 1224979098644774915 1 3 0 31 2 1224979098644774915 1 1726 3 1224979098644774920 1224979098644774912 0 545 3 1224979098644774912 39 1224979098644774920 527 3 1224979098644774921 1224979098644774920 79 2133 2 1224979098644774922 1224979098644774921 2133 2 1224979098644774923 -1 1710 2 1 1224979098644774912 12 1 1224979098644774924 1702 1 1224979098644774924 2147485352 1 1224979098644774924 1715 2 1224979098644774925 1224979098644774924 30 2 1224979098644774925 0 1770 2 1224979098644774926 1224979098644774925 1788 2 1224979098644774913 1224979098644774926 1710 2 2 1224979098644774924 710 3 1224979098644774927 1 2 2147483678 2 1224979098644774927 1224979098644774922 2147484362 2 2 1 705 3 1224979098644774928 1 2 2113 1 1224979098644774928 2131 1 1224979098644774928 33 3 1224979098644774928 170 181 1689 2 0 1224979098644774924 727 2 1224979098644774929 0 726 2 1224979098644774930 0 2111 2 1224979098644774929 1224979098644774930 30 2 1224979098644774929 400 2133 2 1224979098644774922 1224979098644774927 2133 2 1224979098644774923 1224979098644774924 3 0 32 2 1224979098644774923 -1 1740 2 1224979098644774912 1801439850948198866 1750 2 1224979098644774923 1152921504606847094 1720 3 1224979098644774931 1224979098644774923 0 1720 3 1224979098644774932 1224979098644774923 1 2108 2 1224979098644774929 8 2106 2 1224979098644774929 10 4 0 547 3 1224979098644774920 86 1 2105 2 1224979098644774929 5 32 2 1224979098644774921 200 2105 2 1224979098644774929 5 3 0 2106 2 1224979098644774931 1224979098644774929 2111 2 1224979098644774931 0 505 3 1224979098644774912 44 0 1721 3 1224979098644774923 1224979098644774931 0 1722 2 1224979098644774923 1224979098644774923 2136 3 1224979098644774933 0 100 4 0 547 3 1224979098644774920 86 1 2106 2 1224979098644774933 8 32 2 1224979098644774921 200 2106 2 1224979098644774933 8 3 0 4 0 2147483678 2 1224979098644774933 50 1740 2 1224979098644774923 1801439850948198959 3 0 4 0 1714 2 1224979098644774934 144115188075857103 31 2 1224979098644774923 1224979098644774934 1720 3 1224979098644774931 1224979098644774923 1 2106 2 1224979098644774932 1224979098644774931 2133 2 72057594037927937 1224979098644774932 1106 2 1585267068834415382 16728128 5 0 31 2 1224979098644774912 144115188075857103 1720 3 1224979098644774931 1224979098644774923 1 2106 2 1224979098644774932 1224979098644774931 2133 2 72057594037927937 1224979098644774932 2325 2 1 1224979098644774920 1106 1 1585267068834415383 505 3 144115188075857103 45 0 3 0 3 0 
0.000000 0.000000 2.000000  2 71 1 48 2147484193 3 144115188075857103 45 1  19 1702 1 144115188075857103 1726 3 1224979098644774912 144115188075857103 0 2133 2 1224979098644774913 0 4 0 565 3 144115188075857103 39 1 545 3 144115188075857103 39 1224979098644774912 2133 2 1224979098644774913 1 5 0 30 2 1224979098644774912 0 1570 2 1224979098644774914 1224979098644774912 31 2 1224979098644774914 4 505 3 144115188075857103 39 1224979098644774912 2133 2 1224979098644774913 1 3 0 31 2 1224979098644774913 1 2325 2 1 1224979098644774912 1106 2 1585267068834415384 6591981 1740 2 144115188075857103 1801439850948198866 505 3 144115188075857103 45 1 
0.000000 0.000000 0.000000  12 2147484193 3 144115188075857103 45 0 1073741897 1 6 1073741897 1 7 1073741897 1 7 1073741897 1 0 1073741897 1 1 1073741897 1 2 1073741897 1 3 1073741897 1 14 1073741897 1 15 1073741897 1 4 73 1 17  4 1702 1 144115188075857103 1106 2 1585267068834415385 6591981 1740 2 144115188075857103 1801439850948198696 505 3 144115188075857103 45 0 
3.000000 0.000000 0.000000  1 545 3 144115188075857103 45 1  2 1702 1 144115188075857103 1740 2 144115188075857103 1801439850948198866 
-28.000000 0.000000 0.000000  1 545 3 144115188075857103 45 1  8 2071 1 1224979098644774912 31 2 1224979098644774912 144115188075857103 1702 1 144115188075857103 2073 1 1224979098644774913 32 2 1224979098644774913 5 1106 2 1585267068834415386 16728128 1740 2 144115188075857103 1801439850948198696 505 3 144115188075857103 45 0 
0.000000 0.000000 100000000.000000  0  5 1700 1 144115188075857103 1770 2 144115188075857104 144115188075857103 1714 2 1224979098644774912 144115188075857103 30 2 1224979098644774912 0 505 3 144115188075857103 41 1224979098644774912 
0.000000 0.500000 100000000.000000  1 561 3 648518346341351424 232 1  68 521 3 1224979098644774912 648518346341351424 232 1107 1 0 2133 2 1224979098644774913 0 6 3 1224979098644774914 0 1224979098644774912 2120 3 1224979098644774915 1224979098644774914 250 521 3 1224979098644774916 648518346341351424 1224979098644774915 30 2 1224979098644774916 10 2123 3 1224979098644774917 1224979098644774916 100 2122 3 1224979098644774918 1224979098644774917 100 2106 2 1224979098644774916 1224979098644774918 2123 3 1224979098644774918 1224979098644774916 10 2122 3 1224979098644774919 1224979098644774918 10 2121 3 1224979098644774919 1224979098644774916 1224979098644774919 2133 2 1224979098644774920 0 4 0 31 2 1224979098644774918 1 31 2 1224979098644774919 3 2133 2 1224979098644774919 11 5 0 31 2 1224979098644774918 2 33 3 1224979098644774919 5 9 2133 2 1224979098644774920 1 2105 2 1224979098644774913 1 5 0 31 2 1224979098644774918 3 4 0 31 2 1224979098644774919 0 2133 2 1224979098644774919 10 5 0 31 2 1224979098644774919 2 2133 2 1224979098644774919 12 5 0 31 2 1224979098644774919 3 2133 2 1224979098644774919 13 3 0 5 0 31 2 1224979098644774918 4 1107 1 0 1 3 936748722493063867 1224979098644774917 1224979098644774919 5 0 33 3 1224979098644774918 5 7 2105 2 1224979098644774913 1 5 0 31 2 1224979098644774918 7 31 2 1224979098644774919 1 1795 2 144115188075857104 1224979098644774917 1 2 936748722493063840 1 1795 2 144115188075857104 -1 3 0 4 0 33 3 1224979098644774918 1 4 2147483679 2 1224979098644774920 1 1790 3 144115188075857104 1224979098644774917 1224979098644774919 3 0 3 0 1795 2 144115188075857104 9 1107 1 1 1106 2 1585267068834415379 4292730214 4 0 31 2 1224979098644774912 1 521 3 1224979098644774921 648518346341351433 250 501 3 648518346341351424 250 1224979098644774921 501 3 648518346341351433 250 0 3 0 4 0 31 2 1224979098644774913 0 501 3 648518346341351424 232 0 3 0 
1.000000 1.500000 100000000.000000  1 561 3 648518346341351424 232 1  41 521 3 1224979098644774912 648518346341351424 232 1107 1 0 6 3 1224979098644774913 0 1224979098644774912 2120 3 1224979098644774914 1224979098644774913 250 521 3 1224979098644774915 648518346341351424 1224979098644774914 30 2 1224979098644774915 10 2123 3 1224979098644774916 1224979098644774915 100 2122 3 1224979098644774917 1224979098644774916 100 2106 2 1224979098644774915 1224979098644774917 2123 3 1224979098644774917 1224979098644774915 10 1073741857 3 1224979098644774917 5 7 31 2 1224979098644774917 2 2122 3 1224979098644774918 1224979098644774917 10 2121 3 1224979098644774918 1224979098644774915 1224979098644774918 4 0 31 2 1224979098644774917 2 33 3 1224979098644774918 5 9 2120 3 1224979098644774919 1224979098644774914 70 521 3 1224979098644774920 648518346341351424 1224979098644774919 2111 2 1224979098644774920 1 6 3 1224979098644774921 0 1224979098644774920 4 0 2120 3 1224979098644774922 77 1224979098644774916 2147484197 3 144115188075857104 1224979098644774922 0 1795 2 144115188075857104 1224979098644774916 1 2 936748722493063868 1224979098644774918 1795 2 144115188075857104 -1 5 0 1790 3 144115188075857104 1224979098644774916 1224979098644774918 3 0 3 0 5 0 33 3 1224979098644774917 5 7 1795 2 144115188075857104 1224979098644774916 1 2 936748722493063835 1224979098644774918 1795 2 144115188075857104 -1 3 0 3 0 1795 2 144115188075857104 9 1107 1 1 501 3 648518346341351424 232 0 
-19.000000 0.000000 100000000.000000  1 541 3 648518346341351424 47 1  131 1 3 936748722493063334 648518346341351425 648518346341351424 1673 3 648518346341351424 1 1 1650 2 1224979098644774912 648518346341351425 6 3 1224979098644774913 0 1224979098644774912 1652 3 1224979098644774914 648518346341351425 1224979098644774913 2147485155 1 1224979098644774914 500 3 1224979098644774914 39 0 500 3 1224979098644774914 52 0 3 0 6 3 1224979098644774913 0 1224979098644774912 1652 3 1224979098644774914 648518346341351425 1224979098644774913 2147485155 1 1224979098644774914 540 3 1224979098644774914 39 0 6 3 1224979098644774915 47 54 501 3 648518346341351433 1224979098644774915 0 3 0 2133 2 1224979098644774916 1224979098644774914 2133 2 1224979098644774917 7 6 3 1224979098644774918 0 1224979098644774917 2133 2 1224979098644774919 1224979098644774912 6 3 1224979098644774920 0 1224979098644774919 1652 3 1224979098644774921 648518346341351425 1224979098644774920 2147485155 1 1224979098644774921 2147483679 2 1224979098644774921 1224979098644774916 1561 3 1224979098644774922 1224979098644774921 0 31 2 1224979098644774922 1224979098644774916 2133 2 1224979098644774919 0 3 0 4 0 2147483679 2 1224979098644774922 1224979098644774916 2133 2 1224979098644774917 0 540 3 1224979098644774916 39 0 1630 3 1224979098644774923 648518346341351425 1224979098644774916 1630 3 1224979098644774924 648518346341351424 1224979098644774916 2121 3 1224979098644774925 1224979098644774923 1224979098644774924 2111 2 1224979098644774925 0 500 3 1224979098644774916 52 1224979098644774925 500 3 1224979098644774916 39 1 5 0 2133 2 1224979098644774926 47 7 3 1224979098644774927 1224979098644774926 54 541 3 648518346341351433 1224979098644774927 0 501 3 648518346341351433 1224979098644774927 1224979098644774921 2133 2 1224979098644774926 54 3 0 2133 2 1224979098644774916 1224979098644774921 3 0 3 0 540 3 1224979098644774914 39 0 2133 2 1224979098644774916 1224979098644774914 2133 2 1224979098644774917 7 6 3 1224979098644774918 0 1224979098644774917 1561 3 1224979098644774922 1224979098644774916 0 1630 3 1224979098644774928 648518346341351424 1224979098644774922 4 0 32 2 1224979098644774928 0 2133 2 1224979098644774929 54 6 3 1224979098644774930 47 1224979098644774929 541 3 648518346341351433 1224979098644774930 0 501 3 648518346341351433 1224979098644774930 1224979098644774922 2133 2 1224979098644774929 47 3 0 2133 2 1224979098644774916 1224979098644774922 5 0 2133 2 1224979098644774917 0 3 0 3 0 2133 2 1224979098644774917 54 6 3 1224979098644774915 47 1224979098644774917 521 3 1224979098644774916 648518346341351433 1224979098644774915 32 2 1224979098644774916 0 540 3 1224979098644774916 39 1 2133 2 1224979098644774931 1224979098644774915 2133 2 1224979098644774932 0 7 3 1224979098644774930 47 1224979098644774931 521 3 1224979098644774933 648518346341351433 1224979098644774930 32 2 1224979098644774933 0 1630 3 1224979098644774923 648518346341351425 1224979098644774933 1630 3 1224979098644774924 648518346341351424 1224979098644774933 2121 3 1224979098644774925 1224979098644774924 1224979098644774923 2105 2 1224979098644774925 1224979098644774932 2111 2 1224979098644774925 0 2133 2 1224979098644774932 1224979098644774925 2121 3 1224979098644774934 1224979098644774930 1 4 0 30 2 1224979098644774934 47 521 3 1224979098644774935 648518346341351433 1224979098644774934 5 0 31 2 1224979098644774934 46 2133 2 1224979098644774935 1224979098644774914 3 0 32 2 1224979098644774935 0 540 3 1224979098644774935 39 0 500 3 1224979098644774935 52 1224979098644774925 500 3 1224979098644774933 39 1 3 0 500 3 1224979098644774914 39 1 2133 2 1224979098644774932 0 6 3 1224979098644774927 1224979098644774931 1224979098644774917 521 3 1224979098644774936 648518346341351433 1224979098644774927 32 2 1224979098644774936 0 4 0 540 3 1224979098644774936 39 1 520 3 1224979098644774932 1224979098644774936 52 5 0 540 3 1224979098644774936 39 0 1630 3 1224979098644774923 648518346341351425 1224979098644774936 1630 3 1224979098644774924 648518346341351424 1224979098644774936 2121 3 1224979098644774925 1224979098644774924 1224979098644774923 2105 2 1224979098644774925 1224979098644774932 2111 2 1224979098644774925 0 2133 2 1224979098644774932 1224979098644774925 500 3 1224979098644774936 52 1224979098644774925 500 3 1224979098644774936 39 1 3 0 3 0 2133 2 1224979098644774917 47 3 0 3 0 1 3 936748722493063334 648518346341351424 648518346341351425 500 3 360287970189639680 37 1 1650 2 1224979098644774937 648518346341351424 2105 2 1224979098644774937 1 7 3 1224979098644774913 0 1224979098644774937 1652 3 1224979098644774914 648518346341351424 1224979098644774913 520 3 1224979098644774938 1224979098644774914 37 1653 3 1224979098644774939 648518346341351424 1224979098644774913 2121 3 1224979098644774925 1224979098644774939 1224979098644774938 32 2 1224979098644774925 0 1619 3 648518346341351424 1224979098644774914 1224979098644774925 3 0 
-20.000000 0.000000 100000000.000000  1 541 3 648518346341351424 47 1  38 1650 2 1224979098644774912 648518346341351425 6 3 1224979098644774913 0 1224979098644774912 1652 3 1224979098644774914 648518346341351425 1224979098644774913 2147483679 2 1224979098644774914 360287970189639680 1653 3 1224979098644774915 648518346341351425 1224979098644774913 1650 2 1224979098644774916 648518346341351424 2133 2 1224979098644774917 0 2133 2 1224979098644774918 0 6 3 1224979098644774919 0 1224979098644774916 1652 3 1224979098644774920 648518346341351424 1224979098644774919 31 2 1224979098644774920 1224979098644774914 1653 3 1224979098644774917 648518346341351424 1224979098644774919 1654 3 1224979098644774918 648518346341351424 1224979098644774919 2133 2 1224979098644774916 0 3 0 2121 3 1224979098644774921 1224979098644774915 1224979098644774917 4 0 32 2 1224979098644774921 0 1610 3 648518346341351424 1224979098644774914 1224979098644774921 1654 3 1224979098644774922 648518346341351425 1224979098644774913 2106 2 1224979098644774922 1224979098644774918 32 2 1224979098644774922 0 1618 3 648518346341351424 1224979098644774920 1224979098644774922 3 0 2147485155 1 1224979098644774914 520 3 1224979098644774923 1224979098644774914 52 32 2 1224979098644774923 0 1 2 936748722493063190 1224979098644774914 2122 3 1224979098644774924 1224979098644774923 72057594037927936 1650 2 1224979098644774916 648518346341351424 6 3 1224979098644774919 0 1224979098644774916 1652 3 1224979098644774920 648518346341351424 1224979098644774919 31 2 1224979098644774920 1224979098644774914 1670 3 648518346341351424 1224979098644774919 1224979098644774924 2133 2 1224979098644774916 0 3 0 3 0 501 3 648518346341351424 47 0 
0.000000 0.000000 100000000.000000  0  7 12 1 1224979098644774912 1704 1 1224979098644774912 1718 2 1224979098644774913 1224979098644774912 1507 1 1224979098644774913 1515 2 1224979098644774914 1224979098644774913 500 3 1224979098644774913 329 1224979098644774914 3 0 
1.000000 0.000000 0.000000  0  41 1700 1 1224979098644774912 12 1 1224979098644774913 1704 1 1224979098644774913 1718 2 1224979098644774914 1224979098644774913 1507 1 1224979098644774914 1515 2 1224979098644774915 1224979098644774914 520 3 1224979098644774916 1224979098644774914 329 32 2 1224979098644774915 1224979098644774916 2121 3 1224979098644774917 1224979098644774915 1224979098644774916 2172 3 1224979098644774918 1224979098644774914 2 2122 3 1224979098644774919 1224979098644774918 3 2107 2 1224979098644774919 1224979098644774917 2108 2 1224979098644774919 100 1107 1 0 1062 2 1224979098644774919 1224979098644774914 1107 1 1 4 0 31 2 1224979098644774913 1224979098644774912 32 2 1224979098644774919 0 31 2 144115188075857164 1 2133 2 72057594037927937 1224979098644774919 1106 1 1585267068834415374 3 0 1515 2 1224979098644774920 1224979098644774914 500 3 1224979098644774914 329 1224979098644774920 2121 3 1224979098644774921 1224979098644774920 1224979098644774916 2170 3 1224979098644774922 27 1224979098644774914 2105 2 1224979098644774922 10 2107 2 1224979098644774921 1224979098644774922 2108 2 1224979098644774921 20 2108 2 1224979098644774921 100 32 2 1224979098644774921 0 1525 2 1224979098644774914 1224979098644774921 4 0 31 2 1224979098644774913 1224979098644774912 31 2 144115188075857164 1 2133 2 72057594037927937 1224979098644774921 2121 3 72057594037927938 72057594037927937 1 1106 1 1585267068834415375 3 0 3 0 
1.000000 0.000000 0.000000  0  11 1700 1 1224979098644774912 12 1 1224979098644774913 2147483679 2 1224979098644774913 1224979098644774912 1702 1 1224979098644774913 1704 1 1224979098644774913 1727 2 1224979098644774914 1224979098644774913 545 3 1224979098644774913 26 0 2147483680 2 1224979098644774914 1 1728 1 1224979098644774913 505 3 1224979098644774913 26 1 3 0 
0.000000 0.000000 0.000000  0  11 4 0 70 1 29 71 1 30 1700 1 1224979098644774912 1728 1 1224979098644774912 5 0 70 1 56 71 1 30 12 1 1224979098644774913 1728 1 1224979098644774913 3 0 
-19.000000 0.000000 0.000000  0  1 1 1 936748722493063765 
0.000000 0.000000 100000000.000000  1 2147483679 2 144115188075856169 360287970189639680  5 2120 3 1224979098644774912 6 1 6 3 1224979098644774913 0 1224979098644774912 2176 3 1224979098644774914 144115188075856169 1224979098644774913 507 3 1224979098644774913 68 1224979098644774914 3 0 
1.000000 0.000000 0.000000  1 2147483679 2 144115188075856169 360287970189639680  17 2322 2 1 144115188075856169 2120 3 1224979098644774912 6 1 6 3 1224979098644774913 0 1224979098644774912 2176 3 1224979098644774914 144115188075856169 1224979098644774913 527 3 1224979098644774915 1224979098644774913 68 32 2 1224979098644774914 1224979098644774915 2121 3 1224979098644774916 1224979098644774914 1224979098644774915 2133 2 72057594037927938 1224979098644774916 2106 2 1224979098644774916 1 2133 2 72057594037927939 1224979098644774916 2133 2 72057594037927937 1224979098644774914 2121 3 1224979098644774917 1224979098644774913 0 2105 2 1224979098644774917 216172782113787044 2320 2 2 1224979098644774917 1106 2 1585267068834415376 15658496 507 3 1224979098644774913 68 1224979098644774914 3 0 
0.000000 0.000000 0.000000  0  11 1700 1 1224979098644774912 1710 2 2 1224979098644774912 4 0 1726 3 1224979098644774913 1224979098644774912 1 31 2 1224979098644774913 288230376151712268 71 1 34 721 2 2 50 1970 1 2 1974 1 1080863910568920066 1774 2 1224979098644774912 288230376151712268 3 0 


mst_besiege_inner_battle_castle besiege_inner_battle_castle 2  -1
You_attack_the_walls_of_the_castle... 

8 0 33562752 256 16 1 0  
6 33562752 256 16 1 0  
7 33562752 256 16 1 0  
16 33558592 256 16 1 0  
17 33558592 256 16 1 0  
18 33558592 256 16 1 0  
19 33558592 256 16 1 0  
20 33558592 256 16 1 0  
55
-19.000000 0.000000 0.000000  0  1 1 1 936748722493063507 
-21.000000 0.000000 0.000000  0  23 4 0 31 2 144115188075856297 1 1 1 936748722493063589 1907 1 0 5 0 521 3 1224979098644774912 648518346341351424 380 30 2 1224979098644774912 1 1106 1 216172782113783948 5 0 541 3 648518346341351424 85 1 1073742830 0 31 2 144115188075856292 1 2320 2 5 216172782113784210 1 4 936748722493063487 5 20 0 1 1 936748722493063589 1906 1 -1 1907 1 0 5 0 1 1 936748722493063389 1121 1 216172782113783944 5 0 1106 1 216172782113783948 3 0 
-25.000000 0.000000 0.000000  0  3 2071 1 1224979098644774912 1718 2 1224979098644774913 1224979098644774912 1 4 936748722493063580 1729382256910270468 1224979098644774912 1224979098644774913 
-8.000000 0.000000 0.000000  0  9 2071 1 1224979098644774912 31 2 1224979098644774912 0 2133 2 144115188075856292 0 2320 2 5 216172782113784210 1 4 936748722493063487 5 20 0 2133 2 144115188075856168 -1 1906 1 -1 1 1 936748722493063589 1907 1 0 
0.000000 0.000000 100000000.000000  0  2 2133 2 144115188075856297 0 1 2 936748722493063651 4096 
0.000000 0.000000 100000000.000000  4 2133 2 144115188075856302 0 2133 2 144115188075856303 1 2133 2 144115188075856304 2 2133 2 144115188075856305 3  0 
2.000000 0.000000 0.000000  0  1 1 1 936748722493063486 
5.000000 60.000000 100000000.000000  10 2370 1 72057594037927937 30 2 72057594037927937 10 1003 1 5 1073742365 3 648518346341351424 85 1 2147484654 1 0 1906 1 1 1106 1 216172782113783827 2133 2 144115188075856297 1 2133 2 144115188075856168 1 1 1 936748722493063653  2 1 1 936748722493063589 1907 1 1 
10.000000 0.000000 0.000000  0  2 31 2 144115188075856297 1 1106 1 216172782113783827 
1.000000 4.000000 0.000000  1 1006 0  30 2133 2 144115188075856292 1 4 0 541 3 648518346341351424 85 1 2133 2 1224979098644774912 0 12 1 1224979098644774913 1706 1 1224979098644774913 1702 1 1224979098644774913 2105 2 1224979098644774912 1 3 0 32 2 1224979098644774912 0 4 0 2147483679 2 144115188075857106 1 1106 1 1585267068834415378 2133 2 144115188075857106 1 2133 2 144115188075857107 2 1 1 936748722493063843 2001 1 1 541 3 648518346341351424 86 1 1107 1 0 1790 3 144115188075857104 9 2 1107 1 1 3 0 5 0 2320 2 5 216172782113784210 1 4 936748722493063487 5 20 0 2133 2 144115188075856168 -1 1906 1 -1 1 1 936748722493063589 1907 1 0 3 0 
0.000000 0.000000 100000000.000000  0  2 2147484551 1 1513209474796486703 900 1 1513209474796486703 
0.000000 0.000000 0.000000  0  15 4 0 2147484551 1 1513209474796486694 2147484551 1 1513209474796486703 2147484551 1 1513209474796486734 900 1 1513209474796486703 3 0 4 0 903 1 1513209474796486694 1 1 936748722493063538 5 0 903 1 1513209474796486703 1 1 936748722493063790 31 2 144115188075857173 1 1 1 936748722493063788 3 0 
-22.000000 0.000000 0.000000  0  1 1106 1 216172782113783918 
0.000000 0.000000 100000000.000000  16 2147483679 2 144115188075856169 360287970189639680 2175 2 144115188075857108 360287970189639680 2147485156 1 360287970189639680 1700 1 1224979098644774912 30 2 1224979098644774912 0 1770 2 1224979098644774913 1224979098644774912 1710 2 49 1224979098644774912 720 2 49 -100 1970 1 49 1541 3 1224979098644774914 360287970189639680 8 1542 3 1224979098644774915 360287970189639680 8 1543 3 360287970189639680 8 -1 1972 1 360287970189639680 1771 2 72057594037927936 1224979098644774913 1543 3 360287970189639680 8 1224979098644774914 1544 3 360287970189639680 8 1224979098644774915  0 
0.000000 0.000000 100000000.000000  2 1700 1 144115188075857109 32 2 144115188075857109 -1  12 2133 2 144115188075857107 0 2133 2 144115188075857110 0 2133 2 144115188075857106 -1 2133 2 144115188075857111 0 2133 2 144115188075856292 0 2133 2 144115188075857112 500 2133 2 144115188075857113 375 2133 2 144115188075857114 144115188075857112 2133 2 144115188075857115 144115188075857113 2133 2 144115188075857116 0 31 2 144115188075857185 0 1 1 936748722493063842 
0.000000 0.000000 0.000000  3 1006 0 31 2 144115188075857111 0 31 2 144115188075857107 2  12 1710 2 1 144115188075857103 726 2 1224979098644774912 1 727 2 1224979098644774913 1 701 1 47 729 2 47 1224979098644774912 730 2 47 1224979098644774913 791 1 47 722 2 47 250 2001 3 1 0 0 2011 1 47 2133 2 144115188075857117 0 2133 2 144115188075857111 1 
0.000000 0.000000 0.000000  10 31 2 144115188075857111 1 31 2 144115188075857107 2 1073741895 1 144115188075857179 1073741894 1 144115188075857179 1073741895 1 144115188075857180 1073741894 1 144115188075857180 1073741895 1 144115188075857181 1073741894 1 144115188075857181 1073741895 1 144115188075857182 70 1 144115188075857182  26 2010 1 47 2133 2 1224979098644774912 0 2133 2 1224979098644774913 0 4 0 1073741895 1 144115188075857179 70 1 144115188075857179 2133 2 1224979098644774913 10 3 0 4 0 1073741895 1 144115188075857180 70 1 144115188075857180 2133 2 1224979098644774913 -10 3 0 4 0 1073741895 1 144115188075857181 70 1 144115188075857181 2133 2 1224979098644774912 -10 3 0 4 0 1073741895 1 144115188075857182 70 1 144115188075857182 2133 2 1224979098644774912 10 3 0 720 2 47 1224979098644774912 721 2 47 1224979098644774913 2011 1 47 
0.000000 0.000000 0.000000  9 31 2 144115188075857111 1 31 2 144115188075857107 2 2147484551 1 1513209474796486694 75 1 1 2124 1 1000 726 2 72057594037927937 1 727 2 72057594037927938 1 3221225503 2 72057594037927937 144115188075857112 2147483679 2 72057594037927938 144115188075857113  53 2133 2 1224979098644774912 1 4 0 31 2 72057594037927937 144115188075857114 31 2 72057594037927938 144115188075857115 2105 2 144115188075857116 1 4 0 32 2 144115188075857116 50 2133 2 144115188075857112 72057594037927937 2133 2 144115188075857113 72057594037927938 2133 2 144115188075857116 0 3 0 2133 2 1224979098644774912 0 3 0 31 2 1224979098644774912 1 2133 2 144115188075857116 0 2133 2 144115188075857114 72057594037927937 2133 2 144115188075857115 72057594037927938 2010 1 47 2121 3 1224979098644774913 144115188075857112 72057594037927937 2121 3 1224979098644774914 72057594037927938 144115188075857113 6 3 1224979098644774915 0 2 4 0 31 2 1224979098644774915 1 2133 2 1224979098644774913 1224979098644774914 3 0 3221225502 2 1224979098644774913 -2 32 2 1224979098644774913 2 2133 2 1224979098644774916 1 4 0 2147483678 2 1224979098644774913 0 2133 2 1224979098644774916 -1 3 0 2113 1 1224979098644774913 2106 2 1224979098644774913 2 2130 1 1224979098644774913 2125 2 1224979098644774913 1224979098644774913 2131 1 1224979098644774913 2112 3 1224979098644774913 1 6 2107 2 1224979098644774913 1224979098644774916 4 0 31 2 1224979098644774915 0 2122 3 1224979098644774917 144115188075857117 -1 723 2 47 1224979098644774917 725 2 47 1224979098644774913 723 2 47 144115188075857117 3 0 4 0 31 2 1224979098644774915 1 723 2 47 1224979098644774913 2105 2 144115188075857117 1224979098644774913 3 0 3 0 2011 1 47 
0.000000 0.000000 0.000000  2 31 2 144115188075857111 0 31 2 144115188075857107 1  32 2124 1 100 1709 2 7 144115188075857109 742 2 1224979098644774912 7 2121 3 1224979098644774913 0 1224979098644774912 723 2 7 1224979098644774913 4 0 31 2 144115188075857106 -1 2112 3 144115188075857120 -1000 1000 2112 3 144115188075857119 -1000 1000 2110 2 144115188075857118 1000 3 0 721 2 7 144115188075857119 722 2 7 144115188075857118 720 2 7 144115188075857120 1714 2 1224979098644774914 144115188075857109 4 0 30 2 1224979098644774914 0 722 2 7 80 3 0 2122 3 1224979098644774913 -1 144115188075857119 2143 3 1224979098644774915 144115188075857118 1224979098644774913 2131 1 1224979098644774915 2106 2 1224979098644774912 1224979098644774915 723 2 7 1224979098644774912 2012 3 7 100 0 4 0 2147484654 0 1073741897 1 20 73 1 21 2001 1 0 2133 2 144115188075857107 0 3 0 
0.000000 0.000000 0.000000  3 71 1 144115188075857185 2147483678 2 144115188075857107 3 2147483679 2 144115188075857110 1  38 4 0 31 2 144115188075857107 0 2133 2 144115188075857107 1 2133 2 144115188075857118 300 2133 2 144115188075857119 -1000 2133 2 144115188075857120 0 5 0 31 2 144115188075857107 1 4 0 31 2 144115188075857106 -1 4 0 2147484654 1 0 1700 1 144115188075857109 3 0 2133 2 144115188075857107 0 5 0 2133 2 144115188075857107 2 3 0 5 0 31 2 144115188075857107 2 4 0 30 2 144115188075857106 0 2133 2 144115188075857107 1 2133 2 144115188075857118 300 2133 2 144115188075857119 -1000 2133 2 144115188075857120 0 2133 2 144115188075857111 0 5 0 2133 2 144115188075857107 0 3 0 3 0 900 1 1513209474796486735 4 0 31 2 144115188075857107 0 2001 1 0 5 0 2001 1 1 3 0 
0.000000 0.000000 0.000000  2 70 1 144115188075857182 31 2 144115188075857107 1  3 2105 2 144115188075857120 1 2147483718 1 42 2105 2 144115188075857120 9 
0.000000 0.000000 0.000000  2 70 1 144115188075857181 31 2 144115188075857107 1  3 2106 2 144115188075857120 1 2147483718 1 42 2106 2 144115188075857120 9 
0.000000 0.000000 0.000000  2 70 1 144115188075857179 31 2 144115188075857107 1  3 2105 2 144115188075857119 1 2147483718 1 42 2105 2 144115188075857119 9 
0.000000 0.000000 0.000000  2 70 1 144115188075857180 31 2 144115188075857107 1  3 2106 2 144115188075857119 1 2147483718 1 42 2106 2 144115188075857119 9 
0.000000 0.000000 0.000000  2 70 1 144115188075857183 31 2 144115188075857107 1  3 2105 2 144115188075857118 1 2147483718 1 42 2105 2 144115188075857118 9 
0.000000 0.000000 0.000000  2 70 1 144115188075857184 31 2 144115188075857107 1  4 2106 2 144115188075857118 1 2147483718 1 42 2106 2 144115188075857118 9 2111 2 144115188075857118 50 
0.000000 0.000000 0.000000  3 71 1 144115188075857186 31 2 144115188075857107 1 30 2 144115188075857106 1  1 1 1 936748722493063843 
0.000000 0.000000 0.000000  3 71 1 144115188075857187 31 2 144115188075857107 1 30 2 144115188075857106 1  1 1 1 936748722493063844 
0.000000 0.000000 0.000000  3 2147484654 0 70 1 224 31 2 144115188075857107 1  10 31 2 144115188075857103 144115188075857109 1702 1 144115188075857103 1726 3 1224979098644774912 144115188075857109 0 30 2 1224979098644774912 0 1570 2 1224979098644774913 1224979098644774912 1073741855 2 1224979098644774913 8 1073741855 2 1224979098644774913 9 31 2 1224979098644774913 10 2133 2 144115188075857110 1 2001 1 0 
0.000000 0.000000 0.000000  3 2147484654 0 2147483718 1 224 31 2 144115188075857110 1  2 2133 2 144115188075857110 0 2001 1 1 
0.000000 0.000000 100000000.000000  0  5 1700 1 144115188075857103 1770 2 144115188075857104 144115188075857103 1714 2 1224979098644774912 144115188075857103 30 2 1224979098644774912 0 505 3 144115188075857103 41 1224979098644774912 
-19.000000 0.000000 100000000.000000  0  11 501 3 648518346341351424 108 0 501 3 648518346341351433 108 0 501 3 2 108 0 6 3 1224979098644774912 0 4 6 3 1224979098644774913 149 167 509 3 1224979098644774912 1224979098644774913 -1 3 0 3 0 541 3 648518346341351424 72 0 1 1 936748722493063830 501 3 648518346341351424 72 1 
0.000000 0.000000 0.000000  13 2147484654 0 1073741897 1 30 1073741897 1 31 1073741897 1 32 1073741897 1 33 1073741897 1 34 1073741897 1 35 1073741897 1 36 1073741897 1 37 1073741897 1 38 1073741897 1 29 1073741897 1 39 73 1 40  2 501 3 648518346341351424 108 0 900 1 1513209474796486734 
-23.000000 0.000000 0.000000  0  3 501 3 648518346341351424 108 0 903 1 1513209474796486734 902 1 0 
0.000000 0.000000 0.000000  2 2147484654 0 71 1 67  6 2147484189 3 648518346341351424 108 23 2147484189 3 648518346341351424 108 24 2147484189 3 648518346341351424 108 25 903 1 1513209474796486734 902 1 0 501 3 648518346341351424 108 0 
0.000000 0.000000 0.000000  2 2147484654 0 73 1 23  20 4 0 2147484189 3 648518346341351424 108 23 2147484189 3 648518346341351424 108 24 2147484189 3 648518346341351424 108 25 501 3 648518346341351424 108 23 5 0 541 3 648518346341351424 108 23 2133 2 144115188075857105 1 1 2 936748722493063868 0 501 3 648518346341351424 108 0 5 0 541 3 648518346341351424 108 24 2133 2 144115188075857105 1 1 2 936748722493063868 5 501 3 648518346341351424 108 0 5 0 541 3 648518346341351424 108 25 1 2 936748722493063839 0 501 3 648518346341351424 108 0 3 0 
0.000000 0.000000 0.000000  2 2147484654 0 73 1 24  20 4 0 2147484189 3 648518346341351424 108 23 2147484189 3 648518346341351424 108 24 2147484189 3 648518346341351424 108 25 501 3 648518346341351424 108 24 5 0 541 3 648518346341351424 108 23 2133 2 144115188075857105 1 1 2 936748722493063868 1 501 3 648518346341351424 108 0 5 0 541 3 648518346341351424 108 24 2133 2 144115188075857105 1 1 2 936748722493063868 6 501 3 648518346341351424 108 0 5 0 541 3 648518346341351424 108 25 1 2 936748722493063839 0 501 3 648518346341351424 108 0 3 0 
0.000000 0.000000 0.000000  2 2147484654 0 73 1 25  19 4 0 2147484189 3 648518346341351424 108 23 2147484189 3 648518346341351424 108 24 2147484189 3 648518346341351424 108 25 501 3 648518346341351424 108 25 5 0 541 3 648518346341351424 108 23 2133 2 144115188075857105 1 1 2 936748722493063868 2 501 3 648518346341351424 108 0 5 0 541 3 648518346341351424 108 24 2133 2 144115188075857105 1 1 2 936748722493063868 8 501 3 648518346341351424 108 0 5 0 541 3 648518346341351424 108 25 501 3 648518346341351424 108 0 3 0 
0.000000 0.000000 0.000000  2 2147484654 0 73 1 26  35 4 0 541 3 648518346341351424 108 0 1073741855 2 144115188075856193 864691128455135276 31 2 144115188075856193 864691128455135287 501 3 648518346341351424 108 26 900 1 1513209474796486734 5 0 541 3 648518346341351424 108 23 2133 2 144115188075857105 1 1 2 936748722493063868 11 501 3 648518346341351424 108 0 5 0 541 3 648518346341351424 108 24 2133 2 144115188075857105 1 1 2 936748722493063868 7 501 3 648518346341351424 108 0 5 0 541 3 648518346341351424 108 25 1 3 936748722493063833 -1 144115188075857104 501 3 648518346341351424 108 0 5 0 541 3 648518346341351424 108 26 6 3 1224979098644774912 0 9 1775 2 144115188075857104 1224979098644774912 2120 3 1224979098644774913 14 1224979098644774912 569 3 144115188075857104 1224979098644774913 1 2133 2 144115188075857105 1 1 3 936748722493063867 1224979098644774912 2 3 0 501 3 648518346341351424 108 0 5 0 541 3 648518346341351424 108 65 1 1 936748722493063837 501 3 648518346341351424 108 0 3 0 
0.000000 0.000000 0.000000  2 2147484654 0 73 1 27  36 4 0 541 3 648518346341351424 108 0 501 3 648518346341351424 108 27 900 1 1513209474796486734 5 0 541 3 648518346341351424 108 23 2133 2 144115188075857105 1 1 2 936748722493063868 14 501 3 648518346341351424 108 0 5 0 541 3 648518346341351424 108 24 501 3 648518346341351424 108 0 5 0 541 3 648518346341351424 108 26 6 3 1224979098644774912 0 9 1775 2 144115188075857104 1224979098644774912 2120 3 1224979098644774913 14 1224979098644774912 569 3 144115188075857104 1224979098644774913 1 2133 2 144115188075857105 1 1 3 936748722493063867 1224979098644774912 3 3 0 501 3 648518346341351424 108 0 5 0 541 3 648518346341351424 108 27 1 2 936748722493063835 1 501 3 648518346341351424 108 0 5 0 541 3 648518346341351424 108 28 1 2 936748722493063835 4 501 3 648518346341351424 108 0 5 0 541 3 648518346341351424 108 65 1 2 936748722493063834 9 1 2 936748722493063840 1 501 3 648518346341351424 108 0 3 0 
0.000000 0.000000 0.000000  2 2147484654 0 73 1 28  33 4 0 541 3 648518346341351424 108 0 501 3 648518346341351424 108 28 900 1 1513209474796486734 5 0 541 3 648518346341351424 108 24 2133 2 144115188075857105 1 1 2 936748722493063868 4 501 3 648518346341351424 108 0 5 0 541 3 648518346341351424 108 26 6 3 1224979098644774912 0 9 1775 2 144115188075857104 1224979098644774912 2120 3 1224979098644774913 14 1224979098644774912 569 3 144115188075857104 1224979098644774913 1 2133 2 144115188075857105 1 1 3 936748722493063867 1224979098644774912 4 3 0 501 3 648518346341351424 108 0 5 0 541 3 648518346341351424 108 27 1 2 936748722493063835 2 501 3 648518346341351424 108 0 5 0 541 3 648518346341351424 108 28 1 2 936748722493063835 5 501 3 648518346341351424 108 0 5 0 541 3 648518346341351424 108 65 1 2 936748722493063834 11 1 2 936748722493063839 1 501 3 648518346341351424 108 0 3 0 
0.000000 0.000000 0.000000  2 2147484654 0 71 1 65  28 4 0 541 3 648518346341351424 108 0 501 3 648518346341351424 108 65 900 1 1513209474796486734 5 0 541 3 648518346341351424 108 26 6 3 1224979098644774912 0 9 1775 2 144115188075857104 1224979098644774912 2120 3 1224979098644774913 14 1224979098644774912 569 3 144115188075857104 1224979098644774913 1 2133 2 144115188075857105 1 1 3 936748722493063867 1224979098644774912 5 3 0 501 3 648518346341351424 108 0 5 0 541 3 648518346341351424 108 27 1 2 936748722493063835 3 501 3 648518346341351424 108 0 5 0 541 3 648518346341351424 108 28 1 2 936748722493063835 6 501 3 648518346341351424 108 0 5 0 541 3 648518346341351424 108 65 1 2 936748722493063834 13 1 2 936748722493063838 1 501 3 648518346341351424 108 0 3 0 
0.000000 0.000000 0.000000  2 2147484654 0 71 1 66  10 4 0 541 3 648518346341351424 108 26 2133 2 144115188075857105 1 1 2 936748722493063868 2 501 3 648518346341351424 108 0 5 0 541 3 648518346341351424 108 27 1 2 936748722493063835 0 501 3 648518346341351424 108 0 3 0 
0.500000 0.000000 0.000000  1 1 2 936748722493063836 167  1 1 1 936748722493063841 
1.000000 0.000000 0.000000  1 1 2 936748722493063836 176  37 6 3 1224979098644774912 0 4 6 3 1224979098644774913 0 9 2120 3 1224979098644774914 176 1224979098644774913 569 3 1224979098644774912 1224979098644774914 1 529 3 1224979098644774915 1224979098644774912 1224979098644774914 2105 2 1224979098644774915 1 509 3 1224979098644774912 1224979098644774914 1224979098644774915 3 0 3 0 12 1 1224979098644774916 1707 1 1224979098644774916 565 3 1224979098644774916 43 1 1727 3 1224979098644774917 1224979098644774916 1 32 2 1224979098644774917 0 1770 2 1224979098644774912 1224979098644774916 1773 2 1224979098644774913 1224979098644774916 2120 3 1224979098644774914 176 1224979098644774913 529 3 1224979098644774915 1224979098644774912 1224979098644774914 525 3 1224979098644774918 1224979098644774916 43 4 0 31 2 1224979098644774918 8 2133 2 1224979098644774919 2 5 0 31 2 1224979098644774918 9 2133 2 1224979098644774919 5 3 0 1739 2 1224979098644774920 1224979098644774916 1073741855 2 1224979098644774920 1 31 2 1224979098644774920 3 2119 3 72057594037927936 1224979098644774915 1224979098644774919 4 0 31 2 72057594037927936 0 1745 3 1224979098644774916 0 0 5 0 1745 3 1224979098644774916 0 1 3 0 3 0 
1.000000 0.000000 100000000.000000  1 2147483679 2 144115188075856168 0  5 6 3 1224979098644774912 0 4 6 3 1224979098644774913 176 185 509 3 1224979098644774912 1224979098644774913 0 3 0 3 0 
0.000000 0.000000 3.000000  1 71 1 50  7 525 3 1224979098644774912 144115188075857103 41 32 2 1224979098644774912 0 1750 2 144115188075857103 1152921504606847104 1106 1 1585267068834415372 1702 1 1224979098644774912 1710 2 1 144115188075857103 1730 3 1224979098644774912 1 0 
0.000000 0.000000 100000000.000000  0  7 12 1 1224979098644774912 1704 1 1224979098644774912 1718 2 1224979098644774913 1224979098644774912 1507 1 1224979098644774913 1515 2 1224979098644774914 1224979098644774913 500 3 1224979098644774913 329 1224979098644774914 3 0 
1.000000 0.000000 0.000000  0  41 1700 1 1224979098644774912 12 1 1224979098644774913 1704 1 1224979098644774913 1718 2 1224979098644774914 1224979098644774913 1507 1 1224979098644774914 1515 2 1224979098644774915 1224979098644774914 520 3 1224979098644774916 1224979098644774914 329 32 2 1224979098644774915 1224979098644774916 2121 3 1224979098644774917 1224979098644774915 1224979098644774916 2172 3 1224979098644774918 1224979098644774914 2 2122 3 1224979098644774919 1224979098644774918 3 2107 2 1224979098644774919 1224979098644774917 2108 2 1224979098644774919 100 1107 1 0 1062 2 1224979098644774919 1224979098644774914 1107 1 1 4 0 31 2 1224979098644774913 1224979098644774912 32 2 1224979098644774919 0 31 2 144115188075857164 1 2133 2 72057594037927937 1224979098644774919 1106 1 1585267068834415374 3 0 1515 2 1224979098644774920 1224979098644774914 500 3 1224979098644774914 329 1224979098644774920 2121 3 1224979098644774921 1224979098644774920 1224979098644774916 2170 3 1224979098644774922 27 1224979098644774914 2105 2 1224979098644774922 10 2107 2 1224979098644774921 1224979098644774922 2108 2 1224979098644774921 20 2108 2 1224979098644774921 100 32 2 1224979098644774921 0 1525 2 1224979098644774914 1224979098644774921 4 0 31 2 1224979098644774913 1224979098644774912 31 2 144115188075857164 1 2133 2 72057594037927937 1224979098644774921 2121 3 72057594037927938 72057594037927937 1 1106 1 1585267068834415375 3 0 3 0 
1.000000 0.000000 0.000000  0  11 1700 1 1224979098644774912 12 1 1224979098644774913 2147483679 2 1224979098644774913 1224979098644774912 1702 1 1224979098644774913 1704 1 1224979098644774913 1727 2 1224979098644774914 1224979098644774913 545 3 1224979098644774913 26 0 2147483680 2 1224979098644774914 1 1728 1 1224979098644774913 505 3 1224979098644774913 26 1 3 0 
0.000000 0.000000 0.000000  0  11 4 0 70 1 29 71 1 30 1700 1 1224979098644774912 1728 1 1224979098644774912 5 0 70 1 56 71 1 30 12 1 1224979098644774913 1728 1 1224979098644774913 3 0 
-19.000000 0.000000 0.000000  0  1 1 1 936748722493063765 
0.000000 0.000000 100000000.000000  1 2147483679 2 144115188075856169 360287970189639680  5 2120 3 1224979098644774912 6 1 6 3 1224979098644774913 0 1224979098644774912 2176 3 1224979098644774914 144115188075856169 1224979098644774913 507 3 1224979098644774913 68 1224979098644774914 3 0 
1.000000 0.000000 0.000000  1 2147483679 2 144115188075856169 360287970189639680  17 2322 2 1 144115188075856169 2120 3 1224979098644774912 6 1 6 3 1224979098644774913 0 1224979098644774912 2176 3 1224979098644774914 144115188075856169 1224979098644774913 527 3 1224979098644774915 1224979098644774913 68 32 2 1224979098644774914 1224979098644774915 2121 3 1224979098644774916 1224979098644774914 1224979098644774915 2133 2 72057594037927938 1224979098644774916 2106 2 1224979098644774916 1 2133 2 72057594037927939 1224979098644774916 2133 2 72057594037927937 1224979098644774914 2121 3 1224979098644774917 1224979098644774913 0 2105 2 1224979098644774917 216172782113787044 2320 2 2 1224979098644774917 1106 2 1585267068834415376 15658496 507 3 1224979098644774913 68 1224979098644774914 3 0 
0.000000 0.000000 0.000000  0  11 1700 1 1224979098644774912 1710 2 2 1224979098644774912 4 0 1726 3 1224979098644774913 1224979098644774912 1 31 2 1224979098644774913 288230376151712268 71 1 34 721 2 2 50 1970 1 2 1974 1 1080863910568920066 1774 2 1224979098644774912 288230376151712268 3 0 


mst_besiege_inner_battle_town_center besiege_inner_battle_town_center 2  -1
You_attack_the_walls_of_the_castle... 

8 0 33562752 256 16 25 0  
2 33558592 256 16 5 0  
23 33558592 256 16 5 0  
24 33558592 256 16 5 0  
25 33558592 256 16 5 0  
26 33558592 256 16 5 0  
27 33558592 256 16 5 0  
28 33558592 256 16 5 0  
55
-19.000000 0.000000 0.000000  0  1 1 1 936748722493063507 
-21.000000 0.000000 0.000000  0  23 4 0 31 2 144115188075856297 1 1 1 936748722493063589 1907 1 0 5 0 521 3 1224979098644774912 648518346341351424 380 30 2 1224979098644774912 1 1106 1 216172782113783948 5 0 541 3 648518346341351424 85 1 1073742830 0 31 2 144115188075856292 1 2320 2 5 216172782113784210 1 4 936748722493063487 5 20 0 1 1 936748722493063589 1906 1 -1 1907 1 0 5 0 1 1 936748722493063389 1121 1 216172782113783944 5 0 1106 1 216172782113783948 3 0 
-25.000000 0.000000 0.000000  0  3 2071 1 1224979098644774912 1718 2 1224979098644774913 1224979098644774912 1 4 936748722493063580 1729382256910270468 1224979098644774912 1224979098644774913 
-8.000000 0.000000 0.000000  0  9 2071 1 1224979098644774912 31 2 1224979098644774912 0 2133 2 144115188075856292 0 2320 2 5 216172782113784210 1 4 936748722493063487 5 20 0 2133 2 144115188075856168 -1 1906 1 -1 1 1 936748722493063589 1907 1 0 
0.000000 0.000000 100000000.000000  0  2 2133 2 144115188075856297 0 1 2 936748722493063651 4096 
0.000000 0.000000 100000000.000000  4 2133 2 144115188075856302 0 2133 2 144115188075856303 1 2133 2 144115188075856304 2 2133 2 144115188075856305 3  0 
2.000000 0.000000 0.000000  0  1 1 1 936748722493063486 
5.000000 60.000000 100000000.000000  10 2370 1 72057594037927937 30 2 72057594037927937 10 1003 1 5 1073742365 3 648518346341351424 85 1 2147484654 1 0 1906 1 1 1106 1 216172782113783827 2133 2 144115188075856297 1 2133 2 144115188075856168 1 1 1 936748722493063653  2 1 1 936748722493063589 1907 1 1 
10.000000 0.000000 0.000000  0  2 31 2 144115188075856297 1 1106 1 216172782113783827 
1.000000 4.000000 0.000000  1 1006 0  30 2133 2 144115188075856292 1 4 0 541 3 648518346341351424 85 1 2133 2 1224979098644774912 0 12 1 1224979098644774913 1706 1 1224979098644774913 1702 1 1224979098644774913 2105 2 1224979098644774912 1 3 0 32 2 1224979098644774912 0 4 0 2147483679 2 144115188075857106 1 1106 1 1585267068834415378 2133 2 144115188075857106 1 2133 2 144115188075857107 2 1 1 936748722493063843 2001 1 1 541 3 648518346341351424 86 1 1107 1 0 1790 3 144115188075857104 9 2 1107 1 1 3 0 5 0 2320 2 5 216172782113784210 1 4 936748722493063487 5 20 0 2133 2 144115188075856168 -1 1906 1 -1 1 1 936748722493063589 1907 1 0 3 0 
0.000000 0.000000 100000000.000000  0  2 2147484551 1 1513209474796486703 900 1 1513209474796486703 
0.000000 0.000000 0.000000  0  15 4 0 2147484551 1 1513209474796486694 2147484551 1 1513209474796486703 2147484551 1 1513209474796486734 900 1 1513209474796486703 3 0 4 0 903 1 1513209474796486694 1 1 936748722493063538 5 0 903 1 1513209474796486703 1 1 936748722493063790 31 2 144115188075857173 1 1 1 936748722493063788 3 0 
-22.000000 0.000000 0.000000  0  1 1106 1 216172782113783918 
0.000000 0.000000 100000000.000000  16 2147483679 2 144115188075856169 360287970189639680 2175 2 144115188075857108 360287970189639680 2147485156 1 360287970189639680 1700 1 1224979098644774912 30 2 1224979098644774912 0 1770 2 1224979098644774913 1224979098644774912 1710 2 49 1224979098644774912 720 2 49 -100 1970 1 49 1541 3 1224979098644774914 360287970189639680 8 1542 3 1224979098644774915 360287970189639680 8 1543 3 360287970189639680 8 -1 1972 1 360287970189639680 1771 2 72057594037927936 1224979098644774913 1543 3 360287970189639680 8 1224979098644774914 1544 3 360287970189639680 8 1224979098644774915  0 
0.000000 0.000000 100000000.000000  2 1700 1 144115188075857109 32 2 144115188075857109 -1  12 2133 2 144115188075857107 0 2133 2 144115188075857110 0 2133 2 144115188075857106 -1 2133 2 144115188075857111 0 2133 2 144115188075856292 0 2133 2 144115188075857112 500 2133 2 144115188075857113 375 2133 2 144115188075857114 144115188075857112 2133 2 144115188075857115 144115188075857113 2133 2 144115188075857116 0 31 2 144115188075857185 0 1 1 936748722493063842 
0.000000 0.000000 0.000000  3 1006 0 31 2 144115188075857111 0 31 2 144115188075857107 2  12 1710 2 1 144115188075857103 726 2 1224979098644774912 1 727 2 1224979098644774913 1 701 1 47 729 2 47 1224979098644774912 730 2 47 1224979098644774913 791 1 47 722 2 47 250 2001 3 1 0 0 2011 1 47 2133 2 144115188075857117 0 2133 2 144115188075857111 1 
0.000000 0.000000 0.000000  10 31 2 144115188075857111 1 31 2 144115188075857107 2 1073741895 1 144115188075857179 1073741894 1 144115188075857179 1073741895 1 144115188075857180 1073741894 1 144115188075857180 1073741895 1 144115188075857181 1073741894 1 144115188075857181 1073741895 1 144115188075857182 70 1 144115188075857182  26 2010 1 47 2133 2 1224979098644774912 0 2133 2 1224979098644774913 0 4 0 1073741895 1 144115188075857179 70 1 144115188075857179 2133 2 1224979098644774913 10 3 0 4 0 1073741895 1 144115188075857180 70 1 144115188075857180 2133 2 1224979098644774913 -10 3 0 4 0 1073741895 1 144115188075857181 70 1 144115188075857181 2133 2 1224979098644774912 -10 3 0 4 0 1073741895 1 144115188075857182 70 1 144115188075857182 2133 2 1224979098644774912 10 3 0 720 2 47 1224979098644774912 721 2 47 1224979098644774913 2011 1 47 
0.000000 0.000000 0.000000  9 31 2 144115188075857111 1 31 2 144115188075857107 2 2147484551 1 1513209474796486694 75 1 1 2124 1 1000 726 2 72057594037927937 1 727 2 72057594037927938 1 3221225503 2 72057594037927937 144115188075857112 2147483679 2 72057594037927938 144115188075857113  53 2133 2 1224979098644774912 1 4 0 31 2 72057594037927937 144115188075857114 31 2 72057594037927938 144115188075857115 2105 2 144115188075857116 1 4 0 32 2 144115188075857116 50 2133 2 144115188075857112 72057594037927937 2133 2 144115188075857113 72057594037927938 2133 2 144115188075857116 0 3 0 2133 2 1224979098644774912 0 3 0 31 2 1224979098644774912 1 2133 2 144115188075857116 0 2133 2 144115188075857114 72057594037927937 2133 2 144115188075857115 72057594037927938 2010 1 47 2121 3 1224979098644774913 144115188075857112 72057594037927937 2121 3 1224979098644774914 72057594037927938 144115188075857113 6 3 1224979098644774915 0 2 4 0 31 2 1224979098644774915 1 2133 2 1224979098644774913 1224979098644774914 3 0 3221225502 2 1224979098644774913 -2 32 2 1224979098644774913 2 2133 2 1224979098644774916 1 4 0 2147483678 2 1224979098644774913 0 2133 2 1224979098644774916 -1 3 0 2113 1 1224979098644774913 2106 2 1224979098644774913 2 2130 1 1224979098644774913 2125 2 1224979098644774913 1224979098644774913 2131 1 1224979098644774913 2112 3 1224979098644774913 1 6 2107 2 1224979098644774913 1224979098644774916 4 0 31 2 1224979098644774915 0 2122 3 1224979098644774917 144115188075857117 -1 723 2 47 1224979098644774917 725 2 47 1224979098644774913 723 2 47 144115188075857117 3 0 4 0 31 2 1224979098644774915 1 723 2 47 1224979098644774913 2105 2 144115188075857117 1224979098644774913 3 0 3 0 2011 1 47 
0.000000 0.000000 0.000000  2 31 2 144115188075857111 0 31 2 144115188075857107 1  32 2124 1 100 1709 2 7 144115188075857109 742 2 1224979098644774912 7 2121 3 1224979098644774913 0 1224979098644774912 723 2 7 1224979098644774913 4 0 31 2 144115188075857106 -1 2112 3 144115188075857120 -1000 1000 2112 3 144115188075857119 -1000 1000 2110 2 144115188075857118 1000 3 0 721 2 7 144115188075857119 722 2 7 144115188075857118 720 2 7 144115188075857120 1714 2 1224979098644774914 144115188075857109 4 0 30 2 1224979098644774914 0 722 2 7 80 3 0 2122 3 1224979098644774913 -1 144115188075857119 2143 3 1224979098644774915 144115188075857118 1224979098644774913 2131 1 1224979098644774915 2106 2 1224979098644774912 1224979098644774915 723 2 7 1224979098644774912 2012 3 7 100 0 4 0 2147484654 0 1073741897 1 20 73 1 21 2001 1 0 2133 2 144115188075857107 0 3 0 
0.000000 0.000000 0.000000  3 71 1 144115188075857185 2147483678 2 144115188075857107 3 2147483679 2 144115188075857110 1  38 4 0 31 2 144115188075857107 0 2133 2 144115188075857107 1 2133 2 144115188075857118 300 2133 2 144115188075857119 -1000 2133 2 144115188075857120 0 5 0 31 2 144115188075857107 1 4 0 31 2 144115188075857106 -1 4 0 2147484654 1 0 1700 1 144115188075857109 3 0 2133 2 144115188075857107 0 5 0 2133 2 144115188075857107 2 3 0 5 0 31 2 144115188075857107 2 4 0 30 2 144115188075857106 0 2133 2 144115188075857107 1 2133 2 144115188075857118 300 2133 2 144115188075857119 -1000 2133 2 144115188075857120 0 2133 2 144115188075857111 0 5 0 2133 2 144115188075857107 0 3 0 3 0 900 1 1513209474796486735 4 0 31 2 144115188075857107 0 2001 1 0 5 0 2001 1 1 3 0 
0.000000 0.000000 0.000000  2 70 1 144115188075857182 31 2 144115188075857107 1  3 2105 2 144115188075857120 1 2147483718 1 42 2105 2 144115188075857120 9 
0.000000 0.000000 0.000000  2 70 1 144115188075857181 31 2 144115188075857107 1  3 2106 2 144115188075857120 1 2147483718 1 42 2106 2 144115188075857120 9 
0.000000 0.000000 0.000000  2 70 1 144115188075857179 31 2 144115188075857107 1  3 2105 2 144115188075857119 1 2147483718 1 42 2105 2 144115188075857119 9 
0.000000 0.000000 0.000000  2 70 1 144115188075857180 31 2 144115188075857107 1  3 2106 2 144115188075857119 1 2147483718 1 42 2106 2 144115188075857119 9 
0.000000 0.000000 0.000000  2 70 1 144115188075857183 31 2 144115188075857107 1  3 2105 2 144115188075857118 1 2147483718 1 42 2105 2 144115188075857118 9 
0.000000 0.000000 0.000000  2 70 1 144115188075857184 31 2 144115188075857107 1  4 2106 2 144115188075857118 1 2147483718 1 42 2106 2 144115188075857118 9 2111 2 144115188075857118 50 
0.000000 0.000000 0.000000  3 71 1 144115188075857186 31 2 144115188075857107 1 30 2 144115188075857106 1  1 1 1 936748722493063843 
0.000000 0.000000 0.000000  3 71 1 144115188075857187 31 2 144115188075857107 1 30 2 144115188075857106 1  1 1 1 936748722493063844 
0.000000 0.000000 0.000000  3 2147484654 0 70 1 224 31 2 144115188075857107 1  10 31 2 144115188075857103 144115188075857109 1702 1 144115188075857103 1726 3 1224979098644774912 144115188075857109 0 30 2 1224979098644774912 0 1570 2 1224979098644774913 1224979098644774912 1073741855 2 1224979098644774913 8 1073741855 2 1224979098644774913 9 31 2 1224979098644774913 10 2133 2 144115188075857110 1 2001 1 0 
0.000000 0.000000 0.000000  3 2147484654 0 2147483718 1 224 31 2 144115188075857110 1  2 2133 2 144115188075857110 0 2001 1 1 
0.000000 0.000000 100000000.000000  0  5 1700 1 144115188075857103 1770 2 144115188075857104 144115188075857103 1714 2 1224979098644774912 144115188075857103 30 2 1224979098644774912 0 505 3 144115188075857103 41 1224979098644774912 
-19.000000 0.000000 100000000.000000  0  11 501 3 648518346341351424 108 0 501 3 648518346341351433 108 0 501 3 2 108 0 6 3 1224979098644774912 0 4 6 3 1224979098644774913 149 167 509 3 1224979098644774912 1224979098644774913 -1 3 0 3 0 541 3 648518346341351424 72 0 1 1 936748722493063830 501 3 648518346341351424 72 1 
0.000000 0.000000 0.000000  13 2147484654 0 1073741897 1 30 1073741897 1 31 1073741897 1 32 1073741897 1 33 1073741897 1 34 1073741897 1 35 1073741897 1 36 1073741897 1 37 1073741897 1 38 1073741897 1 29 1073741897 1 39 73 1 40  2 501 3 648518346341351424 108 0 900 1 1513209474796486734 
-23.000000 0.000000 0.000000  0  3 501 3 648518346341351424 108 0 903 1 1513209474796486734 902 1 0 
0.000000 0.000000 0.000000  2 2147484654 0 71 1 67  6 2147484189 3 648518346341351424 108 23 2147484189 3 648518346341351424 108 24 2147484189 3 648518346341351424 108 25 903 1 1513209474796486734 902 1 0 501 3 648518346341351424 108 0 
0.000000 0.000000 0.000000  2 2147484654 0 73 1 23  20 4 0 2147484189 3 648518346341351424 108 23 2147484189 3 648518346341351424 108 24 2147484189 3 648518346341351424 108 25 501 3 648518346341351424 108 23 5 0 541 3 648518346341351424 108 23 2133 2 144115188075857105 1 1 2 936748722493063868 0 501 3 648518346341351424 108 0 5 0 541 3 648518346341351424 108 24 2133 2 144115188075857105 1 1 2 936748722493063868 5 501 3 648518346341351424 108 0 5 0 541 3 648518346341351424 108 25 1 2 936748722493063839 0 501 3 648518346341351424 108 0 3 0 
0.000000 0.000000 0.000000  2 2147484654 0 73 1 24  20 4 0 2147484189 3 648518346341351424 108 23 2147484189 3 648518346341351424 108 24 2147484189 3 648518346341351424 108 25 501 3 648518346341351424 108 24 5 0 541 3 648518346341351424 108 23 2133 2 144115188075857105 1 1 2 936748722493063868 1 501 3 648518346341351424 108 0 5 0 541 3 648518346341351424 108 24 2133 2 144115188075857105 1 1 2 936748722493063868 6 501 3 648518346341351424 108 0 5 0 541 3 648518346341351424 108 25 1 2 936748722493063839 0 501 3 648518346341351424 108 0 3 0 
0.000000 0.000000 0.000000  2 2147484654 0 73 1 25  19 4 0 2147484189 3 648518346341351424 108 23 2147484189 3 648518346341351424 108 24 2147484189 3 648518346341351424 108 25 501 3 648518346341351424 108 25 5 0 541 3 648518346341351424 108 23 2133 2 144115188075857105 1 1 2 936748722493063868 2 501 3 648518346341351424 108 0 5 0 541 3 648518346341351424 108 24 2133 2 144115188075857105 1 1 2 936748722493063868 8 501 3 648518346341351424 108 0 5 0 541 3 648518346341351424 108 25 501 3 648518346341351424 108 0 3 0 
0.000000 0.000000 0.000000  2 2147484654 0 73 1 26  35 4 0 541 3 648518346341351424 108 0 1073741855 2 144115188075856193 864691128455135276 31 2 144115188075856193 864691128455135287 501 3 648518346341351424 108 26 900 1 1513209474796486734 5 0 541 3 648518346341351424 108 23 2133 2 144115188075857105 1 1 2 936748722493063868 11 501 3 648518346341351424 108 0 5 0 541 3 648518346341351424 108 24 2133 2 144115188075857105 1 1 2 936748722493063868 7 501 3 648518346341351424 108 0 5 0 541 3 648518346341351424 108 25 1 3 936748722493063833 -1 144115188075857104 501 3 648518346341351424 108 0 5 0 541 3 648518346341351424 108 26 6 3 1224979098644774912 0 9 1775 2 144115188075857104 1224979098644774912 2120 3 1224979098644774913 14 1224979098644774912 569 3 144115188075857104 1224979098644774913 1 2133 2 144115188075857105 1 1 3 936748722493063867 1224979098644774912 2 3 0 501 3 648518346341351424 108 0 5 0 541 3 648518346341351424 108 65 1 1 936748722493063837 501 3 648518346341351424 108 0 3 0 
0.000000 0.000000 0.000000  2 2147484654 0 73 1 27  36 4 0 541 3 648518346341351424 108 0 501 3 648518346341351424 108 27 900 1 1513209474796486734 5 0 541 3 648518346341351424 108 23 2133 2 144115188075857105 1 1 2 936748722493063868 14 501 3 648518346341351424 108 0 5 0 541 3 648518346341351424 108 24 501 3 648518346341351424 108 0 5 0 541 3 648518346341351424 108 26 6 3 1224979098644774912 0 9 1775 2 144115188075857104 1224979098644774912 2120 3 1224979098644774913 14 1224979098644774912 569 3 144115188075857104 1224979098644774913 1 2133 2 144115188075857105 1 1 3 936748722493063867 1224979098644774912 3 3 0 501 3 648518346341351424 108 0 5 0 541 3 648518346341351424 108 27 1 2 936748722493063835 1 501 3 648518346341351424 108 0 5 0 541 3 648518346341351424 108 28 1 2 936748722493063835 4 501 3 648518346341351424 108 0 5 0 541 3 648518346341351424 108 65 1 2 936748722493063834 9 1 2 936748722493063840 1 501 3 648518346341351424 108 0 3 0 
0.000000 0.000000 0.000000  2 2147484654 0 73 1 28  33 4 0 541 3 648518346341351424 108 0 501 3 648518346341351424 108 28 900 1 1513209474796486734 5 0 541 3 648518346341351424 108 24 2133 2 144115188075857105 1 1 2 936748722493063868 4 501 3 648518346341351424 108 0 5 0 541 3 648518346341351424 108 26 6 3 1224979098644774912 0 9 1775 2 144115188075857104 1224979098644774912 2120 3 1224979098644774913 14 1224979098644774912 569 3 144115188075857104 1224979098644774913 1 2133 2 144115188075857105 1 1 3 936748722493063867 1224979098644774912 4 3 0 501 3 648518346341351424 108 0 5 0 541 3 648518346341351424 108 27 1 2 936748722493063835 2 501 3 648518346341351424 108 0 5 0 541 3 648518346341351424 108 28 1 2 936748722493063835 5 501 3 648518346341351424 108 0 5 0 541 3 648518346341351424 108 65 1 2 936748722493063834 11 1 2 936748722493063839 1 501 3 648518346341351424 108 0 3 0 
0.000000 0.000000 0.000000  2 2147484654 0 71 1 65  28 4 0 541 3 648518346341351424 108 0 501 3 648518346341351424 108 65 900 1 1513209474796486734 5 0 541 3 648518346341351424 108 26 6 3 1224979098644774912 0 9 1775 2 144115188075857104 1224979098644774912 2120 3 1224979098644774913 14 1224979098644774912 569 3 144115188075857104 1224979098644774913 1 2133 2 144115188075857105 1 1 3 936748722493063867 1224979098644774912 5 3 0 501 3 648518346341351424 108 0 5 0 541 3 648518346341351424 108 27 1 2 936748722493063835 3 501 3 648518346341351424 108 0 5 0 541 3 648518346341351424 108 28 1 2 936748722493063835 6 501 3 648518346341351424 108 0 5 0 541 3 648518346341351424 108 65 1 2 936748722493063834 13 1 2 936748722493063838 1 501 3 648518346341351424 108 0 3 0 
0.000000 0.000000 0.000000  2 2147484654 0 71 1 66  10 4 0 541 3 648518346341351424 108 26 2133 2 144115188075857105 1 1 2 936748722493063868 2 501 3 648518346341351424 108 0 5 0 541 3 648518346341351424 108 27 1 2 936748722493063835 0 501 3 648518346341351424 108 0 3 0 
0.500000 0.000000 0.000000  1 1 2 936748722493063836 167  1 1 1 936748722493063841 
1.000000 0.000000 0.000000  1 1 2 936748722493063836 176  37 6 3 1224979098644774912 0 4 6 3 1224979098644774913 0 9 2120 3 1224979098644774914 176 1224979098644774913 569 3 1224979098644774912 1224979098644774914 1 529 3 1224979098644774915 1224979098644774912 1224979098644774914 2105 2 1224979098644774915 1 509 3 1224979098644774912 1224979098644774914 1224979098644774915 3 0 3 0 12 1 1224979098644774916 1707 1 1224979098644774916 565 3 1224979098644774916 43 1 1727 3 1224979098644774917 1224979098644774916 1 32 2 1224979098644774917 0 1770 2 1224979098644774912 1224979098644774916 1773 2 1224979098644774913 1224979098644774916 2120 3 1224979098644774914 176 1224979098644774913 529 3 1224979098644774915 1224979098644774912 1224979098644774914 525 3 1224979098644774918 1224979098644774916 43 4 0 31 2 1224979098644774918 8 2133 2 1224979098644774919 2 5 0 31 2 1224979098644774918 9 2133 2 1224979098644774919 5 3 0 1739 2 1224979098644774920 1224979098644774916 1073741855 2 1224979098644774920 1 31 2 1224979098644774920 3 2119 3 72057594037927936 1224979098644774915 1224979098644774919 4 0 31 2 72057594037927936 0 1745 3 1224979098644774916 0 0 5 0 1745 3 1224979098644774916 0 1 3 0 3 0 
1.000000 0.000000 100000000.000000  1 2147483679 2 144115188075856168 0  5 6 3 1224979098644774912 0 4 6 3 1224979098644774913 176 185 509 3 1224979098644774912 1224979098644774913 0 3 0 3 0 
0.000000 0.000000 3.000000  1 71 1 50  7 525 3 1224979098644774912 144115188075857103 41 32 2 1224979098644774912 0 1750 2 144115188075857103 1152921504606847104 1106 1 1585267068834415372 1702 1 1224979098644774912 1710 2 1 144115188075857103 1730 3 1224979098644774912 1 0 
0.000000 0.000000 100000000.000000  0  7 12 1 1224979098644774912 1704 1 1224979098644774912 1718 2 1224979098644774913 1224979098644774912 1507 1 1224979098644774913 1515 2 1224979098644774914 1224979098644774913 500 3 1224979098644774913 329 1224979098644774914 3 0 
1.000000 0.000000 0.000000  0  41 1700 1 1224979098644774912 12 1 1224979098644774913 1704 1 1224979098644774913 1718 2 1224979098644774914 1224979098644774913 1507 1 1224979098644774914 1515 2 1224979098644774915 1224979098644774914 520 3 1224979098644774916 1224979098644774914 329 32 2 1224979098644774915 1224979098644774916 2121 3 1224979098644774917 1224979098644774915 1224979098644774916 2172 3 1224979098644774918 1224979098644774914 2 2122 3 1224979098644774919 1224979098644774918 3 2107 2 1224979098644774919 1224979098644774917 2108 2 1224979098644774919 100 1107 1 0 1062 2 1224979098644774919 1224979098644774914 1107 1 1 4 0 31 2 1224979098644774913 1224979098644774912 32 2 1224979098644774919 0 31 2 144115188075857164 1 2133 2 72057594037927937 1224979098644774919 1106 1 1585267068834415374 3 0 1515 2 1224979098644774920 1224979098644774914 500 3 1224979098644774914 329 1224979098644774920 2121 3 1224979098644774921 1224979098644774920 1224979098644774916 2170 3 1224979098644774922 27 1224979098644774914 2105 2 1224979098644774922 10 2107 2 1224979098644774921 1224979098644774922 2108 2 1224979098644774921 20 2108 2 1224979098644774921 100 32 2 1224979098644774921 0 1525 2 1224979098644774914 1224979098644774921 4 0 31 2 1224979098644774913 1224979098644774912 31 2 144115188075857164 1 2133 2 72057594037927937 1224979098644774921 2121 3 72057594037927938 72057594037927937 1 1106 1 1585267068834415375 3 0 3 0 
1.000000 0.000000 0.000000  0  11 1700 1 1224979098644774912 12 1 1224979098644774913 2147483679 2 1224979098644774913 1224979098644774912 1702 1 1224979098644774913 1704 1 1224979098644774913 1727 2 1224979098644774914 1224979098644774913 545 3 1224979098644774913 26 0 2147483680 2 1224979098644774914 1 1728 1 1224979098644774913 505 3 1224979098644774913 26 1 3 0 
0.000000 0.000000 0.000000  0  11 4 0 70 1 29 71 1 30 1700 1 1224979098644774912 1728 1 1224979098644774912 5 0 70 1 56 71 1 30 12 1 1224979098644774913 1728 1 1224979098644774913 3 0 
-19.000000 0.000000 0.000000  0  1 1 1 936748722493063765 
0.000000 0.000000 100000000.000000  1 2147483679 2 144115188075856169 360287970189639680  5 2120 3 1224979098644774912 6 1 6 3 1224979098644774913 0 1224979098644774912 2176 3 1224979098644774914 144115188075856169 1224979098644774913 507 3 1224979098644774913 68 1224979098644774914 3 0 
1.000000 0.000000 0.000000  1 2147483679 2 144115188075856169 360287970189639680  17 2322 2 1 144115188075856169 2120 3 1224979098644774912 6 1 6 3 1224979098644774913 0 1224979098644774912 2176 3 1224979098644774914 144115188075856169 1224979098644774913 527 3 1224979098644774915 1224979098644774913 68 32 2 1224979098644774914 1224979098644774915 2121 3 1224979098644774916 1224979098644774914 1224979098644774915 2133 2 72057594037927938 1224979098644774916 2106 2 1224979098644774916 1 2133 2 72057594037927939 1224979098644774916 2133 2 72057594037927937 1224979098644774914 2121 3 1224979098644774917 1224979098644774913 0 2105 2 1224979098644774917 216172782113787044 2320 2 2 1224979098644774917 1106 2 1585267068834415376 15658496 507 3 1224979098644774913 68 1224979098644774914 3 0 
0.000000 0.000000 0.000000  0  11 1700 1 1224979098644774912 1710 2 2 1224979098644774912 4 0 1726 3 1224979098644774913 1224979098644774912 1 31 2 1224979098644774913 288230376151712268 71 1 34 721 2 2 50 1970 1 2 1974 1 1080863910568920066 1774 2 1224979098644774912 288230376151712268 3 0 


mst_castle_attack_walls_defenders_sally castle_attack_walls_defenders_sally 2  -1
You_attack_the_walls_of_the_castle... 

4 0 8320 256 16 12 0  
0 8320 256 16 0 0  
3 4160 256 16 12 0  
3 4160 256 16 0 0  
74
-25.000000 0.000000 0.000000  0  2 2071 1 1224979098644774912 1 2 936748722493063549 1224979098644774912 
-19.000000 0.000000 0.000000  0  4 1796 3 0 2 1 1796 3 1 3 1 1 1 936748722493063507 1 1 936748722493063508 
-21.000000 0.000000 0.000000  0  23 4 0 31 2 144115188075856297 1 1 1 936748722493063589 1907 1 0 5 0 521 3 1224979098644774912 648518346341351424 380 30 2 1224979098644774912 1 1106 1 216172782113783948 5 0 541 3 648518346341351424 85 1 1073742830 0 31 2 144115188075856292 1 2320 2 5 216172782113784210 1 4 936748722493063487 5 20 0 1 1 936748722493063589 1906 1 -1 1907 1 0 5 0 1 1 936748722493063389 1121 1 216172782113783944 5 0 1106 1 216172782113783948 3 0 
-25.000000 0.000000 0.000000  0  3 2071 1 1224979098644774912 1718 2 1224979098644774913 1224979098644774912 1 4 936748722493063580 1729382256910270468 1224979098644774912 1224979098644774913 
-26.000000 0.000000 0.000000  0  17 2071 1 1224979098644774912 2072 1 1224979098644774913 2073 1 1224979098644774914 4 0 30 2 1224979098644774912 0 2147485354 1 1224979098644774912 1704 1 1224979098644774912 1718 2 1224979098644774915 1224979098644774912 2322 2 6 1224979098644774915 2133 2 72057594037927936 1224979098644774912 2133 2 72057594037927937 1224979098644774913 2133 2 72057594037927938 1224979098644774914 1770 2 72057594037927939 1224979098644774912 1610 3 648518346341351442 1224979098644774915 1 31 2 1224979098644774914 1 1618 3 648518346341351442 1224979098644774915 1 3 0 
-8.000000 0.000000 0.000000  0  7 2071 1 1224979098644774912 31 2 1224979098644774912 0 2133 2 144115188075856292 0 2320 2 5 216172782113784210 1 4 936748722493063487 5 20 0 1 1 936748722493063589 1907 1 0 
0.000000 0.000000 100000000.000000  0  2 2133 2 144115188075856297 0 1 1 936748722493063652 
30.000000 0.000000 0.000000  0  1 1 1 936748722493063652 
2.000000 0.000000 0.000000  0  1 1 1 936748722493063486 
1.000000 60.000000 100000000.000000  11 2370 1 72057594037927937 30 2 72057594037927937 10 1003 1 2 2147484654 1 0 1906 1 1 1106 1 216172782113783827 2133 2 144115188075856297 1 2133 2 144115188075856168 1 2133 2 144115188075856226 1 2133 2 144115188075856225 1 1 1 936748722493063653  2 1 1 936748722493063589 1907 1 1 
10.000000 0.000000 0.000000  0  2 31 2 144115188075856297 1 1106 1 216172782113783827 
1.000000 4.000000 0.000000  1 1006 0  30 2133 2 144115188075856292 1 4 0 541 3 648518346341351424 85 1 2133 2 1224979098644774912 0 12 1 1224979098644774913 1706 1 1224979098644774913 1702 1 1224979098644774913 2105 2 1224979098644774912 1 3 0 32 2 1224979098644774912 0 4 0 2147483679 2 144115188075857106 1 1106 1 1585267068834415378 2133 2 144115188075857106 1 2133 2 144115188075857107 2 1 1 936748722493063843 2001 1 1 541 3 648518346341351424 86 1 1107 1 0 1790 3 144115188075857104 9 2 1107 1 1 3 0 5 0 2320 2 5 216172782113784210 1 4 936748722493063487 5 20 0 2133 2 144115188075856168 -1 1906 1 -1 1 1 936748722493063589 1907 1 0 3 0 
0.000000 0.000000 100000000.000000  0  2 2147484551 1 1513209474796486703 900 1 1513209474796486703 
0.000000 0.000000 0.000000  0  15 4 0 2147484551 1 1513209474796486694 2147484551 1 1513209474796486703 2147484551 1 1513209474796486734 900 1 1513209474796486703 3 0 4 0 903 1 1513209474796486694 1 1 936748722493063538 5 0 903 1 1513209474796486703 1 1 936748722493063790 31 2 144115188075857173 1 1 1 936748722493063788 3 0 
-22.000000 0.000000 0.000000  0  1 1106 1 216172782113783918 
0.000000 0.000000 100000000.000000  16 2147483679 2 144115188075856169 360287970189639680 2175 2 144115188075857108 360287970189639680 2147485156 1 360287970189639680 1700 1 1224979098644774912 30 2 1224979098644774912 0 1770 2 1224979098644774913 1224979098644774912 1710 2 49 1224979098644774912 720 2 49 -100 1970 1 49 1541 3 1224979098644774914 360287970189639680 8 1542 3 1224979098644774915 360287970189639680 8 1543 3 360287970189639680 8 -1 1972 1 360287970189639680 1771 2 72057594037927936 1224979098644774913 1543 3 360287970189639680 8 1224979098644774914 1544 3 360287970189639680 8 1224979098644774915  0 
0.000000 0.000000 100000000.000000  2 1700 1 144115188075857109 32 2 144115188075857109 -1  12 2133 2 144115188075857107 0 2133 2 144115188075857110 0 2133 2 144115188075857106 -1 2133 2 144115188075857111 0 2133 2 144115188075856292 0 2133 2 144115188075857112 500 2133 2 144115188075857113 375 2133 2 144115188075857114 144115188075857112 2133 2 144115188075857115 144115188075857113 2133 2 144115188075857116 0 31 2 144115188075857185 0 1 1 936748722493063842 
0.000000 0.000000 0.000000  3 1006 0 31 2 144115188075857111 0 31 2 144115188075857107 2  12 1710 2 1 144115188075857103 726 2 1224979098644774912 1 727 2 1224979098644774913 1 701 1 47 729 2 47 1224979098644774912 730 2 47 1224979098644774913 791 1 47 722 2 47 250 2001 3 1 0 0 2011 1 47 2133 2 144115188075857117 0 2133 2 144115188075857111 1 
0.000000 0.000000 0.000000  10 31 2 144115188075857111 1 31 2 144115188075857107 2 1073741895 1 144115188075857179 1073741894 1 144115188075857179 1073741895 1 144115188075857180 1073741894 1 144115188075857180 1073741895 1 144115188075857181 1073741894 1 144115188075857181 1073741895 1 144115188075857182 70 1 144115188075857182  26 2010 1 47 2133 2 1224979098644774912 0 2133 2 1224979098644774913 0 4 0 1073741895 1 144115188075857179 70 1 144115188075857179 2133 2 1224979098644774913 10 3 0 4 0 1073741895 1 144115188075857180 70 1 144115188075857180 2133 2 1224979098644774913 -10 3 0 4 0 1073741895 1 144115188075857181 70 1 144115188075857181 2133 2 1224979098644774912 -10 3 0 4 0 1073741895 1 144115188075857182 70 1 144115188075857182 2133 2 1224979098644774912 10 3 0 720 2 47 1224979098644774912 721 2 47 1224979098644774913 2011 1 47 
0.000000 0.000000 0.000000  9 31 2 144115188075857111 1 31 2 144115188075857107 2 2147484551 1 1513209474796486694 75 1 1 2124 1 1000 726 2 72057594037927937 1 727 2 72057594037927938 1 3221225503 2 72057594037927937 144115188075857112 2147483679 2 72057594037927938 144115188075857113  53 2133 2 1224979098644774912 1 4 0 31 2 72057594037927937 144115188075857114 31 2 72057594037927938 144115188075857115 2105 2 144115188075857116 1 4 0 32 2 144115188075857116 50 2133 2 144115188075857112 72057594037927937 2133 2 144115188075857113 72057594037927938 2133 2 144115188075857116 0 3 0 2133 2 1224979098644774912 0 3 0 31 2 1224979098644774912 1 2133 2 144115188075857116 0 2133 2 144115188075857114 72057594037927937 2133 2 144115188075857115 72057594037927938 2010 1 47 2121 3 1224979098644774913 144115188075857112 72057594037927937 2121 3 1224979098644774914 72057594037927938 144115188075857113 6 3 1224979098644774915 0 2 4 0 31 2 1224979098644774915 1 2133 2 1224979098644774913 1224979098644774914 3 0 3221225502 2 1224979098644774913 -2 32 2 1224979098644774913 2 2133 2 1224979098644774916 1 4 0 2147483678 2 1224979098644774913 0 2133 2 1224979098644774916 -1 3 0 2113 1 1224979098644774913 2106 2 1224979098644774913 2 2130 1 1224979098644774913 2125 2 1224979098644774913 1224979098644774913 2131 1 1224979098644774913 2112 3 1224979098644774913 1 6 2107 2 1224979098644774913 1224979098644774916 4 0 31 2 1224979098644774915 0 2122 3 1224979098644774917 144115188075857117 -1 723 2 47 1224979098644774917 725 2 47 1224979098644774913 723 2 47 144115188075857117 3 0 4 0 31 2 1224979098644774915 1 723 2 47 1224979098644774913 2105 2 144115188075857117 1224979098644774913 3 0 3 0 2011 1 47 
0.000000 0.000000 0.000000  2 31 2 144115188075857111 0 31 2 144115188075857107 1  32 2124 1 100 1709 2 7 144115188075857109 742 2 1224979098644774912 7 2121 3 1224979098644774913 0 1224979098644774912 723 2 7 1224979098644774913 4 0 31 2 144115188075857106 -1 2112 3 144115188075857120 -1000 1000 2112 3 144115188075857119 -1000 1000 2110 2 144115188075857118 1000 3 0 721 2 7 144115188075857119 722 2 7 144115188075857118 720 2 7 144115188075857120 1714 2 1224979098644774914 144115188075857109 4 0 30 2 1224979098644774914 0 722 2 7 80 3 0 2122 3 1224979098644774913 -1 144115188075857119 2143 3 1224979098644774915 144115188075857118 1224979098644774913 2131 1 1224979098644774915 2106 2 1224979098644774912 1224979098644774915 723 2 7 1224979098644774912 2012 3 7 100 0 4 0 2147484654 0 1073741897 1 20 73 1 21 2001 1 0 2133 2 144115188075857107 0 3 0 
0.000000 0.000000 0.000000  3 71 1 144115188075857185 2147483678 2 144115188075857107 3 2147483679 2 144115188075857110 1  38 4 0 31 2 144115188075857107 0 2133 2 144115188075857107 1 2133 2 144115188075857118 300 2133 2 144115188075857119 -1000 2133 2 144115188075857120 0 5 0 31 2 144115188075857107 1 4 0 31 2 144115188075857106 -1 4 0 2147484654 1 0 1700 1 144115188075857109 3 0 2133 2 144115188075857107 0 5 0 2133 2 144115188075857107 2 3 0 5 0 31 2 144115188075857107 2 4 0 30 2 144115188075857106 0 2133 2 144115188075857107 1 2133 2 144115188075857118 300 2133 2 144115188075857119 -1000 2133 2 144115188075857120 0 2133 2 144115188075857111 0 5 0 2133 2 144115188075857107 0 3 0 3 0 900 1 1513209474796486735 4 0 31 2 144115188075857107 0 2001 1 0 5 0 2001 1 1 3 0 
0.000000 0.000000 0.000000  2 70 1 144115188075857182 31 2 144115188075857107 1  3 2105 2 144115188075857120 1 2147483718 1 42 2105 2 144115188075857120 9 
0.000000 0.000000 0.000000  2 70 1 144115188075857181 31 2 144115188075857107 1  3 2106 2 144115188075857120 1 2147483718 1 42 2106 2 144115188075857120 9 
0.000000 0.000000 0.000000  2 70 1 144115188075857179 31 2 144115188075857107 1  3 2105 2 144115188075857119 1 2147483718 1 42 2105 2 144115188075857119 9 
0.000000 0.000000 0.000000  2 70 1 144115188075857180 31 2 144115188075857107 1  3 2106 2 144115188075857119 1 2147483718 1 42 2106 2 144115188075857119 9 
0.000000 0.000000 0.000000  2 70 1 144115188075857183 31 2 144115188075857107 1  3 2105 2 144115188075857118 1 2147483718 1 42 2105 2 144115188075857118 9 
0.000000 0.000000 0.000000  2 70 1 144115188075857184 31 2 144115188075857107 1  4 2106 2 144115188075857118 1 2147483718 1 42 2106 2 144115188075857118 9 2111 2 144115188075857118 50 
0.000000 0.000000 0.000000  3 71 1 144115188075857186 31 2 144115188075857107 1 30 2 144115188075857106 1  1 1 1 936748722493063843 
0.000000 0.000000 0.000000  3 71 1 144115188075857187 31 2 144115188075857107 1 30 2 144115188075857106 1  1 1 1 936748722493063844 
0.000000 0.000000 0.000000  3 2147484654 0 70 1 224 31 2 144115188075857107 1  10 31 2 144115188075857103 144115188075857109 1702 1 144115188075857103 1726 3 1224979098644774912 144115188075857109 0 30 2 1224979098644774912 0 1570 2 1224979098644774913 1224979098644774912 1073741855 2 1224979098644774913 8 1073741855 2 1224979098644774913 9 31 2 1224979098644774913 10 2133 2 144115188075857110 1 2001 1 0 
0.000000 0.000000 0.000000  3 2147484654 0 2147483718 1 224 31 2 144115188075857110 1  2 2133 2 144115188075857110 0 2001 1 1 
0.000000 0.000000 100000000.000000  0  5 1700 1 144115188075857103 1770 2 144115188075857104 144115188075857103 1714 2 1224979098644774912 144115188075857103 30 2 1224979098644774912 0 505 3 144115188075857103 41 1224979098644774912 
-19.000000 0.000000 100000000.000000  0  11 501 3 648518346341351424 108 0 501 3 648518346341351433 108 0 501 3 2 108 0 6 3 1224979098644774912 0 4 6 3 1224979098644774913 149 167 509 3 1224979098644774912 1224979098644774913 -1 3 0 3 0 541 3 648518346341351424 72 0 1 1 936748722493063830 501 3 648518346341351424 72 1 
0.000000 0.000000 0.000000  13 2147484654 0 1073741897 1 30 1073741897 1 31 1073741897 1 32 1073741897 1 33 1073741897 1 34 1073741897 1 35 1073741897 1 36 1073741897 1 37 1073741897 1 38 1073741897 1 29 1073741897 1 39 73 1 40  2 501 3 648518346341351424 108 0 900 1 1513209474796486734 
-23.000000 0.000000 0.000000  0  3 501 3 648518346341351424 108 0 903 1 1513209474796486734 902 1 0 
0.000000 0.000000 0.000000  2 2147484654 0 71 1 67  6 2147484189 3 648518346341351424 108 23 2147484189 3 648518346341351424 108 24 2147484189 3 648518346341351424 108 25 903 1 1513209474796486734 902 1 0 501 3 648518346341351424 108 0 
0.000000 0.000000 0.000000  2 2147484654 0 73 1 23  20 4 0 2147484189 3 648518346341351424 108 23 2147484189 3 648518346341351424 108 24 2147484189 3 648518346341351424 108 25 501 3 648518346341351424 108 23 5 0 541 3 648518346341351424 108 23 2133 2 144115188075857105 1 1 2 936748722493063868 0 501 3 648518346341351424 108 0 5 0 541 3 648518346341351424 108 24 2133 2 144115188075857105 1 1 2 936748722493063868 5 501 3 648518346341351424 108 0 5 0 541 3 648518346341351424 108 25 1 2 936748722493063839 0 501 3 648518346341351424 108 0 3 0 
0.000000 0.000000 0.000000  2 2147484654 0 73 1 24  20 4 0 2147484189 3 648518346341351424 108 23 2147484189 3 648518346341351424 108 24 2147484189 3 648518346341351424 108 25 501 3 648518346341351424 108 24 5 0 541 3 648518346341351424 108 23 2133 2 144115188075857105 1 1 2 936748722493063868 1 501 3 648518346341351424 108 0 5 0 541 3 648518346341351424 108 24 2133 2 144115188075857105 1 1 2 936748722493063868 6 501 3 648518346341351424 108 0 5 0 541 3 648518346341351424 108 25 1 2 936748722493063839 0 501 3 648518346341351424 108 0 3 0 
0.000000 0.000000 0.000000  2 2147484654 0 73 1 25  19 4 0 2147484189 3 648518346341351424 108 23 2147484189 3 648518346341351424 108 24 2147484189 3 648518346341351424 108 25 501 3 648518346341351424 108 25 5 0 541 3 648518346341351424 108 23 2133 2 144115188075857105 1 1 2 936748722493063868 2 501 3 648518346341351424 108 0 5 0 541 3 648518346341351424 108 24 2133 2 144115188075857105 1 1 2 936748722493063868 8 501 3 648518346341351424 108 0 5 0 541 3 648518346341351424 108 25 501 3 648518346341351424 108 0 3 0 
0.000000 0.000000 0.000000  2 2147484654 0 73 1 26  35 4 0 541 3 648518346341351424 108 0 1073741855 2 144115188075856193 864691128455135276 31 2 144115188075856193 864691128455135287 501 3 648518346341351424 108 26 900 1 1513209474796486734 5 0 541 3 648518346341351424 108 23 2133 2 144115188075857105 1 1 2 936748722493063868 11 501 3 648518346341351424 108 0 5 0 541 3 648518346341351424 108 24 2133 2 144115188075857105 1 1 2 936748722493063868 7 501 3 648518346341351424 108 0 5 0 541 3 648518346341351424 108 25 1 3 936748722493063833 -1 144115188075857104 501 3 648518346341351424 108 0 5 0 541 3 648518346341351424 108 26 6 3 1224979098644774912 0 9 1775 2 144115188075857104 1224979098644774912 2120 3 1224979098644774913 14 1224979098644774912 569 3 144115188075857104 1224979098644774913 1 2133 2 144115188075857105 1 1 3 936748722493063867 1224979098644774912 2 3 0 501 3 648518346341351424 108 0 5 0 541 3 648518346341351424 108 65 1 1 936748722493063837 501 3 648518346341351424 108 0 3 0 
0.000000 0.000000 0.000000  2 2147484654 0 73 1 27  36 4 0 541 3 648518346341351424 108 0 501 3 648518346341351424 108 27 900 1 1513209474796486734 5 0 541 3 648518346341351424 108 23 2133 2 144115188075857105 1 1 2 936748722493063868 14 501 3 648518346341351424 108 0 5 0 541 3 648518346341351424 108 24 501 3 648518346341351424 108 0 5 0 541 3 648518346341351424 108 26 6 3 1224979098644774912 0 9 1775 2 144115188075857104 1224979098644774912 2120 3 1224979098644774913 14 1224979098644774912 569 3 144115188075857104 1224979098644774913 1 2133 2 144115188075857105 1 1 3 936748722493063867 1224979098644774912 3 3 0 501 3 648518346341351424 108 0 5 0 541 3 648518346341351424 108 27 1 2 936748722493063835 1 501 3 648518346341351424 108 0 5 0 541 3 648518346341351424 108 28 1 2 936748722493063835 4 501 3 648518346341351424 108 0 5 0 541 3 648518346341351424 108 65 1 2 936748722493063834 9 1 2 936748722493063840 1 501 3 648518346341351424 108 0 3 0 
0.000000 0.000000 0.000000  2 2147484654 0 73 1 28  33 4 0 541 3 648518346341351424 108 0 501 3 648518346341351424 108 28 900 1 1513209474796486734 5 0 541 3 648518346341351424 108 24 2133 2 144115188075857105 1 1 2 936748722493063868 4 501 3 648518346341351424 108 0 5 0 541 3 648518346341351424 108 26 6 3 1224979098644774912 0 9 1775 2 144115188075857104 1224979098644774912 2120 3 1224979098644774913 14 1224979098644774912 569 3 144115188075857104 1224979098644774913 1 2133 2 144115188075857105 1 1 3 936748722493063867 1224979098644774912 4 3 0 501 3 648518346341351424 108 0 5 0 541 3 648518346341351424 108 27 1 2 936748722493063835 2 501 3 648518346341351424 108 0 5 0 541 3 648518346341351424 108 28 1 2 936748722493063835 5 501 3 648518346341351424 108 0 5 0 541 3 648518346341351424 108 65 1 2 936748722493063834 11 1 2 936748722493063839 1 501 3 648518346341351424 108 0 3 0 
0.000000 0.000000 0.000000  2 2147484654 0 71 1 65  28 4 0 541 3 648518346341351424 108 0 501 3 648518346341351424 108 65 900 1 1513209474796486734 5 0 541 3 648518346341351424 108 26 6 3 1224979098644774912 0 9 1775 2 144115188075857104 1224979098644774912 2120 3 1224979098644774913 14 1224979098644774912 569 3 144115188075857104 1224979098644774913 1 2133 2 144115188075857105 1 1 3 936748722493063867 1224979098644774912 5 3 0 501 3 648518346341351424 108 0 5 0 541 3 648518346341351424 108 27 1 2 936748722493063835 3 501 3 648518346341351424 108 0 5 0 541 3 648518346341351424 108 28 1 2 936748722493063835 6 501 3 648518346341351424 108 0 5 0 541 3 648518346341351424 108 65 1 2 936748722493063834 13 1 2 936748722493063838 1 501 3 648518346341351424 108 0 3 0 
0.000000 0.000000 0.000000  2 2147484654 0 71 1 66  10 4 0 541 3 648518346341351424 108 26 2133 2 144115188075857105 1 1 2 936748722493063868 2 501 3 648518346341351424 108 0 5 0 541 3 648518346341351424 108 27 1 2 936748722493063835 0 501 3 648518346341351424 108 0 3 0 
0.500000 0.000000 0.000000  1 1 2 936748722493063836 167  1 1 1 936748722493063841 
1.000000 0.000000 0.000000  1 1 2 936748722493063836 176  37 6 3 1224979098644774912 0 4 6 3 1224979098644774913 0 9 2120 3 1224979098644774914 176 1224979098644774913 569 3 1224979098644774912 1224979098644774914 1 529 3 1224979098644774915 1224979098644774912 1224979098644774914 2105 2 1224979098644774915 1 509 3 1224979098644774912 1224979098644774914 1224979098644774915 3 0 3 0 12 1 1224979098644774916 1707 1 1224979098644774916 565 3 1224979098644774916 43 1 1727 3 1224979098644774917 1224979098644774916 1 32 2 1224979098644774917 0 1770 2 1224979098644774912 1224979098644774916 1773 2 1224979098644774913 1224979098644774916 2120 3 1224979098644774914 176 1224979098644774913 529 3 1224979098644774915 1224979098644774912 1224979098644774914 525 3 1224979098644774918 1224979098644774916 43 4 0 31 2 1224979098644774918 8 2133 2 1224979098644774919 2 5 0 31 2 1224979098644774918 9 2133 2 1224979098644774919 5 3 0 1739 2 1224979098644774920 1224979098644774916 1073741855 2 1224979098644774920 1 31 2 1224979098644774920 3 2119 3 72057594037927936 1224979098644774915 1224979098644774919 4 0 31 2 72057594037927936 0 1745 3 1224979098644774916 0 0 5 0 1745 3 1224979098644774916 0 1 3 0 3 0 
1.000000 0.000000 100000000.000000  1 2147483679 2 144115188075856168 0  5 6 3 1224979098644774912 0 4 6 3 1224979098644774913 176 185 509 3 1224979098644774912 1224979098644774913 0 3 0 3 0 
0.000000 0.000000 3.000000  1 71 1 50  7 525 3 1224979098644774912 144115188075857103 41 32 2 1224979098644774912 0 1750 2 144115188075857103 1152921504606847104 1106 1 1585267068834415372 1702 1 1224979098644774912 1710 2 1 144115188075857103 1730 3 1224979098644774912 1 0 
1.000000 0.000000 0.000000  0  27 31 2 144115188075857178 0 12 1 1224979098644774912 1702 1 1224979098644774912 1704 1 1224979098644774912 1714 2 1224979098644774913 1224979098644774912 4 0 30 2 1224979098644774913 0 1720 2 1224979098644774914 1224979098644774913 2121 3 1224979098644774915 100 1224979098644774914 4 0 2147483680 2 1224979098644774915 15 2108 2 1224979098644774915 2 2120 3 1224979098644774916 100 1224979098644774915 5 0 2107 2 1224979098644774915 2 2108 2 1224979098644774915 3 2121 3 1224979098644774916 115 1224979098644774915 3 0 1718 2 1224979098644774917 1224979098644774912 2170 3 1224979098644774918 24 1224979098644774917 2122 3 1224979098644774919 1224979098644774918 2 2105 2 1224979098644774919 100 2107 2 1224979098644774916 1224979098644774919 2108 2 1224979098644774916 100 1734 2 1224979098644774912 1224979098644774916 3 0 3 0 
1.000000 0.000000 100000000.000000  0  1 1 1 936748722493063832 
2.000000 0.000000 0.000000  3 1073742365 3 648518346341351424 78 1 1073742365 3 648518346341351424 79 1 541 3 648518346341351424 80 1  112 12 1 1224979098644774912 1702 1 1224979098644774912 1707 1 1224979098644774912 2133 2 1224979098644774913 -1 2133 2 1224979098644774914 -1 2133 2 1224979098644774915 0 2133 2 1224979098644774916 0 4 0 1770 2 1224979098644774917 1224979098644774912 31 2 1224979098644774917 144115188075857104 1773 2 1224979098644774918 1224979098644774912 1787 3 1224979098644774915 1224979098644774917 1224979098644774918 1784 3 1224979098644774916 1224979098644774917 1224979098644774918 2120 3 1224979098644774919 149 1224979098644774918 529 3 1224979098644774913 1224979098644774917 1224979098644774919 2120 3 1224979098644774919 158 1224979098644774918 529 3 1224979098644774914 1224979098644774917 1224979098644774919 3 0 2147483679 2 1224979098644774915 1 4 0 31 2 1224979098644774913 -1 541 3 648518346341351424 78 1 525 3 1224979098644774920 1224979098644774912 37 32 2 1224979098644774920 0 1726 3 1224979098644774921 1224979098644774912 0 1714 2 1224979098644774922 1224979098644774912 4 0 2147483680 2 1224979098644774922 0 505 3 1224979098644774912 37 0 31 2 1224979098644774921 1224979098644774920 4 0 31 2 1224979098644774914 1 2133 2 1224979098644774923 0 5 0 2133 2 1224979098644774923 1 3 0 1 3 936748722493063831 1224979098644774912 1224979098644774923 5 0 1710 2 1 1224979098644774912 1 3 936748722493063480 1224979098644774917 1 2133 2 1224979098644774924 72057594037927936 4 0 2147483678 2 1224979098644774924 500 1739 2 1224979098644774925 1224979098644774912 32 2 1224979098644774925 3 31 2 1224979098644774921 1224979098644774920 4 0 31 2 1224979098644774914 1 2133 2 1224979098644774923 0 5 0 2133 2 1224979098644774923 1 3 0 1 3 936748722493063831 1224979098644774912 1224979098644774923 5 0 2147483679 2 1224979098644774921 1224979098644774920 1747 2 1224979098644774912 1224979098644774920 3 0 3 0 5 0 31 2 1224979098644774913 -1 541 3 648518346341351424 79 1 525 3 1224979098644774926 1224979098644774912 38 32 2 1224979098644774926 0 2147483679 2 1224979098644774916 1 1726 3 1224979098644774921 1224979098644774912 0 1727 2 1224979098644774927 1224979098644774912 4 0 2147483680 2 1224979098644774927 0 505 3 1224979098644774912 38 0 31 2 1224979098644774921 1224979098644774926 4 0 31 2 1224979098644774914 1 2133 2 1224979098644774923 0 5 0 2133 2 1224979098644774923 1 3 0 1 3 936748722493063831 1224979098644774912 1224979098644774923 5 0 32 2 1224979098644774927 0 1714 2 1224979098644774922 1224979098644774912 2147483680 2 1224979098644774922 0 5 0 32 2 1224979098644774927 0 2147483679 2 1224979098644774921 1224979098644774926 1747 2 1224979098644774912 1224979098644774926 3 0 5 0 541 3 648518346341351424 80 1 525 3 1224979098644774928 1224979098644774912 39 32 2 1224979098644774928 0 2120 3 1224979098644774919 77 1224979098644774918 549 3 1224979098644774917 1224979098644774919 0 1710 2 1 1224979098644774912 1 3 936748722493063480 1224979098644774917 1 2133 2 1224979098644774924 72057594037927936 2133 2 1224979098644774929 72057594037927937 31 2 1224979098644774913 -1 2147483679 2 1224979098644774914 1 1726 3 1224979098644774921 1224979098644774912 0 4 0 3221225502 2 1224979098644774929 300 2147483678 2 1224979098644774924 700 1739 2 1224979098644774925 1224979098644774912 32 2 1224979098644774925 3 31 2 1224979098644774921 1224979098644774928 1 3 936748722493063831 1224979098644774912 1 5 0 2147483679 2 1224979098644774921 1224979098644774928 1747 2 1224979098644774912 1224979098644774928 3 0 3 0 3 0 
-28.000000 0.000000 0.000000  1 541 3 648518346341351424 81 1  102 2071 1 1224979098644774912 2072 1 1224979098644774913 2073 1 1224979098644774914 2133 2 1224979098644774915 72057594037927936 2133 2 1224979098644774916 1224979098644774914 4 0 1704 1 1224979098644774912 1707 1 1224979098644774912 4 0 2147485352 1 1224979098644774913 31 2 1224979098644774915 -1 1719 2 1224979098644774917 1224979098644774913 30 2 1224979098644774917 0 32 2 1224979098644774916 5 527 3 1224979098644774918 1224979098644774917 79 4 0 2147483678 2 1224979098644774918 18 2108 2 1224979098644774918 3 2111 2 1224979098644774914 1224979098644774918 5 0 33 3 1224979098644774918 18 25 2108 2 1224979098644774918 2 2111 2 1224979098644774914 1224979098644774918 5 0 2111 2 1224979098644774914 1224979098644774918 3 0 4 0 1689 2 0 1224979098644774913 727 2 1224979098644774919 0 726 2 1224979098644774920 0 2111 2 1224979098644774919 1224979098644774920 2131 1 1224979098644774919 32 2 1224979098644774919 600 2107 2 1224979098644774914 2 3 0 3 0 5 0 2147485352 1 1224979098644774912 32 2 1224979098644774915 0 567 3 1224979098644774915 79 150 1714 2 1224979098644774917 1224979098644774913 31 2 1224979098644774917 -1 4 0 1767 2 1224979098644774921 1224979098644774913 31 2 1224979098644774921 0 2111 2 1224979098644774914 120 5 0 2111 2 1224979098644774914 60 3 0 1689 2 0 1224979098644774912 727 2 1224979098644774919 0 726 2 1224979098644774920 0 2111 2 1224979098644774919 1224979098644774920 2131 1 1224979098644774919 2106 2 1224979098644774919 4 2112 3 1224979098644774919 -2 5 2122 3 1224979098644774922 1224979098644774919 10 2105 2 1224979098644774914 1224979098644774922 2136 3 1224979098644774923 0 100 4 0 2123 3 1224979098644774924 1224979098644774916 5 2106 2 1224979098644774923 1224979098644774924 2106 2 1224979098644774923 1224979098644774919 4 0 32 2 1224979098644774916 5 31 2 1224979098644774921 0 2106 2 1224979098644774923 10 3 0 2147483678 2 1224979098644774923 10 1740 2 1224979098644774912 1801439850948198959 3 0 3 0 32 2 1224979098644774914 1224979098644774916 2106 2 1224979098644774914 1224979098644774916 1720 3 1224979098644774925 1224979098644774912 1 2106 2 1224979098644774925 1224979098644774914 1721 3 1224979098644774912 1224979098644774925 1 2133 2 72057594037927938 -1 1714 2 1224979098644774926 144115188075857103 4 0 4 0 31 2 1224979098644774912 1224979098644774926 2133 2 72057594037927938 0 5 0 31 2 1224979098644774912 144115188075857103 2133 2 72057594037927938 1 3 0 2147483679 2 72057594037927938 -1 2133 2 72057594037927937 1224979098644774914 1106 2 1585267068834415380 16728128 5 0 4 0 31 2 1224979098644774913 1224979098644774926 2133 2 72057594037927938 0 5 0 31 2 1224979098644774913 144115188075857103 2133 2 72057594037927938 1 3 0 2147483679 2 72057594037927938 -1 2133 2 72057594037927937 1224979098644774914 1106 1 1585267068834415381 3 0 
-25.000000 0.000000 0.000000  0  2 2071 1 1224979098644774912 505 3 1224979098644774912 40 -1 
-25.000000 0.000000 0.000000  2 521 3 72057594037927939 648518346341351424 76 33 3 72057594037927939 0 9  12 2071 1 1224979098644774912 4 0 2147485352 1 1224979098644774912 1715 2 1224979098644774913 1224979098644774912 30 2 1224979098644774913 0 1712 1 1224979098644774913 1702 1 1224979098644774913 1707 1 1224979098644774913 5 0 2133 2 1224979098644774913 -1 3 0 505 3 1224979098644774912 42 1224979098644774913 
-26.000000 0.000000 0.000000  2 521 3 72057594037927939 648518346341351424 76 33 3 72057594037927939 0 9  16 2071 1 1224979098644774912 2147485352 1 1224979098644774912 525 3 1224979098644774913 1224979098644774912 42 30 2 1224979098644774913 0 1712 1 1224979098644774913 1702 1 1224979098644774913 1707 1 1224979098644774913 1770 2 1224979098644774914 1224979098644774913 4 0 31 2 1224979098644774914 144115188075857104 1783 2 1224979098644774913 72057594037927939 505 3 1224979098644774913 40 72057594037927939 5 0 1783 2 1224979098644774913 0 505 3 1224979098644774913 40 0 3 0 
-58.000000 0.000000 0.000000  2 521 3 72057594037927939 648518346341351424 77 33 3 72057594037927939 0 9  31 2072 1 1224979098644774912 30 2 1224979098644774912 0 1570 2 1224979098644774913 1224979098644774912 1073741855 2 1224979098644774913 8 31 2 1224979098644774913 9 2071 1 1224979098644774914 1712 1 1224979098644774914 1702 1 1224979098644774914 1707 1 1224979098644774914 1727 3 1224979098644774915 1224979098644774914 0 2147483680 2 1224979098644774915 0 1714 2 1224979098644774916 1224979098644774914 31 2 1224979098644774916 -1 1770 2 1224979098644774917 1224979098644774914 2133 2 1224979098644774918 1 4 0 1073742365 3 144115188075856273 0 3 541 3 144115188075856273 0 2 1073741855 2 1224979098644774917 144115188075856302 31 2 1224979098644774917 144115188075856304 2133 2 1224979098644774918 0 3 0 31 2 1224979098644774918 1 4 0 31 2 1224979098644774917 144115188075857104 1783 2 1224979098644774914 72057594037927939 505 3 1224979098644774914 40 72057594037927939 5 0 1783 2 1224979098644774914 0 505 3 1224979098644774914 40 0 3 0 
1.000000 0.000000 0.000000  2 3221226013 3 648518346341351424 77 9 2147484189 3 648518346341351424 76 9  9 12 1 1224979098644774912 1712 1 1224979098644774912 565 3 1224979098644774912 40 0 1702 1 1224979098644774912 1773 2 1224979098644774913 1224979098644774912 2147484193 3 1224979098644774912 40 1224979098644774913 525 3 1224979098644774914 1224979098644774912 40 1783 2 1224979098644774912 1224979098644774914 3 0 
0.100000 0.000000 0.000000  1 1 2 936748722493063836 185  131 12 1 1224979098644774912 1702 1 1224979098644774912 1704 1 1224979098644774912 565 3 1224979098644774912 39 1 545 3 1224979098644774912 15 0 1770 2 1224979098644774913 1224979098644774912 1773 2 1224979098644774914 1224979098644774912 2133 2 1224979098644774915 0 4 0 2147483679 2 1224979098644774913 144115188075857104 541 3 648518346341351424 82 1 2133 2 1224979098644774915 1 5 0 31 2 1224979098644774913 144115188075857104 2120 3 1224979098644774916 185 1224979098644774914 549 3 1224979098644774913 1224979098644774916 1 2133 2 1224979098644774915 1 5 0 31 2 1224979098644774912 144115188075857103 545 3 144115188075857103 45 1 2133 2 1224979098644774915 1 3 0 31 2 1224979098644774915 1 525 3 1224979098644774917 1224979098644774912 44 4 0 2147483678 2 1224979098644774917 20 2105 2 1224979098644774917 1 1073743531 1 1224979098644774912 545 3 144115188075857103 45 1 505 3 1224979098644774912 44 1224979098644774917 3 0 30 2 1224979098644774917 20 1738 2 1224979098644774918 1224979098644774912 1785 3 1224979098644774919 1224979098644774913 1224979098644774914 2133 2 1224979098644774915 0 4 0 2147483679 2 1224979098644774913 144115188075857104 1073741855 2 1224979098644774918 0 1073741855 2 1224979098644774918 9 31 2 1224979098644774918 1 2133 2 1224979098644774915 1 5 0 2147483679 2 1224979098644774912 144115188075857103 31 2 1224979098644774913 144115188075857104 1073741855 2 1224979098644774919 0 31 2 1224979098644774919 11 1073741855 2 1224979098644774918 0 1073741855 2 1224979098644774918 9 31 2 1224979098644774918 1 2133 2 1224979098644774915 1 5 0 31 2 1224979098644774912 144115188075857103 545 3 144115188075857103 45 1 2133 2 1224979098644774915 1 3 0 31 2 1224979098644774915 1 1726 3 1224979098644774920 1224979098644774912 0 545 3 1224979098644774912 39 1224979098644774920 527 3 1224979098644774921 1224979098644774920 79 2133 2 1224979098644774922 1224979098644774921 2133 2 1224979098644774923 -1 1710 2 1 1224979098644774912 12 1 1224979098644774924 1702 1 1224979098644774924 2147485352 1 1224979098644774924 1715 2 1224979098644774925 1224979098644774924 30 2 1224979098644774925 0 1770 2 1224979098644774926 1224979098644774925 1788 2 1224979098644774913 1224979098644774926 1710 2 2 1224979098644774924 710 3 1224979098644774927 1 2 2147483678 2 1224979098644774927 1224979098644774922 2147484362 2 2 1 705 3 1224979098644774928 1 2 2113 1 1224979098644774928 2131 1 1224979098644774928 33 3 1224979098644774928 170 181 1689 2 0 1224979098644774924 727 2 1224979098644774929 0 726 2 1224979098644774930 0 2111 2 1224979098644774929 1224979098644774930 30 2 1224979098644774929 400 2133 2 1224979098644774922 1224979098644774927 2133 2 1224979098644774923 1224979098644774924 3 0 32 2 1224979098644774923 -1 1740 2 1224979098644774912 1801439850948198866 1750 2 1224979098644774923 1152921504606847094 1720 3 1224979098644774931 1224979098644774923 0 1720 3 1224979098644774932 1224979098644774923 1 2108 2 1224979098644774929 8 2106 2 1224979098644774929 10 4 0 547 3 1224979098644774920 86 1 2105 2 1224979098644774929 5 32 2 1224979098644774921 200 2105 2 1224979098644774929 5 3 0 2106 2 1224979098644774931 1224979098644774929 2111 2 1224979098644774931 0 505 3 1224979098644774912 44 0 1721 3 1224979098644774923 1224979098644774931 0 1722 2 1224979098644774923 1224979098644774923 2136 3 1224979098644774933 0 100 4 0 547 3 1224979098644774920 86 1 2106 2 1224979098644774933 8 32 2 1224979098644774921 200 2106 2 1224979098644774933 8 3 0 4 0 2147483678 2 1224979098644774933 50 1740 2 1224979098644774923 1801439850948198959 3 0 4 0 1714 2 1224979098644774934 144115188075857103 31 2 1224979098644774923 1224979098644774934 1720 3 1224979098644774931 1224979098644774923 1 2106 2 1224979098644774932 1224979098644774931 2133 2 72057594037927937 1224979098644774932 1106 2 1585267068834415382 16728128 5 0 31 2 1224979098644774912 144115188075857103 1720 3 1224979098644774931 1224979098644774923 1 2106 2 1224979098644774932 1224979098644774931 2133 2 72057594037927937 1224979098644774932 2325 2 1 1224979098644774920 1106 1 1585267068834415383 505 3 144115188075857103 45 0 3 0 3 0 
0.000000 0.000000 2.000000  2 71 1 48 2147484193 3 144115188075857103 45 1  19 1702 1 144115188075857103 1726 3 1224979098644774912 144115188075857103 0 2133 2 1224979098644774913 0 4 0 565 3 144115188075857103 39 1 545 3 144115188075857103 39 1224979098644774912 2133 2 1224979098644774913 1 5 0 30 2 1224979098644774912 0 1570 2 1224979098644774914 1224979098644774912 31 2 1224979098644774914 4 505 3 144115188075857103 39 1224979098644774912 2133 2 1224979098644774913 1 3 0 31 2 1224979098644774913 1 2325 2 1 1224979098644774912 1106 2 1585267068834415384 6591981 1740 2 144115188075857103 1801439850948198866 505 3 144115188075857103 45 1 
0.000000 0.000000 0.000000  12 2147484193 3 144115188075857103 45 0 1073741897 1 6 1073741897 1 7 1073741897 1 7 1073741897 1 0 1073741897 1 1 1073741897 1 2 1073741897 1 3 1073741897 1 14 1073741897 1 15 1073741897 1 4 73 1 17  4 1702 1 144115188075857103 1106 2 1585267068834415385 6591981 1740 2 144115188075857103 1801439850948198696 505 3 144115188075857103 45 0 
3.000000 0.000000 0.000000  1 545 3 144115188075857103 45 1  2 1702 1 144115188075857103 1740 2 144115188075857103 1801439850948198866 
-28.000000 0.000000 0.000000  1 545 3 144115188075857103 45 1  8 2071 1 1224979098644774912 31 2 1224979098644774912 144115188075857103 1702 1 144115188075857103 2073 1 1224979098644774913 32 2 1224979098644774913 5 1106 2 1585267068834415386 16728128 1740 2 144115188075857103 1801439850948198696 505 3 144115188075857103 45 0 
0.000000 0.000000 100000000.000000  0  5 1700 1 144115188075857103 1770 2 144115188075857104 144115188075857103 1714 2 1224979098644774912 144115188075857103 30 2 1224979098644774912 0 505 3 144115188075857103 41 1224979098644774912 
0.000000 0.500000 100000000.000000  1 561 3 648518346341351424 232 1  68 521 3 1224979098644774912 648518346341351424 232 1107 1 0 2133 2 1224979098644774913 0 6 3 1224979098644774914 0 1224979098644774912 2120 3 1224979098644774915 1224979098644774914 250 521 3 1224979098644774916 648518346341351424 1224979098644774915 30 2 1224979098644774916 10 2123 3 1224979098644774917 1224979098644774916 100 2122 3 1224979098644774918 1224979098644774917 100 2106 2 1224979098644774916 1224979098644774918 2123 3 1224979098644774918 1224979098644774916 10 2122 3 1224979098644774919 1224979098644774918 10 2121 3 1224979098644774919 1224979098644774916 1224979098644774919 2133 2 1224979098644774920 0 4 0 31 2 1224979098644774918 1 31 2 1224979098644774919 3 2133 2 1224979098644774919 11 5 0 31 2 1224979098644774918 2 33 3 1224979098644774919 5 9 2133 2 1224979098644774920 1 2105 2 1224979098644774913 1 5 0 31 2 1224979098644774918 3 4 0 31 2 1224979098644774919 0 2133 2 1224979098644774919 10 5 0 31 2 1224979098644774919 2 2133 2 1224979098644774919 12 5 0 31 2 1224979098644774919 3 2133 2 1224979098644774919 13 3 0 5 0 31 2 1224979098644774918 4 1107 1 0 1 3 936748722493063867 1224979098644774917 1224979098644774919 5 0 33 3 1224979098644774918 5 7 2105 2 1224979098644774913 1 5 0 31 2 1224979098644774918 7 31 2 1224979098644774919 1 1795 2 144115188075857104 1224979098644774917 1 2 936748722493063840 1 1795 2 144115188075857104 -1 3 0 4 0 33 3 1224979098644774918 1 4 2147483679 2 1224979098644774920 1 1790 3 144115188075857104 1224979098644774917 1224979098644774919 3 0 3 0 1795 2 144115188075857104 9 1107 1 1 1106 2 1585267068834415379 4292730214 4 0 31 2 1224979098644774912 1 521 3 1224979098644774921 648518346341351433 250 501 3 648518346341351424 250 1224979098644774921 501 3 648518346341351433 250 0 3 0 4 0 31 2 1224979098644774913 0 501 3 648518346341351424 232 0 3 0 
1.000000 1.500000 100000000.000000  1 561 3 648518346341351424 232 1  41 521 3 1224979098644774912 648518346341351424 232 1107 1 0 6 3 1224979098644774913 0 1224979098644774912 2120 3 1224979098644774914 1224979098644774913 250 521 3 1224979098644774915 648518346341351424 1224979098644774914 30 2 1224979098644774915 10 2123 3 1224979098644774916 1224979098644774915 100 2122 3 1224979098644774917 1224979098644774916 100 2106 2 1224979098644774915 1224979098644774917 2123 3 1224979098644774917 1224979098644774915 10 1073741857 3 1224979098644774917 5 7 31 2 1224979098644774917 2 2122 3 1224979098644774918 1224979098644774917 10 2121 3 1224979098644774918 1224979098644774915 1224979098644774918 4 0 31 2 1224979098644774917 2 33 3 1224979098644774918 5 9 2120 3 1224979098644774919 1224979098644774914 70 521 3 1224979098644774920 648518346341351424 1224979098644774919 2111 2 1224979098644774920 1 6 3 1224979098644774921 0 1224979098644774920 4 0 2120 3 1224979098644774922 77 1224979098644774916 2147484197 3 144115188075857104 1224979098644774922 0 1795 2 144115188075857104 1224979098644774916 1 2 936748722493063868 1224979098644774918 1795 2 144115188075857104 -1 5 0 1790 3 144115188075857104 1224979098644774916 1224979098644774918 3 0 3 0 5 0 33 3 1224979098644774917 5 7 1795 2 144115188075857104 1224979098644774916 1 2 936748722493063835 1224979098644774918 1795 2 144115188075857104 -1 3 0 3 0 1795 2 144115188075857104 9 1107 1 1 501 3 648518346341351424 232 0 
0.000000 0.000000 100000000.000000  0  7 12 1 1224979098644774912 1704 1 1224979098644774912 1718 2 1224979098644774913 1224979098644774912 1507 1 1224979098644774913 1515 2 1224979098644774914 1224979098644774913 500 3 1224979098644774913 329 1224979098644774914 3 0 
1.000000 0.000000 0.000000  0  41 1700 1 1224979098644774912 12 1 1224979098644774913 1704 1 1224979098644774913 1718 2 1224979098644774914 1224979098644774913 1507 1 1224979098644774914 1515 2 1224979098644774915 1224979098644774914 520 3 1224979098644774916 1224979098644774914 329 32 2 1224979098644774915 1224979098644774916 2121 3 1224979098644774917 1224979098644774915 1224979098644774916 2172 3 1224979098644774918 1224979098644774914 2 2122 3 1224979098644774919 1224979098644774918 3 2107 2 1224979098644774919 1224979098644774917 2108 2 1224979098644774919 100 1107 1 0 1062 2 1224979098644774919 1224979098644774914 1107 1 1 4 0 31 2 1224979098644774913 1224979098644774912 32 2 1224979098644774919 0 31 2 144115188075857164 1 2133 2 72057594037927937 1224979098644774919 1106 1 1585267068834415374 3 0 1515 2 1224979098644774920 1224979098644774914 500 3 1224979098644774914 329 1224979098644774920 2121 3 1224979098644774921 1224979098644774920 1224979098644774916 2170 3 1224979098644774922 27 1224979098644774914 2105 2 1224979098644774922 10 2107 2 1224979098644774921 1224979098644774922 2108 2 1224979098644774921 20 2108 2 1224979098644774921 100 32 2 1224979098644774921 0 1525 2 1224979098644774914 1224979098644774921 4 0 31 2 1224979098644774913 1224979098644774912 31 2 144115188075857164 1 2133 2 72057594037927937 1224979098644774921 2121 3 72057594037927938 72057594037927937 1 1106 1 1585267068834415375 3 0 3 0 
1.000000 0.000000 0.000000  0  11 1700 1 1224979098644774912 12 1 1224979098644774913 2147483679 2 1224979098644774913 1224979098644774912 1702 1 1224979098644774913 1704 1 1224979098644774913 1727 2 1224979098644774914 1224979098644774913 545 3 1224979098644774913 26 0 2147483680 2 1224979098644774914 1 1728 1 1224979098644774913 505 3 1224979098644774913 26 1 3 0 
0.000000 0.000000 0.000000  0  11 4 0 70 1 29 71 1 30 1700 1 1224979098644774912 1728 1 1224979098644774912 5 0 70 1 56 71 1 30 12 1 1224979098644774913 1728 1 1224979098644774913 3 0 
-19.000000 0.000000 0.000000  0  1 1 1 936748722493063765 
0.000000 0.000000 100000000.000000  1 2147483679 2 144115188075856169 360287970189639680  5 2120 3 1224979098644774912 6 1 6 3 1224979098644774913 0 1224979098644774912 2176 3 1224979098644774914 144115188075856169 1224979098644774913 507 3 1224979098644774913 68 1224979098644774914 3 0 
1.000000 0.000000 0.000000  1 2147483679 2 144115188075856169 360287970189639680  17 2322 2 1 144115188075856169 2120 3 1224979098644774912 6 1 6 3 1224979098644774913 0 1224979098644774912 2176 3 1224979098644774914 144115188075856169 1224979098644774913 527 3 1224979098644774915 1224979098644774913 68 32 2 1224979098644774914 1224979098644774915 2121 3 1224979098644774916 1224979098644774914 1224979098644774915 2133 2 72057594037927938 1224979098644774916 2106 2 1224979098644774916 1 2133 2 72057594037927939 1224979098644774916 2133 2 72057594037927937 1224979098644774914 2121 3 1224979098644774917 1224979098644774913 0 2105 2 1224979098644774917 216172782113787044 2320 2 2 1224979098644774917 1106 2 1585267068834415376 15658496 507 3 1224979098644774913 68 1224979098644774914 3 0 
0.000000 0.000000 0.000000  0  11 1700 1 1224979098644774912 1710 2 2 1224979098644774912 4 0 1726 3 1224979098644774913 1224979098644774912 1 31 2 1224979098644774913 288230376151712268 71 1 34 721 2 2 50 1970 1 2 1974 1 1080863910568920066 1774 2 1224979098644774912 288230376151712268 3 0 


mst_castle_attack_walls_belfry castle_attack_walls_belfry 2  -1
You_attack_the_walls_of_the_castle... 

13 0 8320 256 16 18 0  
0 8320 256 16 0 0  
10 4160 256 16 0 0  
11 4160 256 16 4 0  
15 4160 256 16 0 0  
40 135232 256 16 2 0  
41 135232 256 16 2 0  
42 135232 256 16 2 0  
43 135232 256 16 2 0  
44 135232 256 16 2 0  
45 135232 256 16 2 0  
46 135232 256 16 2 0  
47 135232 256 16 2 0  
72
-19.000000 0.000000 0.000000  0  3 1796 3 0 2 1 1796 3 1 3 1 1 1 936748722493063507 
-21.000000 0.000000 0.000000  0  23 4 0 31 2 144115188075856297 1 1 1 936748722493063589 1907 1 0 5 0 521 3 1224979098644774912 648518346341351424 380 30 2 1224979098644774912 1 1106 1 216172782113783948 5 0 541 3 648518346341351424 85 1 1073742830 0 31 2 144115188075856292 1 2320 2 5 216172782113784210 1 4 936748722493063487 5 20 0 1 1 936748722493063589 1906 1 -1 1907 1 0 5 0 1 1 936748722493063389 1121 1 216172782113783944 5 0 1106 1 216172782113783948 3 0 
-25.000000 0.000000 0.000000  0  3 2071 1 1224979098644774912 1718 2 1224979098644774913 1224979098644774912 1 4 936748722493063580 1729382256910270468 1224979098644774912 1224979098644774913 
-8.000000 0.000000 0.000000  0  16 2071 1 1224979098644774912 31 2 1224979098644774912 0 2133 2 144115188075856292 0 1700 1 1224979098644774913 1770 2 1224979098644774914 1224979098644774913 4 0 2147483679 2 144115188075856303 1224979098644774914 2147483679 2 144115188075856305 1224979098644774914 2320 2 5 216172782113784211 1 4 936748722493063487 8 15 0 5 0 2320 2 5 216172782113784210 1 4 936748722493063487 5 20 0 3 0 1 1 936748722493063589 1907 1 0 
0.000000 0.000000 100000000.000000  0  4 2133 2 144115188075856297 0 2133 2 144115188075856298 0 2133 2 144115188075856299 0 1 2 936748722493063651 262144 
30.000000 0.000000 0.000000  0  1 1 1 936748722493063652 
0.000000 0.000000 100000000.000000  4 2133 2 144115188075856302 0 2133 2 144115188075856303 1 2133 2 144115188075856304 2 2133 2 144115188075856305 3  0 
0.000000 0.000000 100000000.000000  16 1107 1 0 1780 2 10 10 6 3 1224979098644774912 0 9 2147483679 2 1224979098644774912 1 1790 3 144115188075856302 1224979098644774912 0 1790 3 144115188075856302 1224979098644774912 7 1790 3 144115188075856302 1224979098644774912 7 1790 3 144115188075856304 1224979098644774912 0 1790 3 144115188075856304 1224979098644774912 7 1790 3 144115188075856304 1224979098644774912 7 3 0 1790 3 144115188075856302 1 11 1791 3 144115188075856302 9 10 1790 3 144115188075856304 1 11 1791 3 144115188075856304 9 10 1107 1 1  0 
0.000000 0.000000 100000000.000000  5 1107 1 0 1790 3 144115188075856303 9 8 1790 3 144115188075856303 9 8 1790 3 144115188075856303 9 8 1107 1 1  0 
-26.000000 0.000000 0.000000  0  17 2071 1 1224979098644774912 2072 1 1224979098644774913 2073 1 1224979098644774914 4 0 30 2 1224979098644774912 0 2147485354 1 1224979098644774912 1704 1 1224979098644774912 1718 2 1224979098644774915 1224979098644774912 2322 2 6 1224979098644774915 2133 2 72057594037927936 1224979098644774912 2133 2 72057594037927937 1224979098644774913 2133 2 72057594037927938 1224979098644774914 1770 2 72057594037927939 1224979098644774912 1610 3 648518346341351442 1224979098644774915 1 31 2 1224979098644774914 1 1618 3 648518346341351442 1224979098644774915 1 3 0 
0.000000 2.000000 100000000.000000  0  3 12 1 1224979098644774912 505 3 1224979098644774912 5 1 3 0 
3.000000 0.000000 0.000000  0  23 2370 1 1224979098644774912 30 2 1224979098644774912 10 4 0 2122 3 1224979098644774913 144115188075856299 2 3221225502 2 144115188075856298 14 2147483680 2 144115188075856298 1224979098644774913 2385 2 1224979098644774914 0 2147483678 2 1224979098644774914 10 1930 2 4 7 2105 2 144115188075856298 1 3 0 4 0 30 2 144115188075856298 3 1107 1 0 1790 3 144115188075856302 0 2 1790 3 144115188075856304 0 2 1107 1 1 30 2 144115188075856298 6 1107 1 0 1790 3 144115188075856302 9 2 1790 3 144115188075856304 9 2 1107 1 1 3 0 
2.000000 0.000000 0.000000  1 32 2 144115188075856298 0  1 1 1 936748722493063528 
3.000000 0.000000 0.000000  12 2133 2 1224979098644774912 1 4 0 30 2 144115188075856299 10 2122 3 1224979098644774913 144115188075856298 2 32 2 144115188075856299 1224979098644774913 2133 2 1224979098644774912 0 3 0 31 2 1224979098644774912 1 2370 1 1224979098644774914 30 2 1224979098644774914 10 2385 2 1224979098644774915 1 2147483678 2 1224979098644774915 6  2 1930 2 1 8 2105 2 144115188075856299 1 
5.000000 0.000000 0.000000  0  8 12 1 1224979098644774912 1704 1 1224979098644774912 1702 1 1224979098644774912 1770 2 1224979098644774913 1224979098644774912 1073741855 2 1224979098644774913 144115188075856303 31 2 1224979098644774913 144115188075856305 1737 2 1224979098644774912 1 3 0 
2.000000 0.000000 0.000000  0  1 1 1 936748722493063486 
5.000000 60.000000 100000000.000000  10 2370 1 72057594037927937 30 2 72057594037927937 10 1003 1 5 1073742365 3 648518346341351424 85 1 2147484654 1 0 1906 1 1 1106 1 216172782113783827 2133 2 144115188075856297 1 2133 2 144115188075856168 1 1 1 936748722493063653  2 1 1 936748722493063589 1907 1 1 
10.000000 0.000000 0.000000  0  2 31 2 144115188075856297 1 1106 1 216172782113783827 
120.000000 0.000000 0.000000  0  11 1700 1 1224979098644774912 12 1 1224979098644774913 2147483679 2 1224979098644774913 1224979098644774912 1702 1 1224979098644774913 1704 1 1224979098644774913 1770 2 1224979098644774914 1224979098644774913 1073741855 2 1224979098644774914 144115188075856302 31 2 1224979098644774914 144115188075856304 1728 1 1224979098644774913 505 3 1224979098644774913 26 0 3 0 
1.000000 4.000000 0.000000  1 1006 0  35 2133 2 144115188075856292 1 4 0 541 3 648518346341351424 85 1 2133 2 1224979098644774912 0 12 1 1224979098644774913 1706 1 1224979098644774913 1702 1 1224979098644774913 2105 2 1224979098644774912 1 3 0 32 2 1224979098644774912 0 4 0 2147483679 2 144115188075857106 1 1106 1 1585267068834415378 2133 2 144115188075857106 1 2133 2 144115188075857107 2 1 1 936748722493063843 2001 1 1 3 0 5 0 1700 1 1224979098644774914 1770 2 1224979098644774915 1224979098644774914 4 0 2147483679 2 144115188075856303 1224979098644774915 2147483679 2 144115188075856305 1224979098644774915 2320 2 5 216172782113784211 1 4 936748722493063487 8 15 0 5 0 2320 2 5 216172782113784210 1 4 936748722493063487 5 20 0 3 0 2133 2 144115188075856168 -1 1906 1 -1 1 1 936748722493063589 1907 1 0 3 0 
0.000000 0.000000 100000000.000000  0  2 2147484551 1 1513209474796486703 900 1 1513209474796486703 
0.000000 0.000000 0.000000  0  15 4 0 2147484551 1 1513209474796486694 2147484551 1 1513209474796486703 2147484551 1 1513209474796486734 900 1 1513209474796486703 3 0 4 0 903 1 1513209474796486694 1 1 936748722493063538 5 0 903 1 1513209474796486703 1 1 936748722493063790 31 2 144115188075857173 1 1 1 936748722493063788 3 0 
-22.000000 0.000000 0.000000  1 1106 1 216172782113783919  0 
0.000000 0.000000 100000000.000000  1 1 1 936748722493063524  0 
0.000000 0.000000 100000000.000000  1 1 1 936748722493063525  0 
0.000000 2.000000 100000000.000000  1 1 1 936748722493063526  1 2133 2 144115188075856306 3 
0.000000 0.000000 100000000.000000  1 1 1 936748722493063527  0 
0.000000 0.000000 100000000.000000  16 2147483679 2 144115188075856169 360287970189639680 2175 2 144115188075857108 360287970189639680 2147485156 1 360287970189639680 1700 1 1224979098644774912 30 2 1224979098644774912 0 1770 2 1224979098644774913 1224979098644774912 1710 2 49 1224979098644774912 720 2 49 -100 1970 1 49 1541 3 1224979098644774914 360287970189639680 8 1542 3 1224979098644774915 360287970189639680 8 1543 3 360287970189639680 8 -1 1972 1 360287970189639680 1771 2 72057594037927936 1224979098644774913 1543 3 360287970189639680 8 1224979098644774914 1544 3 360287970189639680 8 1224979098644774915  0 
0.000000 0.000000 100000000.000000  2 1700 1 144115188075857109 32 2 144115188075857109 -1  12 2133 2 144115188075857107 0 2133 2 144115188075857110 0 2133 2 144115188075857106 -1 2133 2 144115188075857111 0 2133 2 144115188075856292 0 2133 2 144115188075857112 500 2133 2 144115188075857113 375 2133 2 144115188075857114 144115188075857112 2133 2 144115188075857115 144115188075857113 2133 2 144115188075857116 0 31 2 144115188075857185 0 1 1 936748722493063842 
0.000000 0.000000 0.000000  3 1006 0 31 2 144115188075857111 0 31 2 144115188075857107 2  12 1710 2 1 144115188075857103 726 2 1224979098644774912 1 727 2 1224979098644774913 1 701 1 47 729 2 47 1224979098644774912 730 2 47 1224979098644774913 791 1 47 722 2 47 250 2001 3 1 0 0 2011 1 47 2133 2 144115188075857117 0 2133 2 144115188075857111 1 
0.000000 0.000000 0.000000  10 31 2 144115188075857111 1 31 2 144115188075857107 2 1073741895 1 144115188075857179 1073741894 1 144115188075857179 1073741895 1 144115188075857180 1073741894 1 144115188075857180 1073741895 1 144115188075857181 1073741894 1 144115188075857181 1073741895 1 144115188075857182 70 1 144115188075857182  26 2010 1 47 2133 2 1224979098644774912 0 2133 2 1224979098644774913 0 4 0 1073741895 1 144115188075857179 70 1 144115188075857179 2133 2 1224979098644774913 10 3 0 4 0 1073741895 1 144115188075857180 70 1 144115188075857180 2133 2 1224979098644774913 -10 3 0 4 0 1073741895 1 144115188075857181 70 1 144115188075857181 2133 2 1224979098644774912 -10 3 0 4 0 1073741895 1 144115188075857182 70 1 144115188075857182 2133 2 1224979098644774912 10 3 0 720 2 47 1224979098644774912 721 2 47 1224979098644774913 2011 1 47 
0.000000 0.000000 0.000000  9 31 2 144115188075857111 1 31 2 144115188075857107 2 2147484551 1 1513209474796486694 75 1 1 2124 1 1000 726 2 72057594037927937 1 727 2 72057594037927938 1 3221225503 2 72057594037927937 144115188075857112 2147483679 2 72057594037927938 144115188075857113  53 2133 2 1224979098644774912 1 4 0 31 2 72057594037927937 144115188075857114 31 2 72057594037927938 144115188075857115 2105 2 144115188075857116 1 4 0 32 2 144115188075857116 50 2133 2 144115188075857112 72057594037927937 2133 2 144115188075857113 72057594037927938 2133 2 144115188075857116 0 3 0 2133 2 1224979098644774912 0 3 0 31 2 1224979098644774912 1 2133 2 144115188075857116 0 2133 2 144115188075857114 72057594037927937 2133 2 144115188075857115 72057594037927938 2010 1 47 2121 3 1224979098644774913 144115188075857112 72057594037927937 2121 3 1224979098644774914 72057594037927938 144115188075857113 6 3 1224979098644774915 0 2 4 0 31 2 1224979098644774915 1 2133 2 1224979098644774913 1224979098644774914 3 0 3221225502 2 1224979098644774913 -2 32 2 1224979098644774913 2 2133 2 1224979098644774916 1 4 0 2147483678 2 1224979098644774913 0 2133 2 1224979098644774916 -1 3 0 2113 1 1224979098644774913 2106 2 1224979098644774913 2 2130 1 1224979098644774913 2125 2 1224979098644774913 1224979098644774913 2131 1 1224979098644774913 2112 3 1224979098644774913 1 6 2107 2 1224979098644774913 1224979098644774916 4 0 31 2 1224979098644774915 0 2122 3 1224979098644774917 144115188075857117 -1 723 2 47 1224979098644774917 725 2 47 1224979098644774913 723 2 47 144115188075857117 3 0 4 0 31 2 1224979098644774915 1 723 2 47 1224979098644774913 2105 2 144115188075857117 1224979098644774913 3 0 3 0 2011 1 47 
0.000000 0.000000 0.000000  2 31 2 144115188075857111 0 31 2 144115188075857107 1  32 2124 1 100 1709 2 7 144115188075857109 742 2 1224979098644774912 7 2121 3 1224979098644774913 0 1224979098644774912 723 2 7 1224979098644774913 4 0 31 2 144115188075857106 -1 2112 3 144115188075857120 -1000 1000 2112 3 144115188075857119 -1000 1000 2110 2 144115188075857118 1000 3 0 721 2 7 144115188075857119 722 2 7 144115188075857118 720 2 7 144115188075857120 1714 2 1224979098644774914 144115188075857109 4 0 30 2 1224979098644774914 0 722 2 7 80 3 0 2122 3 1224979098644774913 -1 144115188075857119 2143 3 1224979098644774915 144115188075857118 1224979098644774913 2131 1 1224979098644774915 2106 2 1224979098644774912 1224979098644774915 723 2 7 1224979098644774912 2012 3 7 100 0 4 0 2147484654 0 1073741897 1 20 73 1 21 2001 1 0 2133 2 144115188075857107 0 3 0 
0.000000 0.000000 0.000000  3 71 1 144115188075857185 2147483678 2 144115188075857107 3 2147483679 2 144115188075857110 1  38 4 0 31 2 144115188075857107 0 2133 2 144115188075857107 1 2133 2 144115188075857118 300 2133 2 144115188075857119 -1000 2133 2 144115188075857120 0 5 0 31 2 144115188075857107 1 4 0 31 2 144115188075857106 -1 4 0 2147484654 1 0 1700 1 144115188075857109 3 0 2133 2 144115188075857107 0 5 0 2133 2 144115188075857107 2 3 0 5 0 31 2 144115188075857107 2 4 0 30 2 144115188075857106 0 2133 2 144115188075857107 1 2133 2 144115188075857118 300 2133 2 144115188075857119 -1000 2133 2 144115188075857120 0 2133 2 144115188075857111 0 5 0 2133 2 144115188075857107 0 3 0 3 0 900 1 1513209474796486735 4 0 31 2 144115188075857107 0 2001 1 0 5 0 2001 1 1 3 0 
0.000000 0.000000 0.000000  2 70 1 144115188075857182 31 2 144115188075857107 1  3 2105 2 144115188075857120 1 2147483718 1 42 2105 2 144115188075857120 9 
0.000000 0.000000 0.000000  2 70 1 144115188075857181 31 2 144115188075857107 1  3 2106 2 144115188075857120 1 2147483718 1 42 2106 2 144115188075857120 9 
0.000000 0.000000 0.000000  2 70 1 144115188075857179 31 2 144115188075857107 1  3 2105 2 144115188075857119 1 2147483718 1 42 2105 2 144115188075857119 9 
0.000000 0.000000 0.000000  2 70 1 144115188075857180 31 2 144115188075857107 1  3 2106 2 144115188075857119 1 2147483718 1 42 2106 2 144115188075857119 9 
0.000000 0.000000 0.000000  2 70 1 144115188075857183 31 2 144115188075857107 1  3 2105 2 144115188075857118 1 2147483718 1 42 2105 2 144115188075857118 9 
0.000000 0.000000 0.000000  2 70 1 144115188075857184 31 2 144115188075857107 1  4 2106 2 144115188075857118 1 2147483718 1 42 2106 2 144115188075857118 9 2111 2 144115188075857118 50 
0.000000 0.000000 0.000000  3 71 1 144115188075857186 31 2 144115188075857107 1 30 2 144115188075857106 1  1 1 1 936748722493063843 
0.000000 0.000000 0.000000  3 71 1 144115188075857187 31 2 144115188075857107 1 30 2 144115188075857106 1  1 1 1 936748722493063844 
0.000000 0.000000 0.000000  3 2147484654 0 70 1 224 31 2 144115188075857107 1  10 31 2 144115188075857103 144115188075857109 1702 1 144115188075857103 1726 3 1224979098644774912 144115188075857109 0 30 2 1224979098644774912 0 1570 2 1224979098644774913 1224979098644774912 1073741855 2 1224979098644774913 8 1073741855 2 1224979098644774913 9 31 2 1224979098644774913 10 2133 2 144115188075857110 1 2001 1 0 
0.000000 0.000000 0.000000  3 2147484654 0 2147483718 1 224 31 2 144115188075857110 1  2 2133 2 144115188075857110 0 2001 1 1 
0.000000 0.000000 100000000.000000  0  5 1700 1 144115188075857103 1770 2 144115188075857104 144115188075857103 1714 2 1224979098644774912 144115188075857103 30 2 1224979098644774912 0 505 3 144115188075857103 41 1224979098644774912 
-19.000000 0.000000 100000000.000000  0  11 501 3 648518346341351424 108 0 501 3 648518346341351433 108 0 501 3 2 108 0 6 3 1224979098644774912 0 4 6 3 1224979098644774913 149 167 509 3 1224979098644774912 1224979098644774913 -1 3 0 3 0 541 3 648518346341351424 72 0 1 1 936748722493063830 501 3 648518346341351424 72 1 
0.000000 0.000000 0.000000  13 2147484654 0 1073741897 1 30 1073741897 1 31 1073741897 1 32 1073741897 1 33 1073741897 1 34 1073741897 1 35 1073741897 1 36 1073741897 1 37 1073741897 1 38 1073741897 1 29 1073741897 1 39 73 1 40  2 501 3 648518346341351424 108 0 900 1 1513209474796486734 
-23.000000 0.000000 0.000000  0  3 501 3 648518346341351424 108 0 903 1 1513209474796486734 902 1 0 
0.000000 0.000000 0.000000  2 2147484654 0 71 1 67  6 2147484189 3 648518346341351424 108 23 2147484189 3 648518346341351424 108 24 2147484189 3 648518346341351424 108 25 903 1 1513209474796486734 902 1 0 501 3 648518346341351424 108 0 
0.000000 0.000000 0.000000  2 2147484654 0 73 1 23  20 4 0 2147484189 3 648518346341351424 108 23 2147484189 3 648518346341351424 108 24 2147484189 3 648518346341351424 108 25 501 3 648518346341351424 108 23 5 0 541 3 648518346341351424 108 23 2133 2 144115188075857105 1 1 2 936748722493063868 0 501 3 648518346341351424 108 0 5 0 541 3 648518346341351424 108 24 2133 2 144115188075857105 1 1 2 936748722493063868 5 501 3 648518346341351424 108 0 5 0 541 3 648518346341351424 108 25 1 2 936748722493063839 0 501 3 648518346341351424 108 0 3 0 
0.000000 0.000000 0.000000  2 2147484654 0 73 1 24  20 4 0 2147484189 3 648518346341351424 108 23 2147484189 3 648518346341351424 108 24 2147484189 3 648518346341351424 108 25 501 3 648518346341351424 108 24 5 0 541 3 648518346341351424 108 23 2133 2 144115188075857105 1 1 2 936748722493063868 1 501 3 648518346341351424 108 0 5 0 541 3 648518346341351424 108 24 2133 2 144115188075857105 1 1 2 936748722493063868 6 501 3 648518346341351424 108 0 5 0 541 3 648518346341351424 108 25 1 2 936748722493063839 0 501 3 648518346341351424 108 0 3 0 
0.000000 0.000000 0.000000  2 2147484654 0 73 1 25  19 4 0 2147484189 3 648518346341351424 108 23 2147484189 3 648518346341351424 108 24 2147484189 3 648518346341351424 108 25 501 3 648518346341351424 108 25 5 0 541 3 648518346341351424 108 23 2133 2 144115188075857105 1 1 2 936748722493063868 2 501 3 648518346341351424 108 0 5 0 541 3 648518346341351424 108 24 2133 2 144115188075857105 1 1 2 936748722493063868 8 501 3 648518346341351424 108 0 5 0 541 3 648518346341351424 108 25 501 3 648518346341351424 108 0 3 0 
0.000000 0.000000 0.000000  2 2147484654 0 73 1 26  35 4 0 541 3 648518346341351424 108 0 1073741855 2 144115188075856193 864691128455135276 31 2 144115188075856193 864691128455135287 501 3 648518346341351424 108 26 900 1 1513209474796486734 5 0 541 3 648518346341351424 108 23 2133 2 144115188075857105 1 1 2 936748722493063868 11 501 3 648518346341351424 108 0 5 0 541 3 648518346341351424 108 24 2133 2 144115188075857105 1 1 2 936748722493063868 7 501 3 648518346341351424 108 0 5 0 541 3 648518346341351424 108 25 1 3 936748722493063833 -1 144115188075857104 501 3 648518346341351424 108 0 5 0 541 3 648518346341351424 108 26 6 3 1224979098644774912 0 9 1775 2 144115188075857104 1224979098644774912 2120 3 1224979098644774913 14 1224979098644774912 569 3 144115188075857104 1224979098644774913 1 2133 2 144115188075857105 1 1 3 936748722493063867 1224979098644774912 2 3 0 501 3 648518346341351424 108 0 5 0 541 3 648518346341351424 108 65 1 1 936748722493063837 501 3 648518346341351424 108 0 3 0 
0.000000 0.000000 0.000000  2 2147484654 0 73 1 27  36 4 0 541 3 648518346341351424 108 0 501 3 648518346341351424 108 27 900 1 1513209474796486734 5 0 541 3 648518346341351424 108 23 2133 2 144115188075857105 1 1 2 936748722493063868 14 501 3 648518346341351424 108 0 5 0 541 3 648518346341351424 108 24 501 3 648518346341351424 108 0 5 0 541 3 648518346341351424 108 26 6 3 1224979098644774912 0 9 1775 2 144115188075857104 1224979098644774912 2120 3 1224979098644774913 14 1224979098644774912 569 3 144115188075857104 1224979098644774913 1 2133 2 144115188075857105 1 1 3 936748722493063867 1224979098644774912 3 3 0 501 3 648518346341351424 108 0 5 0 541 3 648518346341351424 108 27 1 2 936748722493063835 1 501 3 648518346341351424 108 0 5 0 541 3 648518346341351424 108 28 1 2 936748722493063835 4 501 3 648518346341351424 108 0 5 0 541 3 648518346341351424 108 65 1 2 936748722493063834 9 1 2 936748722493063840 1 501 3 648518346341351424 108 0 3 0 
0.000000 0.000000 0.000000  2 2147484654 0 73 1 28  33 4 0 541 3 648518346341351424 108 0 501 3 648518346341351424 108 28 900 1 1513209474796486734 5 0 541 3 648518346341351424 108 24 2133 2 144115188075857105 1 1 2 936748722493063868 4 501 3 648518346341351424 108 0 5 0 541 3 648518346341351424 108 26 6 3 1224979098644774912 0 9 1775 2 144115188075857104 1224979098644774912 2120 3 1224979098644774913 14 1224979098644774912 569 3 144115188075857104 1224979098644774913 1 2133 2 144115188075857105 1 1 3 936748722493063867 1224979098644774912 4 3 0 501 3 648518346341351424 108 0 5 0 541 3 648518346341351424 108 27 1 2 936748722493063835 2 501 3 648518346341351424 108 0 5 0 541 3 648518346341351424 108 28 1 2 936748722493063835 5 501 3 648518346341351424 108 0 5 0 541 3 648518346341351424 108 65 1 2 936748722493063834 11 1 2 936748722493063839 1 501 3 648518346341351424 108 0 3 0 
0.000000 0.000000 0.000000  2 2147484654 0 71 1 65  28 4 0 541 3 648518346341351424 108 0 501 3 648518346341351424 108 65 900 1 1513209474796486734 5 0 541 3 648518346341351424 108 26 6 3 1224979098644774912 0 9 1775 2 144115188075857104 1224979098644774912 2120 3 1224979098644774913 14 1224979098644774912 569 3 144115188075857104 1224979098644774913 1 2133 2 144115188075857105 1 1 3 936748722493063867 1224979098644774912 5 3 0 501 3 648518346341351424 108 0 5 0 541 3 648518346341351424 108 27 1 2 936748722493063835 3 501 3 648518346341351424 108 0 5 0 541 3 648518346341351424 108 28 1 2 936748722493063835 6 501 3 648518346341351424 108 0 5 0 541 3 648518346341351424 108 65 1 2 936748722493063834 13 1 2 936748722493063838 1 501 3 648518346341351424 108 0 3 0 
0.000000 0.000000 0.000000  2 2147484654 0 71 1 66  10 4 0 541 3 648518346341351424 108 26 2133 2 144115188075857105 1 1 2 936748722493063868 2 501 3 648518346341351424 108 0 5 0 541 3 648518346341351424 108 27 1 2 936748722493063835 0 501 3 648518346341351424 108 0 3 0 
0.500000 0.000000 0.000000  1 1 2 936748722493063836 167  1 1 1 936748722493063841 
1.000000 0.000000 0.000000  1 1 2 936748722493063836 176  37 6 3 1224979098644774912 0 4 6 3 1224979098644774913 0 9 2120 3 1224979098644774914 176 1224979098644774913 569 3 1224979098644774912 1224979098644774914 1 529 3 1224979098644774915 1224979098644774912 1224979098644774914 2105 2 1224979098644774915 1 509 3 1224979098644774912 1224979098644774914 1224979098644774915 3 0 3 0 12 1 1224979098644774916 1707 1 1224979098644774916 565 3 1224979098644774916 43 1 1727 3 1224979098644774917 1224979098644774916 1 32 2 1224979098644774917 0 1770 2 1224979098644774912 1224979098644774916 1773 2 1224979098644774913 1224979098644774916 2120 3 1224979098644774914 176 1224979098644774913 529 3 1224979098644774915 1224979098644774912 1224979098644774914 525 3 1224979098644774918 1224979098644774916 43 4 0 31 2 1224979098644774918 8 2133 2 1224979098644774919 2 5 0 31 2 1224979098644774918 9 2133 2 1224979098644774919 5 3 0 1739 2 1224979098644774920 1224979098644774916 1073741855 2 1224979098644774920 1 31 2 1224979098644774920 3 2119 3 72057594037927936 1224979098644774915 1224979098644774919 4 0 31 2 72057594037927936 0 1745 3 1224979098644774916 0 0 5 0 1745 3 1224979098644774916 0 1 3 0 3 0 
1.000000 0.000000 100000000.000000  1 2147483679 2 144115188075856168 0  5 6 3 1224979098644774912 0 4 6 3 1224979098644774913 176 185 509 3 1224979098644774912 1224979098644774913 0 3 0 3 0 
0.000000 0.000000 3.000000  1 71 1 50  7 525 3 1224979098644774912 144115188075857103 41 32 2 1224979098644774912 0 1750 2 144115188075857103 1152921504606847104 1106 1 1585267068834415372 1702 1 1224979098644774912 1710 2 1 144115188075857103 1730 3 1224979098644774912 1 0 
0.000000 0.000000 100000000.000000  0  5 1700 1 144115188075857103 1770 2 144115188075857104 144115188075857103 1714 2 1224979098644774912 144115188075857103 30 2 1224979098644774912 0 505 3 144115188075857103 41 1224979098644774912 
0.000000 0.500000 100000000.000000  1 561 3 648518346341351424 232 1  68 521 3 1224979098644774912 648518346341351424 232 1107 1 0 2133 2 1224979098644774913 0 6 3 1224979098644774914 0 1224979098644774912 2120 3 1224979098644774915 1224979098644774914 250 521 3 1224979098644774916 648518346341351424 1224979098644774915 30 2 1224979098644774916 10 2123 3 1224979098644774917 1224979098644774916 100 2122 3 1224979098644774918 1224979098644774917 100 2106 2 1224979098644774916 1224979098644774918 2123 3 1224979098644774918 1224979098644774916 10 2122 3 1224979098644774919 1224979098644774918 10 2121 3 1224979098644774919 1224979098644774916 1224979098644774919 2133 2 1224979098644774920 0 4 0 31 2 1224979098644774918 1 31 2 1224979098644774919 3 2133 2 1224979098644774919 11 5 0 31 2 1224979098644774918 2 33 3 1224979098644774919 5 9 2133 2 1224979098644774920 1 2105 2 1224979098644774913 1 5 0 31 2 1224979098644774918 3 4 0 31 2 1224979098644774919 0 2133 2 1224979098644774919 10 5 0 31 2 1224979098644774919 2 2133 2 1224979098644774919 12 5 0 31 2 1224979098644774919 3 2133 2 1224979098644774919 13 3 0 5 0 31 2 1224979098644774918 4 1107 1 0 1 3 936748722493063867 1224979098644774917 1224979098644774919 5 0 33 3 1224979098644774918 5 7 2105 2 1224979098644774913 1 5 0 31 2 1224979098644774918 7 31 2 1224979098644774919 1 1795 2 144115188075857104 1224979098644774917 1 2 936748722493063840 1 1795 2 144115188075857104 -1 3 0 4 0 33 3 1224979098644774918 1 4 2147483679 2 1224979098644774920 1 1790 3 144115188075857104 1224979098644774917 1224979098644774919 3 0 3 0 1795 2 144115188075857104 9 1107 1 1 1106 2 1585267068834415379 4292730214 4 0 31 2 1224979098644774912 1 521 3 1224979098644774921 648518346341351433 250 501 3 648518346341351424 250 1224979098644774921 501 3 648518346341351433 250 0 3 0 4 0 31 2 1224979098644774913 0 501 3 648518346341351424 232 0 3 0 
1.000000 1.500000 100000000.000000  1 561 3 648518346341351424 232 1  41 521 3 1224979098644774912 648518346341351424 232 1107 1 0 6 3 1224979098644774913 0 1224979098644774912 2120 3 1224979098644774914 1224979098644774913 250 521 3 1224979098644774915 648518346341351424 1224979098644774914 30 2 1224979098644774915 10 2123 3 1224979098644774916 1224979098644774915 100 2122 3 1224979098644774917 1224979098644774916 100 2106 2 1224979098644774915 1224979098644774917 2123 3 1224979098644774917 1224979098644774915 10 1073741857 3 1224979098644774917 5 7 31 2 1224979098644774917 2 2122 3 1224979098644774918 1224979098644774917 10 2121 3 1224979098644774918 1224979098644774915 1224979098644774918 4 0 31 2 1224979098644774917 2 33 3 1224979098644774918 5 9 2120 3 1224979098644774919 1224979098644774914 70 521 3 1224979098644774920 648518346341351424 1224979098644774919 2111 2 1224979098644774920 1 6 3 1224979098644774921 0 1224979098644774920 4 0 2120 3 1224979098644774922 77 1224979098644774916 2147484197 3 144115188075857104 1224979098644774922 0 1795 2 144115188075857104 1224979098644774916 1 2 936748722493063868 1224979098644774918 1795 2 144115188075857104 -1 5 0 1790 3 144115188075857104 1224979098644774916 1224979098644774918 3 0 3 0 5 0 33 3 1224979098644774917 5 7 1795 2 144115188075857104 1224979098644774916 1 2 936748722493063835 1224979098644774918 1795 2 144115188075857104 -1 3 0 3 0 1795 2 144115188075857104 9 1107 1 1 501 3 648518346341351424 232 0 
0.000000 0.000000 100000000.000000  0  7 12 1 1224979098644774912 1704 1 1224979098644774912 1718 2 1224979098644774913 1224979098644774912 1507 1 1224979098644774913 1515 2 1224979098644774914 1224979098644774913 500 3 1224979098644774913 329 1224979098644774914 3 0 
1.000000 0.000000 0.000000  0  41 1700 1 1224979098644774912 12 1 1224979098644774913 1704 1 1224979098644774913 1718 2 1224979098644774914 1224979098644774913 1507 1 1224979098644774914 1515 2 1224979098644774915 1224979098644774914 520 3 1224979098644774916 1224979098644774914 329 32 2 1224979098644774915 1224979098644774916 2121 3 1224979098644774917 1224979098644774915 1224979098644774916 2172 3 1224979098644774918 1224979098644774914 2 2122 3 1224979098644774919 1224979098644774918 3 2107 2 1224979098644774919 1224979098644774917 2108 2 1224979098644774919 100 1107 1 0 1062 2 1224979098644774919 1224979098644774914 1107 1 1 4 0 31 2 1224979098644774913 1224979098644774912 32 2 1224979098644774919 0 31 2 144115188075857164 1 2133 2 72057594037927937 1224979098644774919 1106 1 1585267068834415374 3 0 1515 2 1224979098644774920 1224979098644774914 500 3 1224979098644774914 329 1224979098644774920 2121 3 1224979098644774921 1224979098644774920 1224979098644774916 2170 3 1224979098644774922 27 1224979098644774914 2105 2 1224979098644774922 10 2107 2 1224979098644774921 1224979098644774922 2108 2 1224979098644774921 20 2108 2 1224979098644774921 100 32 2 1224979098644774921 0 1525 2 1224979098644774914 1224979098644774921 4 0 31 2 1224979098644774913 1224979098644774912 31 2 144115188075857164 1 2133 2 72057594037927937 1224979098644774921 2121 3 72057594037927938 72057594037927937 1 1106 1 1585267068834415375 3 0 3 0 
1.000000 0.000000 0.000000  0  11 1700 1 1224979098644774912 12 1 1224979098644774913 2147483679 2 1224979098644774913 1224979098644774912 1702 1 1224979098644774913 1704 1 1224979098644774913 1727 2 1224979098644774914 1224979098644774913 545 3 1224979098644774913 26 0 2147483680 2 1224979098644774914 1 1728 1 1224979098644774913 505 3 1224979098644774913 26 1 3 0 
0.000000 0.000000 0.000000  0  11 4 0 70 1 29 71 1 30 1700 1 1224979098644774912 1728 1 1224979098644774912 5 0 70 1 56 71 1 30 12 1 1224979098644774913 1728 1 1224979098644774913 3 0 
-19.000000 0.000000 0.000000  0  1 1 1 936748722493063765 
0.000000 0.000000 100000000.000000  1 2147483679 2 144115188075856169 360287970189639680  5 2120 3 1224979098644774912 6 1 6 3 1224979098644774913 0 1224979098644774912 2176 3 1224979098644774914 144115188075856169 1224979098644774913 507 3 1224979098644774913 68 1224979098644774914 3 0 
1.000000 0.000000 0.000000  1 2147483679 2 144115188075856169 360287970189639680  17 2322 2 1 144115188075856169 2120 3 1224979098644774912 6 1 6 3 1224979098644774913 0 1224979098644774912 2176 3 1224979098644774914 144115188075856169 1224979098644774913 527 3 1224979098644774915 1224979098644774913 68 32 2 1224979098644774914 1224979098644774915 2121 3 1224979098644774916 1224979098644774914 1224979098644774915 2133 2 72057594037927938 1224979098644774916 2106 2 1224979098644774916 1 2133 2 72057594037927939 1224979098644774916 2133 2 72057594037927937 1224979098644774914 2121 3 1224979098644774917 1224979098644774913 0 2105 2 1224979098644774917 216172782113787044 2320 2 2 1224979098644774917 1106 2 1585267068834415376 15658496 507 3 1224979098644774913 68 1224979098644774914 3 0 
0.000000 0.000000 0.000000  0  11 1700 1 1224979098644774912 1710 2 2 1224979098644774912 4 0 1726 3 1224979098644774913 1224979098644774912 1 31 2 1224979098644774913 288230376151712268 71 1 34 721 2 2 50 1970 1 2 1974 1 1080863910568920066 1774 2 1224979098644774912 288230376151712268 3 0 


mst_castle_attack_walls_ladder castle_attack_walls_ladder 2  -1
You_attack_the_walls_of_the_castle... 

12 0 8320 256 16 18 0  
0 8320 256 16 0 0  
10 4160 256 16 0 0  
11 4160 256 16 4 0  
15 4160 256 16 0 0  
40 135232 256 16 2 0  
41 135232 256 16 2 0  
42 135232 256 16 2 0  
43 135232 256 16 2 0  
44 135232 256 16 2 0  
45 135232 256 16 2 0  
46 135232 256 16 2 0  
67
-19.000000 0.000000 0.000000  0  3 1796 3 0 2 1 1796 3 1 3 1 1 1 936748722493063507 
-21.000000 0.000000 0.000000  0  23 4 0 31 2 144115188075856297 1 1 1 936748722493063589 1907 1 0 5 0 521 3 1224979098644774912 648518346341351424 380 30 2 1224979098644774912 1 1106 1 216172782113783948 5 0 541 3 648518346341351424 85 1 1073742830 0 31 2 144115188075856292 1 2320 2 5 216172782113784210 1 4 936748722493063487 5 20 0 1 1 936748722493063589 1906 1 -1 1907 1 0 5 0 1 1 936748722493063389 1121 1 216172782113783944 5 0 1106 1 216172782113783948 3 0 
-25.000000 0.000000 0.000000  0  3 2071 1 1224979098644774912 1718 2 1224979098644774913 1224979098644774912 1 4 936748722493063580 1729382256910270468 1224979098644774912 1224979098644774913 
-8.000000 0.000000 0.000000  0  16 2071 1 1224979098644774912 31 2 1224979098644774912 0 2133 2 144115188075856292 0 1700 1 1224979098644774913 1770 2 1224979098644774914 1224979098644774913 4 0 2147483679 2 144115188075856303 1224979098644774914 2147483679 2 144115188075856305 1224979098644774914 2320 2 5 216172782113784211 1 4 936748722493063487 8 15 0 5 0 2320 2 5 216172782113784210 1 4 936748722493063487 5 20 0 3 0 1 1 936748722493063589 1907 1 0 
0.000000 0.000000 100000000.000000  0  4 2133 2 144115188075856297 0 2133 2 144115188075856298 0 2133 2 144115188075856299 0 1 2 936748722493063651 262144 
30.000000 0.000000 0.000000  0  1 1 1 936748722493063652 
0.000000 0.000000 100000000.000000  4 2133 2 144115188075856302 0 2133 2 144115188075856303 1 2133 2 144115188075856304 2 2133 2 144115188075856305 3  0 
0.000000 0.000000 100000000.000000  16 1107 1 0 1780 2 10 10 6 3 1224979098644774912 0 9 2147483679 2 1224979098644774912 1 1790 3 144115188075856302 1224979098644774912 0 1790 3 144115188075856302 1224979098644774912 7 1790 3 144115188075856302 1224979098644774912 7 1790 3 144115188075856304 1224979098644774912 0 1790 3 144115188075856304 1224979098644774912 7 1790 3 144115188075856304 1224979098644774912 7 3 0 1790 3 144115188075856302 1 11 1791 3 144115188075856302 9 10 1790 3 144115188075856304 1 11 1791 3 144115188075856304 9 10 1107 1 1  0 
0.000000 2.000000 100000000.000000  0  3 12 1 1224979098644774912 505 3 1224979098644774912 5 1 3 0 
3.000000 0.000000 0.000000  0  23 2370 1 1224979098644774912 30 2 1224979098644774912 10 4 0 2122 3 1224979098644774913 144115188075856299 2 3221225502 2 144115188075856298 14 2147483680 2 144115188075856298 1224979098644774913 2385 2 1224979098644774914 0 2147483678 2 1224979098644774914 10 1930 2 4 7 2105 2 144115188075856298 1 3 0 4 0 30 2 144115188075856298 3 1107 1 0 1790 3 144115188075856302 0 2 1790 3 144115188075856304 0 2 1107 1 1 30 2 144115188075856298 6 1107 1 0 1790 3 144115188075856302 9 2 1790 3 144115188075856304 9 2 1107 1 1 3 0 
2.000000 0.000000 0.000000  1 32 2 144115188075856298 0  1 1 1 936748722493063528 
3.000000 0.000000 0.000000  12 2133 2 1224979098644774912 1 4 0 30 2 144115188075856299 10 2122 3 1224979098644774913 144115188075856298 2 32 2 144115188075856299 1224979098644774913 2133 2 1224979098644774912 0 3 0 31 2 1224979098644774912 1 2370 1 1224979098644774914 30 2 1224979098644774914 10 2385 2 1224979098644774915 1 2147483678 2 1224979098644774915 6  2 1930 2 1 8 2105 2 144115188075856299 1 
5.000000 0.000000 0.000000  0  8 12 1 1224979098644774912 1704 1 1224979098644774912 1702 1 1224979098644774912 1770 2 1224979098644774913 1224979098644774912 1073741855 2 1224979098644774913 144115188075856303 31 2 1224979098644774913 144115188075856305 1737 2 1224979098644774912 1 3 0 
2.000000 0.000000 0.000000  0  1 1 1 936748722493063486 
5.000000 60.000000 100000000.000000  10 2370 1 72057594037927937 30 2 72057594037927937 10 1003 1 5 1073742365 3 648518346341351424 85 1 2147484654 1 0 1906 1 1 1106 1 216172782113783827 2133 2 144115188075856297 1 2133 2 144115188075856168 1 1 1 936748722493063653  2 1 1 936748722493063589 1907 1 1 
10.000000 0.000000 0.000000  0  2 31 2 144115188075856297 1 1106 1 216172782113783827 
120.000000 0.000000 0.000000  0  11 1700 1 1224979098644774912 12 1 1224979098644774913 2147483679 2 1224979098644774913 1224979098644774912 1702 1 1224979098644774913 1704 1 1224979098644774913 1770 2 1224979098644774914 1224979098644774913 1073741855 2 1224979098644774914 144115188075856302 31 2 1224979098644774914 144115188075856304 1728 1 1224979098644774913 505 3 1224979098644774913 26 0 3 0 
1.000000 4.000000 0.000000  1 1006 0  35 2133 2 144115188075856292 1 4 0 541 3 648518346341351424 85 1 2133 2 1224979098644774912 0 12 1 1224979098644774913 1706 1 1224979098644774913 1702 1 1224979098644774913 2105 2 1224979098644774912 1 3 0 32 2 1224979098644774912 0 4 0 2147483679 2 144115188075857106 1 1106 1 1585267068834415378 2133 2 144115188075857106 1 2133 2 144115188075857107 2 1 1 936748722493063843 2001 1 1 3 0 5 0 1700 1 1224979098644774914 1770 2 1224979098644774915 1224979098644774914 4 0 2147483679 2 144115188075856303 1224979098644774915 2147483679 2 144115188075856305 1224979098644774915 2320 2 5 216172782113784211 1 4 936748722493063487 8 15 0 5 0 2320 2 5 216172782113784210 1 4 936748722493063487 5 20 0 3 0 2133 2 144115188075856168 -1 1906 1 -1 1 1 936748722493063589 1907 1 0 3 0 
0.000000 0.000000 100000000.000000  0  2 2147484551 1 1513209474796486703 900 1 1513209474796486703 
0.000000 0.000000 0.000000  0  15 4 0 2147484551 1 1513209474796486694 2147484551 1 1513209474796486703 2147484551 1 1513209474796486734 900 1 1513209474796486703 3 0 4 0 903 1 1513209474796486694 1 1 936748722493063538 5 0 903 1 1513209474796486703 1 1 936748722493063790 31 2 144115188075857173 1 1 1 936748722493063788 3 0 
-22.000000 0.000000 0.000000  1 1106 1 216172782113783919  0 
0.000000 0.000000 100000000.000000  16 2147483679 2 144115188075856169 360287970189639680 2175 2 144115188075857108 360287970189639680 2147485156 1 360287970189639680 1700 1 1224979098644774912 30 2 1224979098644774912 0 1770 2 1224979098644774913 1224979098644774912 1710 2 49 1224979098644774912 720 2 49 -100 1970 1 49 1541 3 1224979098644774914 360287970189639680 8 1542 3 1224979098644774915 360287970189639680 8 1543 3 360287970189639680 8 -1 1972 1 360287970189639680 1771 2 72057594037927936 1224979098644774913 1543 3 360287970189639680 8 1224979098644774914 1544 3 360287970189639680 8 1224979098644774915  0 
-26.000000 0.000000 0.000000  0  17 2071 1 1224979098644774912 2072 1 1224979098644774913 2073 1 1224979098644774914 4 0 30 2 1224979098644774912 0 2147485354 1 1224979098644774912 1704 1 1224979098644774912 1718 2 1224979098644774915 1224979098644774912 2322 2 6 1224979098644774915 2133 2 72057594037927936 1224979098644774912 2133 2 72057594037927937 1224979098644774913 2133 2 72057594037927938 1224979098644774914 1770 2 72057594037927939 1224979098644774912 1610 3 648518346341351442 1224979098644774915 1 31 2 1224979098644774914 1 1618 3 648518346341351442 1224979098644774915 1 3 0 
0.000000 0.000000 100000000.000000  2 1700 1 144115188075857109 32 2 144115188075857109 -1  12 2133 2 144115188075857107 0 2133 2 144115188075857110 0 2133 2 144115188075857106 -1 2133 2 144115188075857111 0 2133 2 144115188075856292 0 2133 2 144115188075857112 500 2133 2 144115188075857113 375 2133 2 144115188075857114 144115188075857112 2133 2 144115188075857115 144115188075857113 2133 2 144115188075857116 0 31 2 144115188075857185 0 1 1 936748722493063842 
0.000000 0.000000 0.000000  3 1006 0 31 2 144115188075857111 0 31 2 144115188075857107 2  12 1710 2 1 144115188075857103 726 2 1224979098644774912 1 727 2 1224979098644774913 1 701 1 47 729 2 47 1224979098644774912 730 2 47 1224979098644774913 791 1 47 722 2 47 250 2001 3 1 0 0 2011 1 47 2133 2 144115188075857117 0 2133 2 144115188075857111 1 
0.000000 0.000000 0.000000  10 31 2 144115188075857111 1 31 2 144115188075857107 2 1073741895 1 144115188075857179 1073741894 1 144115188075857179 1073741895 1 144115188075857180 1073741894 1 144115188075857180 1073741895 1 144115188075857181 1073741894 1 144115188075857181 1073741895 1 144115188075857182 70 1 144115188075857182  26 2010 1 47 2133 2 1224979098644774912 0 2133 2 1224979098644774913 0 4 0 1073741895 1 144115188075857179 70 1 144115188075857179 2133 2 1224979098644774913 10 3 0 4 0 1073741895 1 144115188075857180 70 1 144115188075857180 2133 2 1224979098644774913 -10 3 0 4 0 1073741895 1 144115188075857181 70 1 144115188075857181 2133 2 1224979098644774912 -10 3 0 4 0 1073741895 1 144115188075857182 70 1 144115188075857182 2133 2 1224979098644774912 10 3 0 720 2 47 1224979098644774912 721 2 47 1224979098644774913 2011 1 47 
0.000000 0.000000 0.000000  9 31 2 144115188075857111 1 31 2 144115188075857107 2 2147484551 1 1513209474796486694 75 1 1 2124 1 1000 726 2 72057594037927937 1 727 2 72057594037927938 1 3221225503 2 72057594037927937 144115188075857112 2147483679 2 72057594037927938 144115188075857113  53 2133 2 1224979098644774912 1 4 0 31 2 72057594037927937 144115188075857114 31 2 72057594037927938 144115188075857115 2105 2 144115188075857116 1 4 0 32 2 144115188075857116 50 2133 2 144115188075857112 72057594037927937 2133 2 144115188075857113 72057594037927938 2133 2 144115188075857116 0 3 0 2133 2 1224979098644774912 0 3 0 31 2 1224979098644774912 1 2133 2 144115188075857116 0 2133 2 144115188075857114 72057594037927937 2133 2 144115188075857115 72057594037927938 2010 1 47 2121 3 1224979098644774913 144115188075857112 72057594037927937 2121 3 1224979098644774914 72057594037927938 144115188075857113 6 3 1224979098644774915 0 2 4 0 31 2 1224979098644774915 1 2133 2 1224979098644774913 1224979098644774914 3 0 3221225502 2 1224979098644774913 -2 32 2 1224979098644774913 2 2133 2 1224979098644774916 1 4 0 2147483678 2 1224979098644774913 0 2133 2 1224979098644774916 -1 3 0 2113 1 1224979098644774913 2106 2 1224979098644774913 2 2130 1 1224979098644774913 2125 2 1224979098644774913 1224979098644774913 2131 1 1224979098644774913 2112 3 1224979098644774913 1 6 2107 2 1224979098644774913 1224979098644774916 4 0 31 2 1224979098644774915 0 2122 3 1224979098644774917 144115188075857117 -1 723 2 47 1224979098644774917 725 2 47 1224979098644774913 723 2 47 144115188075857117 3 0 4 0 31 2 1224979098644774915 1 723 2 47 1224979098644774913 2105 2 144115188075857117 1224979098644774913 3 0 3 0 2011 1 47 
0.000000 0.000000 0.000000  2 31 2 144115188075857111 0 31 2 144115188075857107 1  32 2124 1 100 1709 2 7 144115188075857109 742 2 1224979098644774912 7 2121 3 1224979098644774913 0 1224979098644774912 723 2 7 1224979098644774913 4 0 31 2 144115188075857106 -1 2112 3 144115188075857120 -1000 1000 2112 3 144115188075857119 -1000 1000 2110 2 144115188075857118 1000 3 0 721 2 7 144115188075857119 722 2 7 144115188075857118 720 2 7 144115188075857120 1714 2 1224979098644774914 144115188075857109 4 0 30 2 1224979098644774914 0 722 2 7 80 3 0 2122 3 1224979098644774913 -1 144115188075857119 2143 3 1224979098644774915 144115188075857118 1224979098644774913 2131 1 1224979098644774915 2106 2 1224979098644774912 1224979098644774915 723 2 7 1224979098644774912 2012 3 7 100 0 4 0 2147484654 0 1073741897 1 20 73 1 21 2001 1 0 2133 2 144115188075857107 0 3 0 
0.000000 0.000000 0.000000  3 71 1 144115188075857185 2147483678 2 144115188075857107 3 2147483679 2 144115188075857110 1  38 4 0 31 2 144115188075857107 0 2133 2 144115188075857107 1 2133 2 144115188075857118 300 2133 2 144115188075857119 -1000 2133 2 144115188075857120 0 5 0 31 2 144115188075857107 1 4 0 31 2 144115188075857106 -1 4 0 2147484654 1 0 1700 1 144115188075857109 3 0 2133 2 144115188075857107 0 5 0 2133 2 144115188075857107 2 3 0 5 0 31 2 144115188075857107 2 4 0 30 2 144115188075857106 0 2133 2 144115188075857107 1 2133 2 144115188075857118 300 2133 2 144115188075857119 -1000 2133 2 144115188075857120 0 2133 2 144115188075857111 0 5 0 2133 2 144115188075857107 0 3 0 3 0 900 1 1513209474796486735 4 0 31 2 144115188075857107 0 2001 1 0 5 0 2001 1 1 3 0 
0.000000 0.000000 0.000000  2 70 1 144115188075857182 31 2 144115188075857107 1  3 2105 2 144115188075857120 1 2147483718 1 42 2105 2 144115188075857120 9 
0.000000 0.000000 0.000000  2 70 1 144115188075857181 31 2 144115188075857107 1  3 2106 2 144115188075857120 1 2147483718 1 42 2106 2 144115188075857120 9 
0.000000 0.000000 0.000000  2 70 1 144115188075857179 31 2 144115188075857107 1  3 2105 2 144115188075857119 1 2147483718 1 42 2105 2 144115188075857119 9 
0.000000 0.000000 0.000000  2 70 1 144115188075857180 31 2 144115188075857107 1  3 2106 2 144115188075857119 1 2147483718 1 42 2106 2 144115188075857119 9 
0.000000 0.000000 0.000000  2 70 1 144115188075857183 31 2 144115188075857107 1  3 2105 2 144115188075857118 1 2147483718 1 42 2105 2 144115188075857118 9 
0.000000 0.000000 0.000000  2 70 1 144115188075857184 31 2 144115188075857107 1  4 2106 2 144115188075857118 1 2147483718 1 42 2106 2 144115188075857118 9 2111 2 144115188075857118 50 
0.000000 0.000000 0.000000  3 71 1 144115188075857186 31 2 144115188075857107 1 30 2 144115188075857106 1  1 1 1 936748722493063843 
0.000000 0.000000 0.000000  3 71 1 144115188075857187 31 2 144115188075857107 1 30 2 144115188075857106 1  1 1 1 936748722493063844 
0.000000 0.000000 0.000000  3 2147484654 0 70 1 224 31 2 144115188075857107 1  10 31 2 144115188075857103 144115188075857109 1702 1 144115188075857103 1726 3 1224979098644774912 144115188075857109 0 30 2 1224979098644774912 0 1570 2 1224979098644774913 1224979098644774912 1073741855 2 1224979098644774913 8 1073741855 2 1224979098644774913 9 31 2 1224979098644774913 10 2133 2 144115188075857110 1 2001 1 0 
0.000000 0.000000 0.000000  3 2147484654 0 2147483718 1 224 31 2 144115188075857110 1  2 2133 2 144115188075857110 0 2001 1 1 
0.000000 0.000000 100000000.000000  0  5 1700 1 144115188075857103 1770 2 144115188075857104 144115188075857103 1714 2 1224979098644774912 144115188075857103 30 2 1224979098644774912 0 505 3 144115188075857103 41 1224979098644774912 
-19.000000 0.000000 100000000.000000  0  11 501 3 648518346341351424 108 0 501 3 648518346341351433 108 0 501 3 2 108 0 6 3 1224979098644774912 0 4 6 3 1224979098644774913 149 167 509 3 1224979098644774912 1224979098644774913 -1 3 0 3 0 541 3 648518346341351424 72 0 1 1 936748722493063830 501 3 648518346341351424 72 1 
0.000000 0.000000 0.000000  13 2147484654 0 1073741897 1 30 1073741897 1 31 1073741897 1 32 1073741897 1 33 1073741897 1 34 1073741897 1 35 1073741897 1 36 1073741897 1 37 1073741897 1 38 1073741897 1 29 1073741897 1 39 73 1 40  2 501 3 648518346341351424 108 0 900 1 1513209474796486734 
-23.000000 0.000000 0.000000  0  3 501 3 648518346341351424 108 0 903 1 1513209474796486734 902 1 0 
0.000000 0.000000 0.000000  2 2147484654 0 71 1 67  6 2147484189 3 648518346341351424 108 23 2147484189 3 648518346341351424 108 24 2147484189 3 648518346341351424 108 25 903 1 1513209474796486734 902 1 0 501 3 648518346341351424 108 0 
0.000000 0.000000 0.000000  2 2147484654 0 73 1 23  20 4 0 2147484189 3 648518346341351424 108 23 2147484189 3 648518346341351424 108 24 2147484189 3 648518346341351424 108 25 501 3 648518346341351424 108 23 5 0 541 3 648518346341351424 108 23 2133 2 144115188075857105 1 1 2 936748722493063868 0 501 3 648518346341351424 108 0 5 0 541 3 648518346341351424 108 24 2133 2 144115188075857105 1 1 2 936748722493063868 5 501 3 648518346341351424 108 0 5 0 541 3 648518346341351424 108 25 1 2 936748722493063839 0 501 3 648518346341351424 108 0 3 0 
0.000000 0.000000 0.000000  2 2147484654 0 73 1 24  20 4 0 2147484189 3 648518346341351424 108 23 2147484189 3 648518346341351424 108 24 2147484189 3 648518346341351424 108 25 501 3 648518346341351424 108 24 5 0 541 3 648518346341351424 108 23 2133 2 144115188075857105 1 1 2 936748722493063868 1 501 3 648518346341351424 108 0 5 0 541 3 648518346341351424 108 24 2133 2 144115188075857105 1 1 2 936748722493063868 6 501 3 648518346341351424 108 0 5 0 541 3 648518346341351424 108 25 1 2 936748722493063839 0 501 3 648518346341351424 108 0 3 0 
0.000000 0.000000 0.000000  2 2147484654 0 73 1 25  19 4 0 2147484189 3 648518346341351424 108 23 2147484189 3 648518346341351424 108 24 2147484189 3 648518346341351424 108 25 501 3 648518346341351424 108 25 5 0 541 3 648518346341351424 108 23 2133 2 144115188075857105 1 1 2 936748722493063868 2 501 3 648518346341351424 108 0 5 0 541 3 648518346341351424 108 24 2133 2 144115188075857105 1 1 2 936748722493063868 8 501 3 648518346341351424 108 0 5 0 541 3 648518346341351424 108 25 501 3 648518346341351424 108 0 3 0 
0.000000 0.000000 0.000000  2 2147484654 0 73 1 26  35 4 0 541 3 648518346341351424 108 0 1073741855 2 144115188075856193 864691128455135276 31 2 144115188075856193 864691128455135287 501 3 648518346341351424 108 26 900 1 1513209474796486734 5 0 541 3 648518346341351424 108 23 2133 2 144115188075857105 1 1 2 936748722493063868 11 501 3 648518346341351424 108 0 5 0 541 3 648518346341351424 108 24 2133 2 144115188075857105 1 1 2 936748722493063868 7 501 3 648518346341351424 108 0 5 0 541 3 648518346341351424 108 25 1 3 936748722493063833 -1 144115188075857104 501 3 648518346341351424 108 0 5 0 541 3 648518346341351424 108 26 6 3 1224979098644774912 0 9 1775 2 144115188075857104 1224979098644774912 2120 3 1224979098644774913 14 1224979098644774912 569 3 144115188075857104 1224979098644774913 1 2133 2 144115188075857105 1 1 3 936748722493063867 1224979098644774912 2 3 0 501 3 648518346341351424 108 0 5 0 541 3 648518346341351424 108 65 1 1 936748722493063837 501 3 648518346341351424 108 0 3 0 
0.000000 0.000000 0.000000  2 2147484654 0 73 1 27  36 4 0 541 3 648518346341351424 108 0 501 3 648518346341351424 108 27 900 1 1513209474796486734 5 0 541 3 648518346341351424 108 23 2133 2 144115188075857105 1 1 2 936748722493063868 14 501 3 648518346341351424 108 0 5 0 541 3 648518346341351424 108 24 501 3 648518346341351424 108 0 5 0 541 3 648518346341351424 108 26 6 3 1224979098644774912 0 9 1775 2 144115188075857104 1224979098644774912 2120 3 1224979098644774913 14 1224979098644774912 569 3 144115188075857104 1224979098644774913 1 2133 2 144115188075857105 1 1 3 936748722493063867 1224979098644774912 3 3 0 501 3 648518346341351424 108 0 5 0 541 3 648518346341351424 108 27 1 2 936748722493063835 1 501 3 648518346341351424 108 0 5 0 541 3 648518346341351424 108 28 1 2 936748722493063835 4 501 3 648518346341351424 108 0 5 0 541 3 648518346341351424 108 65 1 2 936748722493063834 9 1 2 936748722493063840 1 501 3 648518346341351424 108 0 3 0 
0.000000 0.000000 0.000000  2 2147484654 0 73 1 28  33 4 0 541 3 648518346341351424 108 0 501 3 648518346341351424 108 28 900 1 1513209474796486734 5 0 541 3 648518346341351424 108 24 2133 2 144115188075857105 1 1 2 936748722493063868 4 501 3 648518346341351424 108 0 5 0 541 3 648518346341351424 108 26 6 3 1224979098644774912 0 9 1775 2 144115188075857104 1224979098644774912 2120 3 1224979098644774913 14 1224979098644774912 569 3 144115188075857104 1224979098644774913 1 2133 2 144115188075857105 1 1 3 936748722493063867 1224979098644774912 4 3 0 501 3 648518346341351424 108 0 5 0 541 3 648518346341351424 108 27 1 2 936748722493063835 2 501 3 648518346341351424 108 0 5 0 541 3 648518346341351424 108 28 1 2 936748722493063835 5 501 3 648518346341351424 108 0 5 0 541 3 648518346341351424 108 65 1 2 936748722493063834 11 1 2 936748722493063839 1 501 3 648518346341351424 108 0 3 0 
0.000000 0.000000 0.000000  2 2147484654 0 71 1 65  28 4 0 541 3 648518346341351424 108 0 501 3 648518346341351424 108 65 900 1 1513209474796486734 5 0 541 3 648518346341351424 108 26 6 3 1224979098644774912 0 9 1775 2 144115188075857104 1224979098644774912 2120 3 1224979098644774913 14 1224979098644774912 569 3 144115188075857104 1224979098644774913 1 2133 2 144115188075857105 1 1 3 936748722493063867 1224979098644774912 5 3 0 501 3 648518346341351424 108 0 5 0 541 3 648518346341351424 108 27 1 2 936748722493063835 3 501 3 648518346341351424 108 0 5 0 541 3 648518346341351424 108 28 1 2 936748722493063835 6 501 3 648518346341351424 108 0 5 0 541 3 648518346341351424 108 65 1 2 936748722493063834 13 1 2 936748722493063838 1 501 3 648518346341351424 108 0 3 0 
0.000000 0.000000 0.000000  2 2147484654 0 71 1 66  10 4 0 541 3 648518346341351424 108 26 2133 2 144115188075857105 1 1 2 936748722493063868 2 501 3 648518346341351424 108 0 5 0 541 3 648518346341351424 108 27 1 2 936748722493063835 0 501 3 648518346341351424 108 0 3 0 
0.500000 0.000000 0.000000  1 1 2 936748722493063836 167  1 1 1 936748722493063841 
1.000000 0.000000 0.000000  1 1 2 936748722493063836 176  37 6 3 1224979098644774912 0 4 6 3 1224979098644774913 0 9 2120 3 1224979098644774914 176 1224979098644774913 569 3 1224979098644774912 1224979098644774914 1 529 3 1224979098644774915 1224979098644774912 1224979098644774914 2105 2 1224979098644774915 1 509 3 1224979098644774912 1224979098644774914 1224979098644774915 3 0 3 0 12 1 1224979098644774916 1707 1 1224979098644774916 565 3 1224979098644774916 43 1 1727 3 1224979098644774917 1224979098644774916 1 32 2 1224979098644774917 0 1770 2 1224979098644774912 1224979098644774916 1773 2 1224979098644774913 1224979098644774916 2120 3 1224979098644774914 176 1224979098644774913 529 3 1224979098644774915 1224979098644774912 1224979098644774914 525 3 1224979098644774918 1224979098644774916 43 4 0 31 2 1224979098644774918 8 2133 2 1224979098644774919 2 5 0 31 2 1224979098644774918 9 2133 2 1224979098644774919 5 3 0 1739 2 1224979098644774920 1224979098644774916 1073741855 2 1224979098644774920 1 31 2 1224979098644774920 3 2119 3 72057594037927936 1224979098644774915 1224979098644774919 4 0 31 2 72057594037927936 0 1745 3 1224979098644774916 0 0 5 0 1745 3 1224979098644774916 0 1 3 0 3 0 
1.000000 0.000000 100000000.000000  1 2147483679 2 144115188075856168 0  5 6 3 1224979098644774912 0 4 6 3 1224979098644774913 176 185 509 3 1224979098644774912 1224979098644774913 0 3 0 3 0 
0.000000 0.000000 3.000000  1 71 1 50  7 525 3 1224979098644774912 144115188075857103 41 32 2 1224979098644774912 0 1750 2 144115188075857103 1152921504606847104 1106 1 1585267068834415372 1702 1 1224979098644774912 1710 2 1 144115188075857103 1730 3 1224979098644774912 1 0 
0.000000 0.000000 100000000.000000  0  5 1700 1 144115188075857103 1770 2 144115188075857104 144115188075857103 1714 2 1224979098644774912 144115188075857103 30 2 1224979098644774912 0 505 3 144115188075857103 41 1224979098644774912 
0.000000 0.500000 100000000.000000  1 561 3 648518346341351424 232 1  68 521 3 1224979098644774912 648518346341351424 232 1107 1 0 2133 2 1224979098644774913 0 6 3 1224979098644774914 0 1224979098644774912 2120 3 1224979098644774915 1224979098644774914 250 521 3 1224979098644774916 648518346341351424 1224979098644774915 30 2 1224979098644774916 10 2123 3 1224979098644774917 1224979098644774916 100 2122 3 1224979098644774918 1224979098644774917 100 2106 2 1224979098644774916 1224979098644774918 2123 3 1224979098644774918 1224979098644774916 10 2122 3 1224979098644774919 1224979098644774918 10 2121 3 1224979098644774919 1224979098644774916 1224979098644774919 2133 2 1224979098644774920 0 4 0 31 2 1224979098644774918 1 31 2 1224979098644774919 3 2133 2 1224979098644774919 11 5 0 31 2 1224979098644774918 2 33 3 1224979098644774919 5 9 2133 2 1224979098644774920 1 2105 2 1224979098644774913 1 5 0 31 2 1224979098644774918 3 4 0 31 2 1224979098644774919 0 2133 2 1224979098644774919 10 5 0 31 2 1224979098644774919 2 2133 2 1224979098644774919 12 5 0 31 2 1224979098644774919 3 2133 2 1224979098644774919 13 3 0 5 0 31 2 1224979098644774918 4 1107 1 0 1 3 936748722493063867 1224979098644774917 1224979098644774919 5 0 33 3 1224979098644774918 5 7 2105 2 1224979098644774913 1 5 0 31 2 1224979098644774918 7 31 2 1224979098644774919 1 1795 2 144115188075857104 1224979098644774917 1 2 936748722493063840 1 1795 2 144115188075857104 -1 3 0 4 0 33 3 1224979098644774918 1 4 2147483679 2 1224979098644774920 1 1790 3 144115188075857104 1224979098644774917 1224979098644774919 3 0 3 0 1795 2 144115188075857104 9 1107 1 1 1106 2 1585267068834415379 4292730214 4 0 31 2 1224979098644774912 1 521 3 1224979098644774921 648518346341351433 250 501 3 648518346341351424 250 1224979098644774921 501 3 648518346341351433 250 0 3 0 4 0 31 2 1224979098644774913 0 501 3 648518346341351424 232 0 3 0 
1.000000 1.500000 100000000.000000  1 561 3 648518346341351424 232 1  41 521 3 1224979098644774912 648518346341351424 232 1107 1 0 6 3 1224979098644774913 0 1224979098644774912 2120 3 1224979098644774914 1224979098644774913 250 521 3 1224979098644774915 648518346341351424 1224979098644774914 30 2 1224979098644774915 10 2123 3 1224979098644774916 1224979098644774915 100 2122 3 1224979098644774917 1224979098644774916 100 2106 2 1224979098644774915 1224979098644774917 2123 3 1224979098644774917 1224979098644774915 10 1073741857 3 1224979098644774917 5 7 31 2 1224979098644774917 2 2122 3 1224979098644774918 1224979098644774917 10 2121 3 1224979098644774918 1224979098644774915 1224979098644774918 4 0 31 2 1224979098644774917 2 33 3 1224979098644774918 5 9 2120 3 1224979098644774919 1224979098644774914 70 521 3 1224979098644774920 648518346341351424 1224979098644774919 2111 2 1224979098644774920 1 6 3 1224979098644774921 0 1224979098644774920 4 0 2120 3 1224979098644774922 77 1224979098644774916 2147484197 3 144115188075857104 1224979098644774922 0 1795 2 144115188075857104 1224979098644774916 1 2 936748722493063868 1224979098644774918 1795 2 144115188075857104 -1 5 0 1790 3 144115188075857104 1224979098644774916 1224979098644774918 3 0 3 0 5 0 33 3 1224979098644774917 5 7 1795 2 144115188075857104 1224979098644774916 1 2 936748722493063835 1224979098644774918 1795 2 144115188075857104 -1 3 0 3 0 1795 2 144115188075857104 9 1107 1 1 501 3 648518346341351424 232 0 
0.000000 0.000000 100000000.000000  0  7 12 1 1224979098644774912 1704 1 1224979098644774912 1718 2 1224979098644774913 1224979098644774912 1507 1 1224979098644774913 1515 2 1224979098644774914 1224979098644774913 500 3 1224979098644774913 329 1224979098644774914 3 0 
1.000000 0.000000 0.000000  0  41 1700 1 1224979098644774912 12 1 1224979098644774913 1704 1 1224979098644774913 1718 2 1224979098644774914 1224979098644774913 1507 1 1224979098644774914 1515 2 1224979098644774915 1224979098644774914 520 3 1224979098644774916 1224979098644774914 329 32 2 1224979098644774915 1224979098644774916 2121 3 1224979098644774917 1224979098644774915 1224979098644774916 2172 3 1224979098644774918 1224979098644774914 2 2122 3 1224979098644774919 1224979098644774918 3 2107 2 1224979098644774919 1224979098644774917 2108 2 1224979098644774919 100 1107 1 0 1062 2 1224979098644774919 1224979098644774914 1107 1 1 4 0 31 2 1224979098644774913 1224979098644774912 32 2 1224979098644774919 0 31 2 144115188075857164 1 2133 2 72057594037927937 1224979098644774919 1106 1 1585267068834415374 3 0 1515 2 1224979098644774920 1224979098644774914 500 3 1224979098644774914 329 1224979098644774920 2121 3 1224979098644774921 1224979098644774920 1224979098644774916 2170 3 1224979098644774922 27 1224979098644774914 2105 2 1224979098644774922 10 2107 2 1224979098644774921 1224979098644774922 2108 2 1224979098644774921 20 2108 2 1224979098644774921 100 32 2 1224979098644774921 0 1525 2 1224979098644774914 1224979098644774921 4 0 31 2 1224979098644774913 1224979098644774912 31 2 144115188075857164 1 2133 2 72057594037927937 1224979098644774921 2121 3 72057594037927938 72057594037927937 1 1106 1 1585267068834415375 3 0 3 0 
1.000000 0.000000 0.000000  0  11 1700 1 1224979098644774912 12 1 1224979098644774913 2147483679 2 1224979098644774913 1224979098644774912 1702 1 1224979098644774913 1704 1 1224979098644774913 1727 2 1224979098644774914 1224979098644774913 545 3 1224979098644774913 26 0 2147483680 2 1224979098644774914 1 1728 1 1224979098644774913 505 3 1224979098644774913 26 1 3 0 
0.000000 0.000000 0.000000  0  11 4 0 70 1 29 71 1 30 1700 1 1224979098644774912 1728 1 1224979098644774912 5 0 70 1 56 71 1 30 12 1 1224979098644774913 1728 1 1224979098644774913 3 0 
-19.000000 0.000000 0.000000  0  1 1 1 936748722493063765 
0.000000 0.000000 100000000.000000  1 2147483679 2 144115188075856169 360287970189639680  5 2120 3 1224979098644774912 6 1 6 3 1224979098644774913 0 1224979098644774912 2176 3 1224979098644774914 144115188075856169 1224979098644774913 507 3 1224979098644774913 68 1224979098644774914 3 0 
1.000000 0.000000 0.000000  1 2147483679 2 144115188075856169 360287970189639680  17 2322 2 1 144115188075856169 2120 3 1224979098644774912 6 1 6 3 1224979098644774913 0 1224979098644774912 2176 3 1224979098644774914 144115188075856169 1224979098644774913 527 3 1224979098644774915 1224979098644774913 68 32 2 1224979098644774914 1224979098644774915 2121 3 1224979098644774916 1224979098644774914 1224979098644774915 2133 2 72057594037927938 1224979098644774916 2106 2 1224979098644774916 1 2133 2 72057594037927939 1224979098644774916 2133 2 72057594037927937 1224979098644774914 2121 3 1224979098644774917 1224979098644774913 0 2105 2 1224979098644774917 216172782113787044 2320 2 2 1224979098644774917 1106 2 1585267068834415376 15658496 507 3 1224979098644774913 68 1224979098644774914 3 0 
0.000000 0.000000 0.000000  0  11 1700 1 1224979098644774912 1710 2 2 1224979098644774912 4 0 1726 3 1224979098644774913 1224979098644774912 1 31 2 1224979098644774913 288230376151712268 71 1 34 721 2 2 50 1970 1 2 1974 1 1080863910568920066 1774 2 1224979098644774912 288230376151712268 3 0 


mst_castle_visit castle_visit 0  -1
Castle_visit 

47 0 4100 287 0 1 4  164 163 25 532 
1 4100 256 0 1 4  164 163 25 532 
2 4100 256 0 1 4  164 163 25 532 
3 4100 256 0 1 4  164 163 25 532 
4 4100 256 0 1 4  164 163 25 532 
5 4112 256 0 1 4  164 163 25 532 
6 4112 256 0 1 4  164 163 25 532 
7 4112 256 0 1 4  164 163 25 532 
8 4112 256 0 1 0  
9 4112 256 0 1 0  
10 4112 256 0 1 0  
11 4112 256 0 1 0  
12 4112 256 0 1 0  
13 4112 256 0 1 0  
14 4112 256 0 1 0  
15 4112 256 0 1 0  
16 4112 256 0 1 0  
17 4112 256 0 1 0  
18 4112 256 0 1 0  
19 4112 256 0 1 0  
20 4112 256 0 1 0  
21 4112 256 0 1 0  
22 4112 256 0 1 0  
23 4112 256 0 1 0  
24 4112 256 0 1 0  
25 4112 256 0 1 0  
26 4112 256 0 1 0  
27 4112 256 0 1 0  
28 4112 256 0 1 0  
29 4112 256 0 1 0  
30 4112 256 0 1 0  
31 4112 256 0 1 0  
32 4112 256 0 1 0  
33 4112 256 0 1 0  
34 4112 256 0 1 0  
35 4112 256 0 1 0  
36 4112 256 0 1 0  
37 4112 256 0 1 0  
38 4112 256 0 1 0  
39 4112 256 0 1 0  
40 4112 256 0 1 0  
41 4112 256 0 1 0  
42 4112 256 0 1 0  
43 4112 256 0 1 0  
44 4112 256 0 1 0  
45 4112 256 0 1 0  
46 4112 256 0 1 0  
54
-25.000000 0.000000 0.000000  0  24 2071 1 1224979098644774912 1 2 936748722493063517 1224979098644774912 1700 1 1224979098644774913 4 0 2147483679 2 1224979098644774913 1224979098644774912 1771 2 1224979098644774912 7 3 0 4 0 1073741855 2 144115188075856110 19 31 2 144115188075856110 18 1718 2 1224979098644774914 1224979098644774912 520 3 1224979098644774915 1224979098644774914 161 31 2 1224979098644774915 1 1700 1 1224979098644774913 1770 2 1224979098644774916 1224979098644774913 1771 2 1224979098644774912 1224979098644774916 1753 2 1224979098644774912 5 500 3 1224979098644774914 161 0 4 0 540 3 1224979098644774914 149 3 1710 2 1 1224979098644774912 1730 2 1224979098644774912 1 3 0 3 0 
-26.000000 0.000000 0.000000  0  14 2071 1 1224979098644774912 2072 1 1224979098644774913 1718 2 1224979098644774914 1224979098644774912 1718 2 1224979098644774915 1224979098644774913 4 0 1073741855 2 1224979098644774914 360287970189639738 1073741855 2 1224979098644774914 360287970189639760 1073741855 2 1224979098644774914 360287970189639770 1073741855 2 1224979098644774914 360287970189639783 1073741855 2 1224979098644774914 360287970189639796 31 2 1224979098644774914 360287970189639810 31 2 1224979098644774915 360287970189639680 1106 1 1585267068834415373 3 0 
1.000000 0.000000 0.000000  2 1073741855 2 144115188075856110 18 31 2 144115188075856110 19  2 1 1 936748722493063703 1936 0 
1.000000 0.000000 100000000.000000  1 31 2 144115188075856110 19  17 1700 1 1224979098644774912 2133 2 72057594037927942 1224979098644774912 1 1 936748722493063701 1700 1 1224979098644774912 1710 2 4 1224979098644774912 6 3 1224979098644774913 360287970189639932 360287970189640302 560 3 1224979098644774913 149 1 2322 2 4 1224979098644774913 1106 1 216172782113786284 2211 1 1224979098644774914 1261 1 1224979098644774914 2211 1 1224979098644774914 1261 1 1224979098644774914 2133 2 1224979098644774915 24 1265 5 1224979098644774915 1224979098644774913 1 0 0 500 3 1224979098644774913 161 1 3 0 
-21.000000 0.000000 0.000000  12 4 0 1073741855 2 144115188075856110 19 31 2 144115188075856110 18 1106 1 216172782113786889 5 0 1073741855 2 144115188075856156 0 31 2 144115188075856156 1 2075 1 1 1935 0 5 0 1106 1 216172782113786889 3 0  0 
-19.000000 0.000000 0.000000  0  2 1 1 936748722493063507 1 1 936748722493063508 
3.000000 0.000000 0.000000  1 1006 1 0  16 4 0 1073741855 2 144115188075856110 18 31 2 144115188075856110 19 1 1 936748722493063712 2060 1 864691128455135396 2133 2 1224979098644774912 360287970189640302 6 3 1224979098644774913 360287970189639932 1224979098644774912 500 3 1224979098644774913 149 0 3 0 1935 0 1907 1 0 5 0 1935 0 1907 1 0 2075 1 1 3 0 
3.000000 0.000000 0.000000  5 31 2 144115188075856110 19 2147484654 1 0 2370 1 1224979098644774912 30 2 1224979098644774912 10 1003 0  14 1 1 936748722493063712 12 1 1224979098644774912 1718 2 1224979098644774913 1224979098644774912 560 3 1224979098644774913 149 2 4 0 1702 1 1224979098644774912 500 3 1224979098644774913 149 4 5 0 500 3 1224979098644774913 149 5 3 0 3 0 2060 1 864691128455135380 1935 0 1907 1 0 
0.000000 0.000000 100000000.000000  0  2 2147484551 1 1513209474796486703 900 1 1513209474796486703 
0.000000 0.000000 0.000000  0  15 4 0 2147484551 1 1513209474796486694 2147484551 1 1513209474796486703 2147484551 1 1513209474796486734 900 1 1513209474796486703 3 0 4 0 903 1 1513209474796486694 1 1 936748722493063538 5 0 903 1 1513209474796486703 1 1 936748722493063790 31 2 144115188075857173 1 1 1 936748722493063788 3 0 
-20.000000 0.000000 100000000.000000  2 541 3 648518346341351424 84 1 2147483679 2 144115188075856156 1  60 2170 3 1224979098644774912 1369094286720630785 360287970189639680 520 3 1224979098644774913 360287970189639680 7 2108 2 1224979098644774912 3 2108 2 1224979098644774913 400 2120 3 1224979098644774914 1224979098644774913 1224979098644774912 2110 2 1224979098644774914 4 30 2 1224979098644774914 1 1700 1 144115188075857103 1770 2 144115188075857104 144115188075857103 1714 2 1224979098644774915 144115188075857103 2133 2 1224979098644774916 0 2133 2 1224979098644774917 0 4 0 541 3 144115188075856213 0 4 2133 2 1224979098644774916 11 2133 2 1224979098644774917 792633534417207299 5 0 1073741855 2 144115188075856110 18 1073741855 2 144115188075856110 19 31 2 144115188075856110 0 2133 2 1224979098644774916 24 4 0 541 3 144115188075856213 0 2 2133 2 1224979098644774917 792633534417207313 5 0 2133 2 1224979098644774917 792633534417207298 3 0 5 0 31 2 144115188075856110 14 2133 2 1224979098644774916 17 3 0 4 0 2147483679 2 144115188075856110 14 32 2 1224979098644774915 0 1940 3 1224979098644774917 1224979098644774916 0 3 0 2211 1 1224979098644774918 1261 1 1224979098644774918 2133 2 1224979098644774919 0 1650 2 1224979098644774920 648518346341351424 6 3 1224979098644774921 0 1224979098644774920 1652 3 1224979098644774922 648518346341351424 1224979098644774921 2147483679 2 1224979098644774922 360287970189639680 1507 1 1224979098644774922 2147485156 1 1224979098644774922 2105 2 1224979098644774919 1 4 0 1073741855 2 144115188075856110 19 31 2 144115188075856110 18 500 3 1224979098644774922 161 1 3 0 1265 3 1224979098644774916 1224979098644774922 1 31 2 1224979098644774919 1224979098644774914 2133 2 1224979098644774920 0 3 0 32 2 1224979098644774919 0 1107 1 0 1790 3 144115188075857104 8 1 1795 2 144115188075857104 8 1107 1 1 
-25.000000 0.000000 0.000000  1 541 3 648518346341351424 84 1  22 2071 1 1224979098644774912 1718 2 1224979098644774913 1224979098644774912 2147483679 2 1224979098644774913 360287970189639680 1507 1 1224979098644774913 110 1 1224979098644774913 1710 2 1 144115188075857103 1771 2 1224979098644774912 144115188075857104 1783 2 1224979098644774912 8 1803 3 1224979098644774912 144115188075857103 1 1807 2 1224979098644774912 1 2136 3 1224979098644774914 1 3 2107 2 1224979098644774914 100 721 2 1 1224979098644774914 2136 3 1224979098644774914 1 3 2136 3 1224979098644774915 0 2 2107 2 1224979098644774915 -1 4 0 2147483679 2 1224979098644774915 0 2107 2 1224979098644774914 1224979098644774915 3 0 720 2 1 1224979098644774914 1711 2 1224979098644774912 1 
-26.000000 0.000000 0.000000  1 541 3 648518346341351424 84 1  7 2071 1 1224979098644774912 1718 2 1224979098644774913 1224979098644774912 2147483679 2 1224979098644774913 360287970189639680 1507 1 1224979098644774913 110 1 1224979098644774913 2147485156 1 1224979098644774913 1618 3 648518346341351424 1224979098644774913 1 
0.000000 0.000000 100000000.000000  0  5 1700 1 144115188075857103 1770 2 144115188075857104 144115188075857103 1714 2 1224979098644774912 144115188075857103 30 2 1224979098644774912 0 505 3 144115188075857103 41 1224979098644774912 
-19.000000 0.000000 100000000.000000  0  11 501 3 648518346341351424 108 0 501 3 648518346341351433 108 0 501 3 2 108 0 6 3 1224979098644774912 0 4 6 3 1224979098644774913 149 167 509 3 1224979098644774912 1224979098644774913 -1 3 0 3 0 541 3 648518346341351424 72 0 1 1 936748722493063830 501 3 648518346341351424 72 1 
0.000000 0.000000 0.000000  13 2147484654 0 1073741897 1 30 1073741897 1 31 1073741897 1 32 1073741897 1 33 1073741897 1 34 1073741897 1 35 1073741897 1 36 1073741897 1 37 1073741897 1 38 1073741897 1 29 1073741897 1 39 73 1 40  2 501 3 648518346341351424 108 0 900 1 1513209474796486734 
-23.000000 0.000000 0.000000  0  3 501 3 648518346341351424 108 0 903 1 1513209474796486734 902 1 0 
0.000000 0.000000 0.000000  2 2147484654 0 71 1 67  6 2147484189 3 648518346341351424 108 23 2147484189 3 648518346341351424 108 24 2147484189 3 648518346341351424 108 25 903 1 1513209474796486734 902 1 0 501 3 648518346341351424 108 0 
0.000000 0.000000 0.000000  2 2147484654 0 73 1 23  20 4 0 2147484189 3 648518346341351424 108 23 2147484189 3 648518346341351424 108 24 2147484189 3 648518346341351424 108 25 501 3 648518346341351424 108 23 5 0 541 3 648518346341351424 108 23 2133 2 144115188075857105 1 1 2 936748722493063868 0 501 3 648518346341351424 108 0 5 0 541 3 648518346341351424 108 24 2133 2 144115188075857105 1 1 2 936748722493063868 5 501 3 648518346341351424 108 0 5 0 541 3 648518346341351424 108 25 1 2 936748722493063839 0 501 3 648518346341351424 108 0 3 0 
0.000000 0.000000 0.000000  2 2147484654 0 73 1 24  20 4 0 2147484189 3 648518346341351424 108 23 2147484189 3 648518346341351424 108 24 2147484189 3 648518346341351424 108 25 501 3 648518346341351424 108 24 5 0 541 3 648518346341351424 108 23 2133 2 144115188075857105 1 1 2 936748722493063868 1 501 3 648518346341351424 108 0 5 0 541 3 648518346341351424 108 24 2133 2 144115188075857105 1 1 2 936748722493063868 6 501 3 648518346341351424 108 0 5 0 541 3 648518346341351424 108 25 1 2 936748722493063839 0 501 3 648518346341351424 108 0 3 0 
0.000000 0.000000 0.000000  2 2147484654 0 73 1 25  19 4 0 2147484189 3 648518346341351424 108 23 2147484189 3 648518346341351424 108 24 2147484189 3 648518346341351424 108 25 501 3 648518346341351424 108 25 5 0 541 3 648518346341351424 108 23 2133 2 144115188075857105 1 1 2 936748722493063868 2 501 3 648518346341351424 108 0 5 0 541 3 648518346341351424 108 24 2133 2 144115188075857105 1 1 2 936748722493063868 8 501 3 648518346341351424 108 0 5 0 541 3 648518346341351424 108 25 501 3 648518346341351424 108 0 3 0 
0.000000 0.000000 0.000000  2 2147484654 0 73 1 26  35 4 0 541 3 648518346341351424 108 0 1073741855 2 144115188075856193 864691128455135276 31 2 144115188075856193 864691128455135287 501 3 648518346341351424 108 26 900 1 1513209474796486734 5 0 541 3 648518346341351424 108 23 2133 2 144115188075857105 1 1 2 936748722493063868 11 501 3 648518346341351424 108 0 5 0 541 3 648518346341351424 108 24 2133 2 144115188075857105 1 1 2 936748722493063868 7 501 3 648518346341351424 108 0 5 0 541 3 648518346341351424 108 25 1 3 936748722493063833 -1 144115188075857104 501 3 648518346341351424 108 0 5 0 541 3 648518346341351424 108 26 6 3 1224979098644774912 0 9 1775 2 144115188075857104 1224979098644774912 2120 3 1224979098644774913 14 1224979098644774912 569 3 144115188075857104 1224979098644774913 1 2133 2 144115188075857105 1 1 3 936748722493063867 1224979098644774912 2 3 0 501 3 648518346341351424 108 0 5 0 541 3 648518346341351424 108 65 1 1 936748722493063837 501 3 648518346341351424 108 0 3 0 
0.000000 0.000000 0.000000  2 2147484654 0 73 1 27  36 4 0 541 3 648518346341351424 108 0 501 3 648518346341351424 108 27 900 1 1513209474796486734 5 0 541 3 648518346341351424 108 23 2133 2 144115188075857105 1 1 2 936748722493063868 14 501 3 648518346341351424 108 0 5 0 541 3 648518346341351424 108 24 501 3 648518346341351424 108 0 5 0 541 3 648518346341351424 108 26 6 3 1224979098644774912 0 9 1775 2 144115188075857104 1224979098644774912 2120 3 1224979098644774913 14 1224979098644774912 569 3 144115188075857104 1224979098644774913 1 2133 2 144115188075857105 1 1 3 936748722493063867 1224979098644774912 3 3 0 501 3 648518346341351424 108 0 5 0 541 3 648518346341351424 108 27 1 2 936748722493063835 1 501 3 648518346341351424 108 0 5 0 541 3 648518346341351424 108 28 1 2 936748722493063835 4 501 3 648518346341351424 108 0 5 0 541 3 648518346341351424 108 65 1 2 936748722493063834 9 1 2 936748722493063840 1 501 3 648518346341351424 108 0 3 0 
0.000000 0.000000 0.000000  2 2147484654 0 73 1 28  33 4 0 541 3 648518346341351424 108 0 501 3 648518346341351424 108 28 900 1 1513209474796486734 5 0 541 3 648518346341351424 108 24 2133 2 144115188075857105 1 1 2 936748722493063868 4 501 3 648518346341351424 108 0 5 0 541 3 648518346341351424 108 26 6 3 1224979098644774912 0 9 1775 2 144115188075857104 1224979098644774912 2120 3 1224979098644774913 14 1224979098644774912 569 3 144115188075857104 1224979098644774913 1 2133 2 144115188075857105 1 1 3 936748722493063867 1224979098644774912 4 3 0 501 3 648518346341351424 108 0 5 0 541 3 648518346341351424 108 27 1 2 936748722493063835 2 501 3 648518346341351424 108 0 5 0 541 3 648518346341351424 108 28 1 2 936748722493063835 5 501 3 648518346341351424 108 0 5 0 541 3 648518346341351424 108 65 1 2 936748722493063834 11 1 2 936748722493063839 1 501 3 648518346341351424 108 0 3 0 
0.000000 0.000000 0.000000  2 2147484654 0 71 1 65  28 4 0 541 3 648518346341351424 108 0 501 3 648518346341351424 108 65 900 1 1513209474796486734 5 0 541 3 648518346341351424 108 26 6 3 1224979098644774912 0 9 1775 2 144115188075857104 1224979098644774912 2120 3 1224979098644774913 14 1224979098644774912 569 3 144115188075857104 1224979098644774913 1 2133 2 144115188075857105 1 1 3 936748722493063867 1224979098644774912 5 3 0 501 3 648518346341351424 108 0 5 0 541 3 648518346341351424 108 27 1 2 936748722493063835 3 501 3 648518346341351424 108 0 5 0 541 3 648518346341351424 108 28 1 2 936748722493063835 6 501 3 648518346341351424 108 0 5 0 541 3 648518346341351424 108 65 1 2 936748722493063834 13 1 2 936748722493063838 1 501 3 648518346341351424 108 0 3 0 
0.000000 0.000000 0.000000  2 2147484654 0 71 1 66  10 4 0 541 3 648518346341351424 108 26 2133 2 144115188075857105 1 1 2 936748722493063868 2 501 3 648518346341351424 108 0 5 0 541 3 648518346341351424 108 27 1 2 936748722493063835 0 501 3 648518346341351424 108 0 3 0 
0.500000 0.000000 0.000000  1 1 2 936748722493063836 167  1 1 1 936748722493063841 
1.000000 0.000000 0.000000  1 1 2 936748722493063836 176  37 6 3 1224979098644774912 0 4 6 3 1224979098644774913 0 9 2120 3 1224979098644774914 176 1224979098644774913 569 3 1224979098644774912 1224979098644774914 1 529 3 1224979098644774915 1224979098644774912 1224979098644774914 2105 2 1224979098644774915 1 509 3 1224979098644774912 1224979098644774914 1224979098644774915 3 0 3 0 12 1 1224979098644774916 1707 1 1224979098644774916 565 3 1224979098644774916 43 1 1727 3 1224979098644774917 1224979098644774916 1 32 2 1224979098644774917 0 1770 2 1224979098644774912 1224979098644774916 1773 2 1224979098644774913 1224979098644774916 2120 3 1224979098644774914 176 1224979098644774913 529 3 1224979098644774915 1224979098644774912 1224979098644774914 525 3 1224979098644774918 1224979098644774916 43 4 0 31 2 1224979098644774918 8 2133 2 1224979098644774919 2 5 0 31 2 1224979098644774918 9 2133 2 1224979098644774919 5 3 0 1739 2 1224979098644774920 1224979098644774916 1073741855 2 1224979098644774920 1 31 2 1224979098644774920 3 2119 3 72057594037927936 1224979098644774915 1224979098644774919 4 0 31 2 72057594037927936 0 1745 3 1224979098644774916 0 0 5 0 1745 3 1224979098644774916 0 1 3 0 3 0 
1.000000 0.000000 100000000.000000  1 2147483679 2 144115188075856168 0  5 6 3 1224979098644774912 0 4 6 3 1224979098644774913 176 185 509 3 1224979098644774912 1224979098644774913 0 3 0 3 0 
0.000000 0.000000 3.000000  1 71 1 50  7 525 3 1224979098644774912 144115188075857103 41 32 2 1224979098644774912 0 1750 2 144115188075857103 1152921504606847104 1106 1 1585267068834415372 1702 1 1224979098644774912 1710 2 1 144115188075857103 1730 3 1224979098644774912 1 0 
0.000000 0.000000 100000000.000000  2 1700 1 144115188075857109 32 2 144115188075857109 -1  12 2133 2 144115188075857107 0 2133 2 144115188075857110 0 2133 2 144115188075857106 -1 2133 2 144115188075857111 0 2133 2 144115188075856292 0 2133 2 144115188075857112 500 2133 2 144115188075857113 375 2133 2 144115188075857114 144115188075857112 2133 2 144115188075857115 144115188075857113 2133 2 144115188075857116 0 31 2 144115188075857185 0 1 1 936748722493063842 
0.000000 0.000000 0.000000  3 1006 0 31 2 144115188075857111 0 31 2 144115188075857107 2  12 1710 2 1 144115188075857103 726 2 1224979098644774912 1 727 2 1224979098644774913 1 701 1 47 729 2 47 1224979098644774912 730 2 47 1224979098644774913 791 1 47 722 2 47 250 2001 3 1 0 0 2011 1 47 2133 2 144115188075857117 0 2133 2 144115188075857111 1 
0.000000 0.000000 0.000000  10 31 2 144115188075857111 1 31 2 144115188075857107 2 1073741895 1 144115188075857179 1073741894 1 144115188075857179 1073741895 1 144115188075857180 1073741894 1 144115188075857180 1073741895 1 144115188075857181 1073741894 1 144115188075857181 1073741895 1 144115188075857182 70 1 144115188075857182  26 2010 1 47 2133 2 1224979098644774912 0 2133 2 1224979098644774913 0 4 0 1073741895 1 144115188075857179 70 1 144115188075857179 2133 2 1224979098644774913 10 3 0 4 0 1073741895 1 144115188075857180 70 1 144115188075857180 2133 2 1224979098644774913 -10 3 0 4 0 1073741895 1 144115188075857181 70 1 144115188075857181 2133 2 1224979098644774912 -10 3 0 4 0 1073741895 1 144115188075857182 70 1 144115188075857182 2133 2 1224979098644774912 10 3 0 720 2 47 1224979098644774912 721 2 47 1224979098644774913 2011 1 47 
0.000000 0.000000 0.000000  9 31 2 144115188075857111 1 31 2 144115188075857107 2 2147484551 1 1513209474796486694 75 1 1 2124 1 1000 726 2 72057594037927937 1 727 2 72057594037927938 1 3221225503 2 72057594037927937 144115188075857112 2147483679 2 72057594037927938 144115188075857113  53 2133 2 1224979098644774912 1 4 0 31 2 72057594037927937 144115188075857114 31 2 72057594037927938 144115188075857115 2105 2 144115188075857116 1 4 0 32 2 144115188075857116 50 2133 2 144115188075857112 72057594037927937 2133 2 144115188075857113 72057594037927938 2133 2 144115188075857116 0 3 0 2133 2 1224979098644774912 0 3 0 31 2 1224979098644774912 1 2133 2 144115188075857116 0 2133 2 144115188075857114 72057594037927937 2133 2 144115188075857115 72057594037927938 2010 1 47 2121 3 1224979098644774913 144115188075857112 72057594037927937 2121 3 1224979098644774914 72057594037927938 144115188075857113 6 3 1224979098644774915 0 2 4 0 31 2 1224979098644774915 1 2133 2 1224979098644774913 1224979098644774914 3 0 3221225502 2 1224979098644774913 -2 32 2 1224979098644774913 2 2133 2 1224979098644774916 1 4 0 2147483678 2 1224979098644774913 0 2133 2 1224979098644774916 -1 3 0 2113 1 1224979098644774913 2106 2 1224979098644774913 2 2130 1 1224979098644774913 2125 2 1224979098644774913 1224979098644774913 2131 1 1224979098644774913 2112 3 1224979098644774913 1 6 2107 2 1224979098644774913 1224979098644774916 4 0 31 2 1224979098644774915 0 2122 3 1224979098644774917 144115188075857117 -1 723 2 47 1224979098644774917 725 2 47 1224979098644774913 723 2 47 144115188075857117 3 0 4 0 31 2 1224979098644774915 1 723 2 47 1224979098644774913 2105 2 144115188075857117 1224979098644774913 3 0 3 0 2011 1 47 
0.000000 0.000000 0.000000  2 31 2 144115188075857111 0 31 2 144115188075857107 1  32 2124 1 100 1709 2 7 144115188075857109 742 2 1224979098644774912 7 2121 3 1224979098644774913 0 1224979098644774912 723 2 7 1224979098644774913 4 0 31 2 144115188075857106 -1 2112 3 144115188075857120 -1000 1000 2112 3 144115188075857119 -1000 1000 2110 2 144115188075857118 1000 3 0 721 2 7 144115188075857119 722 2 7 144115188075857118 720 2 7 144115188075857120 1714 2 1224979098644774914 144115188075857109 4 0 30 2 1224979098644774914 0 722 2 7 80 3 0 2122 3 1224979098644774913 -1 144115188075857119 2143 3 1224979098644774915 144115188075857118 1224979098644774913 2131 1 1224979098644774915 2106 2 1224979098644774912 1224979098644774915 723 2 7 1224979098644774912 2012 3 7 100 0 4 0 2147484654 0 1073741897 1 20 73 1 21 2001 1 0 2133 2 144115188075857107 0 3 0 
0.000000 0.000000 0.000000  3 71 1 144115188075857185 2147483678 2 144115188075857107 3 2147483679 2 144115188075857110 1  38 4 0 31 2 144115188075857107 0 2133 2 144115188075857107 1 2133 2 144115188075857118 300 2133 2 144115188075857119 -1000 2133 2 144115188075857120 0 5 0 31 2 144115188075857107 1 4 0 31 2 144115188075857106 -1 4 0 2147484654 1 0 1700 1 144115188075857109 3 0 2133 2 144115188075857107 0 5 0 2133 2 144115188075857107 2 3 0 5 0 31 2 144115188075857107 2 4 0 30 2 144115188075857106 0 2133 2 144115188075857107 1 2133 2 144115188075857118 300 2133 2 144115188075857119 -1000 2133 2 144115188075857120 0 2133 2 144115188075857111 0 5 0 2133 2 144115188075857107 0 3 0 3 0 900 1 1513209474796486735 4 0 31 2 144115188075857107 0 2001 1 0 5 0 2001 1 1 3 0 
0.000000 0.000000 0.000000  2 70 1 144115188075857182 31 2 144115188075857107 1  3 2105 2 144115188075857120 1 2147483718 1 42 2105 2 144115188075857120 9 
0.000000 0.000000 0.000000  2 70 1 144115188075857181 31 2 144115188075857107 1  3 2106 2 144115188075857120 1 2147483718 1 42 2106 2 144115188075857120 9 
0.000000 0.000000 0.000000  2 70 1 144115188075857179 31 2 144115188075857107 1  3 2105 2 144115188075857119 1 2147483718 1 42 2105 2 144115188075857119 9 
0.000000 0.000000 0.000000  2 70 1 144115188075857180 31 2 144115188075857107 1  3 2106 2 144115188075857119 1 2147483718 1 42 2106 2 144115188075857119 9 
0.000000 0.000000 0.000000  2 70 1 144115188075857183 31 2 144115188075857107 1  3 2105 2 144115188075857118 1 2147483718 1 42 2105 2 144115188075857118 9 
0.000000 0.000000 0.000000  2 70 1 144115188075857184 31 2 144115188075857107 1  4 2106 2 144115188075857118 1 2147483718 1 42 2106 2 144115188075857118 9 2111 2 144115188075857118 50 
0.000000 0.000000 0.000000  3 71 1 144115188075857186 31 2 144115188075857107 1 30 2 144115188075857106 1  1 1 1 936748722493063843 
0.000000 0.000000 0.000000  3 71 1 144115188075857187 31 2 144115188075857107 1 30 2 144115188075857106 1  1 1 1 936748722493063844 
0.000000 0.000000 0.000000  3 2147484654 0 70 1 224 31 2 144115188075857107 1  10 31 2 144115188075857103 144115188075857109 1702 1 144115188075857103 1726 3 1224979098644774912 144115188075857109 0 30 2 1224979098644774912 0 1570 2 1224979098644774913 1224979098644774912 1073741855 2 1224979098644774913 8 1073741855 2 1224979098644774913 9 31 2 1224979098644774913 10 2133 2 144115188075857110 1 2001 1 0 
0.000000 0.000000 0.000000  3 2147484654 0 2147483718 1 224 31 2 144115188075857110 1  2 2133 2 144115188075857110 0 2001 1 1 
0.000000 0.000000 100000000.000000  0  7 12 1 1224979098644774912 1704 1 1224979098644774912 1718 2 1224979098644774913 1224979098644774912 1507 1 1224979098644774913 1515 2 1224979098644774914 1224979098644774913 500 3 1224979098644774913 329 1224979098644774914 3 0 
1.000000 0.000000 0.000000  0  41 1700 1 1224979098644774912 12 1 1224979098644774913 1704 1 1224979098644774913 1718 2 1224979098644774914 1224979098644774913 1507 1 1224979098644774914 1515 2 1224979098644774915 1224979098644774914 520 3 1224979098644774916 1224979098644774914 329 32 2 1224979098644774915 1224979098644774916 2121 3 1224979098644774917 1224979098644774915 1224979098644774916 2172 3 1224979098644774918 1224979098644774914 2 2122 3 1224979098644774919 1224979098644774918 3 2107 2 1224979098644774919 1224979098644774917 2108 2 1224979098644774919 100 1107 1 0 1062 2 1224979098644774919 1224979098644774914 1107 1 1 4 0 31 2 1224979098644774913 1224979098644774912 32 2 1224979098644774919 0 31 2 144115188075857164 1 2133 2 72057594037927937 1224979098644774919 1106 1 1585267068834415374 3 0 1515 2 1224979098644774920 1224979098644774914 500 3 1224979098644774914 329 1224979098644774920 2121 3 1224979098644774921 1224979098644774920 1224979098644774916 2170 3 1224979098644774922 27 1224979098644774914 2105 2 1224979098644774922 10 2107 2 1224979098644774921 1224979098644774922 2108 2 1224979098644774921 20 2108 2 1224979098644774921 100 32 2 1224979098644774921 0 1525 2 1224979098644774914 1224979098644774921 4 0 31 2 1224979098644774913 1224979098644774912 31 2 144115188075857164 1 2133 2 72057594037927937 1224979098644774921 2121 3 72057594037927938 72057594037927937 1 1106 1 1585267068834415375 3 0 3 0 
1.000000 0.000000 0.000000  0  11 1700 1 1224979098644774912 12 1 1224979098644774913 2147483679 2 1224979098644774913 1224979098644774912 1702 1 1224979098644774913 1704 1 1224979098644774913 1727 2 1224979098644774914 1224979098644774913 545 3 1224979098644774913 26 0 2147483680 2 1224979098644774914 1 1728 1 1224979098644774913 505 3 1224979098644774913 26 1 3 0 
0.000000 0.000000 0.000000  0  11 4 0 70 1 29 71 1 30 1700 1 1224979098644774912 1728 1 1224979098644774912 5 0 70 1 56 71 1 30 12 1 1224979098644774913 1728 1 1224979098644774913 3 0 
-19.000000 0.000000 0.000000  0  1 1 1 936748722493063765 
0.000000 0.000000 100000000.000000  1 2147483679 2 144115188075856169 360287970189639680  5 2120 3 1224979098644774912 6 1 6 3 1224979098644774913 0 1224979098644774912 2176 3 1224979098644774914 144115188075856169 1224979098644774913 507 3 1224979098644774913 68 1224979098644774914 3 0 
1.000000 0.000000 0.000000  1 2147483679 2 144115188075856169 360287970189639680  17 2322 2 1 144115188075856169 2120 3 1224979098644774912 6 1 6 3 1224979098644774913 0 1224979098644774912 2176 3 1224979098644774914 144115188075856169 1224979098644774913 527 3 1224979098644774915 1224979098644774913 68 32 2 1224979098644774914 1224979098644774915 2121 3 1224979098644774916 1224979098644774914 1224979098644774915 2133 2 72057594037927938 1224979098644774916 2106 2 1224979098644774916 1 2133 2 72057594037927939 1224979098644774916 2133 2 72057594037927937 1224979098644774914 2121 3 1224979098644774917 1224979098644774913 0 2105 2 1224979098644774917 216172782113787044 2320 2 2 1224979098644774917 1106 2 1585267068834415376 15658496 507 3 1224979098644774913 68 1224979098644774914 3 0 
0.000000 0.000000 0.000000  0  11 1700 1 1224979098644774912 1710 2 2 1224979098644774912 4 0 1726 3 1224979098644774913 1224979098644774912 1 31 2 1224979098644774913 288230376151712268 71 1 34 721 2 2 50 1970 1 2 1974 1 1080863910568920066 1774 2 1224979098644774912 288230376151712268 3 0 


mst_training_ground_trainer_talk training_ground_trainer_talk 0  -1
Training. 

7 0 4100 271 0 1 0  
1 4100 271 0 1 0  
2 4100 271 0 1 0  
3 4100 271 0 1 0  
4 4100 271 0 1 0  
5 4100 271 0 1 0  
6 4100 0 0 1 0  
4
-19.000000 0.000000 0.000000  0  1 1 1 936748722493063507 
-22.000000 0.000000 0.000000  1 2075 1 1  0 
-21.000000 0.000000 0.000000  1 2075 1 1  0 
0.000000 1.000000 2.000000  1 2147483678 2 144115188075856307 2  5 4 0 31 2 144115188075856307 0 5 0 3 0 2105 2 144115188075856307 1 


mst_training_ground_trainer_training training_ground_trainer_training 1  -1
You_will_fight_a_match_in_the_arena. 

5 16 4112 511 16 1 3  27 17 40 
17 8208 511 16 1 2  25 40 
18 12304 511 16 1 2  25 40 
19 16400 511 16 1 2  18 40 
20 16 0 0 1 0  
14
-19.000000 0.000000 0.000000  0  1 1 1 936748722493063507 
-21.000000 0.000000 0.000000  0  1 1121 1 216172782113783945 
-8.000000 0.000000 0.000000  0  7 2071 1 1224979098644774912 31 2 1224979098644774912 0 1911 1 792633534417207314 1261 1 144115188075856276 1262 0 1912 1 5 1910 1 144115188075856276 
1.000000 3.000000 100000000.000000  1 1006 1 0  5 1911 1 792633534417207314 1261 1 144115188075856276 1262 0 1912 1 5 1910 1 144115188075856276 
1.000000 3.000000 100000000.000000  5 2370 1 72057594037927937 30 2 72057594037927937 1 1005 1 1 2147484654 0 2133 2 144115188075856136 1  5 1911 1 792633534417207314 1261 1 144115188075856276 1262 0 1912 1 5 1910 1 144115188075856276 
-22.000000 0.000000 0.000000  1 1106 1 216172782113783920  0 
0.000000 0.000000 100000000.000000  0  7 12 1 1224979098644774912 1704 1 1224979098644774912 1718 2 1224979098644774913 1224979098644774912 1507 1 1224979098644774913 1515 2 1224979098644774914 1224979098644774913 500 3 1224979098644774913 329 1224979098644774914 3 0 
1.000000 0.000000 0.000000  0  41 1700 1 1224979098644774912 12 1 1224979098644774913 1704 1 1224979098644774913 1718 2 1224979098644774914 1224979098644774913 1507 1 1224979098644774914 1515 2 1224979098644774915 1224979098644774914 520 3 1224979098644774916 1224979098644774914 329 32 2 1224979098644774915 1224979098644774916 2121 3 1224979098644774917 1224979098644774915 1224979098644774916 2172 3 1224979098644774918 1224979098644774914 2 2122 3 1224979098644774919 1224979098644774918 3 2107 2 1224979098644774919 1224979098644774917 2108 2 1224979098644774919 100 1107 1 0 1062 2 1224979098644774919 1224979098644774914 1107 1 1 4 0 31 2 1224979098644774913 1224979098644774912 32 2 1224979098644774919 0 31 2 144115188075857164 1 2133 2 72057594037927937 1224979098644774919 1106 1 1585267068834415374 3 0 1515 2 1224979098644774920 1224979098644774914 500 3 1224979098644774914 329 1224979098644774920 2121 3 1224979098644774921 1224979098644774920 1224979098644774916 2170 3 1224979098644774922 27 1224979098644774914 2105 2 1224979098644774922 10 2107 2 1224979098644774921 1224979098644774922 2108 2 1224979098644774921 20 2108 2 1224979098644774921 100 32 2 1224979098644774921 0 1525 2 1224979098644774914 1224979098644774921 4 0 31 2 1224979098644774913 1224979098644774912 31 2 144115188075857164 1 2133 2 72057594037927937 1224979098644774921 2121 3 72057594037927938 72057594037927937 1 1106 1 1585267068834415375 3 0 3 0 
1.000000 0.000000 0.000000  0  11 1700 1 1224979098644774912 12 1 1224979098644774913 2147483679 2 1224979098644774913 1224979098644774912 1702 1 1224979098644774913 1704 1 1224979098644774913 1727 2 1224979098644774914 1224979098644774913 545 3 1224979098644774913 26 0 2147483680 2 1224979098644774914 1 1728 1 1224979098644774913 505 3 1224979098644774913 26 1 3 0 
0.000000 0.000000 0.000000  0  11 4 0 70 1 29 71 1 30 1700 1 1224979098644774912 1728 1 1224979098644774912 5 0 70 1 56 71 1 30 12 1 1224979098644774913 1728 1 1224979098644774913 3 0 
-19.000000 0.000000 0.000000  0  1 1 1 936748722493063765 
0.000000 0.000000 100000000.000000  1 2147483679 2 144115188075856169 360287970189639680  5 2120 3 1224979098644774912 6 1 6 3 1224979098644774913 0 1224979098644774912 2176 3 1224979098644774914 144115188075856169 1224979098644774913 507 3 1224979098644774913 68 1224979098644774914 3 0 
1.000000 0.000000 0.000000  1 2147483679 2 144115188075856169 360287970189639680  17 2322 2 1 144115188075856169 2120 3 1224979098644774912 6 1 6 3 1224979098644774913 0 1224979098644774912 2176 3 1224979098644774914 144115188075856169 1224979098644774913 527 3 1224979098644774915 1224979098644774913 68 32 2 1224979098644774914 1224979098644774915 2121 3 1224979098644774916 1224979098644774914 1224979098644774915 2133 2 72057594037927938 1224979098644774916 2106 2 1224979098644774916 1 2133 2 72057594037927939 1224979098644774916 2133 2 72057594037927937 1224979098644774914 2121 3 1224979098644774917 1224979098644774913 0 2105 2 1224979098644774917 216172782113787044 2320 2 2 1224979098644774917 1106 2 1585267068834415376 15658496 507 3 1224979098644774913 68 1224979098644774914 3 0 
0.000000 0.000000 0.000000  0  11 1700 1 1224979098644774912 1710 2 2 1224979098644774912 4 0 1726 3 1224979098644774913 1224979098644774912 1 31 2 1224979098644774913 288230376151712268 71 1 34 721 2 2 50 1970 1 2 1974 1 1080863910568920066 1774 2 1224979098644774912 288230376151712268 3 0 


mst_training_ground_training training_ground_training 1  -1
Training. 

13 0 4112 511 16 1 1  25 
1 8208 511 16 1 1  25 
2 8208 511 16 1 1  25 
3 8208 511 16 1 1  25 
4 8208 511 16 1 1  25 
8 16 287 0 1 0  
9 16 287 0 1 0  
10 16 287 0 1 0  
11 16 287 0 1 0  
12 16 287 0 1 0  
13 16 287 0 1 0  
14 16 287 0 1 0  
15 16 287 0 1 0  
17
-19.000000 0.000000 0.000000  0  2 2133 2 144115188075856308 0 1 1 936748722493063507 
-21.000000 0.000000 0.000000  0  1 1121 1 216172782113783945 
-8.000000 0.000000 0.000000  0  5 2071 1 1224979098644774912 31 2 1224979098644774912 0 2133 2 144115188075856309 0 2060 1 864691128455135389 1907 0 
-22.000000 0.000000 0.000000  1 1106 1 216172782113783919  0 
0.000000 0.000000 100000000.000000  81 4 0 31 2 144115188075856156 2 2124 1 100 1780 2 1 0 701 1 2 730 2 2 144115188075856818 716 3 3 1 2 700 2 1 3 2133 2 1224979098644774912 10 2133 2 1224979098644774913 0 6 3 1224979098644774914 0 1224979098644774912 2121 3 1224979098644774915 1224979098644774914 1224979098644774913 1811 3 1224979098644774916 1080863910568919883 1224979098644774915 700 2 2 1 701 1 0 2136 3 1224979098644774917 0 360 725 2 2 1224979098644774917 2136 3 1224979098644774917 50 600 720 2 2 1224979098644774917 2136 3 1224979098644774917 0 360 717 3 3 1 2 725 2 0 1224979098644774917 716 3 4 0 3 716 3 2 1 4 791 1 2 722 2 2 150 2133 2 1224979098644774918 1 6 3 1224979098644774919 0 10 31 2 1224979098644774918 1 2147483679 2 1224979098644774915 1224979098644774919 1811 3 1224979098644774920 1080863910568919883 1224979098644774919 1850 2 3 1224979098644774920 710 3 1224979098644774921 2 3 2147483678 2 1224979098644774921 100 2133 2 1224979098644774918 0 3 0 4 0 31 2 1224979098644774918 0 2105 2 1224979098644774912 1 2105 2 1224979098644774913 1 5 0 1855 2 1224979098644774916 2 1860 3 1224979098644774916 2 1 1811 3 1224979098644774920 1080863910568919884 1224979098644774915 722 2 2 -150 1855 2 1224979098644774920 2 1860 3 1224979098644774920 2 1 3 0 3 0 5 0 31 2 144115188075856156 3 2133 2 1224979098644774922 0 6 3 1224979098644774914 0 100 1811 3 1224979098644774916 1080863910568919883 1224979098644774914 1811 3 1224979098644774920 1080863910568919884 1224979098644774914 30 2 1224979098644774916 0 30 2 1224979098644774920 0 2105 2 1224979098644774922 1 1850 2 0 1224979098644774920 722 2 0 150 1855 2 1224979098644774916 0 1860 3 1224979098644774916 0 1 3 0 2121 3 1224979098644774912 1224979098644774922 144115188075856817 6 3 1224979098644774914 0 1224979098644774912 2136 3 1224979098644774923 0 1224979098644774922 1811 3 1224979098644774916 1080863910568919883 1224979098644774923 1850 2 0 1224979098644774916 728 2 1224979098644774924 0 4 0 2147483678 2 1224979098644774924 -50000 5 0 731 2 0 -100000 1855 2 1224979098644774916 0 1860 3 1224979098644774916 0 1 1811 3 1224979098644774920 1080863910568919884 1224979098644774923 1855 2 1224979098644774920 0 1860 3 1224979098644774920 0 1 3 0 3 0 3 0  0 
1.000000 3.000000 100000000.000000  3 31 2 144115188075856156 1 1073742830 0 1005 1 1  18 4 0 2147484654 0 2133 2 144115188075856309 100 5 0 2133 2 1224979098644774912 0 12 1 1224979098644774913 1702 1 1224979098644774913 1704 1 1224979098644774913 1770 2 1224979098644774914 1224979098644774913 31 2 1224979098644774914 1 2105 2 1224979098644774912 1 3 0 2121 3 1224979098644774915 144115188075856815 1224979098644774912 2122 3 144115188075856309 1224979098644774915 100 2108 2 144115188075856309 144115188075856815 3 0 2060 1 864691128455135389 1907 0 
1.000000 3.000000 100000000.000000  7 31 2 144115188075856156 2 1700 1 1224979098644774912 1727 2 1224979098644774913 1224979098644774912 2370 1 1224979098644774914 1073742830 0 1073741855 2 1224979098644774913 0 32 2 1224979098644774914 116  3 2122 3 144115188075856309 144115188075856310 10 2060 1 864691128455135389 1907 0 
1.000000 3.000000 100000000.000000  8 31 2 144115188075856156 3 1700 1 1224979098644774912 1714 2 1224979098644774913 1224979098644774912 2370 1 1224979098644774914 3221225502 2 1224979098644774913 0 1073742830 0 1073741854 2 144115188075856310 144115188075856817 32 2 1224979098644774914 120  4 2122 3 144115188075856309 144115188075856310 100 2108 2 144115188075856309 144115188075856817 2060 1 864691128455135389 1907 0 
0.000000 0.000000 0.000000  17 32 2 144115188075856308 0 4 0 31 2 144115188075856156 2 1780 2 1 0 721 3 1 100 0 1700 1 1224979098644774912 1710 2 2 1224979098644774912 4 0 714 2 2 1 2105 2 144115188075856310 144115188075856308 5 0 1106 1 1585267068834415387 3 0 5 0 2105 2 144115188075856310 144115188075856308 3 0 2133 2 144115188075856308 0  0 
0.000000 0.000000 100000000.000000  0  7 12 1 1224979098644774912 1704 1 1224979098644774912 1718 2 1224979098644774913 1224979098644774912 1507 1 1224979098644774913 1515 2 1224979098644774914 1224979098644774913 500 3 1224979098644774913 329 1224979098644774914 3 0 
1.000000 0.000000 0.000000  0  41 1700 1 1224979098644774912 12 1 1224979098644774913 1704 1 1224979098644774913 1718 2 1224979098644774914 1224979098644774913 1507 1 1224979098644774914 1515 2 1224979098644774915 1224979098644774914 520 3 1224979098644774916 1224979098644774914 329 32 2 1224979098644774915 1224979098644774916 2121 3 1224979098644774917 1224979098644774915 1224979098644774916 2172 3 1224979098644774918 1224979098644774914 2 2122 3 1224979098644774919 1224979098644774918 3 2107 2 1224979098644774919 1224979098644774917 2108 2 1224979098644774919 100 1107 1 0 1062 2 1224979098644774919 1224979098644774914 1107 1 1 4 0 31 2 1224979098644774913 1224979098644774912 32 2 1224979098644774919 0 31 2 144115188075857164 1 2133 2 72057594037927937 1224979098644774919 1106 1 1585267068834415374 3 0 1515 2 1224979098644774920 1224979098644774914 500 3 1224979098644774914 329 1224979098644774920 2121 3 1224979098644774921 1224979098644774920 1224979098644774916 2170 3 1224979098644774922 27 1224979098644774914 2105 2 1224979098644774922 10 2107 2 1224979098644774921 1224979098644774922 2108 2 1224979098644774921 20 2108 2 1224979098644774921 100 32 2 1224979098644774921 0 1525 2 1224979098644774914 1224979098644774921 4 0 31 2 1224979098644774913 1224979098644774912 31 2 144115188075857164 1 2133 2 72057594037927937 1224979098644774921 2121 3 72057594037927938 72057594037927937 1 1106 1 1585267068834415375 3 0 3 0 
1.000000 0.000000 0.000000  0  11 1700 1 1224979098644774912 12 1 1224979098644774913 2147483679 2 1224979098644774913 1224979098644774912 1702 1 1224979098644774913 1704 1 1224979098644774913 1727 2 1224979098644774914 1224979098644774913 545 3 1224979098644774913 26 0 2147483680 2 1224979098644774914 1 1728 1 1224979098644774913 505 3 1224979098644774913 26 1 3 0 
0.000000 0.000000 0.000000  0  11 4 0 70 1 29 71 1 30 1700 1 1224979098644774912 1728 1 1224979098644774912 5 0 70 1 56 71 1 30 12 1 1224979098644774913 1728 1 1224979098644774913 3 0 
-19.000000 0.000000 0.000000  0  1 1 1 936748722493063765 
0.000000 0.000000 100000000.000000  1 2147483679 2 144115188075856169 360287970189639680  5 2120 3 1224979098644774912 6 1 6 3 1224979098644774913 0 1224979098644774912 2176 3 1224979098644774914 144115188075856169 1224979098644774913 507 3 1224979098644774913 68 1224979098644774914 3 0 
1.000000 0.000000 0.000000  1 2147483679 2 144115188075856169 360287970189639680  17 2322 2 1 144115188075856169 2120 3 1224979098644774912 6 1 6 3 1224979098644774913 0 1224979098644774912 2176 3 1224979098644774914 144115188075856169 1224979098644774913 527 3 1224979098644774915 1224979098644774913 68 32 2 1224979098644774914 1224979098644774915 2121 3 1224979098644774916 1224979098644774914 1224979098644774915 2133 2 72057594037927938 1224979098644774916 2106 2 1224979098644774916 1 2133 2 72057594037927939 1224979098644774916 2133 2 72057594037927937 1224979098644774914 2121 3 1224979098644774917 1224979098644774913 0 2105 2 1224979098644774917 216172782113787044 2320 2 2 1224979098644774917 1106 2 1585267068834415376 15658496 507 3 1224979098644774913 68 1224979098644774914 3 0 
0.000000 0.000000 0.000000  0  11 1700 1 1224979098644774912 1710 2 2 1224979098644774912 4 0 1726 3 1224979098644774913 1224979098644774912 1 31 2 1224979098644774913 288230376151712268 71 1 34 721 2 2 50 1970 1 2 1974 1 1080863910568920066 1774 2 1224979098644774912 288230376151712268 3 0 


mst_sneak_caught_fight sneak_caught_fight 2  -1
You_must_fight_your_way_out! 

65 0 4100 447 16 1 4  164 163 25 532 
1 4100 447 16 1 4  164 163 25 532 
2 8208 256 16 1 0  
3 8208 256 16 1 0  
4 8208 256 16 1 0  
5 8208 256 16 1 0  
6 8208 256 16 1 0  
7 8208 256 16 1 0  
8 8208 256 16 1 0  
9 8208 256 16 1 0  
10 8208 256 16 1 0  
11 8208 256 16 1 0  
12 8208 256 16 1 0  
13 8208 256 16 1 0  
14 8208 256 16 1 0  
15 8208 256 16 1 0  
16 8208 256 16 1 0  
17 8208 256 16 1 0  
18 8208 256 16 1 0  
19 8208 256 16 1 0  
20 8208 256 16 1 0  
21 8208 256 16 1 0  
22 8208 256 16 1 0  
23 8208 256 16 1 0  
24 8208 256 16 1 0  
25 8208 256 16 1 0  
26 8208 256 16 1 0  
27 8208 256 16 1 0  
28 8208 256 16 1 0  
29 8208 256 16 1 0  
30 8208 256 16 1 0  
31 8208 256 16 1 0  
32 8208 256 16 1 0  
33 8208 256 16 1 0  
34 8208 256 16 1 0  
35 8208 256 16 1 0  
36 8208 256 16 1 0  
37 8208 256 16 1 0  
38 8208 256 16 1 0  
39 8208 256 16 1 0  
40 8208 256 16 1 0  
41 8208 256 16 1 0  
42 8208 256 16 1 0  
43 8208 256 16 1 0  
44 8208 256 16 1 0  
45 8208 256 16 1 0  
46 8208 256 16 1 0  
47 8208 256 16 1 0  
48 8208 256 16 1 0  
49 8208 256 16 1 0  
50 8208 256 16 1 0  
51 8208 256 16 1 0  
52 8208 256 16 1 0  
53 8208 256 16 1 0  
54 8208 256 16 1 0  
55 8208 256 16 1 0  
56 8208 256 16 1 0  
57 8208 256 16 1 0  
58 8208 256 16 1 0  
59 8208 256 16 1 0  
60 8208 256 16 1 0  
61 8208 256 16 1 0  
62 8208 256 16 1 0  
63 8208 256 16 1 0  
64 8208 256 16 1 0  
20
-19.000000 0.000000 0.000000  0  1 1 1 936748722493063507 
-20.000000 0.000000 0.000000  0  47 2133 2 1224979098644774912 5 4 0 521 3 1224979098644774913 144115188075856213 240 2270 1 1224979098644774914 2120 3 1224979098644774915 1224979098644774913 4 33 3 1224979098644774914 1224979098644774915 1224979098644774913 2133 2 1224979098644774912 2 5 0 1073741855 2 144115188075856110 19 31 2 144115188075856110 18 2133 2 1224979098644774912 4 3 0 4 0 1073741855 2 144115188075856110 19 31 2 144115188075856110 18 1780 2 0 7 5 0 541 3 144115188075856213 0 3 1780 2 0 0 5 0 1780 2 0 1 3 0 2133 2 1224979098644774916 -1 2133 2 1224979098644774917 -1 6 3 1224979098644774918 0 1224979098644774912 2133 2 1224979098644774919 100000 6 3 1224979098644774920 2 64 2147483679 2 1224979098644774917 1224979098644774920 1780 2 1 1224979098644774920 710 3 1224979098644774921 0 1 2147483678 2 1224979098644774921 1224979098644774919 32 2 1224979098644774921 1224979098644774916 2133 2 1224979098644774919 1224979098644774921 2133 2 1224979098644774922 1224979098644774920 3 0 2204 2 1224979098644774923 144115188075856213 4 0 1073741855 2 1224979098644774918 0 31 2 1224979098644774918 2 522 3 1224979098644774924 1224979098644774923 42 5 0 522 3 1224979098644774924 1224979098644774923 42 3 0 2133 2 1224979098644774917 1224979098644774922 2133 2 1224979098644774916 1224979098644774919 1265 4 1224979098644774922 1224979098644774924 1 0 3 0 
-21.000000 0.000000 0.000000  0  1 1121 1 216172782113783947 
-8.000000 0.000000 0.000000  0  4 2071 1 1224979098644774912 31 2 1224979098644774912 0 2060 1 864691128455135396 1907 1 0 
1.000000 0.000000 100000000.000000  0  2 600 1 1152921504606847118 1 2 936748722493063651 1024 
0.000000 3.000000 0.000000  1 1006 1 0  2 2060 1 864691128455135396 1907 1 0 
1.000000 0.000000 0.000000  0  16 1700 1 1224979098644774912 1710 2 0 1224979098644774912 12 1 1224979098644774913 2147483679 2 1224979098644774913 1224979098644774912 1702 1 1224979098644774913 1770 2 1224979098644774914 1224979098644774913 31 2 1224979098644774914 1 1710 2 1 1224979098644774913 710 3 1224979098644774915 0 1 4 0 2147483680 2 1224979098644774915 800 1735 1 1224979098644774913 5 0 1730 3 1224979098644774913 0 0 3 0 3 0 
5.000000 1.000000 100000000.000000  4 1005 1 1 2147484654 0 2370 1 1224979098644774912 30 2 1224979098644774912 5  3 2133 2 144115188075856062 -1 2060 1 864691128455135379 1907 1 1 
-30.000000 0.000000 100000000.000000  0  3 2133 2 144115188075856062 -1 2060 1 864691128455135380 1907 1 0 
-22.000000 0.000000 0.000000  1 1106 1 216172782113783920  0 
0.000000 0.000000 100000000.000000  0  2 2147484551 1 1513209474796486703 900 1 1513209474796486703 
0.000000 0.000000 0.000000  0  15 4 0 2147484551 1 1513209474796486694 2147484551 1 1513209474796486703 2147484551 1 1513209474796486734 900 1 1513209474796486703 3 0 4 0 903 1 1513209474796486694 1 1 936748722493063538 5 0 903 1 1513209474796486703 1 1 936748722493063790 31 2 144115188075857173 1 1 1 936748722493063788 3 0 
0.000000 0.000000 100000000.000000  0  7 12 1 1224979098644774912 1704 1 1224979098644774912 1718 2 1224979098644774913 1224979098644774912 1507 1 1224979098644774913 1515 2 1224979098644774914 1224979098644774913 500 3 1224979098644774913 329 1224979098644774914 3 0 
1.000000 0.000000 0.000000  0  41 1700 1 1224979098644774912 12 1 1224979098644774913 1704 1 1224979098644774913 1718 2 1224979098644774914 1224979098644774913 1507 1 1224979098644774914 1515 2 1224979098644774915 1224979098644774914 520 3 1224979098644774916 1224979098644774914 329 32 2 1224979098644774915 1224979098644774916 2121 3 1224979098644774917 1224979098644774915 1224979098644774916 2172 3 1224979098644774918 1224979098644774914 2 2122 3 1224979098644774919 1224979098644774918 3 2107 2 1224979098644774919 1224979098644774917 2108 2 1224979098644774919 100 1107 1 0 1062 2 1224979098644774919 1224979098644774914 1107 1 1 4 0 31 2 1224979098644774913 1224979098644774912 32 2 1224979098644774919 0 31 2 144115188075857164 1 2133 2 72057594037927937 1224979098644774919 1106 1 1585267068834415374 3 0 1515 2 1224979098644774920 1224979098644774914 500 3 1224979098644774914 329 1224979098644774920 2121 3 1224979098644774921 1224979098644774920 1224979098644774916 2170 3 1224979098644774922 27 1224979098644774914 2105 2 1224979098644774922 10 2107 2 1224979098644774921 1224979098644774922 2108 2 1224979098644774921 20 2108 2 1224979098644774921 100 32 2 1224979098644774921 0 1525 2 1224979098644774914 1224979098644774921 4 0 31 2 1224979098644774913 1224979098644774912 31 2 144115188075857164 1 2133 2 72057594037927937 1224979098644774921 2121 3 72057594037927938 72057594037927937 1 1106 1 1585267068834415375 3 0 3 0 
1.000000 0.000000 0.000000  0  11 1700 1 1224979098644774912 12 1 1224979098644774913 2147483679 2 1224979098644774913 1224979098644774912 1702 1 1224979098644774913 1704 1 1224979098644774913 1727 2 1224979098644774914 1224979098644774913 545 3 1224979098644774913 26 0 2147483680 2 1224979098644774914 1 1728 1 1224979098644774913 505 3 1224979098644774913 26 1 3 0 
0.000000 0.000000 0.000000  0  11 4 0 70 1 29 71 1 30 1700 1 1224979098644774912 1728 1 1224979098644774912 5 0 70 1 56 71 1 30 12 1 1224979098644774913 1728 1 1224979098644774913 3 0 
-19.000000 0.000000 0.000000  0  1 1 1 936748722493063765 
0.000000 0.000000 100000000.000000  1 2147483679 2 144115188075856169 360287970189639680  5 2120 3 1224979098644774912 6 1 6 3 1224979098644774913 0 1224979098644774912 2176 3 1224979098644774914 144115188075856169 1224979098644774913 507 3 1224979098644774913 68 1224979098644774914 3 0 
1.000000 0.000000 0.000000  1 2147483679 2 144115188075856169 360287970189639680  17 2322 2 1 144115188075856169 2120 3 1224979098644774912 6 1 6 3 1224979098644774913 0 1224979098644774912 2176 3 1224979098644774914 144115188075856169 1224979098644774913 527 3 1224979098644774915 1224979098644774913 68 32 2 1224979098644774914 1224979098644774915 2121 3 1224979098644774916 1224979098644774914 1224979098644774915 2133 2 72057594037927938 1224979098644774916 2106 2 1224979098644774916 1 2133 2 72057594037927939 1224979098644774916 2133 2 72057594037927937 1224979098644774914 2121 3 1224979098644774917 1224979098644774913 0 2105 2 1224979098644774917 216172782113787044 2320 2 2 1224979098644774917 1106 2 1585267068834415376 15658496 507 3 1224979098644774913 68 1224979098644774914 3 0 
0.000000 0.000000 0.000000  0  11 1700 1 1224979098644774912 1710 2 2 1224979098644774912 4 0 1726 3 1224979098644774913 1224979098644774912 1 31 2 1224979098644774913 288230376151712268 71 1 34 721 2 2 50 1970 1 2 1974 1 1080863910568920066 1774 2 1224979098644774912 288230376151712268 3 0 


mst_ai_training ai_training 0  -1
You_start_training. 

1 0 0 0 16 30 0  
3
-21.000000 0.000000 0.000000  0  1 1907 1 0 
0.000000 0.000000 100000000.000000  0  2 2147484551 1 1513209474796486703 900 1 1513209474796486703 
0.000000 0.000000 0.000000  0  15 4 0 2147484551 1 1513209474796486694 2147484551 1 1513209474796486703 2147484551 1 1513209474796486734 900 1 1513209474796486703 3 0 4 0 903 1 1513209474796486694 1 1 936748722493063538 5 0 903 1 1513209474796486703 1 1 936748722493063790 31 2 144115188075857173 1 1 1 936748722493063788 3 0 


mst_camera_test camera_test 0  -1
camera_Test. 

0 2
1.000000 0.000000 0.000000  3 2001 1 1 1780 2 3 3 2011 1 3  0 
-21.000000 0.000000 0.000000  0  1 1907 1 0 


mst_arena_melee_fight arena_melee_fight 1  -1
You_enter_a_melee_fight_in_the_arena. 

58 0 4112 447 16 1 5  28 35 34 59 45 
1 4112 447 16 1 2  18 59 
2 4112 447 16 1 4  18 34 59 45 
3 4112 447 16 1 5  26 27 34 59 45 
4 4112 447 16 1 4  28 35 19 59 
5 4112 447 16 1 3  17 27 59 
6 4112 447 16 1 3  18 34 59 
7 4112 447 16 1 5  26 27 34 59 45 
8 8208 447 16 1 4  28 35 19 60 
9 8208 447 16 1 5  26 27 34 60 46 
10 8208 447 16 1 2  18 60 
11 8208 447 16 1 4  17 27 60 46 
12 8208 447 16 1 4  28 35 34 60 
13 8208 447 16 1 5  26 27 34 60 46 
14 8208 447 16 1 2  18 60 
15 8208 447 16 1 3  17 27 60 
16 12304 447 16 1 5  28 35 34 61 47 
17 12304 447 16 1 3  18 61 47 
18 12304 447 16 1 4  18 34 61 47 
19 12304 447 16 1 5  26 27 34 61 47 
20 12304 447 16 1 5  28 35 19 61 47 
21 12304 447 16 1 3  17 27 61 
22 12304 447 16 1 3  18 34 61 
23 12304 447 16 1 5  26 27 34 61 47 
24 16400 447 16 1 5  28 35 34 62 48 
25 16400 447 16 1 3  18 62 48 
26 16400 447 16 1 4  18 34 62 48 
27 16400 447 16 1 5  26 27 34 62 48 
28 16400 447 16 1 5  28 35 19 62 48 
29 16400 447 16 1 3  17 27 62 
30 16400 447 16 1 3  18 34 62 
31 16400 447 16 1 5  26 27 34 62 48 
32 8208 447 16 1 1  18 
33 12304 447 16 1 1  25 
34 16400 447 16 1 2  17 27 
35 20496 447 16 1 1  25 
36 8208 447 16 1 3  28 35 19 
37 12304 447 16 1 2  17 27 
38 16400 447 16 1 1  18 
39 20496 447 16 1 1  25 
24 16400 447 16 1 5  28 35 34 62 48 
24 16400 447 16 1 3  18 62 48 
24 16400 447 16 1 4  18 34 62 48 
24 16400 447 16 1 5  26 27 34 62 48 
24 16400 447 16 1 5  28 35 19 62 48 
24 16400 447 16 1 3  17 27 62 
24 16400 447 16 1 3  18 34 62 
24 16400 447 16 1 5  26 27 34 62 48 
24 16400 447 16 1 5  28 35 34 62 48 
24 16400 447 16 1 5  28 35 34 62 48 
50 4 287 0 1 0  
51 16 287 0 1 0  
52 4 256 0 1 0  
53 4 256 0 1 0  
54 4 256 0 1 0  
55 4 256 0 1 0  
56 4112 447 16 1 4  17 27 231 333 
57 4112 447 16 1 4  17 27 231 333 
18
-19.000000 0.000000 0.000000  0  2 1 1 936748722493063507 2133 2 144115188075856311 0 
-22.000000 0.000000 0.000000  1 1106 1 216172782113783920  0 
0.000000 0.000000 100000000.000000  0  7 12 1 1224979098644774912 1704 1 1224979098644774912 1718 2 1224979098644774913 1224979098644774912 1507 1 1224979098644774913 1515 2 1224979098644774914 1224979098644774913 500 3 1224979098644774913 329 1224979098644774914 3 0 
1.000000 0.000000 0.000000  0  41 1700 1 1224979098644774912 12 1 1224979098644774913 1704 1 1224979098644774913 1718 2 1224979098644774914 1224979098644774913 1507 1 1224979098644774914 1515 2 1224979098644774915 1224979098644774914 520 3 1224979098644774916 1224979098644774914 329 32 2 1224979098644774915 1224979098644774916 2121 3 1224979098644774917 1224979098644774915 1224979098644774916 2172 3 1224979098644774918 1224979098644774914 2 2122 3 1224979098644774919 1224979098644774918 3 2107 2 1224979098644774919 1224979098644774917 2108 2 1224979098644774919 100 1107 1 0 1062 2 1224979098644774919 1224979098644774914 1107 1 1 4 0 31 2 1224979098644774913 1224979098644774912 32 2 1224979098644774919 0 31 2 144115188075857164 1 2133 2 72057594037927937 1224979098644774919 1106 1 1585267068834415374 3 0 1515 2 1224979098644774920 1224979098644774914 500 3 1224979098644774914 329 1224979098644774920 2121 3 1224979098644774921 1224979098644774920 1224979098644774916 2170 3 1224979098644774922 27 1224979098644774914 2105 2 1224979098644774922 10 2107 2 1224979098644774921 1224979098644774922 2108 2 1224979098644774921 20 2108 2 1224979098644774921 100 32 2 1224979098644774921 0 1525 2 1224979098644774914 1224979098644774921 4 0 31 2 1224979098644774913 1224979098644774912 31 2 144115188075857164 1 2133 2 72057594037927937 1224979098644774921 2121 3 72057594037927938 72057594037927937 1 1106 1 1585267068834415375 3 0 3 0 
1.000000 0.000000 0.000000  0  11 1700 1 1224979098644774912 12 1 1224979098644774913 2147483679 2 1224979098644774913 1224979098644774912 1702 1 1224979098644774913 1704 1 1224979098644774913 1727 2 1224979098644774914 1224979098644774913 545 3 1224979098644774913 26 0 2147483680 2 1224979098644774914 1 1728 1 1224979098644774913 505 3 1224979098644774913 26 1 3 0 
0.000000 0.000000 0.000000  0  11 4 0 70 1 29 71 1 30 1700 1 1224979098644774912 1728 1 1224979098644774912 5 0 70 1 56 71 1 30 12 1 1224979098644774913 1728 1 1224979098644774913 3 0 
-19.000000 0.000000 0.000000  0  1 1 1 936748722493063765 
1.000000 0.000000 0.000000  0  27 31 2 144115188075857178 0 12 1 1224979098644774912 1702 1 1224979098644774912 1704 1 1224979098644774912 1714 2 1224979098644774913 1224979098644774912 4 0 30 2 1224979098644774913 0 1720 2 1224979098644774914 1224979098644774913 2121 3 1224979098644774915 100 1224979098644774914 4 0 2147483680 2 1224979098644774915 15 2108 2 1224979098644774915 2 2120 3 1224979098644774916 100 1224979098644774915 5 0 2107 2 1224979098644774915 2 2108 2 1224979098644774915 3 2121 3 1224979098644774916 115 1224979098644774915 3 0 1718 2 1224979098644774917 1224979098644774912 2170 3 1224979098644774918 24 1224979098644774917 2122 3 1224979098644774919 1224979098644774918 2 2105 2 1224979098644774919 100 2107 2 1224979098644774916 1224979098644774919 2108 2 1224979098644774916 100 1734 2 1224979098644774912 1224979098644774916 3 0 3 0 
-21.000000 0.000000 0.000000  0  6 4 0 31 2 144115188075856156 2 2075 1 1 5 0 1121 1 216172782113783945 3 0 
-8.000000 0.000000 0.000000  0  11 2071 1 1224979098644774912 31 2 1224979098644774912 0 4 0 31 2 144115188075856156 3 1 2 936748722493063629 0 5 0 31 2 144115188075856156 1 1700 1 1224979098644774913 1723 3 144115188075856312 1224979098644774913 1 3 0 1907 1 0 
1.000000 0.000000 100000000.000000  0  15 31 2 144115188075856156 2 1 2 936748722493063651 65536 2211 1 72057594037927937 503 3 72057594037927937 0 1 1935 0 1700 1 1224979098644774912 2133 2 1224979098644774913 0 12 1 1224979098644774914 2147483679 2 1224979098644774914 1224979098644774912 1718 2 1224979098644774915 1224979098644774914 33 3 1224979098644774915 360287970189639690 360287970189639884 31 2 1224979098644774913 0 1771 2 1224979098644774914 1 2133 2 1224979098644774913 1 3 0 
0.000000 0.000000 100000000.000000  0  3 31 2 144115188075856156 3 600 2 1152921504606847146 2 1 2 936748722493063651 131072 
1.000000 4.000000 100000000.000000  3 31 2 144115188075856156 3 1073742830 0 1005 1 1  9 4 0 2147484654 0 1 2 936748722493063629 1 1 1 936748722493063653 1907 0 5 0 1 2 936748722493063629 0 1907 0 3 0 
-24.000000 0.000000 0.000000  0  2 31 2 144115188075856156 1 900 1 1513209474796486696 
0.000000 0.000000 100000000.000000  0  6 31 2 144115188075856156 1 2133 2 144115188075856313 40 2133 2 144115188075856311 0 2133 2 144115188075856312 0 2133 2 144115188075856314 0 1 2 936748722493063651 131072 
1.000000 4.000000 100000000.000000  11 31 2 144115188075856156 1 2370 1 1224979098644774912 32 2 1224979098644774912 3 2133 2 1224979098644774913 0 4 0 30 2 144115188075856311 144115188075856313 1005 1 1 2133 2 1224979098644774913 1 3 0 1073741855 2 1224979098644774913 1 1006 0  16 1700 1 1224979098644774912 1723 3 144115188075856312 1224979098644774912 1 2133 2 144115188075856314 0 4 0 2147484654 0 2133 2 144115188075856314 1 3 0 2133 2 144115188075856156 2 1911 1 792633534417207320 521 3 1224979098644774913 144115188075856213 16 1261 1 1224979098644774913 1262 0 1263 2 35 360287970189639692 1263 2 36 360287970189639716 1912 1 50 1910 1 1224979098644774913 
0.200000 0.000000 0.000000  16 31 2 144115188075856156 1 2133 2 1224979098644774912 0 12 1 1224979098644774913 1704 1 1224979098644774913 1702 1 1224979098644774913 1770 2 1224979098644774914 1224979098644774913 33 3 1224979098644774914 0 7 2105 2 1224979098644774912 1 3 0 2147483678 2 1224979098644774912 7 2147484654 0 2370 1 1224979098644774915 1073741854 2 1224979098644774915 144115188075856315 3221225502 2 144115188075856311 6 1005 1 1 2147483678 2 144115188075856311 144115188075856313  24 2133 2 1224979098644774912 144115188075856311 2123 3 1224979098644774912 144115188075856311 6 2133 2 1224979098644774913 144115188075856311 2109 2 1224979098644774913 6 2105 2 1224979098644774912 1224979098644774913 2110 2 1224979098644774912 9 2105 2 1224979098644774912 360287970189639694 2133 2 1224979098644774914 10000 1700 1 1224979098644774915 1710 2 5 1224979098644774915 6 3 1224979098644774916 0 1224979098644774914 2136 3 1224979098644774917 32 40 2147483679 2 1224979098644774917 144115188075856157 1780 2 1 1224979098644774917 710 3 1224979098644774918 5 1 32 2 1224979098644774918 1200 2133 2 1224979098644774914 0 3 0 1265 3 1224979098644774917 1224979098644774912 1 2120 3 1224979098644774919 144115188075856311 1 2370 1 1224979098644774920 2120 3 144115188075856315 1224979098644774920 14 2123 3 1224979098644774921 1224979098644774919 3 2106 2 144115188075856315 1224979098644774921 
0.000000 0.000000 0.000000  1 31 2 144115188075856156 1  47 2133 2 1224979098644774912 6 2111 2 1224979098644774912 1 1700 1 1224979098644774913 12 1 1224979098644774914 1704 1 1224979098644774914 1702 1 1224979098644774914 545 3 1224979098644774914 7 0 1770 2 1224979098644774915 1224979098644774914 33 3 1224979098644774915 0 7 4 0 31 2 1224979098644774914 1224979098644774913 1771 2 1224979098644774914 6 5 0 2136 3 1224979098644774916 0 1224979098644774912 6 3 1224979098644774917 0 6 500 3 360287970189640668 1224979098644774917 0 3 0 12 1 1224979098644774918 1704 1 1224979098644774918 1702 1 1224979098644774918 2147483679 2 1224979098644774914 1224979098644774913 545 3 1224979098644774918 7 1 1770 2 1224979098644774919 1224979098644774918 520 3 1224979098644774920 360287970189640668 1224979098644774919 2105 2 1224979098644774920 1 500 3 360287970189640668 1224979098644774919 1224979098644774920 3 0 2133 2 1224979098644774921 0 520 3 1224979098644774922 360287970189640668 0 6 3 1224979098644774917 1 6 560 3 360287970189640668 1224979098644774917 1224979098644774922 520 3 1224979098644774922 360287970189640668 1224979098644774917 2133 2 1224979098644774921 1224979098644774917 3 0 2136 3 1224979098644774923 5 100 4 0 2147483678 2 1224979098644774923 144115188075856311 2133 2 1224979098644774916 1224979098644774921 3 0 1771 2 1224979098644774914 1224979098644774916 3 0 505 3 1224979098644774914 7 1 4 0 2147483679 2 1224979098644774914 1224979098644774913 2105 2 144115188075856311 1 3 0 3 0 


mst_arena_challenge_fight arena_challenge_fight 17  -1
You_enter_a_melee_fight_in_the_arena. 

2 56 4112 0 16 1 0  
58 12304 0 16 1 0  
13
-22.000000 0.000000 0.000000  1 1106 1 216172782113783919  0 
-21.000000 0.000000 0.000000  1 1106 1 216172782113786889  0 
-19.000000 0.000000 0.000000  0  1 1 1 936748722493063507 
0.000000 0.000000 100000000.000000  0  1 1 2 936748722493063651 131072 
1.000000 4.000000 100000000.000000  2 1073742830 0 1005 1 1  41 4 0 1006 0 200 1 504403158265495577 546 3 504403158265495577 2 144115188075856875 1 2 936748722493063553 504403158265495577 5 0 200 1 504403158265495577 546 3 504403158265495577 2 144115188075856875 1 2 936748722493063552 504403158265495577 5 0 1006 0 200 1 504403158265495578 546 3 504403158265495578 2 144115188075856875 1 2 936748722493063553 504403158265495578 5 0 200 1 504403158265495578 546 3 504403158265495578 2 144115188075856875 1 2 936748722493063552 504403158265495578 5 0 1006 0 200 1 504403158265495579 546 3 504403158265495579 2 144115188075856875 1 2 936748722493063553 504403158265495579 5 0 200 1 504403158265495579 546 3 504403158265495579 2 144115188075856875 1 2 936748722493063552 504403158265495579 5 0 1006 0 200 1 504403158265495603 546 3 504403158265495603 2 144115188075856875 1 2 936748722493063553 504403158265495603 5 0 200 1 504403158265495603 546 3 504403158265495603 2 144115188075856875 1 2 936748722493063552 504403158265495603 5 0 526 3 1224979098644774912 504403158265495603 2 2322 2 4 1224979098644774912 3 0 1907 0 
0.000000 0.000000 100000000.000000  0  7 12 1 1224979098644774912 1704 1 1224979098644774912 1718 2 1224979098644774913 1224979098644774912 1507 1 1224979098644774913 1515 2 1224979098644774914 1224979098644774913 500 3 1224979098644774913 329 1224979098644774914 3 0 
1.000000 0.000000 0.000000  0  41 1700 1 1224979098644774912 12 1 1224979098644774913 1704 1 1224979098644774913 1718 2 1224979098644774914 1224979098644774913 1507 1 1224979098644774914 1515 2 1224979098644774915 1224979098644774914 520 3 1224979098644774916 1224979098644774914 329 32 2 1224979098644774915 1224979098644774916 2121 3 1224979098644774917 1224979098644774915 1224979098644774916 2172 3 1224979098644774918 1224979098644774914 2 2122 3 1224979098644774919 1224979098644774918 3 2107 2 1224979098644774919 1224979098644774917 2108 2 1224979098644774919 100 1107 1 0 1062 2 1224979098644774919 1224979098644774914 1107 1 1 4 0 31 2 1224979098644774913 1224979098644774912 32 2 1224979098644774919 0 31 2 144115188075857164 1 2133 2 72057594037927937 1224979098644774919 1106 1 1585267068834415374 3 0 1515 2 1224979098644774920 1224979098644774914 500 3 1224979098644774914 329 1224979098644774920 2121 3 1224979098644774921 1224979098644774920 1224979098644774916 2170 3 1224979098644774922 27 1224979098644774914 2105 2 1224979098644774922 10 2107 2 1224979098644774921 1224979098644774922 2108 2 1224979098644774921 20 2108 2 1224979098644774921 100 32 2 1224979098644774921 0 1525 2 1224979098644774914 1224979098644774921 4 0 31 2 1224979098644774913 1224979098644774912 31 2 144115188075857164 1 2133 2 72057594037927937 1224979098644774921 2121 3 72057594037927938 72057594037927937 1 1106 1 1585267068834415375 3 0 3 0 
1.000000 0.000000 0.000000  0  11 1700 1 1224979098644774912 12 1 1224979098644774913 2147483679 2 1224979098644774913 1224979098644774912 1702 1 1224979098644774913 1704 1 1224979098644774913 1727 2 1224979098644774914 1224979098644774913 545 3 1224979098644774913 26 0 2147483680 2 1224979098644774914 1 1728 1 1224979098644774913 505 3 1224979098644774913 26 1 3 0 
0.000000 0.000000 0.000000  0  11 4 0 70 1 29 71 1 30 1700 1 1224979098644774912 1728 1 1224979098644774912 5 0 70 1 56 71 1 30 12 1 1224979098644774913 1728 1 1224979098644774913 3 0 
-19.000000 0.000000 0.000000  0  1 1 1 936748722493063765 
0.000000 0.000000 100000000.000000  1 2147483679 2 144115188075856169 360287970189639680  5 2120 3 1224979098644774912 6 1 6 3 1224979098644774913 0 1224979098644774912 2176 3 1224979098644774914 144115188075856169 1224979098644774913 507 3 1224979098644774913 68 1224979098644774914 3 0 
1.000000 0.000000 0.000000  1 2147483679 2 144115188075856169 360287970189639680  17 2322 2 1 144115188075856169 2120 3 1224979098644774912 6 1 6 3 1224979098644774913 0 1224979098644774912 2176 3 1224979098644774914 144115188075856169 1224979098644774913 527 3 1224979098644774915 1224979098644774913 68 32 2 1224979098644774914 1224979098644774915 2121 3 1224979098644774916 1224979098644774914 1224979098644774915 2133 2 72057594037927938 1224979098644774916 2106 2 1224979098644774916 1 2133 2 72057594037927939 1224979098644774916 2133 2 72057594037927937 1224979098644774914 2121 3 1224979098644774917 1224979098644774913 0 2105 2 1224979098644774917 216172782113787044 2320 2 2 1224979098644774917 1106 2 1585267068834415376 15658496 507 3 1224979098644774913 68 1224979098644774914 3 0 
0.000000 0.000000 0.000000  0  11 1700 1 1224979098644774912 1710 2 2 1224979098644774912 4 0 1726 3 1224979098644774913 1224979098644774912 1 31 2 1224979098644774913 288230376151712268 71 1 34 721 2 2 50 1970 1 2 1974 1 1080863910568920066 1774 2 1224979098644774912 288230376151712268 3 0 


mst_duel_with_lord duel_with_lord 17  -1
You_enter_a_melee_fight_in_the_arena. 

2 0 4112 447 16 1 2  393 60 
16 8208 447 16 1 2  393 60 
13
-22.000000 0.000000 0.000000  1 1106 1 216172782113783919  0 
-21.000000 0.000000 0.000000  1 1106 1 216172782113786889  0 
-19.000000 0.000000 0.000000  0  1 1 1 936748722493063507 
0.000000 0.000000 100000000.000000  0  1 1 2 936748722493063651 131072 
1.000000 4.000000 100000000.000000  2 1073742830 0 1005 1 1  41 4 0 1006 0 200 1 504403158265495577 546 3 504403158265495577 2 144115188075856875 1 2 936748722493063553 504403158265495577 5 0 200 1 504403158265495577 546 3 504403158265495577 2 144115188075856875 1 2 936748722493063552 504403158265495577 5 0 1006 0 200 1 504403158265495578 546 3 504403158265495578 2 144115188075856875 1 2 936748722493063553 504403158265495578 5 0 200 1 504403158265495578 546 3 504403158265495578 2 144115188075856875 1 2 936748722493063552 504403158265495578 5 0 1006 0 200 1 504403158265495579 546 3 504403158265495579 2 144115188075856875 1 2 936748722493063553 504403158265495579 5 0 200 1 504403158265495579 546 3 504403158265495579 2 144115188075856875 1 2 936748722493063552 504403158265495579 5 0 1006 0 200 1 504403158265495603 546 3 504403158265495603 2 144115188075856875 1 2 936748722493063553 504403158265495603 5 0 200 1 504403158265495603 546 3 504403158265495603 2 144115188075856875 1 2 936748722493063552 504403158265495603 5 0 526 3 1224979098644774912 504403158265495603 2 2322 2 4 1224979098644774912 3 0 1907 0 
0.000000 0.000000 100000000.000000  0  7 12 1 1224979098644774912 1704 1 1224979098644774912 1718 2 1224979098644774913 1224979098644774912 1507 1 1224979098644774913 1515 2 1224979098644774914 1224979098644774913 500 3 1224979098644774913 329 1224979098644774914 3 0 
1.000000 0.000000 0.000000  0  41 1700 1 1224979098644774912 12 1 1224979098644774913 1704 1 1224979098644774913 1718 2 1224979098644774914 1224979098644774913 1507 1 1224979098644774914 1515 2 1224979098644774915 1224979098644774914 520 3 1224979098644774916 1224979098644774914 329 32 2 1224979098644774915 1224979098644774916 2121 3 1224979098644774917 1224979098644774915 1224979098644774916 2172 3 1224979098644774918 1224979098644774914 2 2122 3 1224979098644774919 1224979098644774918 3 2107 2 1224979098644774919 1224979098644774917 2108 2 1224979098644774919 100 1107 1 0 1062 2 1224979098644774919 1224979098644774914 1107 1 1 4 0 31 2 1224979098644774913 1224979098644774912 32 2 1224979098644774919 0 31 2 144115188075857164 1 2133 2 72057594037927937 1224979098644774919 1106 1 1585267068834415374 3 0 1515 2 1224979098644774920 1224979098644774914 500 3 1224979098644774914 329 1224979098644774920 2121 3 1224979098644774921 1224979098644774920 1224979098644774916 2170 3 1224979098644774922 27 1224979098644774914 2105 2 1224979098644774922 10 2107 2 1224979098644774921 1224979098644774922 2108 2 1224979098644774921 20 2108 2 1224979098644774921 100 32 2 1224979098644774921 0 1525 2 1224979098644774914 1224979098644774921 4 0 31 2 1224979098644774913 1224979098644774912 31 2 144115188075857164 1 2133 2 72057594037927937 1224979098644774921 2121 3 72057594037927938 72057594037927937 1 1106 1 1585267068834415375 3 0 3 0 
1.000000 0.000000 0.000000  0  11 1700 1 1224979098644774912 12 1 1224979098644774913 2147483679 2 1224979098644774913 1224979098644774912 1702 1 1224979098644774913 1704 1 1224979098644774913 1727 2 1224979098644774914 1224979098644774913 545 3 1224979098644774913 26 0 2147483680 2 1224979098644774914 1 1728 1 1224979098644774913 505 3 1224979098644774913 26 1 3 0 
0.000000 0.000000 0.000000  0  11 4 0 70 1 29 71 1 30 1700 1 1224979098644774912 1728 1 1224979098644774912 5 0 70 1 56 71 1 30 12 1 1224979098644774913 1728 1 1224979098644774913 3 0 
-19.000000 0.000000 0.000000  0  1 1 1 936748722493063765 
0.000000 0.000000 100000000.000000  1 2147483679 2 144115188075856169 360287970189639680  5 2120 3 1224979098644774912 6 1 6 3 1224979098644774913 0 1224979098644774912 2176 3 1224979098644774914 144115188075856169 1224979098644774913 507 3 1224979098644774913 68 1224979098644774914 3 0 
1.000000 0.000000 0.000000  1 2147483679 2 144115188075856169 360287970189639680  17 2322 2 1 144115188075856169 2120 3 1224979098644774912 6 1 6 3 1224979098644774913 0 1224979098644774912 2176 3 1224979098644774914 144115188075856169 1224979098644774913 527 3 1224979098644774915 1224979098644774913 68 32 2 1224979098644774914 1224979098644774915 2121 3 1224979098644774916 1224979098644774914 1224979098644774915 2133 2 72057594037927938 1224979098644774916 2106 2 1224979098644774916 1 2133 2 72057594037927939 1224979098644774916 2133 2 72057594037927937 1224979098644774914 2121 3 1224979098644774917 1224979098644774913 0 2105 2 1224979098644774917 216172782113787044 2320 2 2 1224979098644774917 1106 2 1585267068834415376 15658496 507 3 1224979098644774913 68 1224979098644774914 3 0 
0.000000 0.000000 0.000000  0  11 1700 1 1224979098644774912 1710 2 2 1224979098644774912 4 0 1726 3 1224979098644774913 1224979098644774912 1 31 2 1224979098644774913 288230376151712268 71 1 34 721 2 2 50 1970 1 2 1974 1 1080863910568920066 1774 2 1224979098644774912 288230376151712268 3 0 


mst_wedding wedding 0  -1
Wedding 

32 0 16 511 0 1 2  225 174 
1 16 511 0 1 3  581 582 583 
2 16 268435727 0 1 0  
3 16 511 0 1 2  191 172 
4 16 268435727 0 1 0  
5 16 268435727 0 1 0  
6 16 268435727 0 1 0  
7 16 268435727 0 1 0  
8 16 268435727 0 1 0  
9 16 268435727 0 1 0  
10 16 268435727 0 1 0  
11 16 268435727 0 1 0  
12 16 268435727 0 1 0  
13 16 268435727 0 1 0  
14 16 268435727 0 1 0  
15 16 268435727 0 1 0  
16 16 268435727 0 1 0  
17 16 268435727 0 1 0  
18 16 268435727 0 1 0  
19 16 268435727 0 1 0  
20 16 268435727 0 1 0  
21 16 268435727 0 1 0  
22 16 268435727 0 1 0  
23 16 268435727 0 1 0  
24 16 268435727 0 1 0  
25 16 268435727 0 1 0  
26 16 268435727 0 1 0  
27 16 268435727 0 1 0  
28 16 268435727 0 1 0  
29 16 268435727 0 1 0  
30 16 268435727 0 1 0  
31 16 268435727 0 1 0  
5
-21.000000 0.000000 0.000000  0  2 960 1 1 1907 1 0 
-8.000000 0.000000 0.000000  0  4 2071 1 1224979098644774912 31 2 1224979098644774912 0 960 1 1 1907 1 0 
-20.000000 0.000000 0.000000  0  3 2133 2 144115188075856928 0 601 2 1657324662872342600 2 960 1 0 
-25.000000 0.000000 0.000000  0  46 2071 1 1224979098644774912 1718 2 1224979098644774913 1224979098644774912 1506 2 1224979098644774914 1224979098644774913 2124 1 100 4 0 31 2 1224979098644774913 144115188075856921 5 0 31 2 1224979098644774913 144115188075856919 1762 2 1224979098644774912 1 701 1 1 731 2 1 -1000 1711 2 1224979098644774912 1 5 0 31 2 1224979098644774913 144115188075856920 1762 2 1224979098644774912 1 701 1 1 731 2 1 -1000 1711 2 1224979098644774912 1 5 0 31 2 1224979098644774913 144115188075856918 1762 2 1224979098644774912 1 701 1 1 720 2 1 175 722 2 1 10 725 2 1 180 1711 2 1224979098644774912 1 1740 2 1224979098644774912 1801439850948198860 5 0 4 0 31 2 1224979098644774914 0 2136 3 1224979098644774915 0 3 4 0 31 2 1224979098644774915 0 505 3 1224979098644774912 18 1801439850948198854 1740 2 1224979098644774912 1801439850948198854 5 0 505 3 1224979098644774912 18 1801439850948198853 1740 2 1224979098644774912 1801439850948198853 3 0 5 0 505 3 1224979098644774912 18 1801439850948198855 1740 2 1224979098644774912 1801439850948198855 3 0 2136 3 1224979098644774916 0 100 1743 2 1224979098644774912 1224979098644774916 3 0 
0.000000 0.000000 0.000000  206 2370 1 1224979098644774912 2124 1 100 12 1 1224979098644774913 1718 2 1224979098644774914 1224979098644774913 4 0 31 2 1224979098644774914 144115188075856918 5 0 31 2 1224979098644774914 144115188075856919 5 0 31 2 1224979098644774914 144115188075856920 5 0 31 2 1224979098644774914 144115188075856921 5 0 525 3 1224979098644774915 1224979098644774913 18 1740 2 1224979098644774913 1224979098644774915 3 0 3 0 4 0 31 2 144115188075856928 0 2001 3 1 0 0 701 1 1 725 2 1 180 723 2 1 5 729 2 1 -500 730 2 1 1000 731 2 1 600 2011 1 1 701 1 1 725 2 1 180 723 2 1 -15 729 2 1 -500 730 2 1 1000 731 2 1 600 2012 3 1 4000 0 2105 2 144115188075856928 1 5 0 31 2 144115188075856928 1 30 2 1224979098644774912 4 701 1 1 725 2 1 90 723 2 1 -10 729 2 1 -580 730 2 1 700 731 2 1 200 2011 1 1 701 1 1 725 2 1 150 723 2 1 -10 729 2 1 -580 730 2 1 100 731 2 1 200 2012 3 1 6000 1 2105 2 144115188075856928 1 5 0 31 2 144115188075856928 2 30 2 1224979098644774912 9 2009 2 4278190080 1000 2105 2 144115188075856928 1 5 0 31 2 144115188075856928 3 30 2 1224979098644774912 10 701 1 1 720 2 1 175 722 2 1 10 725 2 1 180 12 1 1224979098644774913 1718 2 1224979098644774916 1224979098644774913 4 0 31 2 1224979098644774916 144115188075856919 1711 2 1224979098644774913 1 1740 2 1224979098644774913 1801439850948198858 5 0 31 2 1224979098644774916 144115188075856920 1711 2 1224979098644774913 1 1740 2 1224979098644774913 1801439850948198856 3 0 3 0 701 1 1 725 2 1 -90 729 2 1 300 730 2 1 950 731 2 1 420 2011 1 1 729 2 1 175 730 2 1 950 731 2 1 320 2012 3 1 4000 0 2009 2 0 500 2105 2 144115188075856928 1 5 0 31 2 144115188075856928 4 30 2 1224979098644774912 14 701 1 1 725 2 1 -60 723 2 1 10 729 2 1 -400 730 2 1 200 731 2 1 115 2011 1 1 2105 2 144115188075856928 1 5 0 31 2 144115188075856928 5 30 2 1224979098644774912 20 701 1 1 720 2 1 175 722 2 1 10 725 2 1 180 12 1 1224979098644774913 1718 2 1224979098644774916 1224979098644774913 4 0 31 2 1224979098644774916 144115188075856919 1711 2 1224979098644774913 1 1740 2 1224979098644774913 1801439850948198859 5 0 31 2 1224979098644774916 144115188075856920 1711 2 1224979098644774913 1 1740 2 1224979098644774913 1801439850948198857 3 0 3 0 701 1 1 725 2 1 -140 723 2 1 -15 729 2 1 -625 730 2 1 -530 731 2 1 180 2011 1 1 2105 2 144115188075856928 1 5 0 31 2 144115188075856928 6 30 2 1224979098644774912 22 701 1 1 725 2 1 45 723 2 1 -10 729 2 1 -260 730 2 1 120 731 2 1 275 2011 1 1 725 2 1 10 2012 3 1 2000 0 2105 2 144115188075856928 1 5 0 31 2 144115188075856928 7 30 2 1224979098644774912 24 701 1 1 720 2 1 175 722 2 1 10 725 2 1 180 12 1 1224979098644774913 1718 2 1224979098644774916 1224979098644774913 4 0 31 2 1224979098644774916 144115188075856919 1711 2 1224979098644774913 1 1740 2 1224979098644774913 1801439850948198863 5 0 31 2 1224979098644774916 144115188075856920 1711 2 1224979098644774913 1 1740 2 1224979098644774913 1801439850948198862 5 0 31 2 1224979098644774916 144115188075856918 1711 2 1224979098644774913 1 1740 2 1224979098644774913 1801439850948198861 3 0 3 0 701 1 1 725 2 1 -45 723 2 1 -10 729 2 1 -900 730 2 1 -850 731 2 1 230 2011 1 1 2105 2 144115188075856928 1 5 0 31 2 144115188075856928 8 30 2 1224979098644774912 31 701 1 1 729 2 1 -550 730 2 1 -625 731 2 1 1500 1969 3 1008806316530991164 1 750 2105 2 144115188075856928 1 5 0 31 2 144115188075856928 9 30 2 1224979098644774912 33 701 1 1 725 2 1 180 729 2 1 -536 730 2 1 -415 731 2 1 135 2011 1 1 725 2 1 -8 731 2 1 350 723 2 1 35 2016 4 1 10 9000 1 2105 2 144115188075856928 1 5 0 31 2 144115188075856928 10 30 2 1224979098644774912 41 2008 1 16777215 2009 2 4294967295 3000 2105 2 144115188075856928 1 5 0 31 2 144115188075856928 11 30 2 1224979098644774912 48 960 1 1 1907 1 0 3 0  0 


mst_tutorial_training_ground tutorial_training_ground 1  -1
You_enter_the_training_ground. 

65 0 4112 0 0 1 0  
1 4112 0 16 1 0  
2 4112 0 16 1 0  
3 4112 0 16 1 0  
4 4112 0 16 1 0  
5 4112 0 16 1 0  
6 4112 0 16 1 0  
7 4112 0 16 1 0  
8 4112 0 16 1 0  
9 4112 0 16 1 0  
10 4112 0 16 1 0  
11 4112 0 16 1 0  
12 4112 0 16 1 0  
13 4112 0 16 1 0  
14 4112 0 16 1 0  
15 4112 0 16 1 0  
16 4112 0 16 1 0  
17 4112 0 16 1 0  
18 4112 0 16 1 0  
19 4112 0 16 1 0  
20 4112 0 16 1 0  
21 4112 0 16 1 0  
22 4112 0 16 1 0  
23 4112 0 16 1 0  
24 4112 0 16 1 0  
25 4112 0 16 1 0  
26 4112 0 16 1 0  
27 4112 0 16 1 0  
28 4112 0 16 1 0  
29 4112 0 16 1 0  
30 4112 0 16 1 0  
31 4112 0 16 1 0  
32 4112 15 16 1 1  17 
33 4112 15 16 1 1  17 
34 4112 15 16 1 1  17 
35 4112 15 16 1 1  17 
36 4112 0 16 1 0  
37 4112 0 16 1 0  
38 4112 0 16 1 0  
39 4112 0 16 1 0  
40 4112 0 16 1 0  
41 4112 15 16 1 2  28 35 
42 4112 15 16 1 2  28 35 
43 4112 0 16 1 0  
44 4112 0 16 1 0  
45 4112 0 16 1 0  
46 4112 0 16 1 0  
47 4112 0 16 1 0  
48 4112 0 16 1 0  
49 4112 0 16 1 0  
50 4112 0 16 1 0  
51 4112 0 16 1 0  
52 4112 0 16 1 0  
53 4112 0 16 1 0  
54 4112 0 16 1 0  
55 4112 0 16 1 0  
56 4112 0 16 1 0  
57 4112 0 16 1 0  
58 4112 0 16 1 0  
59 4112 0 16 1 0  
60 4112 0 16 1 0  
61 4112 15 16 1 1  17 
62 4112 15 16 1 1  17 
63 4112 15 16 1 2  28 35 
64 4112 15 16 1 2  28 35 
31
-21.000000 0.000000 0.000000  0  6 4 0 2147483678 2 144115188075856934 20 1121 1 216172782113783946 5 0 1907 1 0 3 0 
-8.000000 0.000000 0.000000  0  3 2071 1 1224979098644774912 31 2 1224979098644774912 0 1907 1 0 
-22.000000 0.000000 0.000000  1 1106 1 216172782113783922  0 
-24.000000 0.000000 0.000000  0  1 900 1 1513209474796486683 
-25.000000 0.000000 0.000000  0  42 2071 1 1224979098644774912 1737 2 1224979098644774912 1 1733 2 1224979098644774912 1 1725 2 1224979098644774912 1 1710 2 1 1224979098644774912 505 3 1224979098644774912 8 -1 1700 1 1224979098644774913 4 0 31 2 1224979098644774912 1224979098644774913 1771 2 1224979098644774912 7 3 0 6 3 1224979098644774914 0 64 1780 2 2 1224979098644774914 712 3 1224979098644774915 1 2 2147483678 2 1224979098644774915 100 505 3 1224979098644774912 8 1224979098644774914 3 0 1718 2 1224979098644774916 1224979098644774912 4 0 31 2 1224979098644774916 360287970189640755 1710 2 1 1224979098644774912 1730 2 1224979098644774912 1 1810 2 1224979098644774917 1080863910568919210 2133 2 1224979098644774918 10000000 2133 2 1224979098644774919 -1 6 3 1224979098644774920 0 1224979098644774917 1811 3 1224979098644774921 1080863910568919210 1224979098644774920 1850 2 2 1224979098644774921 712 3 1224979098644774922 1 2 2147483678 2 1224979098644774922 1224979098644774918 2133 2 1224979098644774918 1224979098644774922 2133 2 1224979098644774919 1224979098644774921 3 0 505 3 1224979098644774912 9 1224979098644774919 5 0 1073741855 2 1224979098644774916 360287970189640757 31 2 1224979098644774916 360287970189640758 505 3 1224979098644774912 11 48 505 3 1224979098644774912 9 -1 1780 2 1 48 1730 2 1224979098644774912 1 3 0 
-27.000000 0.000000 0.000000  0  115 2071 1 1224979098644774912 2072 1 1224979098644774913 1718 2 1224979098644774914 1224979098644774912 1718 2 1224979098644774915 1224979098644774913 4 0 30 2 144115188075856896 0 5 0 30 2 144115188075856901 0 4 0 31 2 1224979098644774914 360287970189639680 31 2 1224979098644774915 144115188075856901 2133 2 144115188075856897 0 1771 2 1224979098644774912 0 1771 2 1224979098644774913 7 1122 1 -1 2133 2 144115188075856929 -1 2133 2 144115188075856930 -1 2133 2 144115188075856904 2 600 1 1152921504606847148 1920 1 144115188075856901 2133 2 144115188075856901 -1 4 0 31 2 144115188075856898 1 1745 3 1224979098644774912 0 0 3 0 5 0 31 2 1224979098644774915 360287970189639680 31 2 1224979098644774914 144115188075856901 1771 2 1224979098644774912 7 1771 2 1224979098644774913 0 1122 1 -1 2133 2 144115188075856929 -1 2133 2 144115188075856930 -1 2133 2 144115188075856904 3 600 1 1152921504606847148 1920 1 144115188075856901 2133 2 144115188075856901 -1 4 0 31 2 144115188075856898 1 1745 3 1224979098644774912 0 0 3 0 3 0 5 0 30 2 144115188075856902 0 4 0 31 2 1224979098644774914 360287970189639680 31 2 1224979098644774915 144115188075856902 2133 2 144115188075856897 0 1771 2 1224979098644774912 0 1771 2 1224979098644774913 7 1122 1 -1 2133 2 144115188075856929 -1 2133 2 144115188075856930 -1 2133 2 144115188075856904 7 600 1 1152921504606847148 1920 1 144115188075856902 2133 2 144115188075856902 -1 4 0 31 2 144115188075856898 1 1745 3 1224979098644774912 0 0 3 0 5 0 31 2 1224979098644774915 360287970189639680 31 2 1224979098644774914 144115188075856902 1771 2 1224979098644774912 7 1771 2 1224979098644774913 0 1122 1 -1 2133 2 144115188075856929 -1 2133 2 144115188075856930 -1 2133 2 144115188075856904 8 600 1 1152921504606847148 1920 1 144115188075856902 2133 2 144115188075856902 -1 4 0 31 2 144115188075856898 1 1745 3 1224979098644774912 0 0 3 0 3 0 5 0 30 2 144115188075856903 0 4 0 31 2 1224979098644774914 360287970189639680 31 2 1224979098644774915 144115188075856903 2133 2 144115188075856897 0 1771 2 1224979098644774912 0 1771 2 1224979098644774913 7 1122 1 -1 2133 2 144115188075856904 4 600 1 1152921504606847148 1920 1 144115188075856903 2133 2 144115188075856903 -1 5 0 31 2 1224979098644774915 360287970189639680 31 2 1224979098644774914 144115188075856903 2133 2 144115188075856897 0 1771 2 1224979098644774912 7 1771 2 1224979098644774913 0 1122 1 -1 2133 2 144115188075856904 5 600 1 1152921504606846978 1920 1 144115188075856903 2133 2 144115188075856903 -1 3 0 5 0 1704 1 1224979098644774912 2133 2 144115188075856931 1224979098644774913 2133 2 144115188075856932 1224979098644774912 2133 2 144115188075856897 0 1771 2 144115188075856937 7 1771 2 144115188075856938 7 1732 1 144115188075856937 1732 1 144115188075856938 3 0 1721 3 1224979098644774912 100 0 1721 3 1224979098644774913 100 0 
-19.000000 0.000000 0.000000  0  35 1266 1 13 1796 3 0 1 0 1796 3 0 2 0 1796 3 0 3 0 1796 3 0 7 0 1796 3 7 1 1 1796 3 7 2 1 1796 3 7 3 1 1796 3 1 2 -1 1796 3 1 3 1 1796 3 2 3 1 2133 2 144115188075856933 8 1 1 936748722493063716 2133 2 144115188075856934 0 2133 2 144115188075856904 0 2133 2 144115188075856935 0 2133 2 144115188075856897 0 2133 2 144115188075856936 0 2133 2 144115188075856931 -1 2133 2 144115188075856932 -1 2133 2 144115188075856937 -1 2133 2 144115188075856938 -1 2133 2 144115188075856896 -1 2133 2 144115188075856901 -1 2133 2 144115188075856903 -1 2133 2 144115188075856902 -1 2133 2 144115188075856939 0 2133 2 144115188075856905 0 2133 2 144115188075856940 0 2133 2 144115188075856908 0 2133 2 144115188075856941 0 2133 2 144115188075856942 0 2133 2 144115188075856929 -1 2133 2 144115188075856930 -1 2133 2 144115188075856943 -1000 
0.000000 0.000000 100000000.000000  0  41 1124 2 17 17 1123 2 500 650 1125 1 0 1935 0 1 1 936748722493063717 1780 2 1 59 1970 1 1 1973 2 288230376151711778 0 2133 2 144115188075856894 1 1833 3 1224979098644774912 288230376151711772 0 1850 2 0 1224979098644774912 722 3 0 -1000 1 1855 2 1224979098644774912 0 1833 3 1224979098644774912 288230376151712328 0 1850 2 0 1224979098644774912 722 3 0 -1000 1 1855 2 1224979098644774912 0 1833 3 1224979098644774912 288230376151711779 0 1850 2 0 1224979098644774912 722 3 0 -1000 1 1855 2 1224979098644774912 0 1833 3 1224979098644774912 288230376151712329 0 1850 2 0 1224979098644774912 722 3 0 -1000 1 1855 2 1224979098644774912 0 1833 3 1224979098644774912 288230376151711773 0 1850 2 0 1224979098644774912 722 3 0 -1000 1 1855 2 1224979098644774912 0 1833 3 1224979098644774912 288230376151711780 0 1850 2 0 1224979098644774912 722 3 0 -1000 1 1855 2 1224979098644774912 0 1833 3 1224979098644774912 288230376151711774 0 1850 2 0 1224979098644774912 722 3 0 -1000 1 1855 2 1224979098644774912 0 1833 3 1224979098644774912 288230376151711768 0 1850 2 0 1224979098644774912 722 3 0 -1000 1 1855 2 1224979098644774912 0 
0.000000 1.000000 100000000.000000  0  2 1126 1 1 1122 1 216172782113786790 
0.000000 0.000000 0.000000  22 2370 1 1224979098644774912 12 1 1224979098644774913 1718 2 1224979098644774914 1224979098644774913 31 2 1224979098644774914 360287970189640755 4 0 1726 3 1224979098644774915 1224979098644774913 0 2147483679 2 1224979098644774915 288230376151711772 1747 2 1224979098644774913 288230376151711772 5 0 525 3 1224979098644774916 1224979098644774913 9 1850 2 1 1224979098644774916 722 2 1 10 1744 2 1224979098644774913 1 4 0 2147484213 3 1224979098644774913 19 1224979098644774912 1745 2 1224979098644774913 0 2136 3 1224979098644774917 3 13 2105 2 1224979098644774917 1224979098644774912 505 3 1224979098644774913 19 1224979098644774917 3 0 3 0 3 0  0 
0.000000 0.000000 0.000000  140 2124 1 100 12 1 1224979098644774912 1718 2 1224979098644774913 1224979098644774912 1073741855 2 1224979098644774913 360287970189640757 31 2 1224979098644774913 360287970189640758 525 3 1224979098644774914 1224979098644774912 11 1780 2 1 1224979098644774914 1710 2 2 1224979098644774912 712 3 1224979098644774915 1 2 4 0 2147483678 2 1224979098644774915 6400 2105 2 1224979098644774914 1 4 0 32 2 1224979098644774914 57 2133 2 1224979098644774914 48 3 0 505 3 1224979098644774912 11 1224979098644774914 1780 2 1 1224979098644774914 1730 2 1224979098644774912 1 3 0 4 0 31 2 1224979098644774913 360287970189640758 4 0 1726 3 1224979098644774916 1224979098644774912 0 2147483679 2 1224979098644774916 288230376151711772 1747 2 1224979098644774912 288230376151711772 5 0 1810 2 1224979098644774917 1080863910568919210 2133 2 1224979098644774918 10000000 2133 2 1224979098644774919 -1 6 3 1224979098644774920 0 1224979098644774917 1811 3 1224979098644774921 1080863910568919210 1224979098644774920 2147484193 3 1224979098644774912 9 1224979098644774921 1850 2 1 1224979098644774921 714 2 2 1 712 3 1224979098644774915 1 2 2147483678 2 1224979098644774915 1224979098644774918 2133 2 1224979098644774918 1224979098644774915 2133 2 1224979098644774919 1224979098644774921 3 0 4 0 2147483678 2 1224979098644774918 40000 1850 2 1 1224979098644774919 722 2 1 10 701 1 3 729 2 3 -160 716 3 4 1 3 700 2 1 4 1744 2 1224979098644774912 1 2147483678 2 1224979098644774918 22500 505 3 1224979098644774912 9 1224979098644774919 1745 2 1224979098644774912 0 5 0 525 3 1224979098644774922 1224979098644774912 9 30 2 1224979098644774922 0 1850 2 1 1224979098644774922 712 3 1224979098644774915 1 2 2147483678 2 1224979098644774915 40000 722 2 1 10 701 1 3 729 2 3 -160 716 3 4 1 3 700 2 1 4 1744 2 1224979098644774912 1 3 0 3 0 5 0 31 2 1224979098644774913 360287970189640757 4 0 1726 3 1224979098644774916 1224979098644774912 0 2147483679 2 1224979098644774916 288230376151711761 1747 2 1224979098644774912 288230376151711761 5 0 1810 2 1224979098644774917 1080863910568919957 2133 2 1224979098644774918 10000000 2133 2 1224979098644774919 -1 6 3 1224979098644774920 0 1224979098644774917 1811 3 1224979098644774921 1080863910568919957 1224979098644774920 2147484193 3 1224979098644774912 9 1224979098644774921 1850 2 1 1224979098644774921 712 3 1224979098644774915 1 2 2147483678 2 1224979098644774915 1224979098644774918 2133 2 1224979098644774918 1224979098644774915 2133 2 1224979098644774919 1224979098644774921 3 0 4 0 2147483678 2 1224979098644774918 10000 1850 2 1 1224979098644774919 717 3 3 2 1 726 2 1224979098644774923 3 727 2 1224979098644774924 3 33 3 1224979098644774923 -200 200 32 2 1224979098644774924 -100 701 1 3 4 0 2147483678 2 1224979098644774923 0 720 2 3 -100 722 2 3 100 5 0 720 2 3 100 722 2 3 150 3 0 716 3 4 2 3 1744 2 1224979098644774912 4 4 0 2147483678 2 1224979098644774923 0 1745 3 1224979098644774912 2 1 5 0 1745 3 1224979098644774912 1 1 3 0 3221225502 2 1224979098644774918 900 2147483678 2 1224979098644774924 100 1745 3 1224979098644774912 0 0 505 3 1224979098644774912 9 1224979098644774919 5 0 525 3 1224979098644774922 1224979098644774912 9 30 2 1224979098644774922 0 1850 2 1 1224979098644774922 712 3 1224979098644774915 1 2 2147483678 2 1224979098644774915 10000 717 3 3 2 1 726 2 1224979098644774923 3 727 2 1224979098644774924 3 33 3 1224979098644774923 -200 200 32 2 1224979098644774924 -100 701 1 3 4 0 2147483678 2 1224979098644774923 0 720 2 3 -100 722 2 3 100 5 0 720 2 3 100 722 2 3 150 3 0 716 3 4 2 3 1744 2 1224979098644774912 4 3 0 3 0 3 0 3 0  0 
0.000000 0.000000 0.000000  21 2370 1 1224979098644774912 12 1 1224979098644774913 1718 2 1224979098644774914 1224979098644774913 31 2 1224979098644774914 360287970189640755 4 0 1726 3 1224979098644774915 1224979098644774913 0 2147483679 2 1224979098644774915 288230376151711772 1747 2 1224979098644774913 288230376151711772 5 0 525 3 1224979098644774916 1224979098644774913 9 1850 2 1 1224979098644774916 1744 2 1224979098644774913 1 4 0 2147484213 3 1224979098644774913 19 1224979098644774912 1745 2 1224979098644774913 0 2136 3 1224979098644774917 3 13 2105 2 1224979098644774917 1224979098644774912 505 3 1224979098644774913 19 1224979098644774917 3 0 3 0 3 0  0 
0.000000 0.000000 0.000000  1 1 1 936748722493063719  0 
5.000000 0.000000 0.000000  13 4 0 2370 1 1224979098644774912 30 2 1224979098644774912 30 31 2 144115188075856894 1 2133 2 144115188075856894 0 1122 1 -1 3 0 1700 1 1224979098644774913 12 1 1224979098644774914 1704 1 1224979098644774914 2147483679 2 1224979098644774914 1224979098644774913 1728 1 1224979098644774914 3 0  0 
0.000000 0.000000 0.000000  30 1700 1 1224979098644774912 1726 3 1224979098644774913 1224979098644774912 0 2133 2 1224979098644774914 0 4 0 31 2 1224979098644774913 288230376151711772 1729 2 1224979098644774912 288230376151711779 1727 3 1224979098644774915 1224979098644774912 1 31 2 1224979098644774915 0 2133 2 1224979098644774914 1 5 0 31 2 1224979098644774913 288230376151712328 1729 2 1224979098644774912 288230376151712329 1727 3 1224979098644774915 1224979098644774912 1 31 2 1224979098644774915 0 2133 2 1224979098644774914 1 5 0 31 2 1224979098644774913 288230376151711773 1729 2 1224979098644774912 288230376151711780 1727 3 1224979098644774915 1224979098644774912 1 31 2 1224979098644774915 0 2133 2 1224979098644774914 1 5 0 31 2 1224979098644774913 288230376151711774 1727 3 1224979098644774915 1224979098644774912 1 2147483680 2 1224979098644774915 1 2133 2 1224979098644774914 1 3 0 31 2 1224979098644774914 1 1728 1 1224979098644774912 1120 2 216172782113786869 1585267068834415388  0 
0.000000 0.000000 0.000000  175 1700 1 1224979098644774912 2147483679 2 144115188075856908 0 1936 0 4 0 31 2 144115188075856908 1 2133 2 144115188075856893 0 2105 2 144115188075856908 1 5 0 31 2 144115188075856908 2 4 0 4 0 30 2 144115188075856909 0 1833 3 1224979098644774913 144115188075856909 0 1850 2 0 1224979098644774913 722 3 0 1000 1 1855 2 1224979098644774913 0 1811 3 1224979098644774914 1080863910568919959 0 1855 2 1224979098644774914 0 2133 2 144115188075856943 200 4 0 30 2 144115188075856910 0 1833 3 1224979098644774913 144115188075856910 0 1850 2 0 1224979098644774913 722 3 0 1000 1 1855 2 1224979098644774913 0 3 0 3 0 2105 2 144115188075856908 1 3 0 5 0 31 2 144115188075856908 3 4 0 30 2 144115188075856909 0 4 0 2325 2 0 144115188075856909 1122 1 216172782113786875 1729 2 1224979098644774912 144115188075856909 2105 2 144115188075856908 1 600 1 1152921504606846977 3 0 5 0 2105 2 144115188075856908 1 3 0 5 0 31 2 144115188075856908 4 4 0 30 2 144115188075856910 0 4 0 2325 2 0 144115188075856910 1122 1 216172782113786875 1729 2 1224979098644774912 144115188075856910 2105 2 144115188075856908 1 600 1 1152921504606846977 3 0 5 0 2105 2 144115188075856908 1 3 0 5 0 31 2 144115188075856908 5 4 0 1714 2 1224979098644774915 1224979098644774912 2147483678 2 1224979098644774915 0 1122 1 216172782113786876 4 0 2133 2 1224979098644774916 -1 12 1 1224979098644774917 1719 2 1224979098644774918 1224979098644774917 31 2 1224979098644774918 288230376151711778 2133 2 1224979098644774916 1224979098644774917 3 0 1710 2 0 1224979098644774916 1811 3 1224979098644774914 1080863910568919959 0 1850 2 1 1224979098644774914 2124 1 100 726 2 1224979098644774919 0 726 2 1224979098644774920 1 727 2 1224979098644774921 0 727 2 1224979098644774922 1 3221225503 2 1224979098644774919 1224979098644774920 2147483679 2 1224979098644774921 1224979098644774922 1855 2 1224979098644774914 0 2133 2 144115188075856943 200 3 0 5 0 2105 2 144115188075856908 1 3 0 5 0 31 2 144115188075856908 6 4 0 31 2 144115188075856941 0 1122 1 216172782113786877 5 0 31 2 144115188075856941 1 2133 2 1224979098644774923 1080863910568919957 1122 1 216172782113786878 5 0 2133 2 1224979098644774923 1080863910568919210 1122 1 216172782113786879 3 0 4 0 31 2 144115188075856941 0 2120 3 1224979098644774924 144115188075856893 48 1780 2 0 1224979098644774924 701 1 2 721 2 2 -800 716 3 3 0 2 700 2 0 3 1710 2 2 1224979098644774912 4 0 710 3 1224979098644774925 0 2 2147483678 2 1224979098644774925 500 2105 2 144115188075856893 1 30 2 144115188075856893 10 2133 2 144115188075856943 -1000 1122 3 216172782113786880 0 10 2133 2 144115188075856908 0 2105 2 144115188075856941 1 600 1 1152921504606846978 3 0 4 0 1811 3 1224979098644774914 1080863910568919959 0 1850 2 1 1224979098644774914 2124 1 1 726 2 1224979098644774919 0 726 2 1224979098644774920 1 727 2 1224979098644774921 0 727 2 1224979098644774922 1 3221225503 2 1224979098644774919 1224979098644774920 2147483679 2 1224979098644774921 1224979098644774922 1855 2 1224979098644774914 0 2133 2 144115188075856943 150 600 1 1152921504606846977 3 0 5 0 1810 2 1224979098644774926 1224979098644774923 4 0 2147483678 2 144115188075856893 6 2133 2 1224979098644774927 -1 2120 3 1224979098644774928 144115188075856893 1 6 3 1224979098644774929 0 1224979098644774926 1811 3 1224979098644774930 1224979098644774923 1224979098644774929 1841 2 1224979098644774931 1224979098644774930 31 2 1224979098644774928 1224979098644774931 2133 2 1224979098644774927 1224979098644774930 2133 2 1224979098644774926 0 3 0 4 0 1850 2 0 1224979098644774927 1811 3 1224979098644774914 1080863910568919959 0 1850 2 1 1224979098644774914 2124 1 1 726 2 1224979098644774919 0 726 2 1224979098644774920 1 727 2 1224979098644774921 0 727 2 1224979098644774922 1 3221225503 2 1224979098644774919 1224979098644774920 2147483679 2 1224979098644774921 1224979098644774922 1855 2 1224979098644774914 0 2133 2 144115188075856943 200 600 1 1152921504606846977 3 0 5 0 2133 2 144115188075856943 -1000 4 0 30 2 144115188075856910 0 1774 2 1224979098644774912 144115188075856910 3 0 1774 2 1224979098644774912 144115188075856909 1122 3 216172782113786880 0 10 2133 2 144115188075856908 0 2105 2 144115188075856941 1 600 1 1152921504606846978 3 0 3 0 3 0  0 
0.000000 0.000000 0.000000  122 1700 1 1224979098644774912 2147483679 2 144115188075856905 0 1936 0 4 0 31 2 144115188075856905 1 4 0 2133 2 144115188075856308 0 2133 2 144115188075856893 0 1833 3 1224979098644774913 144115188075856906 0 1850 2 0 1224979098644774913 722 3 0 1000 1 1855 2 1224979098644774913 0 1811 3 1224979098644774914 1080863910568919959 0 1855 2 1224979098644774914 0 2133 2 144115188075856943 100 4 0 30 2 144115188075856907 0 1833 3 1224979098644774913 144115188075856907 0 1850 2 0 1224979098644774913 722 3 0 1000 1 1855 2 1224979098644774913 0 3 0 2105 2 144115188075856905 1 3 0 5 0 31 2 144115188075856905 2 4 0 2325 2 0 144115188075856906 1122 1 216172782113786870 1729 2 1224979098644774912 144115188075856906 2105 2 144115188075856905 1 600 1 1152921504606846977 3 0 5 0 31 2 144115188075856905 3 4 0 30 2 144115188075856907 0 4 0 2325 2 0 144115188075856907 1122 1 216172782113786870 1729 2 1224979098644774912 144115188075856907 2105 2 144115188075856905 1 600 1 1152921504606846977 3 0 5 0 2105 2 144115188075856905 1 3 0 5 0 31 2 144115188075856905 4 4 0 6 3 1224979098644774915 0 3 1811 3 1224979098644774916 1080863910568919883 1224979098644774915 1870 1 1224979098644774916 1780 2 0 45 701 1 1 2121 3 1224979098644774917 1224979098644774915 1 2107 2 1224979098644774917 5 725 2 1 1224979098644774917 4 0 30 2 144115188075856907 0 721 2 1 1300 5 0 721 2 1 800 2107 2 1224979098644774917 2 3 0 716 3 2 0 1 791 1 2 1811 3 1224979098644774918 1080863910568919884 1224979098644774915 1855 2 1224979098644774918 2 722 3 2 150 1 1855 2 1224979098644774916 2 3 0 1811 3 1224979098644774914 1080863910568919959 0 1811 3 1224979098644774918 1080863910568919884 1 1850 2 1 1224979098644774918 1855 2 1224979098644774914 1 2133 2 144115188075856943 200 1122 1 216172782113786871 2105 2 144115188075856905 1 3 0 5 0 31 2 144115188075856905 5 4 0 4 0 2147483679 2 144115188075856893 144115188075856308 2133 2 144115188075856893 144115188075856308 4 0 2147483678 2 144115188075856308 3 600 1 1152921504606846977 5 0 600 1 1152921504606846978 3 0 3 0 4 0 31 2 144115188075856940 0 31 2 144115188075856308 0 1780 2 0 45 1710 2 1 1224979098644774912 2147484362 2 1 0 1122 1 216172782113786872 5 0 31 2 144115188075856940 0 31 2 144115188075856308 1 1122 1 216172782113786873 3 0 30 2 144115188075856308 3 2133 2 144115188075856943 -1000 2105 2 144115188075856905 1 3 0 5 0 31 2 144115188075856905 6 4 0 4 0 30 2 144115188075856907 0 1774 2 1224979098644774912 144115188075856907 3 0 1774 2 1224979098644774912 144115188075856906 1122 3 216172782113786874 0 10 2133 2 144115188075856905 0 2105 2 144115188075856940 1 3 0 3 0  0 
0.000000 0.000000 0.000000  138 1700 1 1224979098644774912 2147483679 2 144115188075856896 -1 1936 0 12 1 1224979098644774913 1718 2 1224979098644774914 1224979098644774913 31 2 1224979098644774914 144115188075856896 2133 2 1224979098644774915 1224979098644774913 3 0 4 0 31 2 144115188075856897 0 4 0 12 1 1224979098644774913 1718 2 1224979098644774914 1224979098644774913 1073741855 2 1224979098644774914 360287970189640751 1073741855 2 1224979098644774914 360287970189640752 1073741855 2 1224979098644774914 360287970189640753 31 2 1224979098644774914 360287970189640754 1771 2 1224979098644774913 7 525 3 1224979098644774916 1224979098644774913 8 1780 2 1 1224979098644774916 1730 2 1224979098644774913 1 1732 1 1224979098644774913 3 0 1747 2 1224979098644774915 288230376151711761 2136 3 144115188075856897 1 5 2133 2 144115188075856900 1 2133 2 144115188075856942 0 3 0 5 0 32 2 144115188075856897 0 4 0 1771 2 1224979098644774912 1 1771 2 1224979098644774915 2 1710 2 1 1224979098644774912 1748 2 1224979098644774915 1 1763 2 1224979098644774917 1224979098644774912 4 0 31 2 1224979098644774917 2 1767 2 1224979098644774918 1224979098644774912 4 0 31 2 1224979098644774918 0 1746 3 1224979098644774915 0 1 5 0 31 2 1224979098644774918 3 1746 3 1224979098644774915 3 1 5 0 31 2 1224979098644774918 1 1746 3 1224979098644774915 2 1 5 0 31 2 1224979098644774918 2 1746 3 1224979098644774915 1 1 3 0 3 0 4 0 30 2 144115188075856893 5 1122 1 -1 2133 2 144115188075856897 0 1771 2 1224979098644774912 0 1771 2 1224979098644774915 7 1721 3 1224979098644774912 100 0 1721 3 1224979098644774915 100 0 2133 2 144115188075856904 9 1920 1 144115188075856896 2133 2 144115188075856896 -1 3 0 3 0 3 0 4 0 1763 2 1224979098644774917 1224979098644774912 31 2 1224979098644774917 2 1767 2 1224979098644774918 1224979098644774912 2120 3 1224979098644774919 1224979098644774918 1 1726 3 1224979098644774920 1224979098644774912 0 1 2 936748722493063718 1224979098644774920 2370 1 1224979098644774921 32 2 1224979098644774921 144115188075856942 4 0 31 2 1224979098644774919 144115188075856897 2105 2 144115188075856893 1 4 0 30 2 144115188075856893 5 2133 2 144115188075856897 5 600 1 1152921504606846978 5 0 600 1 1152921504606846977 2133 2 1224979098644774922 100 6 3 1224979098644774923 0 1224979098644774922 2136 3 1224979098644774924 1 5 2147483679 2 1224979098644774924 144115188075856897 2133 2 144115188075856897 1224979098644774924 2133 2 1224979098644774922 0 3 0 3 0 2133 2 144115188075856900 1 5 0 2105 2 144115188075856899 1 600 1 1152921504606847148 3 0 2120 3 144115188075856942 1224979098644774921 1 3 0 2133 2 72057594037927936 144115188075856893 2133 2 72057594037927937 144115188075856899 2319 1 0 2133 2 144115188075856929 -1 2133 2 144115188075856930 -1 4 0 2147483679 2 144115188075856897 5 2370 1 1224979098644774921 1073741855 2 144115188075856900 0 32 2 1224979098644774921 144115188075856942 4 0 31 2 144115188075856897 1 2320 2 0 216172782113786862 5 0 31 2 144115188075856897 4 2320 2 0 216172782113786863 5 0 31 2 144115188075856897 2 2320 2 0 216172782113786865 5 0 31 2 144115188075856897 3 2320 2 0 216172782113786864 3 0 2121 3 144115188075856929 144115188075856897 1 2133 2 144115188075856930 0 4 0 31 2 144115188075856900 1 2133 2 144115188075856900 0 900 1 1513209474796486683 3 0 3 0 4 0 1726 3 1224979098644774920 1224979098644774912 0 1 2 936748722493063718 1224979098644774920 1122 1 216172782113786861 5 0 1122 1 216172782113786860 3 0  0 
0.000000 0.000000 0.000000  140 1700 1 1224979098644774912 2147483679 2 144115188075856901 -1 1936 0 12 1 1224979098644774913 1718 2 1224979098644774914 1224979098644774913 31 2 1224979098644774914 144115188075856901 2133 2 1224979098644774915 1224979098644774913 3 0 4 0 31 2 144115188075856897 0 4 0 12 1 1224979098644774913 1718 2 1224979098644774914 1224979098644774913 1073741855 2 1224979098644774914 360287970189640751 1073741855 2 1224979098644774914 360287970189640752 1073741855 2 1224979098644774914 360287970189640753 31 2 1224979098644774914 360287970189640754 1771 2 1224979098644774913 7 525 3 1224979098644774916 1224979098644774913 8 1780 2 1 1224979098644774916 1730 2 1224979098644774913 1 1732 1 1224979098644774913 3 0 1747 2 1224979098644774915 288230376151711761 2105 2 144115188075856897 1 2370 1 144115188075856936 2105 2 144115188075856936 1 3 0 5 0 31 2 144115188075856897 1 4 0 2370 1 1224979098644774917 32 2 1224979098644774917 144115188075856936 1771 2 1224979098644774912 1 1771 2 1224979098644774915 2 1710 2 1 1224979098644774912 1748 2 1224979098644774915 1 1710 2 2 1224979098644774915 712 3 1224979098644774918 1 2 2147483678 2 1224979098644774918 400 4 0 31 2 144115188075856898 0 4 0 30 2 144115188075856893 5 2133 2 144115188075856929 -1 2133 2 144115188075856930 -1 1122 1 -1 2133 2 144115188075856897 0 1771 2 1224979098644774912 0 1771 2 1224979098644774915 7 1721 3 1224979098644774912 100 0 1721 3 1224979098644774915 100 0 2133 2 144115188075856904 1 1920 1 144115188075856901 2133 2 144115188075856901 -1 5 0 2136 3 1224979098644774919 0 4 1745 3 1224979098644774915 1224979098644774919 1 2105 2 144115188075856898 1 2133 2 144115188075856929 1224979098644774919 4 0 33 3 1224979098644774919 1 3 2121 3 144115188075856929 3 1224979098644774919 3 0 2133 2 144115188075856930 1 900 1 1513209474796486683 3 0 5 0 31 2 144115188075856898 1 1764 2 1224979098644774920 1224979098644774912 32 2 1224979098644774920 0 1767 2 1224979098644774921 1224979098644774912 1767 2 1224979098644774922 1224979098644774915 2133 2 1224979098644774923 0 4 0 31 2 1224979098644774922 0 31 2 1224979098644774921 0 2133 2 1224979098644774923 1 5 0 31 2 1224979098644774922 3 31 2 1224979098644774921 3 2133 2 1224979098644774923 1 5 0 31 2 1224979098644774922 1 31 2 1224979098644774921 2 2133 2 1224979098644774923 1 5 0 31 2 1224979098644774922 2 31 2 1224979098644774921 1 2133 2 1224979098644774923 1 3 0 31 2 1224979098644774923 1 2133 2 144115188075856929 -1 2133 2 144115188075856930 -1 1745 3 1224979098644774915 0 0 2105 2 144115188075856898 1 2370 1 144115188075856939 2105 2 144115188075856939 2 5 0 31 2 144115188075856898 2 4 0 2370 1 1224979098644774917 32 2 1224979098644774917 144115188075856939 2133 2 144115188075856898 0 3 0 3 0 3 0 3 0 4 0 1769 1 1224979098644774915 1726 3 1224979098644774924 1224979098644774912 1 31 2 1224979098644774924 -1 1726 3 1224979098644774925 1224979098644774912 0 2147483679 2 1224979098644774925 288230376151711763 1 2 936748722493063718 1224979098644774925 2370 1 1224979098644774917 32 2 1224979098644774917 144115188075856942 2105 2 144115188075856893 1 4 0 2147483678 2 144115188075856893 5 600 1 1152921504606846977 5 0 600 1 1152921504606846978 3 0 2120 3 144115188075856942 1224979098644774917 1 3 0 2133 2 72057594037927936 144115188075856893 4 0 1726 3 1224979098644774924 1224979098644774912 1 31 2 1224979098644774924 -1 1726 3 1224979098644774925 1224979098644774912 0 2147483679 2 1224979098644774925 288230376151711763 1 2 936748722493063718 1224979098644774925 1122 1 216172782113786866 5 0 2147483679 2 1224979098644774924 -1 1122 1 216172782113786858 5 0 1122 1 216172782113786859 3 0  0 
0.000000 0.000000 0.000000  108 1700 1 1224979098644774912 2147483679 2 144115188075856902 -1 1936 0 12 1 1224979098644774913 1718 2 1224979098644774914 1224979098644774913 31 2 1224979098644774914 144115188075856902 2133 2 1224979098644774915 1224979098644774913 3 0 4 0 31 2 144115188075856897 0 4 0 12 1 1224979098644774913 1718 2 1224979098644774914 1224979098644774913 1073741855 2 1224979098644774914 360287970189640751 1073741855 2 1224979098644774914 360287970189640752 1073741855 2 1224979098644774914 360287970189640753 31 2 1224979098644774914 360287970189640754 1771 2 1224979098644774913 7 525 3 1224979098644774916 1224979098644774913 8 1780 2 1 1224979098644774916 1730 2 1224979098644774913 1 1732 1 1224979098644774913 3 0 1747 2 1224979098644774915 288230376151711761 2105 2 144115188075856897 1 2370 1 144115188075856936 2105 2 144115188075856936 1 3 0 5 0 31 2 144115188075856897 1 4 0 2370 1 1224979098644774917 32 2 1224979098644774917 144115188075856936 1771 2 1224979098644774912 1 1771 2 1224979098644774915 2 1710 2 1 1224979098644774912 1748 2 1224979098644774915 1 1710 2 2 1224979098644774915 712 3 1224979098644774918 1 2 2147483678 2 1224979098644774918 400 4 0 31 2 144115188075856898 0 4 0 30 2 144115188075856893 5 1122 1 -1 2133 2 144115188075856897 0 1771 2 1224979098644774912 0 1771 2 1224979098644774915 7 1721 3 1224979098644774912 100 0 1721 3 1224979098644774915 100 0 2133 2 144115188075856904 6 1920 1 144115188075856902 2133 2 144115188075856902 -1 5 0 2136 3 144115188075856944 0 4 1745 3 1224979098644774915 144115188075856944 1 2105 2 144115188075856898 1 2370 1 144115188075856939 2105 2 144115188075856939 1 3 0 5 0 31 2 144115188075856898 1 4 0 2370 1 1224979098644774917 32 2 1224979098644774917 144115188075856939 1745 3 1224979098644774915 -1 0 1746 3 1224979098644774915 0 1 2105 2 144115188075856898 1 2370 1 144115188075856939 2105 2 144115188075856939 1 3 0 5 0 31 2 144115188075856898 2 4 0 2370 1 1224979098644774917 32 2 1224979098644774917 144115188075856939 1745 3 1224979098644774915 144115188075856944 0 2105 2 144115188075856898 1 2370 1 144115188075856939 2105 2 144115188075856939 2 3 0 5 0 31 2 144115188075856898 3 4 0 2370 1 1224979098644774917 32 2 1224979098644774917 144115188075856939 2133 2 144115188075856898 0 3 0 3 0 3 0 3 0 4 0 1769 1 1224979098644774915 1763 2 1224979098644774919 1224979098644774912 2370 1 1224979098644774917 32 2 1224979098644774917 144115188075856942 2120 3 144115188075856942 1224979098644774917 1 31 2 1224979098644774919 1 2105 2 144115188075856893 1 4 0 2147483678 2 144115188075856893 5 600 1 1152921504606846977 5 0 600 1 1152921504606846978 3 0 3 0 2133 2 72057594037927936 144115188075856893 1122 1 216172782113786867  0 
0.000000 0.000000 0.000000  39 1700 1 1224979098644774912 2147483679 2 144115188075856903 -1 1936 0 12 1 1224979098644774913 1718 2 1224979098644774914 1224979098644774913 31 2 1224979098644774914 144115188075856903 2133 2 1224979098644774915 1224979098644774913 3 0 4 0 31 2 144115188075856897 0 4 0 12 1 1224979098644774913 1718 2 1224979098644774914 1224979098644774913 1073741855 2 1224979098644774914 360287970189640751 1073741855 2 1224979098644774914 360287970189640752 1073741855 2 1224979098644774914 360287970189640753 31 2 1224979098644774914 360287970189640754 1771 2 1224979098644774913 7 525 3 1224979098644774916 1224979098644774913 8 1780 2 1 1224979098644774916 1730 2 1224979098644774913 1 1732 1 1224979098644774913 3 0 1747 2 1224979098644774915 288230376151711761 2105 2 144115188075856897 1 2370 1 144115188075856936 2105 2 144115188075856936 1 3 0 5 0 31 2 144115188075856897 1 4 0 2370 1 1224979098644774917 32 2 1224979098644774917 144115188075856936 1771 2 1224979098644774912 1 1771 2 1224979098644774915 2 1735 1 1224979098644774915 1732 1 1224979098644774915 3 0 3 0  0 
0.000000 0.000000 0.000000  7 31 2 144115188075856896 -1 31 2 144115188075856901 -1 31 2 144115188075856903 -1 31 2 144115188075856902 -1 31 2 144115188075856905 0 31 2 144115188075856908 0 1935 0  0 
0.000000 0.000000 0.000000  164 31 2 144115188075856896 -1 31 2 144115188075856901 -1 31 2 144115188075856903 -1 31 2 144115188075856902 -1 1700 1 1224979098644774912 1710 2 1 1224979098644774912 2133 2 1224979098644774913 10000000 12 1 1224979098644774914 1718 2 1224979098644774915 1224979098644774914 1073741855 2 1224979098644774915 360287970189640751 1073741855 2 1224979098644774915 360287970189640752 1073741855 2 1224979098644774915 360287970189640753 31 2 1224979098644774915 360287970189640754 1710 2 2 1224979098644774914 712 3 1224979098644774916 1 2 2147483678 2 1224979098644774916 1224979098644774913 2133 2 1224979098644774913 1224979098644774916 3 0 4 0 2147483680 2 1224979098644774913 1600 2133 2 144115188075856935 1 12 1 1224979098644774914 1718 2 1224979098644774915 1224979098644774914 1073741855 2 1224979098644774915 360287970189640751 1073741855 2 1224979098644774915 360287970189640752 1073741855 2 1224979098644774915 360287970189640753 31 2 1224979098644774915 360287970189640754 1771 2 1224979098644774914 7 1710 2 2 1224979098644774914 1730 2 1224979098644774914 2 4 0 2147483679 2 1224979098644774914 144115188075856937 2147483679 2 1224979098644774914 144115188075856938 1747 2 1224979098644774914 -1 3 0 1732 1 1224979098644774914 1713 2 1224979098644774914 1224979098644774912 3 0 5 0 32 2 144115188075856935 0 2133 2 144115188075856935 0 2133 2 144115188075856897 0 3 0 4 0 31 2 144115188075856935 0 31 2 144115188075856897 0 4 0 2133 2 144115188075856937 -1 2133 2 144115188075856938 -1 6 3 1224979098644774917 0 2 4 0 30 2 144115188075856931 0 2133 2 144115188075856937 144115188075856931 2133 2 144115188075856931 -1 3 0 1073741855 2 144115188075856937 -1 31 2 144115188075856938 -1 2133 2 1224979098644774918 0 12 1 1224979098644774914 1718 2 1224979098644774915 1224979098644774914 1073741855 2 1224979098644774915 360287970189640751 1073741855 2 1224979098644774915 360287970189640752 1073741855 2 1224979098644774915 360287970189640753 31 2 1224979098644774915 360287970189640754 2147483679 2 1224979098644774914 144115188075856937 2147483679 2 1224979098644774914 144115188075856938 2147483679 2 1224979098644774914 144115188075856932 2105 2 1224979098644774918 1 3 0 2136 3 1224979098644774919 0 1224979098644774918 12 1 1224979098644774914 1718 2 1224979098644774915 1224979098644774914 1073741855 2 1224979098644774915 360287970189640751 1073741855 2 1224979098644774915 360287970189640752 1073741855 2 1224979098644774915 360287970189640753 31 2 1224979098644774915 360287970189640754 2147483679 2 1224979098644774914 144115188075856937 2147483679 2 1224979098644774914 144115188075856938 2147483679 2 1224979098644774914 144115188075856932 2106 2 1224979098644774919 1 2147483678 2 1224979098644774919 0 4 0 31 2 144115188075856937 -1 2133 2 144115188075856937 1224979098644774914 5 0 2133 2 144115188075856938 1224979098644774914 3 0 3 0 3 0 12 1 1224979098644774914 1718 2 1224979098644774915 1224979098644774914 1073741855 2 1224979098644774915 360287970189640751 1073741855 2 1224979098644774915 360287970189640752 1073741855 2 1224979098644774915 360287970189640753 31 2 1224979098644774915 360287970189640754 2147483679 2 1224979098644774914 144115188075856937 2147483679 2 1224979098644774914 144115188075856938 1747 2 1224979098644774914 -1 3 0 2105 2 144115188075856897 1 2370 1 144115188075856936 2105 2 144115188075856936 3 3 0 5 0 31 2 144115188075856897 1 4 0 2370 1 1224979098644774920 32 2 1224979098644774920 144115188075856936 12 1 1224979098644774914 1704 1 1224979098644774914 1718 2 1224979098644774915 1224979098644774914 1073741855 2 1224979098644774915 360287970189640751 1073741855 2 1224979098644774915 360287970189640752 1073741855 2 1224979098644774915 360287970189640753 31 2 1224979098644774915 360287970189640754 4 0 31 2 1224979098644774914 144115188075856937 1780 2 1 30 1730 2 1224979098644774914 1 5 0 31 2 1224979098644774914 144115188075856938 1780 2 1 31 1730 2 1224979098644774914 1 5 0 525 3 1224979098644774921 1224979098644774914 8 1780 2 1 1224979098644774921 1730 2 1224979098644774914 1 3 0 3 0 2105 2 144115188075856897 1 3 0 5 0 31 2 144115188075856897 2 4 0 1713 2 144115188075856937 144115188075856938 1713 2 144115188075856938 144115188075856937 1710 2 1 144115188075856937 1780 2 2 30 712 3 1224979098644774922 1 2 2147483678 2 1224979098644774922 400 1710 2 1 144115188075856938 1780 2 2 31 712 3 1224979098644774923 1 2 2147483678 2 1224979098644774923 400 2105 2 144115188075856897 1 2370 1 144115188075856936 2105 2 144115188075856936 1 3 0 5 0 31 2 144115188075856897 3 4 0 1713 2 144115188075856937 144115188075856938 1713 2 144115188075856938 144115188075856937 2370 1 1224979098644774920 32 2 1224979098644774920 144115188075856936 1735 1 144115188075856937 1735 1 144115188075856938 1771 2 144115188075856937 1 1771 2 144115188075856938 2 1732 1 144115188075856937 1732 1 144115188075856938 2105 2 144115188075856897 1 3 0 3 0  0 
0.000000 0.000000 100000000.000000  0  7 12 1 1224979098644774912 1704 1 1224979098644774912 1718 2 1224979098644774913 1224979098644774912 1507 1 1224979098644774913 1515 2 1224979098644774914 1224979098644774913 500 3 1224979098644774913 329 1224979098644774914 3 0 
1.000000 0.000000 0.000000  0  41 1700 1 1224979098644774912 12 1 1224979098644774913 1704 1 1224979098644774913 1718 2 1224979098644774914 1224979098644774913 1507 1 1224979098644774914 1515 2 1224979098644774915 1224979098644774914 520 3 1224979098644774916 1224979098644774914 329 32 2 1224979098644774915 1224979098644774916 2121 3 1224979098644774917 1224979098644774915 1224979098644774916 2172 3 1224979098644774918 1224979098644774914 2 2122 3 1224979098644774919 1224979098644774918 3 2107 2 1224979098644774919 1224979098644774917 2108 2 1224979098644774919 100 1107 1 0 1062 2 1224979098644774919 1224979098644774914 1107 1 1 4 0 31 2 1224979098644774913 1224979098644774912 32 2 1224979098644774919 0 31 2 144115188075857164 1 2133 2 72057594037927937 1224979098644774919 1106 1 1585267068834415374 3 0 1515 2 1224979098644774920 1224979098644774914 500 3 1224979098644774914 329 1224979098644774920 2121 3 1224979098644774921 1224979098644774920 1224979098644774916 2170 3 1224979098644774922 27 1224979098644774914 2105 2 1224979098644774922 10 2107 2 1224979098644774921 1224979098644774922 2108 2 1224979098644774921 20 2108 2 1224979098644774921 100 32 2 1224979098644774921 0 1525 2 1224979098644774914 1224979098644774921 4 0 31 2 1224979098644774913 1224979098644774912 31 2 144115188075857164 1 2133 2 72057594037927937 1224979098644774921 2121 3 72057594037927938 72057594037927937 1 1106 1 1585267068834415375 3 0 3 0 
1.000000 0.000000 0.000000  0  11 1700 1 1224979098644774912 12 1 1224979098644774913 2147483679 2 1224979098644774913 1224979098644774912 1702 1 1224979098644774913 1704 1 1224979098644774913 1727 2 1224979098644774914 1224979098644774913 545 3 1224979098644774913 26 0 2147483680 2 1224979098644774914 1 1728 1 1224979098644774913 505 3 1224979098644774913 26 1 3 0 
0.000000 0.000000 0.000000  0  11 4 0 70 1 29 71 1 30 1700 1 1224979098644774912 1728 1 1224979098644774912 5 0 70 1 56 71 1 30 12 1 1224979098644774913 1728 1 1224979098644774913 3 0 
-19.000000 0.000000 0.000000  0  1 1 1 936748722493063765 
0.000000 0.000000 100000000.000000  1 2147483679 2 144115188075856169 360287970189639680  5 2120 3 1224979098644774912 6 1 6 3 1224979098644774913 0 1224979098644774912 2176 3 1224979098644774914 144115188075856169 1224979098644774913 507 3 1224979098644774913 68 1224979098644774914 3 0 
1.000000 0.000000 0.000000  1 2147483679 2 144115188075856169 360287970189639680  17 2322 2 1 144115188075856169 2120 3 1224979098644774912 6 1 6 3 1224979098644774913 0 1224979098644774912 2176 3 1224979098644774914 144115188075856169 1224979098644774913 527 3 1224979098644774915 1224979098644774913 68 32 2 1224979098644774914 1224979098644774915 2121 3 1224979098644774916 1224979098644774914 1224979098644774915 2133 2 72057594037927938 1224979098644774916 2106 2 1224979098644774916 1 2133 2 72057594037927939 1224979098644774916 2133 2 72057594037927937 1224979098644774914 2121 3 1224979098644774917 1224979098644774913 0 2105 2 1224979098644774917 216172782113787044 2320 2 2 1224979098644774917 1106 2 1585267068834415376 15658496 507 3 1224979098644774913 68 1224979098644774914 3 0 
0.000000 0.000000 0.000000  0  11 1700 1 1224979098644774912 1710 2 2 1224979098644774912 4 0 1726 3 1224979098644774913 1224979098644774912 1 31 2 1224979098644774913 288230376151712268 71 1 34 721 2 2 50 1970 1 2 1974 1 1080863910568920066 1774 2 1224979098644774912 288230376151712268 3 0 


mst_tutorial_1 tutorial_1 0  -1
You_enter_the_training_ground. 

1 0 1536 511 0 1 6  143 132 139 137 243 179 
5
-21.000000 0.000000 0.000000  0  6 4 0 2147483678 2 144115188075856316 5 1121 1 216172782113783946 5 0 1907 1 0 3 0 
-8.000000 0.000000 0.000000  0  3 2071 1 1224979098644774912 31 2 1224979098644774912 0 1907 1 0 
-22.000000 0.000000 0.000000  1 1106 1 216172782113783922  0 
0.000000 0.000000 100000000.000000  10 1124 2 17 17 1123 2 500 650 1125 1 0 2133 2 144115188075856316 0 2133 2 144115188075856317 0 2133 2 144115188075856318 0 2133 2 144115188075856319 0 2133 2 144115188075856320 0 2133 2 144115188075856321 0 2133 2 144115188075856322 0  0 
0.000000 0.000000 0.000000  104 4 0 31 2 144115188075856316 0 4 0 31 2 144115188075856317 0 2370 1 1224979098644774912 32 2 1224979098644774912 0 2133 2 144115188075856317 1 1122 1 216172782113783869 1811 3 1224979098644774913 1080863910568919201 0 1780 2 1 1 1860 3 1224979098644774913 1 1 3 0 1122 1 216172782113783869 1700 1 1224979098644774914 1710 2 1 1224979098644774914 1780 2 2 1 710 3 1224979098644774915 1 2 2147483680 2 1224979098644774915 100 2105 2 144115188075856316 1 1811 3 1224979098644774916 1080863910568919199 0 1850 2 1 1224979098644774916 725 2 1 -90 1860 3 1224979098644774916 1 150 1811 3 1224979098644774913 1080863910568919201 0 1780 2 1 2 1860 3 1224979098644774913 1 1 5 0 31 2 144115188075856316 1 4 0 31 2 144115188075856318 0 2133 2 144115188075856318 1 1122 1 216172782113783870 600 1 1152921504606846977 3 0 1700 1 1224979098644774914 1710 2 1 1224979098644774914 1780 2 2 2 710 3 1224979098644774915 1 2 2147483680 2 1224979098644774915 100 2105 2 144115188075856316 1 1811 3 1224979098644774916 1080863910568919199 1 1850 2 1 1224979098644774916 725 2 1 90 1860 3 1224979098644774916 1 150 1811 3 1224979098644774913 1080863910568919201 0 1780 2 1 3 1860 3 1224979098644774913 1 1 5 0 31 2 144115188075856316 2 4 0 31 2 144115188075856319 0 2133 2 144115188075856319 1 1122 1 216172782113783871 2133 2 144115188075856323 0 600 1 1152921504606846977 3 0 30 2 144115188075856323 4 2105 2 144115188075856316 1 1811 3 1224979098644774916 1080863910568919199 2 1850 2 1 1224979098644774916 725 2 1 90 1860 3 1224979098644774916 1 150 5 0 31 2 144115188075856316 3 4 0 31 2 144115188075856320 0 2133 2 144115188075856320 1 1122 1 216172782113783872 2370 1 144115188075856324 600 1 1152921504606846977 3 0 2370 1 1224979098644774912 2106 2 1224979098644774912 144115188075856324 32 2 1224979098644774912 10 2105 2 144115188075856316 1 5 0 31 2 144115188075856316 4 4 0 31 2 144115188075856321 0 2133 2 144115188075856321 1 1122 1 216172782113783873 2133 2 144115188075856325 0 2133 2 144115188075856326 0 600 1 1152921504606846977 3 0 4 0 1700 1 1224979098644774914 1727 2 1224979098644774917 1224979098644774914 2147483680 2 1224979098644774917 0 1728 1 1224979098644774914 1122 1 216172782113783867 3 0 32 2 144115188075856325 0 2133 2 144115188075856325 0 2105 2 144115188075856326 1 32 2 144115188075856326 2 2105 2 144115188075856316 1 5 0 31 2 144115188075856316 5 31 2 144115188075856322 0 2133 2 144115188075856322 1 1122 1 216172782113783874 600 1 1152921504606846978 3 0  0 


mst_tutorial_2 tutorial_2 1  -1
You_enter_the_training_ground. 

3 0 5632 511 0 1 3  143 243 179 
2 8208 0 16 1 0  
4 8208 0 0 1 0  
7
-21.000000 0.000000 0.000000  0  6 4 0 2147483678 2 144115188075856328 9 1121 1 216172782113783946 5 0 1907 1 0 3 0 
-8.000000 0.000000 0.000000  0  3 2071 1 1224979098644774912 31 2 1224979098644774912 0 1907 1 0 
-22.000000 0.000000 0.000000  1 1106 1 216172782113783922  0 
0.000000 0.000000 100000000.000000  4 2370 1 1224979098644774912 32 2 1224979098644774912 2 1006 0 2133 2 144115188075856328 100  0 
0.000000 0.000000 100000000.000000  14 1124 2 17 17 1123 2 500 650 1125 1 0 2133 2 144115188075856328 0 2133 2 144115188075856329 0 2133 2 144115188075856330 0 2133 2 144115188075856331 0 2133 2 144115188075856332 0 2133 2 144115188075856333 0 2133 2 144115188075856334 0 2133 2 144115188075856335 0 2133 2 144115188075856336 0 2133 2 144115188075856337 0 2133 2 144115188075856338 0  0 
10.000000 0.000000 0.000000  2 1 2 936748722493063502 360287970189639688 1728 1 72057594037927936  0 
0.000000 0.000000 0.000000  229 4 0 31 2 144115188075856328 0 4 0 31 2 144115188075856329 0 2370 1 1224979098644774912 32 2 1224979098644774912 0 2133 2 144115188075856329 1 1122 1 216172782113783875 1790 3 1 9 11 1790 3 1 0 2 1 2 936748722493063502 360287970189639687 2133 2 1224979098644774913 72057594037927936 1710 2 1 1224979098644774913 1730 3 1224979098644774913 1 0 3 0 1700 1 1224979098644774914 30 2 1224979098644774914 0 1710 2 1 1224979098644774914 1780 2 2 1 710 3 1224979098644774915 1 2 2147483680 2 1224979098644774915 200 1811 3 1224979098644774916 1080863910568919199 0 1850 2 1 1224979098644774916 725 2 1 90 1860 3 1224979098644774916 1 150 2105 2 144115188075856328 1 5 0 31 2 144115188075856328 1 1811 3 1224979098644774917 1080863910568919058 0 1850 2 1 1224979098644774917 1700 1 1224979098644774914 1710 2 2 1224979098644774914 714 2 2 1 1811 3 1224979098644774916 1080863910568919199 0 1850 2 1 1224979098644774916 725 2 1 -90 1860 3 1224979098644774916 1 150 2105 2 144115188075856328 1 5 0 31 2 144115188075856328 2 1700 1 1224979098644774914 1754 2 1224979098644774914 0 4 0 31 2 144115188075856338 0 2105 2 144115188075856338 1 1 2 936748722493063502 360287970189639687 2133 2 1224979098644774913 72057594037927936 1780 2 1 3 1730 3 1224979098644774913 1 0 5 0 31 2 144115188075856338 1 1 2 936748722493063502 360287970189639687 2133 2 1224979098644774913 72057594037927936 1780 2 1 3 1710 2 2 1224979098644774913 710 3 1224979098644774915 1 2 2147483680 2 1224979098644774915 250 1735 1 1224979098644774913 2105 2 144115188075856338 1 2370 1 144115188075856324 5 0 31 2 144115188075856338 2 4 0 31 2 144115188075856330 0 2133 2 144115188075856330 1 600 1 1152921504606846977 3 0 1 2 936748722493063502 360287970189639687 2133 2 1224979098644774913 72057594037927936 2370 1 1224979098644774912 2106 2 1224979098644774912 144115188075856324 2121 3 72057594037927939 20 1224979098644774912 1122 1 216172782113783876 32 2 1224979098644774912 20 1780 2 1 3 1730 3 1224979098644774913 1 0 2105 2 144115188075856338 1 5 0 31 2 144115188075856338 3 4 0 31 2 144115188075856331 0 2133 2 144115188075856331 1 1122 1 216172782113783877 600 1 1152921504606846977 3 0 1 2 936748722493063502 360287970189639687 2133 2 1224979098644774913 72057594037927936 1780 2 1 3 1710 2 2 1224979098644774913 710 3 1224979098644774915 1 2 2147483680 2 1224979098644774915 250 1780 2 1 2 1730 3 1224979098644774913 1 0 2105 2 144115188075856338 1 5 0 31 2 144115188075856338 4 1 2 936748722493063502 360287970189639687 2133 2 1224979098644774913 72057594037927936 1780 2 1 2 1710 2 2 1224979098644774913 710 3 1224979098644774915 1 2 2147483680 2 1224979098644774915 250 1780 2 1 30 1711 2 1224979098644774913 1 1730 3 1224979098644774913 1 0 1811 3 1224979098644774916 1080863910568919199 1 1850 2 1 1224979098644774916 725 2 1 90 1860 3 1224979098644774916 1 150 2105 2 144115188075856338 1 2105 2 144115188075856328 1 3 0 5 0 31 2 144115188075856328 3 1811 3 1224979098644774917 1080863910568919058 1 1850 2 1 1224979098644774917 1700 1 1224979098644774914 1754 2 1224979098644774914 1 1710 2 2 1224979098644774914 714 2 2 1 1811 3 1224979098644774916 1080863910568919199 1 1850 2 1 1224979098644774916 725 2 1 -90 1860 3 1224979098644774916 1 150 2370 1 144115188075856324 2105 2 144115188075856328 1 5 0 31 2 144115188075856328 4 4 0 31 2 144115188075856332 0 2133 2 144115188075856332 1 600 1 1152921504606846977 3 0 2370 1 1224979098644774912 2106 2 1224979098644774912 144115188075856324 2121 3 72057594037927939 20 1224979098644774912 1122 1 216172782113783878 32 2 1224979098644774912 20 1780 2 1 5 1970 1 1 1971 1 288230376151711757 1 2 936748722493063502 360287970189639687 2133 2 1224979098644774913 72057594037927936 1780 2 1 3 1711 2 1224979098644774913 1 1730 3 1224979098644774913 1 0 1811 3 1224979098644774916 1080863910568919199 2 1850 2 1 1224979098644774916 725 2 1 90 1860 3 1224979098644774916 1 150 2105 2 144115188075856328 1 5 0 31 2 144115188075856328 5 4 0 31 2 144115188075856333 0 2133 2 144115188075856333 1 1122 1 216172782113783879 600 1 1152921504606846977 3 0 1811 3 1224979098644774917 1080863910568919058 2 1850 2 1 1224979098644774917 1700 1 1224979098644774914 1710 2 2 1224979098644774914 714 2 2 1 1811 3 1224979098644774916 1080863910568919199 2 1850 2 1 1224979098644774916 725 2 1 -90 1860 3 1224979098644774916 1 150 2105 2 144115188075856328 1 5 0 31 2 144115188075856328 6 4 0 31 2 144115188075856334 0 2133 2 144115188075856334 1 1122 1 216172782113783880 600 1 1152921504606846977 3 0 1700 1 1224979098644774914 1729 2 1224979098644774914 288230376151711757 1811 3 1224979098644774916 1080863910568919199 3 1850 2 1 1224979098644774916 725 2 1 -90 1860 3 1224979098644774916 1 150 2105 2 144115188075856328 1 5 0 31 2 144115188075856328 7 4 0 31 2 144115188075856335 0 2133 2 144115188075856335 1 1122 1 216172782113783881 600 1 1152921504606846977 1700 1 1224979098644774914 1721 2 1224979098644774914 100 3 0 1 2 936748722493063502 360287970189639688 2133 2 1224979098644774913 72057594037927936 2147485350 1 1224979098644774913 1 2 936748722493063502 360287970189639687 2133 2 1224979098644774913 72057594037927936 1735 1 1224979098644774913 1811 3 1224979098644774916 1080863910568919199 4 1850 2 1 1224979098644774916 725 2 1 -90 1860 3 1224979098644774916 1 150 2105 2 144115188075856328 1 5 0 31 2 144115188075856328 8 4 0 31 2 144115188075856336 0 2133 2 144115188075856336 1 1122 1 216172782113783882 600 1 1152921504606846977 1700 1 1224979098644774914 1721 2 1224979098644774914 100 3 0 1 2 936748722493063502 360287970189639687 2133 2 1224979098644774913 72057594037927936 2147485350 1 1224979098644774913 2105 2 144115188075856328 1 5 0 31 2 144115188075856328 9 31 2 144115188075856337 0 2133 2 144115188075856337 1 1122 1 216172782113783883 600 1 1152921504606846978 5 0 32 2 144115188075856328 30 1122 1 216172782113783868 3 0  0 


mst_tutorial_3 tutorial_3 1  -1
You_enter_the_training_ground. 

3 0 5632 511 0 1 2  243 179 
3 8208 0 16 1 0  
5 8208 0 16 1 0  
6
-21.000000 0.000000 0.000000  0  6 4 0 2147483678 2 144115188075856340 12 1121 1 216172782113783946 5 0 1907 1 0 3 0 
-8.000000 0.000000 0.000000  0  3 2071 1 1224979098644774912 31 2 1224979098644774912 0 1907 1 0 
-22.000000 0.000000 0.000000  1 1106 1 216172782113783922  0 
0.000000 0.000000 100000000.000000  4 2370 1 1224979098644774912 32 2 1224979098644774912 2 1006 0 2133 2 144115188075856340 100  0 
0.000000 0.000000 100000000.000000  10 1124 2 17 17 1123 2 500 650 1125 1 0 2133 2 144115188075856340 0 2133 2 144115188075856341 0 2133 2 144115188075856342 0 2133 2 144115188075856343 0 2133 2 144115188075856344 0 2133 2 144115188075856345 0 2133 2 144115188075856346 0  0 
0.000000 0.000000 0.000000  208 4 0 31 2 144115188075856340 0 4 0 31 2 144115188075856341 0 2370 1 1224979098644774912 32 2 1224979098644774912 0 2133 2 144115188075856341 1 1122 1 216172782113783884 1 2 936748722493063502 360287970189639687 2133 2 1224979098644774913 72057594037927936 1710 2 1 1224979098644774913 1730 3 1224979098644774913 1 0 1 2 936748722493063502 360287970189639689 2133 2 1224979098644774913 72057594037927936 1710 2 1 1224979098644774913 1730 3 1224979098644774913 1 0 1780 2 1 1 1970 1 1 1971 1 288230376151711755 3 0 1700 1 1224979098644774914 30 2 1224979098644774914 0 1729 2 1224979098644774914 288230376151711755 2105 2 144115188075856340 1 5 0 31 2 144115188075856340 1 4 0 31 2 144115188075856342 0 2133 2 144115188075856342 1 1122 1 216172782113783885 600 1 1152921504606846977 3 0 1700 1 1224979098644774914 1710 2 1 1224979098644774914 1780 2 2 2 710 3 1224979098644774915 1 2 2147483680 2 1224979098644774915 200 1811 3 1224979098644774916 1080863910568919200 0 1850 2 1 1224979098644774916 725 2 1 -90 1860 3 1224979098644774916 1 150 2105 2 144115188075856340 1 5 0 31 2 144115188075856340 2 1811 3 1224979098644774917 1080863910568919058 0 1850 2 1 1224979098644774917 1700 1 1224979098644774914 1710 2 2 1224979098644774914 714 2 2 1 1811 3 1224979098644774916 1080863910568919200 0 1850 2 1 1224979098644774916 725 2 1 90 1860 3 1224979098644774916 1 150 2105 2 144115188075856340 1 5 0 31 2 144115188075856340 3 1700 1 1224979098644774914 1754 2 1224979098644774914 0 1 2 936748722493063502 360287970189639687 2133 2 1224979098644774913 72057594037927936 1780 2 1 4 1730 3 1224979098644774913 1 0 2105 2 144115188075856340 1 5 0 31 2 144115188075856340 4 1 2 936748722493063502 360287970189639687 2133 2 1224979098644774913 72057594037927936 1780 2 1 4 1710 2 2 1224979098644774913 710 3 1224979098644774915 1 2 2147483680 2 1224979098644774915 250 1735 1 1224979098644774913 2105 2 144115188075856340 1 2370 1 144115188075856324 5 0 31 2 144115188075856340 5 4 0 31 2 144115188075856343 0 2133 2 144115188075856343 1 600 1 1152921504606846977 3 0 1 2 936748722493063502 360287970189639687 2133 2 1224979098644774913 72057594037927936 2370 1 1224979098644774912 2106 2 1224979098644774912 144115188075856324 2121 3 72057594037927939 20 1224979098644774912 1122 1 216172782113783886 32 2 1224979098644774912 20 1780 2 1 4 1730 3 1224979098644774913 1 0 2105 2 144115188075856340 1 5 0 31 2 144115188075856340 6 4 0 31 2 144115188075856344 0 2133 2 144115188075856344 1 1122 1 216172782113783887 600 1 1152921504606846977 3 0 1 2 936748722493063502 360287970189639687 2133 2 1224979098644774913 72057594037927936 1780 2 1 4 1710 2 2 1224979098644774913 710 3 1224979098644774915 1 2 2147483680 2 1224979098644774915 250 1780 2 1 3 1730 3 1224979098644774913 1 0 2105 2 144115188075856340 1 5 0 31 2 144115188075856340 7 1 2 936748722493063502 360287970189639687 2133 2 1224979098644774913 72057594037927936 1780 2 1 3 1710 2 2 1224979098644774913 710 3 1224979098644774915 1 2 2147483680 2 1224979098644774915 250 1780 2 1 7 1730 3 1224979098644774913 1 0 1711 2 1224979098644774913 1 1811 3 1224979098644774916 1080863910568919200 1 1850 2 1 1224979098644774916 725 2 1 -90 1860 3 1224979098644774916 1 150 1811 3 1224979098644774916 1080863910568919200 3 1850 2 1 1224979098644774916 725 2 1 -90 1860 3 1224979098644774916 1 150 2105 2 144115188075856340 1 5 0 31 2 144115188075856340 8 1811 3 1224979098644774917 1080863910568919058 1 1850 2 1 1224979098644774917 1700 1 1224979098644774914 1710 2 2 1224979098644774914 714 2 2 1 1811 3 1224979098644774916 1080863910568919200 1 1850 2 1 1224979098644774916 725 2 1 90 1860 3 1224979098644774916 1 150 2105 2 144115188075856340 1 5 0 31 2 144115188075856340 9 1 2 936748722493063502 360287970189639689 2133 2 1224979098644774913 72057594037927936 1780 2 1 6 1730 3 1224979098644774913 1 0 2105 2 144115188075856340 1 5 0 31 2 144115188075856340 10 1 2 936748722493063502 360287970189639689 2133 2 1224979098644774913 72057594037927936 1780 2 1 6 1710 2 2 1224979098644774913 710 3 1224979098644774915 1 2 2147483680 2 1224979098644774915 250 1735 1 1224979098644774913 2105 2 144115188075856340 1 2370 1 144115188075856324 5 0 31 2 144115188075856340 11 4 0 31 2 144115188075856345 0 2133 2 144115188075856345 1 600 1 1152921504606846977 3 0 1 2 936748722493063502 360287970189639689 2133 2 1224979098644774913 72057594037927936 2370 1 1224979098644774912 2106 2 1224979098644774912 144115188075856324 2121 3 72057594037927939 20 1224979098644774912 1122 1 216172782113783888 32 2 1224979098644774912 20 1780 2 1 6 1730 3 1224979098644774913 1 0 2105 2 144115188075856340 1 5 0 31 2 144115188075856340 12 4 0 31 2 144115188075856346 0 2133 2 144115188075856346 1 1122 1 216172782113783889 600 1 1152921504606846977 3 0 1 2 936748722493063502 360287970189639689 2133 2 1224979098644774913 72057594037927936 1780 2 1 6 1710 2 2 1224979098644774913 710 3 1224979098644774915 1 2 2147483680 2 1224979098644774915 250 1780 2 1 5 1730 3 1224979098644774913 1 0 2105 2 144115188075856340 1 5 0 31 2 144115188075856340 13 1 2 936748722493063502 360287970189639689 2133 2 1224979098644774913 72057594037927936 1780 2 1 5 1710 2 2 1224979098644774913 710 3 1224979098644774915 1 2 2147483680 2 1224979098644774915 250 1780 2 1 7 1730 3 1224979098644774913 1 0 1711 2 1224979098644774913 1 2105 2 144115188075856340 1 5 0 32 2 144115188075856340 30 1122 1 216172782113783868 3 0  0 


mst_tutorial_3_2 tutorial_3_2 1  -1
You_enter_the_training_ground. 

3 0 5632 511 0 1 3  145 243 179 
4 8208 0 16 1 0  
6 8208 0 16 1 0  
6
-21.000000 0.000000 0.000000  0  6 4 0 2147483678 2 144115188075856340 5 1121 1 216172782113783946 5 0 1907 1 0 3 0 
-8.000000 0.000000 0.000000  0  3 2071 1 1224979098644774912 31 2 1224979098644774912 0 1907 1 0 
-22.000000 0.000000 0.000000  1 1106 1 216172782113783922  0 
0.000000 0.000000 100000000.000000  4 2370 1 1224979098644774912 32 2 1224979098644774912 2 1006 0 2133 2 144115188075856340 100  0 
0.000000 0.000000 100000000.000000  9 1124 2 17 17 1123 2 500 650 1125 1 0 2133 2 144115188075856340 0 2133 2 144115188075856341 0 2133 2 144115188075856342 0 2133 2 144115188075856343 0 2133 2 144115188075856344 0 2133 2 144115188075856345 0  0 
0.000000 0.000000 0.000000  102 4 0 31 2 144115188075856340 0 4 0 31 2 144115188075856341 0 2370 1 1224979098644774912 32 2 1224979098644774912 0 2133 2 144115188075856341 1 1122 1 216172782113783890 600 1 1152921504606846977 1 2 936748722493063502 360287970189639687 2133 2 1224979098644774913 72057594037927936 1710 2 1 1224979098644774913 1730 3 1224979098644774913 1 0 1 2 936748722493063502 360287970189639689 2133 2 1224979098644774913 72057594037927936 1710 2 1 1224979098644774913 1730 3 1224979098644774913 1 0 3 0 1700 1 1224979098644774914 1710 2 1 1224979098644774914 1780 2 2 2 710 3 1224979098644774915 1 2 2147483680 2 1224979098644774915 200 1811 3 1224979098644774916 1080863910568919200 0 1850 2 1 1224979098644774916 725 2 1 -90 1860 3 1224979098644774916 1 150 2105 2 144115188075856340 1 5 0 31 2 144115188075856340 1 4 0 31 2 144115188075856342 0 2133 2 144115188075856342 1 1122 1 216172782113783891 600 1 1152921504606846977 3 0 1811 3 1224979098644774917 1080863910568919058 0 1850 2 1 1224979098644774917 1700 1 1224979098644774914 1710 2 2 1224979098644774914 714 2 2 1 1811 3 1224979098644774916 1080863910568919200 0 1850 2 1 1224979098644774916 725 2 1 90 1860 3 1224979098644774916 1 150 1 2 936748722493063502 360287970189639687 1735 1 72057594037927936 2105 2 144115188075856340 1 5 0 31 2 144115188075856340 2 1 2 936748722493063502 360287970189639687 2147485350 1 72057594037927936 1811 3 1224979098644774916 1080863910568919200 1 1850 2 1 1224979098644774916 725 2 1 -90 1860 3 1224979098644774916 1 150 1811 3 1224979098644774916 1080863910568919200 3 1850 2 1 1224979098644774916 725 2 1 -90 1860 3 1224979098644774916 1 150 2105 2 144115188075856340 1 5 0 31 2 144115188075856340 3 4 0 31 2 144115188075856343 0 2133 2 144115188075856343 1 1122 1 216172782113783892 600 1 1152921504606846977 3 0 1811 3 1224979098644774917 1080863910568919058 1 1850 2 1 1224979098644774917 1700 1 1224979098644774914 1710 2 2 1224979098644774914 714 2 2 1 1811 3 1224979098644774916 1080863910568919200 1 1850 2 1 1224979098644774916 725 2 1 90 1860 3 1224979098644774916 1 150 1 2 936748722493063502 360287970189639689 1735 1 72057594037927936 2105 2 144115188075856340 1 5 0 31 2 144115188075856340 4 4 0 31 2 144115188075856344 0 2133 2 144115188075856344 1 1122 1 216172782113783893 600 1 1152921504606846977 3 0 1 2 936748722493063502 360287970189639689 2147485350 1 72057594037927936 2105 2 144115188075856340 1 5 0 31 2 144115188075856340 5 31 2 144115188075856345 0 2133 2 144115188075856345 1 1122 1 216172782113783894 600 1 1152921504606846978 5 0 32 2 144115188075856340 30 1122 1 216172782113783868 3 0  0 


mst_tutorial_4 tutorial_4 1  -1
You_enter_the_training_ground. 

1 0 5632 511 0 1 5  132 139 137 243 179 
6
-21.000000 0.000000 0.000000  0  6 4 0 2147483678 2 144115188075856348 11 1121 1 216172782113783946 5 0 1907 1 0 3 0 
-8.000000 0.000000 0.000000  0  3 2071 1 1224979098644774912 31 2 1224979098644774912 0 1907 1 0 
-22.000000 0.000000 0.000000  1 1106 1 216172782113783922  0 
-19.000000 0.000000 0.000000  0  1 1266 1 13 
0.000000 0.000000 100000000.000000  11 1124 2 17 17 1123 2 500 650 1125 1 0 2133 2 144115188075856348 0 2133 2 144115188075856349 0 2133 2 144115188075856350 0 2133 2 144115188075856351 0 2133 2 144115188075856352 0 2133 2 144115188075856353 0 2133 2 144115188075856354 0 2133 2 144115188075856355 0  0 
0.000000 0.000000 0.000000  168 4 0 31 2 144115188075856348 0 4 0 31 2 144115188075856349 0 2370 1 1224979098644774912 32 2 1224979098644774912 0 2133 2 144115188075856349 1 1122 1 216172782113783895 1780 2 1 1 1970 1 1 1973 1 288230376151711753 2133 2 144115188075856323 0 3 0 1700 1 1224979098644774913 1714 2 1224979098644774914 1224979098644774913 30 2 1224979098644774914 0 2105 2 144115188075856348 1 1780 2 1 2 1811 3 1224979098644774915 1080863910568919201 0 1860 3 1224979098644774915 1 1 5 0 31 2 144115188075856348 1 4 0 31 2 144115188075856350 0 2133 2 144115188075856350 1 1122 1 216172782113783896 600 1 1152921504606846977 3 0 1700 1 1224979098644774913 1710 2 1 1224979098644774913 1780 2 2 2 710 3 1224979098644774916 1 2 2147483680 2 1224979098644774916 200 2105 2 144115188075856348 1 1780 2 1 3 1811 3 1224979098644774915 1080863910568919201 0 1860 3 1224979098644774915 1 1 5 0 31 2 144115188075856348 2 1700 1 1224979098644774913 1710 2 1 1224979098644774913 1780 2 2 3 710 3 1224979098644774916 1 2 2147483680 2 1224979098644774916 200 2105 2 144115188075856348 1 1780 2 1 4 1811 3 1224979098644774915 1080863910568919201 0 1860 3 1224979098644774915 1 1 5 0 31 2 144115188075856348 3 1700 1 1224979098644774913 1710 2 1 1224979098644774913 1780 2 2 4 710 3 1224979098644774916 1 2 2147483680 2 1224979098644774916 200 2105 2 144115188075856348 1 1780 2 1 5 1811 3 1224979098644774915 1080863910568919201 0 1860 3 1224979098644774915 1 1 5 0 31 2 144115188075856348 4 1700 1 1224979098644774913 1710 2 1 1224979098644774913 1780 2 2 5 710 3 1224979098644774916 1 2 2147483680 2 1224979098644774916 200 2105 2 144115188075856348 1 1780 2 1 6 1811 3 1224979098644774915 1080863910568919201 0 1860 3 1224979098644774915 1 1 5 0 31 2 144115188075856348 5 1700 1 1224979098644774913 1710 2 1 1224979098644774913 1780 2 2 6 710 3 1224979098644774916 1 2 2147483680 2 1224979098644774916 200 2105 2 144115188075856348 1 1780 2 1 1 1811 3 1224979098644774915 1080863910568919201 0 1860 3 1224979098644774915 1 1 5 0 31 2 144115188075856348 6 1700 1 1224979098644774913 1710 2 1 1224979098644774913 1780 2 2 1 710 3 1224979098644774916 1 2 2147483680 2 1224979098644774916 200 2105 2 144115188075856348 1 1780 2 1 7 1811 3 1224979098644774915 1080863910568919201 0 1860 3 1224979098644774915 1 1 5 0 31 2 144115188075856348 7 4 0 31 2 144115188075856351 0 2133 2 144115188075856351 1 1122 1 216172782113783897 600 1 1152921504606846977 3 0 1700 1 1224979098644774913 1710 2 1 1224979098644774913 1780 2 2 7 710 3 1224979098644774916 1 2 2147483680 2 1224979098644774916 200 2105 2 144115188075856348 1 1780 2 1 20 1811 3 1224979098644774915 1080863910568919201 0 1860 3 1224979098644774915 1 1 5 0 31 2 144115188075856348 8 4 0 31 2 144115188075856352 0 2133 2 144115188075856352 1 1122 1 216172782113783898 600 1 1152921504606846977 3 0 30 2 144115188075856323 2 2105 2 144115188075856348 1 1780 2 1 8 1811 3 1224979098644774915 1080863910568919201 0 1860 3 1224979098644774915 1 1 5 0 31 2 144115188075856348 9 4 0 31 2 144115188075856353 0 2133 2 144115188075856353 1 1122 1 216172782113783899 600 1 1152921504606846977 3 0 1700 1 1224979098644774913 1710 2 1 1224979098644774913 1780 2 2 8 710 3 1224979098644774916 1 2 2147483680 2 1224979098644774916 200 2105 2 144115188075856348 1 1780 2 1 20 1811 3 1224979098644774915 1080863910568919201 0 1860 3 1224979098644774915 1 1 5 0 31 2 144115188075856348 10 4 0 31 2 144115188075856354 0 2133 2 144115188075856354 1 1122 1 216172782113783900 600 1 1152921504606846977 2133 2 144115188075856325 0 2133 2 144115188075856326 0 3 0 4 0 1700 1 1224979098644774913 1727 2 1224979098644774917 1224979098644774913 2147483680 2 1224979098644774917 0 1728 1 1224979098644774913 1122 1 216172782113783867 3 0 32 2 144115188075856325 0 2133 2 144115188075856325 0 2105 2 144115188075856326 1 32 2 144115188075856326 2 2105 2 144115188075856348 1 5 0 31 2 144115188075856348 11 31 2 144115188075856355 0 2133 2 144115188075856355 1 1122 1 216172782113783901 600 1 1152921504606846978 3 0  0 


mst_tutorial_5 tutorial_5 1  -1
You_enter_the_training_ground. 

12 0 4112 511 0 1 7  132 143 139 137 142 243 179 
1 4112 0 16 1 0  
2 4112 0 16 1 0  
3 4112 0 16 1 0  
4 4112 0 16 1 0  
8 4112 0 16 1 0  
9 4112 0 16 1 0  
10 4112 0 16 1 0  
13 8208 256 16 1 0  
14 8208 256 16 1 0  
15 8208 256 16 1 0  
16 8208 256 16 1 0  
8
-21.000000 0.000000 0.000000  0  6 4 0 2147483678 2 144115188075856357 5 1121 1 216172782113783946 5 0 1907 1 0 3 0 
-8.000000 0.000000 0.000000  0  3 2071 1 1224979098644774912 31 2 1224979098644774912 0 1907 1 0 
-22.000000 0.000000 0.000000  1 1106 1 216172782113783922  0 
0.000000 0.000000 100000000.000000  4 2370 1 1224979098644774912 32 2 1224979098644774912 2 1006 0 2133 2 144115188075856357 100  0 
0.000000 0.000000 100000000.000000  10 1124 2 17 17 1123 2 500 650 1125 1 0 2133 2 144115188075856357 0 2133 2 144115188075856358 0 2133 2 144115188075856359 0 2133 2 144115188075856360 0 2133 2 144115188075856361 0 2133 2 144115188075856362 0 2133 2 144115188075856363 0  0 
0.000000 0.000000 100000000.000000  5 1107 1 0 1790 3 0 9 11 1107 1 1 2370 1 1224979098644774912 32 2 1224979098644774912 3  0 
0.000000 0.000000 0.000000  1 1 2 936748722493063504 0  0 
0.000000 0.000000 0.000000  134 4 0 31 2 144115188075856357 0 4 0 31 2 144115188075856358 0 2370 1 1224979098644774912 32 2 1224979098644774912 0 2133 2 144115188075856358 1 1122 1 216172782113783902 1780 2 1 5 1811 3 1224979098644774913 1080863910568919201 0 1860 3 1224979098644774913 1 1 3 0 1 3 936748722493063503 0 0 1780 2 2 5 710 3 1224979098644774914 1 2 2147483680 2 1224979098644774914 1000 2105 2 144115188075856357 1 1780 2 1 6 1811 3 1224979098644774913 1080863910568919202 0 1860 3 1224979098644774913 1 1 5 0 31 2 144115188075856357 1 4 0 31 2 144115188075856359 0 2133 2 144115188075856359 1 1122 1 216172782113783903 600 1 1152921504606846977 3 0 1 3 936748722493063503 0 0 1780 2 2 5 710 3 1224979098644774914 1 2 2147483680 2 1224979098644774914 1000 1700 1 1224979098644774915 1710 2 1 1224979098644774915 1780 2 2 6 710 3 1224979098644774914 1 2 2147483680 2 1224979098644774914 500 2105 2 144115188075856357 1 1780 2 1 7 1811 3 1224979098644774913 1080863910568919201 0 1860 3 1224979098644774913 1 1 1780 2 1 30 1811 3 1224979098644774913 1080863910568919202 0 1860 3 1224979098644774913 1 1 5 0 31 2 144115188075856357 2 4 0 31 2 144115188075856360 0 2133 2 144115188075856360 1 1122 1 216172782113783904 600 1 1152921504606846977 3 0 1700 1 1224979098644774915 1710 2 1 1224979098644774915 1780 2 2 7 710 3 1224979098644774914 1 2 2147483680 2 1224979098644774914 500 2105 2 144115188075856357 1 1261 1 720575940379279400 1262 0 1263 2 5 360287970189639751 1263 2 6 360287970189639751 1263 2 7 360287970189639751 1780 2 1 11 1811 3 1224979098644774913 1080863910568919201 0 1860 3 1224979098644774913 1 1 1780 2 1 12 1811 3 1224979098644774913 1080863910568919202 0 1860 3 1224979098644774913 1 1 1107 1 0 1790 3 0 1 11 1107 1 1 5 0 31 2 144115188075856357 3 4 0 31 2 144115188075856361 0 2133 2 144115188075856361 1 1122 1 216172782113783905 600 1 1152921504606846977 3 0 1 3 936748722493063503 0 1 1780 2 2 11 710 3 1224979098644774914 1 2 2147483680 2 1224979098644774914 1000 1 3 936748722493063503 0 0 1780 2 2 12 710 3 1224979098644774914 1 2 2147483680 2 1224979098644774914 1000 2105 2 144115188075856357 1 1780 2 1 30 1811 3 1224979098644774913 1080863910568919201 0 1860 3 1224979098644774913 1 1 1811 3 1224979098644774913 1080863910568919202 0 1860 3 1224979098644774913 1 1 1261 1 720575940379279400 1262 0 1263 2 8 360287970189639863 1263 2 9 360287970189639863 1263 2 10 360287970189639863 1263 2 11 360287970189639863 1790 3 1 9 2 5 0 31 2 144115188075856357 4 4 0 31 2 144115188075856362 0 2133 2 144115188075856362 1 1122 1 216172782113783906 600 1 1152921504606846977 3 0 2133 2 1224979098644774916 0 12 1 1224979098644774917 1704 1 1224979098644774917 1702 1 1224979098644774917 1770 2 1224979098644774918 1224979098644774917 31 2 1224979098644774918 1 2105 2 1224979098644774916 1 3 0 31 2 1224979098644774916 0 2105 2 144115188075856357 1 5 0 31 2 144115188075856357 5 31 2 144115188075856363 0 2133 2 144115188075856363 1 1122 1 216172782113783907 600 1 1152921504606846978 5 0 32 2 144115188075856357 30 1122 1 216172782113783868 1780 2 1 30 1811 3 1224979098644774913 1080863910568919201 0 1860 3 1224979098644774913 1 1 1811 3 1224979098644774913 1080863910568919202 0 1860 3 1224979098644774913 1 1 3 0  0 


mst_quick_battle_battle quick_battle_battle 2  -1
You_lead_your_men_to_battle. 

32 0 4112 0 16 1 0  
1 4112 0 16 1 0  
2 4112 0 16 1 0  
3 4112 0 16 1 0  
4 4112 0 16 1 0  
5 4112 0 16 1 0  
6 4112 0 16 1 0  
7 4112 0 16 1 0  
8 4112 0 16 1 0  
9 4112 0 16 1 0  
10 4112 0 16 1 0  
11 4112 0 16 1 0  
12 4112 0 16 1 0  
13 4112 0 16 1 0  
14 4112 0 16 1 0  
15 4112 0 16 1 0  
16 8208 0 16 1 0  
17 8208 0 16 1 0  
18 8208 0 16 1 0  
19 8208 0 16 1 0  
20 8208 0 16 1 0  
21 8208 0 16 1 0  
22 8208 0 16 1 0  
23 8208 0 16 1 0  
24 8208 0 16 1 0  
25 8208 0 16 1 0  
26 8208 0 16 1 0  
27 8208 0 16 1 0  
28 8208 0 16 1 0  
29 8208 0 16 1 0  
30 8208 0 16 1 0  
31 8208 0 16 1 0  
36
-21.000000 0.000000 0.000000  0  7 4 0 2147483679 2 144115188075856168 0 1 1 936748722493063655 1907 0 5 0 1121 1 216172782113783945 3 0 
-8.000000 0.000000 0.000000  0  5 2071 1 1224979098644774912 31 2 1224979098644774912 0 2133 2 144115188075856168 -1 1 1 936748722493063655 1907 0 
-22.000000 0.000000 0.000000  1 1106 1 216172782113783919  0 
-19.000000 0.000000 0.000000  0  1 1266 1 15 
-25.000000 0.000000 0.000000  0  3 2071 1 1224979098644774912 1718 2 1224979098644774913 1224979098644774912 1 4 936748722493063580 1729382256910270468 1224979098644774912 1224979098644774913 
0.000000 0.000000 100000000.000000  0  2 2133 2 144115188075856168 0 1 1 936748722493063652 
30.000000 0.000000 0.000000  0  1 1 1 936748722493063652 
1.000000 60.000000 100000000.000000  9 2370 1 72057594037927937 30 2 72057594037927937 10 1003 1 2 1073742365 3 648518346341351424 85 1 2147484654 1 0 1906 1 1 1106 1 216172782113783827 2133 2 144115188075856297 1 2133 2 144115188075856168 1  2 1 1 936748722493063655 1907 1 1 
10.000000 0.000000 0.000000  0  2 31 2 144115188075856297 1 1106 1 216172782113783827 
1.000000 4.000000 0.000000  25 1006 0 4 0 541 3 648518346341351424 85 1 2133 2 1224979098644774912 0 12 1 1224979098644774913 1706 1 1224979098644774913 1702 1 1224979098644774913 2105 2 1224979098644774912 1 3 0 32 2 1224979098644774912 0 4 0 2147483679 2 144115188075857106 1 1106 1 1585267068834415378 2133 2 144115188075857106 1 2133 2 144115188075857107 2 1 1 936748722493063843 2001 1 1 541 3 648518346341351424 86 1 1107 1 0 1790 3 144115188075857104 9 2 1107 1 1 3 0 5 0 2133 2 144115188075856168 -1 3 0  2 1 1 936748722493063655 1907 0 
0.000000 0.000000 100000000.000000  0  2 2147484551 1 1513209474796486703 900 1 1513209474796486703 
0.000000 0.000000 0.000000  0  15 4 0 2147484551 1 1513209474796486694 2147484551 1 1513209474796486703 2147484551 1 1513209474796486734 900 1 1513209474796486703 3 0 4 0 903 1 1513209474796486694 1 1 936748722493063538 5 0 903 1 1513209474796486703 1 1 936748722493063790 31 2 144115188075857173 1 1 1 936748722493063788 3 0 
0.000000 0.000000 100000000.000000  2 1700 1 144115188075857109 32 2 144115188075857109 -1  12 2133 2 144115188075857107 0 2133 2 144115188075857110 0 2133 2 144115188075857106 -1 2133 2 144115188075857111 0 2133 2 144115188075856292 0 2133 2 144115188075857112 500 2133 2 144115188075857113 375 2133 2 144115188075857114 144115188075857112 2133 2 144115188075857115 144115188075857113 2133 2 144115188075857116 0 31 2 144115188075857185 0 1 1 936748722493063842 
0.000000 0.000000 0.000000  3 1006 0 31 2 144115188075857111 0 31 2 144115188075857107 2  12 1710 2 1 144115188075857103 726 2 1224979098644774912 1 727 2 1224979098644774913 1 701 1 47 729 2 47 1224979098644774912 730 2 47 1224979098644774913 791 1 47 722 2 47 250 2001 3 1 0 0 2011 1 47 2133 2 144115188075857117 0 2133 2 144115188075857111 1 
0.000000 0.000000 0.000000  10 31 2 144115188075857111 1 31 2 144115188075857107 2 1073741895 1 144115188075857179 1073741894 1 144115188075857179 1073741895 1 144115188075857180 1073741894 1 144115188075857180 1073741895 1 144115188075857181 1073741894 1 144115188075857181 1073741895 1 144115188075857182 70 1 144115188075857182  26 2010 1 47 2133 2 1224979098644774912 0 2133 2 1224979098644774913 0 4 0 1073741895 1 144115188075857179 70 1 144115188075857179 2133 2 1224979098644774913 10 3 0 4 0 1073741895 1 144115188075857180 70 1 144115188075857180 2133 2 1224979098644774913 -10 3 0 4 0 1073741895 1 144115188075857181 70 1 144115188075857181 2133 2 1224979098644774912 -10 3 0 4 0 1073741895 1 144115188075857182 70 1 144115188075857182 2133 2 1224979098644774912 10 3 0 720 2 47 1224979098644774912 721 2 47 1224979098644774913 2011 1 47 
0.000000 0.000000 0.000000  9 31 2 144115188075857111 1 31 2 144115188075857107 2 2147484551 1 1513209474796486694 75 1 1 2124 1 1000 726 2 72057594037927937 1 727 2 72057594037927938 1 3221225503 2 72057594037927937 144115188075857112 2147483679 2 72057594037927938 144115188075857113  53 2133 2 1224979098644774912 1 4 0 31 2 72057594037927937 144115188075857114 31 2 72057594037927938 144115188075857115 2105 2 144115188075857116 1 4 0 32 2 144115188075857116 50 2133 2 144115188075857112 72057594037927937 2133 2 144115188075857113 72057594037927938 2133 2 144115188075857116 0 3 0 2133 2 1224979098644774912 0 3 0 31 2 1224979098644774912 1 2133 2 144115188075857116 0 2133 2 144115188075857114 72057594037927937 2133 2 144115188075857115 72057594037927938 2010 1 47 2121 3 1224979098644774913 144115188075857112 72057594037927937 2121 3 1224979098644774914 72057594037927938 144115188075857113 6 3 1224979098644774915 0 2 4 0 31 2 1224979098644774915 1 2133 2 1224979098644774913 1224979098644774914 3 0 3221225502 2 1224979098644774913 -2 32 2 1224979098644774913 2 2133 2 1224979098644774916 1 4 0 2147483678 2 1224979098644774913 0 2133 2 1224979098644774916 -1 3 0 2113 1 1224979098644774913 2106 2 1224979098644774913 2 2130 1 1224979098644774913 2125 2 1224979098644774913 1224979098644774913 2131 1 1224979098644774913 2112 3 1224979098644774913 1 6 2107 2 1224979098644774913 1224979098644774916 4 0 31 2 1224979098644774915 0 2122 3 1224979098644774917 144115188075857117 -1 723 2 47 1224979098644774917 725 2 47 1224979098644774913 723 2 47 144115188075857117 3 0 4 0 31 2 1224979098644774915 1 723 2 47 1224979098644774913 2105 2 144115188075857117 1224979098644774913 3 0 3 0 2011 1 47 
0.000000 0.000000 0.000000  2 31 2 144115188075857111 0 31 2 144115188075857107 1  32 2124 1 100 1709 2 7 144115188075857109 742 2 1224979098644774912 7 2121 3 1224979098644774913 0 1224979098644774912 723 2 7 1224979098644774913 4 0 31 2 144115188075857106 -1 2112 3 144115188075857120 -1000 1000 2112 3 144115188075857119 -1000 1000 2110 2 144115188075857118 1000 3 0 721 2 7 144115188075857119 722 2 7 144115188075857118 720 2 7 144115188075857120 1714 2 1224979098644774914 144115188075857109 4 0 30 2 1224979098644774914 0 722 2 7 80 3 0 2122 3 1224979098644774913 -1 144115188075857119 2143 3 1224979098644774915 144115188075857118 1224979098644774913 2131 1 1224979098644774915 2106 2 1224979098644774912 1224979098644774915 723 2 7 1224979098644774912 2012 3 7 100 0 4 0 2147484654 0 1073741897 1 20 73 1 21 2001 1 0 2133 2 144115188075857107 0 3 0 
0.000000 0.000000 0.000000  3 71 1 144115188075857185 2147483678 2 144115188075857107 3 2147483679 2 144115188075857110 1  38 4 0 31 2 144115188075857107 0 2133 2 144115188075857107 1 2133 2 144115188075857118 300 2133 2 144115188075857119 -1000 2133 2 144115188075857120 0 5 0 31 2 144115188075857107 1 4 0 31 2 144115188075857106 -1 4 0 2147484654 1 0 1700 1 144115188075857109 3 0 2133 2 144115188075857107 0 5 0 2133 2 144115188075857107 2 3 0 5 0 31 2 144115188075857107 2 4 0 30 2 144115188075857106 0 2133 2 144115188075857107 1 2133 2 144115188075857118 300 2133 2 144115188075857119 -1000 2133 2 144115188075857120 0 2133 2 144115188075857111 0 5 0 2133 2 144115188075857107 0 3 0 3 0 900 1 1513209474796486735 4 0 31 2 144115188075857107 0 2001 1 0 5 0 2001 1 1 3 0 
0.000000 0.000000 0.000000  2 70 1 144115188075857182 31 2 144115188075857107 1  3 2105 2 144115188075857120 1 2147483718 1 42 2105 2 144115188075857120 9 
0.000000 0.000000 0.000000  2 70 1 144115188075857181 31 2 144115188075857107 1  3 2106 2 144115188075857120 1 2147483718 1 42 2106 2 144115188075857120 9 
0.000000 0.000000 0.000000  2 70 1 144115188075857179 31 2 144115188075857107 1  3 2105 2 144115188075857119 1 2147483718 1 42 2105 2 144115188075857119 9 
0.000000 0.000000 0.000000  2 70 1 144115188075857180 31 2 144115188075857107 1  3 2106 2 144115188075857119 1 2147483718 1 42 2106 2 144115188075857119 9 
0.000000 0.000000 0.000000  2 70 1 144115188075857183 31 2 144115188075857107 1  3 2105 2 144115188075857118 1 2147483718 1 42 2105 2 144115188075857118 9 
0.000000 0.000000 0.000000  2 70 1 144115188075857184 31 2 144115188075857107 1  4 2106 2 144115188075857118 1 2147483718 1 42 2106 2 144115188075857118 9 2111 2 144115188075857118 50 
0.000000 0.000000 0.000000  3 71 1 144115188075857186 31 2 144115188075857107 1 30 2 144115188075857106 1  1 1 1 936748722493063843 
0.000000 0.000000 0.000000  3 71 1 144115188075857187 31 2 144115188075857107 1 30 2 144115188075857106 1  1 1 1 936748722493063844 
0.000000 0.000000 0.000000  3 2147484654 0 70 1 224 31 2 144115188075857107 1  10 31 2 144115188075857103 144115188075857109 1702 1 144115188075857103 1726 3 1224979098644774912 144115188075857109 0 30 2 1224979098644774912 0 1570 2 1224979098644774913 1224979098644774912 1073741855 2 1224979098644774913 8 1073741855 2 1224979098644774913 9 31 2 1224979098644774913 10 2133 2 144115188075857110 1 2001 1 0 
0.000000 0.000000 0.000000  3 2147484654 0 2147483718 1 224 31 2 144115188075857110 1  2 2133 2 144115188075857110 0 2001 1 1 
-19.000000 0.000000 0.000000  0  4 501 3 648518346341351424 108 0 501 3 2 108 0 2133 2 144115188075857121 1 2133 2 144115188075857105 1 
0.000000 0.400000 100000000.000000  0  29 1700 1 144115188075857103 1770 2 144115188075857104 144115188075857103 1 1 936748722493063871 12 1 1224979098644774912 1704 1 1224979098644774912 1770 2 1224979098644774913 1224979098644774912 1718 2 1224979098644774914 1224979098644774912 2173 2 1224979098644774915 1224979098644774914 529 3 1224979098644774916 1224979098644774913 0 2105 2 1224979098644774916 1224979098644774915 509 3 1224979098644774913 0 1224979098644774916 3 0 6 3 1224979098644774917 0 4 569 3 1224979098644774917 3 1 1792 2 1224979098644774918 1224979098644774917 4 0 30 2 1224979098644774918 0 1718 2 1224979098644774919 1224979098644774918 2173 2 1224979098644774920 1224979098644774919 5 0 529 3 1224979098644774921 1224979098644774917 3 529 3 1224979098644774916 1224979098644774917 0 2122 3 1224979098644774920 1224979098644774916 10 2108 2 1224979098644774920 1224979098644774921 2105 2 1224979098644774920 5 2108 2 1224979098644774920 10 3 0 509 3 1224979098644774917 0 1224979098644774920 3 0 
0.000000 0.300000 0.000000  1 73 1 23  4 541 3 648518346341351424 108 23 72 1 23 501 3 2 108 1 501 3 648518346341351424 108 0 
0.500000 0.000000 0.000000  2 541 3 2 108 1 2147483720 1 23  57 2133 2 144115188075857105 1 1 4 936748722493063872 60 144115188075857104 9 2133 2 1224979098644774912 0 6 3 1224979098644774913 0 9 1775 2 144115188075857104 1224979098644774913 2120 3 1224979098644774914 14 1224979098644774913 569 3 144115188075857104 1224979098644774914 1 2105 2 1224979098644774912 1 3 0 1710 2 49 144115188075857103 6 3 1224979098644774913 0 9 1775 2 144115188075857104 1224979098644774913 2120 3 1224979098644774914 14 1224979098644774913 569 3 144115188075857104 1224979098644774914 1 2120 3 1224979098644774914 77 1224979098644774913 2147484197 3 144115188075857104 1224979098644774914 0 529 3 1224979098644774915 144115188075857104 1224979098644774914 2120 3 1224979098644774914 122 1224979098644774913 529 3 1224979098644774916 144115188075857104 1224979098644774914 1794 3 2 144115188075857104 1224979098644774913 1 3 936748722493063869 2 60 4 0 32 2 1224979098644774912 1 1711 2 144115188075857103 2 4 0 1 5 936748722493063853 144115188075857104 1224979098644774913 1224979098644774916 1224979098644774915 3 0 5 0 1 4 936748722493063863 144115188075857104 1224979098644774913 2 4 0 2120 3 1224979098644774914 59 1224979098644774913 529 3 1224979098644774917 144115188075857104 1224979098644774914 2147483679 2 1224979098644774917 2 2147483679 2 1224979098644774917 5 2120 3 1224979098644774914 14 1224979098644774913 529 3 1224979098644774918 144115188075857104 1224979098644774914 1 4 936748722493063860 1224979098644774915 1224979098644774918 1224979098644774916 4 0 1073741855 2 1224979098644774917 1 31 2 1224979098644774917 4 2107 2 72057594037927936 -1 2133 2 1224979098644774919 936748722493063855 5 0 2133 2 1224979098644774919 936748722493063856 3 0 720 2 2 72057594037927936 5 0 2133 2 1224979098644774919 936748722493063854 3 0 700 2 1 2 1 6 1224979098644774919 144115188075857104 144115188075857103 1224979098644774913 1224979098644774916 1224979098644774915 3 0 2120 3 1224979098644774914 68 1224979098644774913 509 3 144115188075857104 1224979098644774914 0 3 0 1711 2 144115188075857103 49 501 3 2 108 0 
1.000000 0.000000 0.000000  8 2147483718 1 65 2147483718 1 66 2147483720 1 23 2147483720 1 24 2147483720 1 25 2147483720 1 26 2147483720 1 27 2147483720 1 28  68 2124 1 100 2119 3 1224979098644774912 144115188075857105 5 1 4 936748722493063872 60 144115188075857104 9 4 0 31 2 72057594037927936 0 1 3 936748722493063861 144115188075857104 9 5 0 2133 2 144115188075857121 0 6 3 1224979098644774913 0 9 2120 3 1224979098644774914 14 1224979098644774913 569 3 144115188075857104 1224979098644774914 1 2120 3 1224979098644774914 77 1224979098644774913 2147484197 3 144115188075857104 1224979098644774914 0 529 3 1224979098644774915 144115188075857104 1224979098644774914 2120 3 1224979098644774914 122 1224979098644774913 529 3 1224979098644774916 144115188075857104 1224979098644774914 4 0 2120 3 1224979098644774914 68 1224979098644774913 549 3 144115188075857104 1224979098644774914 1 1 5 936748722493063853 144115188075857104 1224979098644774913 1224979098644774916 1224979098644774915 5 0 31 2 1224979098644774912 0 1785 3 72057594037927936 144115188075857104 1224979098644774913 2147483679 2 72057594037927936 11 1 4 936748722493063864 1 144115188075857104 1224979098644774913 4 0 2120 3 1224979098644774914 59 1224979098644774913 529 3 1224979098644774917 144115188075857104 1224979098644774914 2147483679 2 1224979098644774917 2 2147483679 2 1224979098644774917 5 721 2 1 -2000 3 0 1 3 936748722493063869 1 60 4 0 2147483679 2 1224979098644774917 2 2147483679 2 1224979098644774917 5 721 2 1 2000 3 0 1 4 936748722493063863 144115188075857104 1224979098644774913 1 4 0 2147483679 2 1224979098644774917 2 2147483679 2 1224979098644774917 5 2120 3 1224979098644774914 14 1224979098644774913 529 3 1224979098644774918 144115188075857104 1224979098644774914 1 4 936748722493063860 1224979098644774915 1224979098644774918 1224979098644774916 4 0 1073741855 2 1224979098644774917 1 31 2 1224979098644774917 4 2107 2 72057594037927936 -1 3 0 720 2 1 72057594037927936 3 0 4 0 1073741855 2 1224979098644774917 2 31 2 1224979098644774917 5 1 5 936748722493063854 144115188075857104 144115188075857103 1224979098644774913 1224979098644774916 5 0 1073741855 2 1224979098644774917 1 31 2 1224979098644774917 4 1 6 936748722493063855 144115188075857104 144115188075857103 1224979098644774913 1224979098644774916 1224979098644774915 5 0 1 6 936748722493063856 144115188075857104 144115188075857103 1224979098644774913 1224979098644774916 1224979098644774915 3 0 3 0 3 0 2133 2 144115188075857121 1 3 0 2105 2 144115188075857105 1 
-19.000000 0.000000 0.000000  1 541 3 648518346341351424 83 1  12 2133 2 144115188075857122 0 2133 2 144115188075857123 0 2133 2 144115188075857124 1 2133 2 144115188075857125 1 2133 2 144115188075857126 0 6 3 1224979098644774912 0 4 509 3 1224979098644774912 1 1 3 0 701 1 56 701 1 57 701 1 58 701 1 59 
0.000000 0.500000 100000000.000000  1 541 3 648518346341351424 83 1  9 12 1 1224979098644774912 505 3 1224979098644774912 15 0 3 0 2124 1 100 1 4 936748722493063883 12 0 9 1 4 936748722493063883 13 1 9 1 4 936748722493063883 14 2 9 1 4 936748722493063883 16 3 9 1 2 936748722493063880 1 
1.000000 0.500000 0.000000  1 541 3 648518346341351424 83 1  39 4 0 1 1 936748722493063882 2133 2 144115188075857122 72057594037927936 2133 2 144115188075857125 3 3 0 2124 1 100 1 1 936748722493063871 4 0 30 2 144115188075857125 3 31 2 144115188075857126 0 1 2 936748722493063880 1 2133 2 144115188075857124 0 2133 2 144115188075857126 1 5 0 30 2 144115188075857125 2 2119 3 72057594037927936 144115188075857124 5 31 2 72057594037927936 0 1 2 936748722493063880 1 509 3 0 2 144115188075856298 509 3 1 2 144115188075856299 5 0 1 2 936748722493063880 0 3 0 4 0 31 2 144115188075857125 1 2133 2 1224979098644774912 0 6 3 1224979098644774913 0 4 2147483679 2 1224979098644774913 144115188075857104 569 3 1224979098644774913 3 1 1 4 936748722493063883 1 1224979098644774913 1 1794 3 0 1224979098644774913 1 710 3 72057594037927936 0 1 32 2 72057594037927936 500 2133 2 1224979098644774912 1 3 0 31 2 1224979098644774912 0 2133 2 144115188075857125 2 3 0 2105 2 144115188075857124 1 


mst_quick_battle_siege quick_battle_siege 2  -1
You_lead_your_men_to_battle. 

48 0 4112 256 16 1 0  
1 4112 256 16 1 0  
2 4112 256 16 1 0  
3 4112 256 16 1 0  
4 4112 256 16 1 0  
5 4112 256 16 1 0  
6 4112 256 16 1 0  
7 4112 256 16 1 0  
8 4112 256 16 1 0  
9 4112 256 16 1 0  
10 4112 256 16 1 0  
11 4112 256 16 1 0  
12 4112 256 16 1 0  
13 4112 256 16 1 0  
14 4112 256 16 1 0  
15 4112 256 16 1 0  
16 8208 256 16 1 0  
17 8208 256 16 1 0  
18 8208 256 16 1 0  
19 8208 256 16 1 0  
20 8208 256 16 1 0  
21 8208 256 16 1 0  
22 8208 256 16 1 0  
23 8208 256 16 1 0  
24 8208 256 16 1 0  
25 8208 256 16 1 0  
26 8208 256 16 1 0  
27 8208 256 16 1 0  
28 8208 256 16 1 0  
29 8208 256 16 1 0  
30 8208 256 16 1 0  
31 8208 256 16 1 0  
32 4112 256 16 1 0  
33 4112 256 16 1 0  
34 4112 256 16 1 0  
35 4112 256 16 1 0  
36 4112 256 16 1 0  
37 4112 256 16 1 0  
38 4112 256 16 1 0  
39 4112 256 16 1 0  
40 4112 256 16 1 0  
41 4112 256 16 1 0  
42 4112 256 16 1 0  
43 4112 256 16 1 0  
44 4112 256 16 1 0  
45 4112 256 16 1 0  
46 4112 256 16 1 0  
47 4112 256 16 1 0  
21
-19.000000 0.000000 0.000000  0  3 1796 3 0 2 1 1796 3 1 3 1 1 1 936748722493063507 
-25.000000 0.000000 0.000000  0  3 2071 1 1224979098644774912 1718 2 1224979098644774913 1224979098644774912 1 4 936748722493063580 1729382256910270468 1224979098644774912 1224979098644774913 
0.000000 0.000000 100000000.000000  4 2133 2 144115188075856302 0 2133 2 144115188075856303 1 2133 2 144115188075856304 2 2133 2 144115188075856305 3  0 
-19.000000 0.000000 0.000000  0  1 1266 1 15 
-21.000000 0.000000 0.000000  0  7 4 0 2147483679 2 144115188075856168 0 1 1 936748722493063655 1907 0 5 0 1121 1 216172782113783945 3 0 
-8.000000 0.000000 0.000000  0  5 2071 1 1224979098644774912 31 2 1224979098644774912 0 2133 2 144115188075856168 -1 1 1 936748722493063655 1907 0 
-22.000000 0.000000 0.000000  1 1106 1 216172782113783919  0 
0.000000 0.000000 100000000.000000  0  2 2133 2 144115188075856168 0 1 2 936748722493063651 262144 
30.000000 0.000000 0.000000  0  1 1 1 936748722493063652 
1.000000 60.000000 100000000.000000  9 2370 1 72057594037927937 30 2 72057594037927937 10 1003 1 2 1073742365 3 648518346341351424 85 1 2147484654 1 0 1906 1 1 1106 1 216172782113783827 2133 2 144115188075856297 1 2133 2 144115188075856168 1  2 1 1 936748722493063655 1907 1 1 
10.000000 0.000000 0.000000  0  2 31 2 144115188075856297 1 1106 1 216172782113783827 
1.000000 4.000000 0.000000  25 1006 0 4 0 541 3 648518346341351424 85 1 2133 2 1224979098644774912 0 12 1 1224979098644774913 1706 1 1224979098644774913 1702 1 1224979098644774913 2105 2 1224979098644774912 1 3 0 32 2 1224979098644774912 0 4 0 2147483679 2 144115188075857106 1 1106 1 1585267068834415378 2133 2 144115188075857106 1 2133 2 144115188075857107 2 1 1 936748722493063843 2001 1 1 541 3 648518346341351424 86 1 1107 1 0 1790 3 144115188075857104 9 2 1107 1 1 3 0 5 0 2133 2 144115188075856168 -1 3 0  2 1 1 936748722493063655 1907 0 
5.000000 0.000000 0.000000  0  8 12 1 1224979098644774912 1704 1 1224979098644774912 1702 1 1224979098644774912 1770 2 1224979098644774913 1224979098644774912 1073741855 2 1224979098644774913 144115188075856303 31 2 1224979098644774913 144115188075856305 1737 2 1224979098644774912 1 3 0 
120.000000 0.000000 0.000000  0  11 1700 1 1224979098644774912 12 1 1224979098644774913 2147483679 2 1224979098644774913 1224979098644774912 1702 1 1224979098644774913 1704 1 1224979098644774913 1770 2 1224979098644774914 1224979098644774913 1073741855 2 1224979098644774914 144115188075856302 31 2 1224979098644774914 144115188075856304 1728 1 1224979098644774913 505 3 1224979098644774913 26 0 3 0 
0.000000 0.000000 100000000.000000  1 1 1 936748722493063524  0 
0.000000 0.000000 100000000.000000  1 1 1 936748722493063525  0 
0.000000 2.000000 100000000.000000  1 1 1 936748722493063526  1 2133 2 144115188075856306 3 
0.000000 0.000000 100000000.000000  1 1 1 936748722493063527  0 
0.000000 0.000000 100000000.000000  16 1107 1 0 1780 2 10 10 6 3 1224979098644774912 0 9 2147483679 2 1224979098644774912 1 1790 3 144115188075856302 1224979098644774912 0 1790 3 144115188075856302 1224979098644774912 7 1790 3 144115188075856302 1224979098644774912 7 1790 3 144115188075856304 1224979098644774912 0 1790 3 144115188075856304 1224979098644774912 7 1790 3 144115188075856304 1224979098644774912 7 3 0 1790 3 144115188075856302 1 11 1791 3 144115188075856302 9 10 1790 3 144115188075856304 1 11 1791 3 144115188075856304 9 10 1107 1 1  0 
0.000000 0.000000 100000000.000000  0  2 2147484551 1 1513209474796486703 900 1 1513209474796486703 
0.000000 0.000000 0.000000  0  15 4 0 2147484551 1 1513209474796486694 2147484551 1 1513209474796486703 2147484551 1 1513209474796486734 900 1 1513209474796486703 3 0 4 0 903 1 1513209474796486694 1 1 936748722493063538 5 0 903 1 1513209474796486703 1 1 936748722493063790 31 2 144115188075857173 1 1 1 936748722493063788 3 0 


mst_multiplayer_dm multiplayer_dm 2  -1
You_lead_your_men_to_battle. 

64 0 4112 0 16 1 0  
1 4112 0 16 1 0  
2 4112 0 16 1 0  
3 4112 0 16 1 0  
4 4112 0 16 1 0  
5 4112 0 16 1 0  
6 4112 0 16 1 0  
7 4112 0 16 1 0  
8 4112 0 16 1 0  
9 4112 0 16 1 0  
10 4112 0 16 1 0  
11 4112 0 16 1 0  
12 4112 0 16 1 0  
13 4112 0 16 1 0  
14 4112 0 16 1 0  
15 4112 0 16 1 0  
16 4112 0 16 1 0  
17 4112 0 16 1 0  
18 4112 0 16 1 0  
19 4112 0 16 1 0  
20 4112 0 16 1 0  
21 4112 0 16 1 0  
22 4112 0 16 1 0  
23 4112 0 16 1 0  
24 4112 0 16 1 0  
25 4112 0 16 1 0  
26 4112 0 16 1 0  
27 4112 0 16 1 0  
28 4112 0 16 1 0  
29 4112 0 16 1 0  
30 4112 0 16 1 0  
31 4112 0 16 1 0  
32 8208 0 16 1 0  
33 8208 0 16 1 0  
34 8208 0 16 1 0  
35 8208 0 16 1 0  
36 8208 0 16 1 0  
37 8208 0 16 1 0  
38 8208 0 16 1 0  
39 8208 0 16 1 0  
40 8208 0 16 1 0  
41 8208 0 16 1 0  
42 8208 0 16 1 0  
43 8208 0 16 1 0  
44 8208 0 16 1 0  
45 8208 0 16 1 0  
46 8208 0 16 1 0  
47 8208 0 16 1 0  
48 8208 0 16 1 0  
49 8208 0 16 1 0  
50 8208 0 16 1 0  
51 8208 0 16 1 0  
52 8208 0 16 1 0  
53 8208 0 16 1 0  
54 8208 0 16 1 0  
55 8208 0 16 1 0  
56 8208 0 16 1 0  
57 8208 0 16 1 0  
58 8208 0 16 1 0  
59 8208 0 16 1 0  
60 8208 0 16 1 0  
61 8208 0 16 1 0  
62 8208 0 16 1 0  
63 8208 0 16 1 0  
14
1.000000 5.000000 0.000000  8 417 0 31 2 144115188075856365 1 31 2 144115188075856800 0 2370 1 1224979098644774912 2120 3 1224979098644774913 144115188075856803 144115188075856802 1073741855 2 1224979098644774913 144115188075856801 32 2 1224979098644774912 144115188075856808 1 1 936748722493063258  8 2133 2 144115188075856365 0 4 0 1073741855 2 144115188075856804 0 31 2 144115188075856804 3 1 2 936748722493063266 144115188075856367 470 3 72057594037927936 144115188075856805 1 1 1 936748722493063174 3 0 
-25.000000 0.000000 0.000000  0  2 2071 1 1224979098644774912 1 2 936748722493063232 1224979098644774912 
-15.000000 0.000000 0.000000  0  2 2071 1 1224979098644774912 1 2 936748722493063233 1224979098644774912 
-19.000000 0.000000 0.000000  0  6 2133 2 144115188075856367 0 1 1 936748722493063234 420 0 1 1 936748722493063277 1 1 936748722493063276 1 1 936748722493063275 
-20.000000 0.000000 0.000000  0  5 426 2 0 -1 426 2 1 -1 1 1 936748722493063221 1 1 936748722493063237 2133 2 144115188075856366 1 
-16.000000 0.000000 0.000000  0  31 4 0 415 1 1224979098644774912 33 3 1224979098644774912 0 1000 402 2 1224979098644774913 1224979098644774912 2147483678 2 1224979098644774913 2 433 2 1224979098644774914 1224979098644774912 435 2 1224979098644774915 1224979098644774912 2122 3 1224979098644774916 1224979098644774914 1000 2106 2 1224979098644774916 1224979098644774915 2133 2 1224979098644774917 1 400 1 1224979098644774918 2133 2 1224979098644774919 1224979098644774918 6 3 1224979098644774920 0 1224979098644774919 401 1 1224979098644774920 402 2 1224979098644774921 1224979098644774920 1073741855 2 1224979098644774921 0 31 2 1224979098644774921 1 433 2 1224979098644774914 1224979098644774920 435 2 1224979098644774915 1224979098644774920 2122 3 1224979098644774922 1224979098644774914 1000 2106 2 1224979098644774922 1224979098644774915 32 2 1224979098644774922 1224979098644774916 2133 2 1224979098644774917 0 2133 2 1224979098644774919 0 3 0 31 2 1224979098644774917 1 372 1 68 3 0 1 1 936748722493063278 2133 2 144115188075856371 0 900 1 1513209474796486675 
-26.000000 0.000000 0.000000  0  3 2071 1 1224979098644774912 2072 1 1224979098644774913 1 3 936748722493063235 1224979098644774912 1224979098644774913 
1.000000 0.000000 0.000000  0  39 417 0 400 1 1224979098644774912 6 3 1224979098644774913 0 1224979098644774912 401 1 1224979098644774913 2147484086 1 1224979098644774913 402 2 1224979098644774914 1224979098644774913 2147483678 2 1224979098644774914 2 404 2 1224979098644774915 1224979098644774913 30 2 1224979098644774915 0 406 2 1224979098644774916 1224979098644774913 2133 2 1224979098644774917 0 4 0 528 3 1224979098644774918 1224979098644774913 24 31 2 1224979098644774918 1 2133 2 1224979098644774917 1 508 3 1224979098644774913 24 0 5 0 4 0 2147483678 2 1224979098644774916 0 2133 2 1224979098644774917 1 5 0 2147485350 1 1224979098644774916 1760 2 1224979098644774919 1224979098644774916 32 2 1224979098644774919 144115188075856760 2133 2 1224979098644774917 1 3 0 3 0 31 2 1224979098644774917 1 1 2 936748722493063295 1224979098644774913 1541 3 1224979098644774920 1224979098644774915 8 4 0 30 2 1224979098644774920 0 2133 2 1224979098644774921 1 5 0 2133 2 1224979098644774921 0 3 0 1 4 936748722493063293 1224979098644774914 0 1224979098644774921 409 2 1224979098644774913 72057594037927936 3 0 
1.000000 0.000000 0.000000  0  31 417 0 2370 1 1224979098644774912 30 2 1224979098644774912 2 2133 2 1224979098644774913 0 2133 2 1224979098644774914 0 12 1 1224979098644774915 1707 1 1224979098644774915 1704 1 1224979098644774915 2133 2 1224979098644774916 0 4 0 1702 1 1224979098644774915 2133 2 1224979098644774916 1 5 0 1760 2 1224979098644774917 1224979098644774915 2147483680 2 1224979098644774917 144115188075856760 2133 2 1224979098644774916 1 3 0 31 2 1224979098644774916 1 1770 2 1224979098644774918 1224979098644774915 4 0 31 2 1224979098644774918 0 2105 2 1224979098644774913 1 5 0 31 2 1224979098644774918 1 2105 2 1224979098644774914 1 3 0 3 0 2121 3 144115188075856369 144115188075856770 1224979098644774913 2121 3 144115188075856370 144115188075856771 1224979098644774914 2111 2 144115188075856369 0 2111 2 144115188075856370 0 
0.000000 0.000000 0.000000  0  45 417 0 31 2 144115188075856366 1 2120 3 1224979098644774912 144115188075856369 144115188075856370 4 0 32 2 1224979098644774912 0 2136 3 1224979098644774913 0 1224979098644774912 2106 2 1224979098644774913 144115188075856369 4 0 2147483678 2 1224979098644774913 0 2133 2 1224979098644774914 0 2106 2 144115188075856369 1 5 0 2133 2 1224979098644774914 1 2106 2 144115188075856370 1 3 0 458 2 1224979098644774915 1224979098644774914 2133 2 1224979098644774916 0 6 3 1224979098644774917 360287970189640693 360287970189640711 2173 2 1224979098644774918 1224979098644774917 31 2 1224979098644774918 1224979098644774915 2105 2 1224979098644774916 1 3 0 2136 3 1224979098644774919 0 1224979098644774916 2133 2 1224979098644774920 360287970189640711 6 3 1224979098644774917 360287970189640693 1224979098644774920 2173 2 1224979098644774918 1224979098644774917 31 2 1224979098644774918 1224979098644774915 2106 2 1224979098644774919 1 2147483678 2 1224979098644774919 0 2133 2 1224979098644774920 0 2133 2 1224979098644774921 1224979098644774917 3 0 1541 3 1224979098644774922 1224979098644774921 8 4 0 30 2 1224979098644774922 0 2133 2 1224979098644774923 1 5 0 2133 2 1224979098644774923 0 3 0 1 4 936748722493063293 1224979098644774914 0 1224979098644774923 2211 1 1224979098644774924 1261 1 1224979098644774924 1265 5 72057594037927936 1224979098644774921 1 1224979098644774914 -1 2133 2 144115188075856366 0 3 0 
1.000000 0.000000 0.000000  0  14 417 0 2133 2 1224979098644774912 0 4 0 2370 1 1224979098644774913 2122 3 1224979098644774914 144115188075856762 60 32 2 1224979098644774913 1224979098644774914 2133 2 1224979098644774912 1 3 0 4 0 31 2 1224979098644774912 1 1 2 936748722493063266 144115188075856367 470 3 72057594037927936 144115188075856466 0 1 1 936748722493063174 3 0 
-21.000000 0.000000 0.000000  0  5 4 0 31 2 144115188075856368 0 2133 2 144115188075856371 1 900 1 1513209474796486675 3 0 
0.000000 0.000000 100000000.000000  0  1 900 1 1513209474796486661 
-23.000000 0.000000 0.000000  0  4 2147484551 1 1513209474796486676 2147484551 1 1513209474796486675 31 2 144115188075856383 0 900 1 1513209474796486676 


mst_multiplayer_tdm multiplayer_tdm 2  -1
You_lead_your_men_to_battle. 

64 0 4112 0 16 1 0  
1 4112 0 16 1 0  
2 4112 0 16 1 0  
3 4112 0 16 1 0  
4 4112 0 16 1 0  
5 4112 0 16 1 0  
6 4112 0 16 1 0  
7 4112 0 16 1 0  
8 4112 0 16 1 0  
9 4112 0 16 1 0  
10 4112 0 16 1 0  
11 4112 0 16 1 0  
12 4112 0 16 1 0  
13 4112 0 16 1 0  
14 4112 0 16 1 0  
15 4112 0 16 1 0  
16 4112 0 16 1 0  
17 4112 0 16 1 0  
18 4112 0 16 1 0  
19 4112 0 16 1 0  
20 4112 0 16 1 0  
21 4112 0 16 1 0  
22 4112 0 16 1 0  
23 4112 0 16 1 0  
24 4112 0 16 1 0  
25 4112 0 16 1 0  
26 4112 0 16 1 0  
27 4112 0 16 1 0  
28 4112 0 16 1 0  
29 4112 0 16 1 0  
30 4112 0 16 1 0  
31 4112 0 16 1 0  
32 8208 0 16 1 0  
33 8208 0 16 1 0  
34 8208 0 16 1 0  
35 8208 0 16 1 0  
36 8208 0 16 1 0  
37 8208 0 16 1 0  
38 8208 0 16 1 0  
39 8208 0 16 1 0  
40 8208 0 16 1 0  
41 8208 0 16 1 0  
42 8208 0 16 1 0  
43 8208 0 16 1 0  
44 8208 0 16 1 0  
45 8208 0 16 1 0  
46 8208 0 16 1 0  
47 8208 0 16 1 0  
48 8208 0 16 1 0  
49 8208 0 16 1 0  
50 8208 0 16 1 0  
51 8208 0 16 1 0  
52 8208 0 16 1 0  
53 8208 0 16 1 0  
54 8208 0 16 1 0  
55 8208 0 16 1 0  
56 8208 0 16 1 0  
57 8208 0 16 1 0  
58 8208 0 16 1 0  
59 8208 0 16 1 0  
60 8208 0 16 1 0  
61 8208 0 16 1 0  
62 8208 0 16 1 0  
63 8208 0 16 1 0  
18
-25.000000 0.000000 0.000000  0  3 2071 1 1224979098644774912 1718 2 1224979098644774913 1224979098644774912 1 4 936748722493063580 1729382256910270468 1224979098644774912 1224979098644774913 
1.000000 5.000000 0.000000  8 417 0 31 2 144115188075856365 1 31 2 144115188075856800 0 2370 1 1224979098644774912 2120 3 1224979098644774913 144115188075856803 144115188075856802 1073741855 2 1224979098644774913 144115188075856801 32 2 1224979098644774912 144115188075856808 1 1 936748722493063258  8 2133 2 144115188075856365 0 4 0 1073741855 2 144115188075856804 0 31 2 144115188075856804 3 1 2 936748722493063266 144115188075856367 470 3 72057594037927936 144115188075856805 1 1 1 936748722493063174 3 0 
-25.000000 0.000000 0.000000  0  2 2071 1 1224979098644774912 1 2 936748722493063232 1224979098644774912 
-15.000000 0.000000 0.000000  0  2 2071 1 1224979098644774912 1 2 936748722493063233 1224979098644774912 
-19.000000 0.000000 0.000000  0  5 2133 2 144115188075856367 1 1 1 936748722493063234 1 1 936748722493063277 1 1 936748722493063276 1 1 936748722493063275 
-20.000000 0.000000 0.000000  0  5 426 2 0 -1 426 2 1 -1 1 1 936748722493063221 1 1 936748722493063237 2133 2 144115188075856366 1 
-16.000000 0.000000 0.000000  0  23 4 0 415 1 1224979098644774912 33 3 1224979098644774912 0 1000 402 2 1224979098644774913 1224979098644774912 2147483678 2 1224979098644774913 2 455 2 1224979098644774914 0 455 2 1224979098644774915 1 2133 2 1224979098644774916 0 4 0 31 2 1224979098644774913 0 32 2 1224979098644774914 1224979098644774915 2133 2 1224979098644774916 1 5 0 31 2 1224979098644774913 1 32 2 1224979098644774915 1224979098644774914 2133 2 1224979098644774916 1 3 0 31 2 1224979098644774916 1 372 1 67 3 0 1 1 936748722493063278 2133 2 144115188075856371 0 900 1 1513209474796486674 
-26.000000 0.000000 0.000000  0  15 2071 1 1224979098644774912 2072 1 1224979098644774913 1 3 936748722493063235 1224979098644774912 1224979098644774913 4 0 30 2 1224979098644774913 0 1704 1 1224979098644774912 1704 1 1224979098644774913 1770 2 1224979098644774914 1224979098644774913 2147483680 2 1224979098644774914 1 1770 2 1224979098644774915 1224979098644774912 2147483679 2 1224979098644774914 1224979098644774915 455 2 1224979098644774916 1224979098644774914 2105 2 1224979098644774916 1 456 2 1224979098644774914 1224979098644774916 3 0 
1.000000 0.000000 0.000000  0  39 417 0 400 1 1224979098644774912 6 3 1224979098644774913 0 1224979098644774912 401 1 1224979098644774913 2147484086 1 1224979098644774913 402 2 1224979098644774914 1224979098644774913 2147483678 2 1224979098644774914 2 404 2 1224979098644774915 1224979098644774913 30 2 1224979098644774915 0 406 2 1224979098644774916 1224979098644774913 2133 2 1224979098644774917 0 4 0 528 3 1224979098644774918 1224979098644774913 24 31 2 1224979098644774918 1 2133 2 1224979098644774917 1 508 3 1224979098644774913 24 0 5 0 4 0 2147483678 2 1224979098644774916 0 2133 2 1224979098644774917 1 5 0 2147485350 1 1224979098644774916 1760 2 1224979098644774919 1224979098644774916 32 2 1224979098644774919 144115188075856760 2133 2 1224979098644774917 1 3 0 3 0 31 2 1224979098644774917 1 1 2 936748722493063295 1224979098644774913 1541 3 1224979098644774920 1224979098644774915 8 4 0 30 2 1224979098644774920 0 2133 2 1224979098644774921 1 5 0 2133 2 1224979098644774921 0 3 0 1 4 936748722493063293 1224979098644774914 1 1224979098644774921 409 2 1224979098644774913 72057594037927936 3 0 
1.000000 0.000000 0.000000  0  31 417 0 2370 1 1224979098644774912 30 2 1224979098644774912 2 2133 2 1224979098644774913 0 2133 2 1224979098644774914 0 12 1 1224979098644774915 1707 1 1224979098644774915 1704 1 1224979098644774915 2133 2 1224979098644774916 0 4 0 1702 1 1224979098644774915 2133 2 1224979098644774916 1 5 0 1760 2 1224979098644774917 1224979098644774915 2147483680 2 1224979098644774917 144115188075856760 2133 2 1224979098644774916 1 3 0 31 2 1224979098644774916 1 1770 2 1224979098644774918 1224979098644774915 4 0 31 2 1224979098644774918 0 2105 2 1224979098644774913 1 5 0 31 2 1224979098644774918 1 2105 2 1224979098644774914 1 3 0 3 0 2121 3 144115188075856369 144115188075856770 1224979098644774913 2121 3 144115188075856370 144115188075856771 1224979098644774914 2111 2 144115188075856369 0 2111 2 144115188075856370 0 
0.000000 0.000000 0.000000  0  119 417 0 31 2 144115188075856366 1 2120 3 1224979098644774912 144115188075856369 144115188075856370 4 0 32 2 1224979098644774912 0 4 0 1073741855 2 144115188075856367 2 1073741855 2 144115188075856367 3 31 2 144115188075856367 6 455 2 1224979098644774913 0 455 2 1224979098644774914 1 2120 3 1224979098644774915 1224979098644774913 1224979098644774914 31 2 1224979098644774915 0 2370 1 1224979098644774916 2106 2 1224979098644774916 144115188075856385 2147483678 2 1224979098644774916 20 2133 2 1224979098644774917 0 5 0 2133 2 1224979098644774917 1 3 0 31 2 1224979098644774917 1 2136 3 1224979098644774918 0 1224979098644774912 2106 2 1224979098644774918 144115188075856369 4 0 2147483678 2 1224979098644774918 0 2133 2 1224979098644774919 0 5 0 2133 2 1224979098644774919 1 3 0 4 0 1073741855 2 144115188075856367 2 31 2 144115188075856367 3 2370 1 1224979098644774916 2106 2 1224979098644774916 144115188075856385 4 0 2147483680 2 1224979098644774916 20 2133 2 1224979098644774920 0 5 0 2133 2 1224979098644774920 1 3 0 5 0 2133 2 1224979098644774920 1 3 0 1 3 936748722493063291 1224979098644774919 1224979098644774920 2133 2 1224979098644774921 72057594037927936 2133 2 1224979098644774922 72057594037927937 458 2 1224979098644774923 1224979098644774919 2133 2 1224979098644774924 0 6 3 1224979098644774925 360287970189640693 360287970189640711 2173 2 1224979098644774926 1224979098644774925 31 2 1224979098644774926 1224979098644774923 2105 2 1224979098644774924 1 3 0 2133 2 1224979098644774927 0 400 1 1224979098644774928 6 3 1224979098644774929 0 1224979098644774928 401 1 1224979098644774929 402 2 1224979098644774930 1224979098644774929 31 2 1224979098644774919 1224979098644774930 2133 2 1224979098644774931 0 2120 3 1224979098644774932 35 1224979098644774924 6 3 1224979098644774933 35 1224979098644774932 568 3 1224979098644774929 1224979098644774933 1 2133 2 1224979098644774931 1 2133 2 1224979098644774932 0 3 0 30 2 1224979098644774931 1 2105 2 1224979098644774927 1 3 0 4 0 1073741854 2 1224979098644774922 0 31 2 1224979098644774927 0 1541 3 1224979098644774934 1224979098644774921 8 4 0 30 2 1224979098644774934 0 2133 2 1224979098644774935 1 5 0 2133 2 1224979098644774935 0 3 0 4 0 31 2 144115188075856367 6 2370 1 1224979098644774916 2106 2 1224979098644774916 144115188075856385 4 0 2147483678 2 1224979098644774916 20 4 0 31 2 1224979098644774919 0 1 4 936748722493063293 1224979098644774919 1 1224979098644774935 5 0 2133 2 72057594037927936 32 3 0 5 0 1 4 936748722493063293 1224979098644774919 0 1224979098644774935 3 0 5 0 1073741855 2 144115188075856367 2 31 2 144115188075856367 3 4 0 31 2 1224979098644774919 0 2133 2 72057594037927936 0 5 0 2133 2 72057594037927936 32 3 0 5 0 1 4 936748722493063293 1224979098644774919 0 1224979098644774935 3 0 2211 1 1224979098644774936 1261 1 1224979098644774936 1265 5 72057594037927936 1224979098644774921 1 1224979098644774919 1224979098644774922 2133 2 144115188075856366 0 4 0 31 2 1224979098644774919 0 2106 2 144115188075856369 1 5 0 31 2 1224979098644774919 1 2106 2 144115188075856370 1 3 0 3 0 3 0 
3.000000 0.000000 0.000000  0  16 417 0 12 1 1224979098644774912 1707 1 1224979098644774912 1704 1 1224979098644774912 1702 1 1224979098644774912 1765 2 1224979098644774913 1224979098644774912 4 0 2147484049 1 1224979098644774913 1 2 936748722493063292 1224979098644774912 5 0 402 2 1224979098644774914 1224979098644774913 1770 2 1224979098644774915 1224979098644774912 2147483679 2 1224979098644774914 1224979098644774915 1 2 936748722493063292 1224979098644774912 3 0 3 0 
20.000000 0.000000 0.000000  0  2 417 0 1 1 936748722493063211 
1.000000 0.000000 0.000000  0  68 417 0 2133 2 1224979098644774912 0 4 0 1073741855 2 144115188075856367 2 1073741855 2 144115188075856367 3 31 2 144115188075856367 6 4 0 31 2 144115188075856384 1 2370 1 1224979098644774913 2106 2 1224979098644774913 144115188075856389 2121 3 1224979098644774914 144115188075856760 1 30 2 1224979098644774913 1224979098644774914 2370 1 1224979098644774915 4 0 1073741855 2 144115188075856367 2 31 2 144115188075856367 3 2133 2 1224979098644774916 90 5 0 2133 2 1224979098644774916 120 3 0 2122 3 1224979098644774917 144115188075856762 60 2121 3 1224979098644774918 1224979098644774917 1224979098644774916 32 2 1224979098644774915 1224979098644774918 2133 2 1224979098644774912 1 3 0 31 2 1224979098644774912 1 5 0 2147483679 2 144115188075856367 2 2147483679 2 144115188075856367 3 2147483679 2 144115188075856367 6 2147483679 2 144115188075856367 5 2370 1 1224979098644774915 2122 3 1224979098644774917 144115188075856762 60 32 2 1224979098644774915 1224979098644774917 2133 2 1224979098644774912 1 5 0 455 2 1224979098644774919 0 455 2 1224979098644774920 1 4 0 2147483679 2 144115188075856367 5 4 0 1073741854 2 1224979098644774919 144115188075856763 30 2 1224979098644774920 144115188075856763 2133 2 1224979098644774912 1 3 0 5 0 2133 2 1224979098644774921 0 400 1 1224979098644774922 6 3 1224979098644774923 0 1224979098644774922 401 1 1224979098644774923 406 2 1224979098644774924 1224979098644774923 30 2 1224979098644774924 0 2147485355 1 1224979098644774924 2133 2 1224979098644774921 1 2133 2 1224979098644774922 0 3 0 31 2 1224979098644774921 1 3221225504 2 1224979098644774919 0 2147483680 2 1224979098644774920 0 2133 2 1224979098644774912 1 3 0 3 0 4 0 31 2 1224979098644774912 1 1 2 936748722493063266 144115188075856367 470 3 72057594037927936 144115188075856466 0 1 1 936748722493063174 3 0 
-21.000000 0.000000 0.000000  0  5 4 0 31 2 144115188075856368 0 2133 2 144115188075856371 1 900 1 1513209474796486674 3 0 
0.000000 0.000000 100000000.000000  0  1 900 1 1513209474796486661 
-24.000000 0.000000 0.000000  0  1 900 1 1513209474796486669 
-23.000000 0.000000 0.000000  0  4 2147484551 1 1513209474796486676 2147484551 1 1513209474796486674 31 2 144115188075856383 0 900 1 1513209474796486676 


mst_multiplayer_hq multiplayer_hq 2  -1
You_lead_your_men_to_battle. 

64 0 4112 0 16 1 0  
1 4112 0 16 1 0  
2 4112 0 16 1 0  
3 4112 0 16 1 0  
4 4112 0 16 1 0  
5 4112 0 16 1 0  
6 4112 0 16 1 0  
7 4112 0 16 1 0  
8 4112 0 16 1 0  
9 4112 0 16 1 0  
10 4112 0 16 1 0  
11 4112 0 16 1 0  
12 4112 0 16 1 0  
13 4112 0 16 1 0  
14 4112 0 16 1 0  
15 4112 0 16 1 0  
16 4112 0 16 1 0  
17 4112 0 16 1 0  
18 4112 0 16 1 0  
19 4112 0 16 1 0  
20 4112 0 16 1 0  
21 4112 0 16 1 0  
22 4112 0 16 1 0  
23 4112 0 16 1 0  
24 4112 0 16 1 0  
25 4112 0 16 1 0  
26 4112 0 16 1 0  
27 4112 0 16 1 0  
28 4112 0 16 1 0  
29 4112 0 16 1 0  
30 4112 0 16 1 0  
31 4112 0 16 1 0  
32 8208 0 16 1 0  
33 8208 0 16 1 0  
34 8208 0 16 1 0  
35 8208 0 16 1 0  
36 8208 0 16 1 0  
37 8208 0 16 1 0  
38 8208 0 16 1 0  
39 8208 0 16 1 0  
40 8208 0 16 1 0  
41 8208 0 16 1 0  
42 8208 0 16 1 0  
43 8208 0 16 1 0  
44 8208 0 16 1 0  
45 8208 0 16 1 0  
46 8208 0 16 1 0  
47 8208 0 16 1 0  
48 8208 0 16 1 0  
49 8208 0 16 1 0  
50 8208 0 16 1 0  
51 8208 0 16 1 0  
52 8208 0 16 1 0  
53 8208 0 16 1 0  
54 8208 0 16 1 0  
55 8208 0 16 1 0  
56 8208 0 16 1 0  
57 8208 0 16 1 0  
58 8208 0 16 1 0  
59 8208 0 16 1 0  
60 8208 0 16 1 0  
61 8208 0 16 1 0  
62 8208 0 16 1 0  
63 8208 0 16 1 0  
21
-25.000000 0.000000 0.000000  0  3 2071 1 1224979098644774912 1718 2 1224979098644774913 1224979098644774912 1 4 936748722493063580 1729382256910270468 1224979098644774912 1224979098644774913 
1.000000 5.000000 0.000000  8 417 0 31 2 144115188075856365 1 31 2 144115188075856800 0 2370 1 1224979098644774912 2120 3 1224979098644774913 144115188075856803 144115188075856802 1073741855 2 1224979098644774913 144115188075856801 32 2 1224979098644774912 144115188075856808 1 1 936748722493063258  8 2133 2 144115188075856365 0 4 0 1073741855 2 144115188075856804 0 31 2 144115188075856804 3 1 2 936748722493063266 144115188075856367 470 3 72057594037927936 144115188075856805 1 1 1 936748722493063174 3 0 
-25.000000 0.000000 0.000000  0  2 2071 1 1224979098644774912 1 2 936748722493063232 1224979098644774912 
-15.000000 0.000000 0.000000  0  2 2071 1 1224979098644774912 1 2 936748722493063233 1224979098644774912 
-19.000000 0.000000 0.000000  0  21 2133 2 144115188075856367 5 1 1 936748722493063234 2122 3 1224979098644774912 144115188075856763 10000 2133 2 144115188075856372 1224979098644774912 2133 2 144115188075856373 1224979098644774912 6 3 1224979098644774913 146 156 500 3 360287970189640677 1224979098644774913 -1 3 0 4 0 417 0 6 3 1224979098644774913 176 186 500 3 360287970189640677 1224979098644774913 -1 3 0 3 0 1 1 936748722493063277 1 1 936748722493063276 4 0 417 0 456 2 0 144115188075856763 456 2 1 144115188075856763 3 0 
-20.000000 0.000000 0.000000  0  188 1 2 936748722493063224 0 1 2 936748722493063224 1 426 2 0 144115188075856795 426 2 1 144115188075856796 4 0 417 0 2133 2 144115188075856366 1 2133 2 144115188075856374 0 1780 2 1 64 1780 2 3 64 1970 1 3 1974 2 1080863910568919947 0 1970 1 3 1974 2 144115188075856795 0 1970 1 3 1974 2 144115188075856796 0 1970 1 3 1974 2 1080863910568919946 0 2120 3 1224979098644774912 146 144115188075856374 500 3 360287970189640677 1224979098644774912 1 2105 2 144115188075856374 1 1780 2 2 65 1780 2 3 65 1970 1 3 1974 2 1080863910568919947 0 1970 1 3 1974 2 144115188075856795 0 1970 1 3 1974 2 144115188075856796 0 1970 1 3 1974 2 1080863910568919946 0 2120 3 1224979098644774912 146 144115188075856374 500 3 360287970189640677 1224979098644774912 2 2105 2 144115188075856374 1 1810 2 1224979098644774913 1080863910568919941 1810 2 1224979098644774914 1080863910568919942 1810 2 1224979098644774915 1080863910568919943 2120 3 1224979098644774916 1080863910568919943 1 6 3 1224979098644774917 1080863910568919941 1224979098644774916 4 0 31 2 1224979098644774917 1080863910568919941 2133 2 1224979098644774918 1224979098644774913 5 0 31 2 1224979098644774917 1080863910568919942 2133 2 1224979098644774918 1224979098644774914 5 0 31 2 1224979098644774917 1080863910568919943 2133 2 1224979098644774918 1224979098644774915 3 0 32 2 1224979098644774918 0 6 3 1224979098644774919 0 1224979098644774918 1811 3 1224979098644774920 1224979098644774917 1224979098644774919 1850 2 0 1224979098644774920 1970 1 0 1974 2 1080863910568919947 0 6 3 1224979098644774921 1080863910568919941 1224979098644774916 1970 1 0 4 0 31 2 1224979098644774921 1080863910568919941 1974 1 144115188075856795 5 0 31 2 1224979098644774921 1080863910568919942 1974 1 144115188075856796 5 0 31 2 1224979098644774921 1080863910568919943 1974 1 1080863910568919946 3 0 3 0 2120 3 1224979098644774912 146 144115188075856374 4 0 31 2 1224979098644774917 1080863910568919941 500 3 360287970189640677 1224979098644774912 1 5 0 31 2 1224979098644774917 1080863910568919942 500 3 360287970189640677 1224979098644774912 2 5 0 31 2 1224979098644774917 1080863910568919943 500 3 360287970189640677 1224979098644774912 0 3 0 2105 2 144115188075856374 1 3 0 3 0 2133 2 144115188075856375 0 2133 2 144115188075856376 0 6 3 1224979098644774922 0 144115188075856374 2120 3 1224979098644774912 146 1224979098644774922 520 3 1224979098644774923 360287970189640677 1224979098644774912 4 0 31 2 1224979098644774922 0 1780 2 0 64 1811 3 1224979098644774920 144115188075856795 1224979098644774922 2133 2 144115188075856377 1224979098644774920 5 0 31 2 1224979098644774922 1 1780 2 0 65 1811 3 1224979098644774920 144115188075856796 1224979098644774922 2133 2 144115188075856378 1224979098644774920 5 0 2133 2 1224979098644774924 2 1810 2 1224979098644774925 1080863910568919941 2120 3 1224979098644774926 1224979098644774924 1224979098644774925 1810 2 1224979098644774927 1080863910568919942 2120 3 1224979098644774928 1224979098644774926 1224979098644774927 1810 2 1224979098644774929 1080863910568919943 4 0 30 2 1224979098644774922 1224979098644774924 32 2 1224979098644774925 0 2121 3 1224979098644774930 1224979098644774922 1224979098644774924 1811 3 1224979098644774920 1080863910568919941 1224979098644774930 5 0 30 2 1224979098644774922 1224979098644774926 32 2 1224979098644774927 0 2121 3 1224979098644774930 1224979098644774922 1224979098644774926 1811 3 1224979098644774920 1080863910568919942 1224979098644774930 5 0 30 2 1224979098644774922 1224979098644774928 32 2 1224979098644774929 0 2121 3 1224979098644774930 1224979098644774922 1224979098644774928 1811 3 1224979098644774920 1080863910568919943 1224979098644774930 3 0 1850 2 0 1224979098644774920 3 0 1811 3 1224979098644774931 1080863910568919947 1224979098644774922 1855 2 1224979098644774931 0 722 2 0 900 4 0 31 2 1224979098644774923 0 1811 3 1224979098644774920 144115188075856795 1224979098644774922 1855 2 1224979098644774920 0 1813 2 1224979098644774920 0 1811 3 1224979098644774920 144115188075856796 1224979098644774922 1855 2 1224979098644774920 0 1813 2 1224979098644774920 0 1811 3 1224979098644774920 1080863910568919946 1224979098644774922 1855 2 1224979098644774920 0 1813 2 1224979098644774920 1 5 0 31 2 1224979098644774923 1 1811 3 1224979098644774920 144115188075856795 1224979098644774922 1855 2 1224979098644774920 0 1813 2 1224979098644774920 1 1811 3 1224979098644774920 144115188075856796 1224979098644774922 1855 2 1224979098644774920 0 1813 2 1224979098644774920 0 1811 3 1224979098644774920 1080863910568919946 1224979098644774922 1855 2 1224979098644774920 0 1813 2 1224979098644774920 0 2105 2 144115188075856375 1 5 0 1811 3 1224979098644774920 144115188075856795 1224979098644774922 1855 2 1224979098644774920 0 1813 2 1224979098644774920 0 1811 3 1224979098644774920 144115188075856796 1224979098644774922 1855 2 1224979098644774920 0 1813 2 1224979098644774920 1 1811 3 1224979098644774920 1080863910568919946 1224979098644774922 1855 2 1224979098644774920 0 1813 2 1224979098644774920 0 2105 2 144115188075856376 1 3 0 3 0 5 0 1810 2 1224979098644774913 1080863910568919941 1810 2 1224979098644774914 1080863910568919942 1810 2 1224979098644774915 1080863910568919943 2133 2 144115188075856374 2 2105 2 144115188075856374 1224979098644774913 2105 2 144115188075856374 1224979098644774914 2105 2 144115188075856374 1224979098644774915 3 0 6 3 1224979098644774930 0 1224979098644774913 1811 3 1224979098644774920 1080863910568919941 1224979098644774930 1813 2 1224979098644774920 0 3 0 6 3 1224979098644774930 0 1224979098644774914 1811 3 1224979098644774920 1080863910568919942 1224979098644774930 1813 2 1224979098644774920 0 3 0 6 3 1224979098644774930 0 1224979098644774915 1811 3 1224979098644774920 1080863910568919943 1224979098644774930 1813 2 1224979098644774920 0 3 0 6 3 1224979098644774930 0 144115188075856374 2120 3 1224979098644774932 166 1224979098644774930 500 3 360287970189640677 1224979098644774932 0 3 0 1 1 936748722493063221 1 1 936748722493063237 
-16.000000 0.000000 0.000000  0  24 4 0 415 1 1224979098644774912 33 3 1224979098644774912 0 1000 402 2 1224979098644774913 1224979098644774912 2147483678 2 1224979098644774913 2 1 1 936748722493063251 2133 2 1224979098644774914 72057594037927936 2133 2 1224979098644774915 72057594037927937 2133 2 1224979098644774916 0 4 0 31 2 1224979098644774913 0 32 2 1224979098644774914 1224979098644774915 2133 2 1224979098644774916 1 5 0 31 2 1224979098644774913 1 32 2 1224979098644774915 1224979098644774914 2133 2 1224979098644774916 1 3 0 31 2 1224979098644774916 1 372 1 61 3 0 1 1 936748722493063278 2133 2 144115188075856371 0 900 1 1513209474796486674 
-26.000000 0.000000 0.000000  0  27 2071 1 1224979098644774912 2072 1 1224979098644774913 1 3 936748722493063235 1224979098644774912 1224979098644774913 4 0 417 0 30 2 1224979098644774913 0 1704 1 1224979098644774912 1704 1 1224979098644774913 1770 2 1224979098644774914 1224979098644774913 2147483680 2 1224979098644774914 1 1770 2 1224979098644774915 1224979098644774912 2147483679 2 1224979098644774914 1224979098644774915 455 2 1224979098644774916 1224979098644774915 4 0 31 2 1224979098644774914 0 2105 2 144115188075856373 -10000 5 0 2105 2 144115188075856372 -10000 3 0 2106 2 1224979098644774916 1 400 1 1224979098644774917 1 3 936748722493063239 1224979098644774915 1224979098644774916 6 3 1224979098644774918 1 1224979098644774917 401 1 1224979098644774918 396 4 1224979098644774918 72 1224979098644774915 1224979098644774916 3 0 3 0 
1.000000 0.000000 0.000000  0  16 417 0 6 3 1224979098644774912 0 144115188075856374 2120 3 1224979098644774913 166 1224979098644774912 520 3 1224979098644774914 360287970189640677 1224979098644774913 2105 2 1224979098644774914 1 500 3 360287970189640677 1224979098644774913 1224979098644774914 2120 3 1224979098644774915 176 1224979098644774912 520 3 1224979098644774916 360287970189640677 1224979098644774915 2119 3 1224979098644774917 1224979098644774916 100 4 0 30 2 1224979098644774916 100 2147483678 2 1224979098644774917 25 2105 2 1224979098644774916 1 500 3 360287970189640677 1224979098644774915 1224979098644774916 3 0 3 0 
0.000000 0.000000 0.000000  0  260 417 0 6 3 1224979098644774912 0 144115188075856374 2120 3 1224979098644774913 156 1224979098644774912 520 3 1224979098644774914 360287970189640677 1224979098644774913 2123 3 1224979098644774915 1224979098644774914 100 2119 3 1224979098644774916 1224979098644774914 100 2133 2 1224979098644774917 0 2133 2 1224979098644774918 0 1811 3 1224979098644774919 1080863910568919947 1224979098644774912 1850 2 0 1224979098644774919 400 1 1224979098644774920 6 3 1224979098644774921 0 1224979098644774920 401 1 1224979098644774921 406 2 1224979098644774922 1224979098644774921 30 2 1224979098644774922 0 1702 1 1224979098644774922 1770 2 1224979098644774923 1224979098644774922 1710 2 1 1224979098644774922 712 3 1224979098644774924 0 1 715 3 1224979098644774925 0 1 2105 2 1224979098644774924 1224979098644774925 2147483678 2 1224979098644774924 1600 4 0 31 2 1224979098644774923 0 2105 2 1224979098644774917 1 5 0 31 2 1224979098644774923 1 2105 2 1224979098644774918 1 3 0 3 0 4 0 3221225503 2 1224979098644774915 1224979098644774917 2147483679 2 1224979098644774916 1224979098644774918 2120 3 1224979098644774926 146 1224979098644774912 520 3 1224979098644774927 360287970189640677 1224979098644774926 2120 3 1224979098644774928 176 1224979098644774912 520 3 1224979098644774929 360287970189640677 1224979098644774928 2119 3 1224979098644774930 1224979098644774929 100 2123 3 1224979098644774931 1224979098644774929 100 4 0 2133 2 1224979098644774932 0 4 0 2147483679 2 1224979098644774927 1 31 2 1224979098644774915 0 32 2 1224979098644774917 0 31 2 1224979098644774918 0 2133 2 1224979098644774933 1 2133 2 1224979098644774932 1 5 0 2147483679 2 1224979098644774927 2 31 2 1224979098644774916 0 31 2 1224979098644774917 0 32 2 1224979098644774918 0 2133 2 1224979098644774933 2 2133 2 1224979098644774932 1 3 0 31 2 1224979098644774932 1 2122 3 1224979098644774934 1224979098644774933 100 500 3 360287970189640677 1224979098644774928 1224979098644774934 3221225503 2 1224979098644774931 1224979098644774933 30 2 1224979098644774930 25 2122 3 1224979098644774935 1224979098644774933 100 2105 2 1224979098644774935 1224979098644774912 1 3 936748722493063250 10 1224979098644774935 6 3 1224979098644774921 1 1224979098644774920 401 1 1224979098644774921 396 4 1224979098644774921 68 10 1224979098644774935 3 0 3 0 4 0 2122 3 1224979098644774914 1224979098644774917 100 2105 2 1224979098644774914 1224979098644774918 500 3 360287970189640677 1224979098644774913 1224979098644774914 1 3 936748722493063229 1224979098644774912 1224979098644774914 400 1 1224979098644774920 6 3 1224979098644774921 1 1224979098644774920 401 1 1224979098644774921 396 4 1224979098644774921 73 1224979098644774912 1224979098644774914 3 0 3 0 3 0 3 0 6 3 1224979098644774912 0 144115188075856374 2133 2 1224979098644774936 -1 1811 3 1224979098644774919 1080863910568919947 1224979098644774912 1850 2 0 1224979098644774919 2120 3 1224979098644774926 146 1224979098644774912 520 3 1224979098644774927 360287970189640677 1224979098644774926 4 0 4 0 1811 3 1224979098644774937 144115188075856795 1224979098644774912 1812 2 1224979098644774938 1224979098644774937 2133 2 1224979098644774939 1 31 2 1224979098644774938 0 1811 3 1224979098644774937 144115188075856796 1224979098644774912 1812 2 1224979098644774938 1224979098644774937 2133 2 1224979098644774939 2 31 2 1224979098644774938 0 1811 3 1224979098644774937 1080863910568919946 1224979098644774912 1812 2 1224979098644774938 1224979098644774937 2133 2 1224979098644774939 0 3 0 1850 2 1 1224979098644774937 4 0 712 3 1224979098644774924 0 1 2147483678 2 1224979098644774924 400 2120 3 1224979098644774940 156 1224979098644774912 520 3 1224979098644774941 360287970189640677 1224979098644774940 2123 3 1224979098644774917 1224979098644774941 100 2119 3 1224979098644774918 1224979098644774941 100 4 0 32 2 1224979098644774917 0 31 2 1224979098644774918 0 2133 2 1224979098644774936 0 2133 2 1224979098644774942 1 5 0 31 2 1224979098644774917 0 32 2 1224979098644774918 0 2133 2 1224979098644774936 0 2133 2 1224979098644774942 2 5 0 31 2 1224979098644774917 0 31 2 1224979098644774918 0 2147483679 2 1224979098644774939 0 2133 2 1224979098644774936 0 2133 2 1224979098644774942 0 3 0 5 0 2147483679 2 1224979098644774927 1224979098644774939 712 3 1224979098644774924 0 1 30 2 1224979098644774924 8100 2120 3 1224979098644774940 156 1224979098644774912 520 3 1224979098644774941 360287970189640677 1224979098644774940 2123 3 1224979098644774917 1224979098644774941 100 2119 3 1224979098644774918 1224979098644774941 100 4 0 31 2 1224979098644774939 1 2133 2 1224979098644774936 1 2133 2 1224979098644774942 1 5 0 31 2 1224979098644774939 2 2133 2 1224979098644774936 2 2133 2 1224979098644774942 2 3 0 3 0 3 0 4 0 30 2 1224979098644774936 0 3221225503 2 1224979098644774936 1224979098644774927 2147483679 2 1224979098644774939 1224979098644774942 4 0 2147483679 2 1224979098644774927 0 31 2 1224979098644774936 0 4 0 31 2 1224979098644774927 1 2133 2 1224979098644774943 2 5 0 31 2 1224979098644774927 2 2133 2 1224979098644774943 1 3 0 2122 3 1224979098644774935 1224979098644774943 100 2105 2 1224979098644774935 1224979098644774912 1 3 936748722493063250 8 1224979098644774935 400 1 1224979098644774920 6 3 1224979098644774921 1 1224979098644774920 401 1 1224979098644774921 396 4 1224979098644774921 68 8 1224979098644774935 3 0 3 0 4 0 2147483679 2 1224979098644774927 1224979098644774936 2147483679 2 1224979098644774936 0 2122 3 1224979098644774935 1224979098644774936 100 2105 2 1224979098644774935 1224979098644774912 1 3 936748722493063250 9 1224979098644774935 400 1 1224979098644774920 6 3 1224979098644774921 1 1224979098644774920 401 1 1224979098644774921 396 4 1224979098644774921 68 9 1224979098644774935 3 0 3 0 1 3 936748722493063229 1224979098644774912 1224979098644774941 2133 2 1224979098644774944 0 400 1 1224979098644774920 6 3 1224979098644774921 1 1224979098644774920 401 1 1224979098644774921 396 4 1224979098644774921 73 1224979098644774912 1224979098644774941 2105 2 1224979098644774944 1 3 0 2122 3 1224979098644774945 1224979098644774936 100 2105 2 1224979098644774945 1224979098644774942 1 3 936748722493063230 1224979098644774912 1224979098644774945 6 3 1224979098644774921 1 1224979098644774920 401 1 1224979098644774921 396 4 1224979098644774921 75 1224979098644774912 1224979098644774945 3 0 4 0 2147483679 2 1224979098644774936 0 4 0 31 2 1224979098644774936 1 2133 2 1224979098644774946 1224979098644774917 5 0 2133 2 1224979098644774946 1224979098644774918 3 0 2120 3 1224979098644774947 166 1224979098644774912 520 3 1224979098644774948 360287970189640677 1224979098644774947 500 3 360287970189640677 1224979098644774947 0 2110 2 1224979098644774948 360 1811 3 1224979098644774949 144115188075856795 1224979098644774912 1811 3 1224979098644774950 144115188075856796 1224979098644774912 4 0 1073741855 2 144115188075856377 1224979098644774949 31 2 144115188075856378 1224979098644774950 2133 2 1224979098644774951 2 5 0 2133 2 1224979098644774951 1 3 0 4 0 2147483680 2 1224979098644774946 1 2133 2 1224979098644774952 3 5 0 31 2 1224979098644774946 2 2133 2 1224979098644774952 2 5 0 2147483680 2 1224979098644774946 6 2133 2 1224979098644774952 1 5 0 2133 2 1224979098644774952 0 3 0 2122 3 1224979098644774953 1224979098644774948 1224979098644774944 2107 2 1224979098644774953 1224979098644774951 2108 2 1224979098644774953 2 4 0 32 2 1224979098644774946 0 2123 3 1224979098644774954 1224979098644774953 1224979098644774946 3 0 400 1 1224979098644774920 6 3 1224979098644774921 0 1224979098644774920 401 1 1224979098644774921 406 2 1224979098644774922 1224979098644774921 30 2 1224979098644774922 0 1770 2 1224979098644774923 1224979098644774922 2105 2 1224979098644774923 1 31 2 1224979098644774923 1224979098644774936 1710 2 1 1224979098644774922 1850 2 0 1224979098644774919 712 3 1224979098644774924 0 1 715 3 1224979098644774925 0 1 2105 2 1224979098644774924 1224979098644774925 2147483678 2 1224979098644774924 1600 431 2 1224979098644774955 1224979098644774921 2105 2 1224979098644774955 1224979098644774952 432 2 1224979098644774921 1224979098644774955 407 2 1224979098644774956 1224979098644774921 2105 2 1224979098644774956 1224979098644774954 408 3 1224979098644774921 1224979098644774956 15000 3 0 3 0 3 0 3 0 
1.000000 0.000000 0.000000  0  126 417 0 2133 2 1224979098644774912 0 2133 2 1224979098644774913 0 2133 2 1224979098644774914 0 2133 2 1224979098644774915 0 6 3 1224979098644774916 0 144115188075856374 2120 3 1224979098644774917 146 1224979098644774916 520 3 1224979098644774918 360287970189640677 1224979098644774917 1811 3 1224979098644774919 144115188075856795 1224979098644774916 1811 3 1224979098644774920 144115188075856796 1224979098644774916 4 0 1073741855 2 144115188075856377 1224979098644774919 31 2 144115188075856378 1224979098644774920 2133 2 1224979098644774921 2 5 0 2133 2 1224979098644774921 1 3 0 4 0 31 2 1224979098644774918 1 2105 2 1224979098644774912 1224979098644774921 2105 2 1224979098644774914 1224979098644774921 5 0 31 2 1224979098644774918 2 2105 2 1224979098644774913 1224979098644774921 2105 2 1224979098644774914 1224979098644774921 5 0 2105 2 1224979098644774915 1224979098644774921 3 0 3 0 2120 3 1224979098644774922 1224979098644774914 1224979098644774915 2121 3 1224979098644774923 1224979098644774912 1224979098644774913 2122 3 1224979098644774924 1224979098644774923 2 2121 3 1224979098644774925 144115188075856375 144115188075856376 2133 2 1224979098644774926 0 400 1 1224979098644774927 6 3 1224979098644774928 0 1224979098644774927 401 1 1224979098644774928 2105 2 1224979098644774926 1 2133 2 1224979098644774927 0 3 0 4 0 30 2 1224979098644774924 1224979098644774925 2121 3 1224979098644774929 1224979098644774924 1224979098644774925 2122 3 1224979098644774930 1224979098644774929 125 2105 2 1224979098644774930 500 2123 3 1224979098644774931 250000 1224979098644774930 4 0 2147483678 2 1224979098644774914 1224979098644774922 2107 2 1224979098644774931 1224979098644774914 2108 2 1224979098644774931 1224979098644774922 2107 2 1224979098644774930 1224979098644774914 2108 2 1224979098644774930 1224979098644774922 3 0 1 1 936748722493063263 2107 2 1224979098644774930 72057594037927936 2108 2 1224979098644774930 100 2107 2 1224979098644774931 72057594037927936 2108 2 1224979098644774931 100 2107 2 1224979098644774930 144115188075856766 2108 2 1224979098644774930 100 2107 2 1224979098644774931 144115188075856766 2108 2 1224979098644774931 100 4 0 30 2 1224979098644774926 1 2106 2 144115188075856373 1224979098644774930 4 0 30 2 1224979098644774913 1 2106 2 144115188075856372 1224979098644774931 5 0 2106 2 144115188075856373 1224979098644774931 3 0 3 0 5 0 2121 3 1224979098644774929 1224979098644774925 1224979098644774924 2122 3 1224979098644774930 1224979098644774929 125 2105 2 1224979098644774930 500 2123 3 1224979098644774931 250000 1224979098644774930 4 0 2147483678 2 1224979098644774914 1224979098644774922 2107 2 1224979098644774931 1224979098644774914 2108 2 1224979098644774931 1224979098644774922 2107 2 1224979098644774930 1224979098644774914 2108 2 1224979098644774930 1224979098644774922 3 0 1 1 936748722493063263 2107 2 1224979098644774930 72057594037927936 2108 2 1224979098644774930 100 2107 2 1224979098644774931 72057594037927936 2108 2 1224979098644774931 100 2107 2 1224979098644774930 144115188075856766 2108 2 1224979098644774930 100 2107 2 1224979098644774931 144115188075856766 2108 2 1224979098644774931 100 4 0 30 2 1224979098644774926 1 4 0 30 2 1224979098644774912 1 2106 2 144115188075856373 1224979098644774931 5 0 2106 2 144115188075856372 1224979098644774931 3 0 2106 2 144115188075856372 1224979098644774930 3 0 3 0 455 2 1224979098644774932 0 4 0 2123 3 1224979098644774933 144115188075856372 10000 2147483679 2 1224979098644774933 1224979098644774932 400 1 1224979098644774934 1 3 936748722493063239 0 1224979098644774933 6 3 1224979098644774928 1 1224979098644774934 401 1 1224979098644774928 396 4 1224979098644774928 72 0 1224979098644774933 3 0 3 0 455 2 1224979098644774935 1 4 0 2123 3 1224979098644774936 144115188075856373 10000 2147483679 2 1224979098644774936 1224979098644774935 400 1 1224979098644774934 1 3 936748722493063239 1 1224979098644774936 6 3 1224979098644774928 1 1224979098644774934 401 1 1224979098644774928 396 4 1224979098644774928 72 1 1224979098644774936 3 0 3 0 
1.000000 0.000000 0.000000  0  39 417 0 400 1 1224979098644774912 6 3 1224979098644774913 0 1224979098644774912 401 1 1224979098644774913 2147484086 1 1224979098644774913 402 2 1224979098644774914 1224979098644774913 2147483678 2 1224979098644774914 2 404 2 1224979098644774915 1224979098644774913 30 2 1224979098644774915 0 406 2 1224979098644774916 1224979098644774913 2133 2 1224979098644774917 0 4 0 528 3 1224979098644774918 1224979098644774913 24 31 2 1224979098644774918 1 2133 2 1224979098644774917 1 508 3 1224979098644774913 24 0 5 0 4 0 2147483678 2 1224979098644774916 0 2133 2 1224979098644774917 1 5 0 2147485350 1 1224979098644774916 1760 2 1224979098644774919 1224979098644774916 32 2 1224979098644774919 144115188075856760 2133 2 1224979098644774917 1 3 0 3 0 31 2 1224979098644774917 1 1 2 936748722493063295 1224979098644774913 1541 3 1224979098644774920 1224979098644774915 8 4 0 30 2 1224979098644774920 0 2133 2 1224979098644774921 1 5 0 2133 2 1224979098644774921 0 3 0 1 4 936748722493063293 1224979098644774914 0 1224979098644774921 409 2 1224979098644774913 72057594037927936 3 0 
1.000000 0.000000 0.000000  0  31 417 0 2370 1 1224979098644774912 30 2 1224979098644774912 2 2133 2 1224979098644774913 0 2133 2 1224979098644774914 0 12 1 1224979098644774915 1707 1 1224979098644774915 1704 1 1224979098644774915 2133 2 1224979098644774916 0 4 0 1702 1 1224979098644774915 2133 2 1224979098644774916 1 5 0 1760 2 1224979098644774917 1224979098644774915 2147483680 2 1224979098644774917 144115188075856760 2133 2 1224979098644774916 1 3 0 31 2 1224979098644774916 1 1770 2 1224979098644774918 1224979098644774915 4 0 31 2 1224979098644774918 0 2105 2 1224979098644774913 1 5 0 31 2 1224979098644774918 1 2105 2 1224979098644774914 1 3 0 3 0 2121 3 144115188075856369 144115188075856770 1224979098644774913 2121 3 144115188075856370 144115188075856771 1224979098644774914 2111 2 144115188075856369 0 2111 2 144115188075856370 0 
0.000000 0.000000 0.000000  0  119 417 0 31 2 144115188075856366 1 2120 3 1224979098644774912 144115188075856369 144115188075856370 4 0 32 2 1224979098644774912 0 4 0 1073741855 2 144115188075856367 2 1073741855 2 144115188075856367 3 31 2 144115188075856367 6 455 2 1224979098644774913 0 455 2 1224979098644774914 1 2120 3 1224979098644774915 1224979098644774913 1224979098644774914 31 2 1224979098644774915 0 2370 1 1224979098644774916 2106 2 1224979098644774916 144115188075856385 2147483678 2 1224979098644774916 20 2133 2 1224979098644774917 0 5 0 2133 2 1224979098644774917 1 3 0 31 2 1224979098644774917 1 2136 3 1224979098644774918 0 1224979098644774912 2106 2 1224979098644774918 144115188075856369 4 0 2147483678 2 1224979098644774918 0 2133 2 1224979098644774919 0 5 0 2133 2 1224979098644774919 1 3 0 4 0 1073741855 2 144115188075856367 2 31 2 144115188075856367 3 2370 1 1224979098644774916 2106 2 1224979098644774916 144115188075856385 4 0 2147483680 2 1224979098644774916 20 2133 2 1224979098644774920 0 5 0 2133 2 1224979098644774920 1 3 0 5 0 2133 2 1224979098644774920 1 3 0 1 3 936748722493063291 1224979098644774919 1224979098644774920 2133 2 1224979098644774921 72057594037927936 2133 2 1224979098644774922 72057594037927937 458 2 1224979098644774923 1224979098644774919 2133 2 1224979098644774924 0 6 3 1224979098644774925 360287970189640693 360287970189640711 2173 2 1224979098644774926 1224979098644774925 31 2 1224979098644774926 1224979098644774923 2105 2 1224979098644774924 1 3 0 2133 2 1224979098644774927 0 400 1 1224979098644774928 6 3 1224979098644774929 0 1224979098644774928 401 1 1224979098644774929 402 2 1224979098644774930 1224979098644774929 31 2 1224979098644774919 1224979098644774930 2133 2 1224979098644774931 0 2120 3 1224979098644774932 35 1224979098644774924 6 3 1224979098644774933 35 1224979098644774932 568 3 1224979098644774929 1224979098644774933 1 2133 2 1224979098644774931 1 2133 2 1224979098644774932 0 3 0 30 2 1224979098644774931 1 2105 2 1224979098644774927 1 3 0 4 0 1073741854 2 1224979098644774922 0 31 2 1224979098644774927 0 1541 3 1224979098644774934 1224979098644774921 8 4 0 30 2 1224979098644774934 0 2133 2 1224979098644774935 1 5 0 2133 2 1224979098644774935 0 3 0 4 0 31 2 144115188075856367 6 2370 1 1224979098644774916 2106 2 1224979098644774916 144115188075856385 4 0 2147483678 2 1224979098644774916 20 4 0 31 2 1224979098644774919 0 1 4 936748722493063293 1224979098644774919 1 1224979098644774935 5 0 2133 2 72057594037927936 32 3 0 5 0 1 4 936748722493063293 1224979098644774919 0 1224979098644774935 3 0 5 0 1073741855 2 144115188075856367 2 31 2 144115188075856367 3 4 0 31 2 1224979098644774919 0 2133 2 72057594037927936 0 5 0 2133 2 72057594037927936 32 3 0 5 0 1 4 936748722493063293 1224979098644774919 0 1224979098644774935 3 0 2211 1 1224979098644774936 1261 1 1224979098644774936 1265 5 72057594037927936 1224979098644774921 1 1224979098644774919 1224979098644774922 2133 2 144115188075856366 0 4 0 31 2 1224979098644774919 0 2106 2 144115188075856369 1 5 0 31 2 1224979098644774919 1 2106 2 144115188075856370 1 3 0 3 0 3 0 
3.000000 0.000000 0.000000  0  16 417 0 12 1 1224979098644774912 1707 1 1224979098644774912 1704 1 1224979098644774912 1702 1 1224979098644774912 1765 2 1224979098644774913 1224979098644774912 4 0 2147484049 1 1224979098644774913 1 2 936748722493063292 1224979098644774912 5 0 402 2 1224979098644774914 1224979098644774913 1770 2 1224979098644774915 1224979098644774912 2147483679 2 1224979098644774914 1224979098644774915 1 2 936748722493063292 1224979098644774912 3 0 3 0 
20.000000 0.000000 0.000000  0  2 417 0 1 1 936748722493063211 
1.000000 0.000000 0.000000  0  68 417 0 2133 2 1224979098644774912 0 4 0 1073741855 2 144115188075856367 2 1073741855 2 144115188075856367 3 31 2 144115188075856367 6 4 0 31 2 144115188075856384 1 2370 1 1224979098644774913 2106 2 1224979098644774913 144115188075856389 2121 3 1224979098644774914 144115188075856760 1 30 2 1224979098644774913 1224979098644774914 2370 1 1224979098644774915 4 0 1073741855 2 144115188075856367 2 31 2 144115188075856367 3 2133 2 1224979098644774916 90 5 0 2133 2 1224979098644774916 120 3 0 2122 3 1224979098644774917 144115188075856762 60 2121 3 1224979098644774918 1224979098644774917 1224979098644774916 32 2 1224979098644774915 1224979098644774918 2133 2 1224979098644774912 1 3 0 31 2 1224979098644774912 1 5 0 2147483679 2 144115188075856367 2 2147483679 2 144115188075856367 3 2147483679 2 144115188075856367 6 2147483679 2 144115188075856367 5 2370 1 1224979098644774915 2122 3 1224979098644774917 144115188075856762 60 32 2 1224979098644774915 1224979098644774917 2133 2 1224979098644774912 1 5 0 455 2 1224979098644774919 0 455 2 1224979098644774920 1 4 0 2147483679 2 144115188075856367 5 4 0 1073741854 2 1224979098644774919 144115188075856763 30 2 1224979098644774920 144115188075856763 2133 2 1224979098644774912 1 3 0 5 0 2133 2 1224979098644774921 0 400 1 1224979098644774922 6 3 1224979098644774923 0 1224979098644774922 401 1 1224979098644774923 406 2 1224979098644774924 1224979098644774923 30 2 1224979098644774924 0 2147485355 1 1224979098644774924 2133 2 1224979098644774921 1 2133 2 1224979098644774922 0 3 0 31 2 1224979098644774921 1 3221225504 2 1224979098644774919 0 2147483680 2 1224979098644774920 0 2133 2 1224979098644774912 1 3 0 3 0 4 0 31 2 1224979098644774912 1 1 2 936748722493063266 144115188075856367 470 3 72057594037927936 144115188075856466 0 1 1 936748722493063174 3 0 
-21.000000 0.000000 0.000000  0  5 4 0 31 2 144115188075856368 0 2133 2 144115188075856371 1 900 1 1513209474796486674 3 0 
0.000000 0.000000 100000000.000000  0  1 900 1 1513209474796486661 
-24.000000 0.000000 0.000000  0  1 900 1 1513209474796486669 
-23.000000 0.000000 0.000000  0  4 2147484551 1 1513209474796486676 2147484551 1 1513209474796486674 31 2 144115188075856383 0 900 1 1513209474796486676 


mst_multiplayer_cf multiplayer_cf 2  -1
You_lead_your_men_to_battle. 

66 0 4112 0 16 1 0  
1 4112 0 16 1 0  
2 4112 0 16 1 0  
3 4112 0 16 1 0  
4 4112 0 16 1 0  
5 4112 0 16 1 0  
6 4112 0 16 1 0  
7 4112 0 16 1 0  
8 4112 0 16 1 0  
9 4112 0 16 1 0  
10 4112 0 16 1 0  
11 4112 0 16 1 0  
12 4112 0 16 1 0  
13 4112 0 16 1 0  
14 4112 0 16 1 0  
15 4112 0 16 1 0  
16 4112 0 16 1 0  
17 4112 0 16 1 0  
18 4112 0 16 1 0  
19 4112 0 16 1 0  
20 4112 0 16 1 0  
21 4112 0 16 1 0  
22 4112 0 16 1 0  
23 4112 0 16 1 0  
24 4112 0 16 1 0  
25 4112 0 16 1 0  
26 4112 0 16 1 0  
27 4112 0 16 1 0  
28 4112 0 16 1 0  
29 4112 0 16 1 0  
30 4112 0 16 1 0  
31 4112 0 16 1 0  
32 8208 0 16 1 0  
33 8208 0 16 1 0  
34 8208 0 16 1 0  
35 8208 0 16 1 0  
36 8208 0 16 1 0  
37 8208 0 16 1 0  
38 8208 0 16 1 0  
39 8208 0 16 1 0  
40 8208 0 16 1 0  
41 8208 0 16 1 0  
42 8208 0 16 1 0  
43 8208 0 16 1 0  
44 8208 0 16 1 0  
45 8208 0 16 1 0  
46 8208 0 16 1 0  
47 8208 0 16 1 0  
48 8208 0 16 1 0  
49 8208 0 16 1 0  
50 8208 0 16 1 0  
51 8208 0 16 1 0  
52 8208 0 16 1 0  
53 8208 0 16 1 0  
54 8208 0 16 1 0  
55 8208 0 16 1 0  
56 8208 0 16 1 0  
57 8208 0 16 1 0  
58 8208 0 16 1 0  
59 8208 0 16 1 0  
60 8208 0 16 1 0  
61 8208 0 16 1 0  
62 8208 0 16 1 0  
63 8208 0 16 1 0  
64 4112 0 16 1 0  
65 8208 0 16 1 0  
20
-25.000000 0.000000 0.000000  0  3 2071 1 1224979098644774912 1718 2 1224979098644774913 1224979098644774912 1 4 936748722493063580 1729382256910270468 1224979098644774912 1224979098644774913 
1.000000 5.000000 0.000000  8 417 0 31 2 144115188075856365 1 31 2 144115188075856800 0 2370 1 1224979098644774912 2120 3 1224979098644774913 144115188075856803 144115188075856802 1073741855 2 1224979098644774913 144115188075856801 32 2 1224979098644774912 144115188075856808 1 1 936748722493063258  8 2133 2 144115188075856365 0 4 0 1073741855 2 144115188075856804 0 31 2 144115188075856804 3 1 2 936748722493063266 144115188075856367 470 3 72057594037927936 144115188075856805 1 1 1 936748722493063174 3 0 
-25.000000 0.000000 0.000000  0  2 2071 1 1224979098644774912 1 2 936748722493063232 1224979098644774912 
-15.000000 0.000000 0.000000  0  2 2071 1 1224979098644774912 1 2 936748722493063233 1224979098644774912 
-19.000000 0.000000 0.000000  0  19 4 0 417 0 2211 1 1224979098644774912 1073741855 2 1224979098644774912 720575940379279869 1073741855 2 1224979098644774912 720575940379279870 1073741855 2 1224979098644774912 720575940379279871 31 2 1224979098644774912 720575940379279872 1780 2 0 0 1781 2 64 0 1780 2 1 32 1781 2 65 1 3 0 2133 2 144115188075856367 4 1 1 936748722493063234 2133 2 144115188075856379 0 2133 2 144115188075856380 0 1 1 936748722493063277 1 1 936748722493063276 1 1 936748722493063275 
-20.000000 0.000000 0.000000  0  16 1 2 936748722493063224 0 1 2 936748722493063224 1 426 2 0 -1 426 2 1 -1 4 0 417 0 2133 2 144115188075856366 1 1780 2 0 64 1970 1 0 1974 2 144115188075856795 0 1780 2 0 65 1970 1 0 1974 2 144115188075856796 0 3 0 1 1 936748722493063221 1 1 936748722493063237 
-16.000000 0.000000 0.000000  0  3 1 1 936748722493063278 2133 2 144115188075856371 0 900 1 1513209474796486674 
-26.000000 0.000000 0.000000  0  41 2071 1 1224979098644774912 2072 1 1224979098644774913 1 3 936748722493063235 1224979098644774912 1224979098644774913 4 0 1704 1 1224979098644774912 1756 2 1224979098644774914 1224979098644774912 4 0 4 0 417 0 30 2 1224979098644774914 0 415 1 1224979098644774915 400 1 1224979098644774916 1 3 936748722493063243 1224979098644774912 -1 1734 2 1224979098644774912 100 6 3 1224979098644774917 1 1224979098644774916 401 1 1224979098644774917 2147483679 2 1224979098644774915 1224979098644774917 396 4 1224979098644774917 70 1224979098644774912 -1 3 0 1850 2 0 1224979098644774914 791 1 0 1855 2 1224979098644774914 0 1770 2 1224979098644774918 1224979098644774912 4 0 31 2 1224979098644774918 0 2133 2 1224979098644774919 1 5 0 2133 2 1224979098644774919 0 3 0 509 3 1224979098644774919 0 2 415 1 1224979098644774915 400 1 1224979098644774916 1 3 936748722493063244 1224979098644774919 2 6 3 1224979098644774917 1 1224979098644774916 401 1 1224979098644774917 2147483679 2 1224979098644774915 1224979098644774917 396 4 1224979098644774917 71 1224979098644774919 2 3 0 3 0 3 0 3 0 
1.000000 0.000000 0.000000  0  65 417 0 6 3 1224979098644774912 0 2 4 0 549 3 1224979098644774912 0 2 2133 2 1224979098644774913 -1 4 0 31 2 1224979098644774912 0 2105 2 144115188075856379 1 30 2 144115188075856379 60 2133 2 1224979098644774913 0 5 0 2105 2 144115188075856380 1 30 2 144115188075856380 60 2133 2 1224979098644774913 1 3 0 4 0 30 2 1224979098644774913 0 4 0 31 2 1224979098644774913 0 2133 2 144115188075856379 0 5 0 31 2 1224979098644774913 1 2133 2 144115188075856380 0 3 0 509 3 1224979098644774913 0 0 1 3 936748722493063244 1224979098644774913 0 415 1 1224979098644774914 400 1 1224979098644774915 6 3 1224979098644774916 1 1224979098644774915 401 1 1224979098644774916 2147483679 2 1224979098644774914 1224979098644774916 396 4 1224979098644774916 71 1224979098644774913 0 3 0 1811 3 1224979098644774917 144115188075856795 0 1811 3 1224979098644774918 144115188075856796 0 2133 2 1224979098644774919 1224979098644774917 2133 2 1224979098644774920 64 2133 2 1224979098644774921 1224979098644774918 2133 2 1224979098644774922 65 4 0 31 2 1224979098644774913 0 1780 2 5 1224979098644774920 1855 2 1224979098644774919 5 5 0 1780 2 5 1224979098644774922 1855 2 1224979098644774921 5 3 0 2122 3 1224979098644774923 1224979098644774913 -1 2106 2 1224979098644774923 1 1 3 936748722493063250 5 1224979098644774923 6 3 1224979098644774916 0 1224979098644774915 401 1 1224979098644774916 2147483679 2 1224979098644774914 1224979098644774916 396 4 1224979098644774916 68 5 1224979098644774923 3 0 3 0 5 0 4 0 31 2 1224979098644774912 0 2133 2 144115188075856379 0 5 0 2133 2 144115188075856380 0 3 0 3 0 3 0 
1.000000 0.000000 0.000000  0  39 417 0 400 1 1224979098644774912 6 3 1224979098644774913 0 1224979098644774912 401 1 1224979098644774913 2147484086 1 1224979098644774913 402 2 1224979098644774914 1224979098644774913 2147483678 2 1224979098644774914 2 404 2 1224979098644774915 1224979098644774913 30 2 1224979098644774915 0 406 2 1224979098644774916 1224979098644774913 2133 2 1224979098644774917 0 4 0 528 3 1224979098644774918 1224979098644774913 24 31 2 1224979098644774918 1 2133 2 1224979098644774917 1 508 3 1224979098644774913 24 0 5 0 4 0 2147483678 2 1224979098644774916 0 2133 2 1224979098644774917 1 5 0 2147485350 1 1224979098644774916 1760 2 1224979098644774919 1224979098644774916 32 2 1224979098644774919 144115188075856760 2133 2 1224979098644774917 1 3 0 3 0 31 2 1224979098644774917 1 1 2 936748722493063295 1224979098644774913 1541 3 1224979098644774920 1224979098644774915 8 4 0 30 2 1224979098644774920 0 2133 2 1224979098644774921 1 5 0 2133 2 1224979098644774921 0 3 0 1 4 936748722493063293 1224979098644774914 0 1224979098644774921 409 2 1224979098644774913 72057594037927936 3 0 
1.000000 0.000000 0.000000  0  31 417 0 2370 1 1224979098644774912 30 2 1224979098644774912 2 2133 2 1224979098644774913 0 2133 2 1224979098644774914 0 12 1 1224979098644774915 1707 1 1224979098644774915 1704 1 1224979098644774915 2133 2 1224979098644774916 0 4 0 1702 1 1224979098644774915 2133 2 1224979098644774916 1 5 0 1760 2 1224979098644774917 1224979098644774915 2147483680 2 1224979098644774917 144115188075856760 2133 2 1224979098644774916 1 3 0 31 2 1224979098644774916 1 1770 2 1224979098644774918 1224979098644774915 4 0 31 2 1224979098644774918 0 2105 2 1224979098644774913 1 5 0 31 2 1224979098644774918 1 2105 2 1224979098644774914 1 3 0 3 0 2121 3 144115188075856369 144115188075856770 1224979098644774913 2121 3 144115188075856370 144115188075856771 1224979098644774914 2111 2 144115188075856369 0 2111 2 144115188075856370 0 
0.000000 0.000000 0.000000  0  119 417 0 31 2 144115188075856366 1 2120 3 1224979098644774912 144115188075856369 144115188075856370 4 0 32 2 1224979098644774912 0 4 0 1073741855 2 144115188075856367 2 1073741855 2 144115188075856367 3 31 2 144115188075856367 6 455 2 1224979098644774913 0 455 2 1224979098644774914 1 2120 3 1224979098644774915 1224979098644774913 1224979098644774914 31 2 1224979098644774915 0 2370 1 1224979098644774916 2106 2 1224979098644774916 144115188075856385 2147483678 2 1224979098644774916 20 2133 2 1224979098644774917 0 5 0 2133 2 1224979098644774917 1 3 0 31 2 1224979098644774917 1 2136 3 1224979098644774918 0 1224979098644774912 2106 2 1224979098644774918 144115188075856369 4 0 2147483678 2 1224979098644774918 0 2133 2 1224979098644774919 0 5 0 2133 2 1224979098644774919 1 3 0 4 0 1073741855 2 144115188075856367 2 31 2 144115188075856367 3 2370 1 1224979098644774916 2106 2 1224979098644774916 144115188075856385 4 0 2147483680 2 1224979098644774916 20 2133 2 1224979098644774920 0 5 0 2133 2 1224979098644774920 1 3 0 5 0 2133 2 1224979098644774920 1 3 0 1 3 936748722493063291 1224979098644774919 1224979098644774920 2133 2 1224979098644774921 72057594037927936 2133 2 1224979098644774922 72057594037927937 458 2 1224979098644774923 1224979098644774919 2133 2 1224979098644774924 0 6 3 1224979098644774925 360287970189640693 360287970189640711 2173 2 1224979098644774926 1224979098644774925 31 2 1224979098644774926 1224979098644774923 2105 2 1224979098644774924 1 3 0 2133 2 1224979098644774927 0 400 1 1224979098644774928 6 3 1224979098644774929 0 1224979098644774928 401 1 1224979098644774929 402 2 1224979098644774930 1224979098644774929 31 2 1224979098644774919 1224979098644774930 2133 2 1224979098644774931 0 2120 3 1224979098644774932 35 1224979098644774924 6 3 1224979098644774933 35 1224979098644774932 568 3 1224979098644774929 1224979098644774933 1 2133 2 1224979098644774931 1 2133 2 1224979098644774932 0 3 0 30 2 1224979098644774931 1 2105 2 1224979098644774927 1 3 0 4 0 1073741854 2 1224979098644774922 0 31 2 1224979098644774927 0 1541 3 1224979098644774934 1224979098644774921 8 4 0 30 2 1224979098644774934 0 2133 2 1224979098644774935 1 5 0 2133 2 1224979098644774935 0 3 0 4 0 31 2 144115188075856367 6 2370 1 1224979098644774916 2106 2 1224979098644774916 144115188075856385 4 0 2147483678 2 1224979098644774916 20 4 0 31 2 1224979098644774919 0 1 4 936748722493063293 1224979098644774919 1 1224979098644774935 5 0 2133 2 72057594037927936 32 3 0 5 0 1 4 936748722493063293 1224979098644774919 0 1224979098644774935 3 0 5 0 1073741855 2 144115188075856367 2 31 2 144115188075856367 3 4 0 31 2 1224979098644774919 0 2133 2 72057594037927936 0 5 0 2133 2 72057594037927936 32 3 0 5 0 1 4 936748722493063293 1224979098644774919 0 1224979098644774935 3 0 2211 1 1224979098644774936 1261 1 1224979098644774936 1265 5 72057594037927936 1224979098644774921 1 1224979098644774919 1224979098644774922 2133 2 144115188075856366 0 4 0 31 2 1224979098644774919 0 2106 2 144115188075856369 1 5 0 31 2 1224979098644774919 1 2106 2 144115188075856370 1 3 0 3 0 3 0 
3.000000 0.000000 0.000000  0  16 417 0 12 1 1224979098644774912 1707 1 1224979098644774912 1704 1 1224979098644774912 1702 1 1224979098644774912 1765 2 1224979098644774913 1224979098644774912 4 0 2147484049 1 1224979098644774913 1 2 936748722493063292 1224979098644774912 5 0 402 2 1224979098644774914 1224979098644774913 1770 2 1224979098644774915 1224979098644774912 2147483679 2 1224979098644774914 1224979098644774915 1 2 936748722493063292 1224979098644774912 3 0 3 0 
0.000000 0.000000 0.000000  0  160 417 0 1811 3 1224979098644774912 144115188075856795 0 1850 2 1 1224979098644774912 1811 3 1224979098644774913 144115188075856796 0 1850 2 2 1224979098644774913 415 1 1224979098644774914 400 1 1224979098644774915 12 1 1224979098644774916 1704 1 1224979098644774916 1702 1 1224979098644774916 2147485355 1 1224979098644774916 1714 2 1224979098644774917 1224979098644774916 31 2 1224979098644774917 -1 1756 2 1224979098644774918 1224979098644774916 1770 2 1224979098644774919 1224979098644774916 4 0 31 2 1224979098644774919 0 2133 2 1224979098644774920 1 5 0 2133 2 1224979098644774920 0 3 0 4 0 31 2 1224979098644774919 0 2133 2 1224979098644774921 1224979098644774912 2133 2 1224979098644774922 64 5 0 2133 2 1224979098644774921 1224979098644774913 2133 2 1224979098644774922 65 3 0 1710 2 3 1224979098644774916 1850 2 4 1224979098644774921 710 3 1224979098644774923 3 4 529 3 1224979098644774924 1224979098644774919 0 4 0 31 2 1224979098644774924 2 2147483678 2 1224979098644774923 100 509 3 1224979098644774919 0 0 1 3 936748722493063244 1224979098644774919 0 6 3 1224979098644774925 1 1224979098644774915 401 1 1224979098644774925 2147483679 2 1224979098644774914 1224979098644774925 396 4 1224979098644774925 71 1224979098644774919 0 3 0 1780 2 5 1224979098644774922 1855 2 1224979098644774921 5 4 0 417 0 2147485355 1 1224979098644774916 1724 2 1224979098644774926 1224979098644774916 431 2 1224979098644774927 1224979098644774926 2105 2 1224979098644774927 1 432 2 1224979098644774926 1224979098644774927 3 0 1 3 936748722493063250 5 1224979098644774916 6 3 1224979098644774925 0 1224979098644774915 401 1 1224979098644774925 2147483679 2 1224979098644774914 1224979098644774925 396 4 1224979098644774925 68 5 1224979098644774916 3 0 3 0 4 0 2147483679 2 1224979098644774918 -1 4 0 31 2 1224979098644774919 0 2133 2 1224979098644774928 1224979098644774913 2133 2 1224979098644774929 65 5 0 2133 2 1224979098644774928 1224979098644774912 2133 2 1224979098644774929 64 3 0 31 2 1224979098644774918 1224979098644774928 31 2 1224979098644774924 0 2147483678 2 1224979098644774923 100 455 2 1224979098644774930 1224979098644774919 2105 2 1224979098644774930 1 456 2 1224979098644774919 1224979098644774930 4 0 417 0 2147485355 1 1224979098644774916 1724 2 1224979098644774926 1224979098644774916 431 2 1224979098644774927 1224979098644774926 2105 2 1224979098644774927 144115188075856767 432 2 1224979098644774926 1224979098644774927 3 0 1 3 936748722493063239 1224979098644774919 1224979098644774930 6 3 1224979098644774925 1 1224979098644774915 401 1 1224979098644774925 2147483679 2 1224979098644774914 1224979098644774925 396 4 1224979098644774925 72 1224979098644774919 1224979098644774930 3 0 1757 2 1224979098644774916 -1 509 3 1224979098644774920 0 0 1 3 936748722493063243 1224979098644774916 -1 1734 2 1224979098644774916 100 6 3 1224979098644774925 1 1224979098644774915 401 1 1224979098644774925 2147483679 2 1224979098644774914 1224979098644774925 396 4 1224979098644774925 70 1224979098644774916 -1 3 0 1 3 936748722493063244 1224979098644774920 0 6 3 1224979098644774925 1 1224979098644774915 401 1 1224979098644774925 2147483679 2 1224979098644774914 1224979098644774925 396 4 1224979098644774925 71 1224979098644774920 0 3 0 1780 2 5 1224979098644774929 1855 2 1224979098644774928 5 1 3 936748722493063250 4 1224979098644774916 6 3 1224979098644774925 0 1224979098644774915 401 1 1224979098644774925 2147483679 2 1224979098644774914 1224979098644774925 396 4 1224979098644774925 68 4 1224979098644774916 3 0 3 0 31 2 1224979098644774918 -1 1710 2 3 1224979098644774916 1770 2 1224979098644774919 1224979098644774916 4 0 31 2 1224979098644774919 0 710 3 1224979098644774923 2 3 2133 2 1224979098644774928 1224979098644774913 5 0 710 3 1224979098644774923 1 3 2133 2 1224979098644774928 1224979098644774912 3 0 4 0 2147483680 2 1224979098644774923 100 2147484197 3 1224979098644774920 0 1 1757 2 1224979098644774916 1224979098644774928 1758 2 1224979098644774916 20 1759 2 1224979098644774916 50 4 0 31 2 1224979098644774919 0 2133 2 144115188075856379 0 5 0 31 2 1224979098644774919 1 2133 2 144115188075856380 0 3 0 509 3 1224979098644774920 0 1 1 3 936748722493063243 1224979098644774916 1224979098644774928 1734 2 1224979098644774916 75 6 3 1224979098644774925 1 1224979098644774915 401 1 1224979098644774925 2147483679 2 1224979098644774914 1224979098644774925 396 4 1224979098644774925 70 1224979098644774916 1224979098644774928 3 0 1 3 936748722493063244 1224979098644774920 1 6 3 1224979098644774925 1 1224979098644774915 401 1 1224979098644774925 2147483679 2 1224979098644774914 1224979098644774925 396 4 1224979098644774925 71 1224979098644774920 1 3 0 1 3 936748722493063250 6 1224979098644774916 6 3 1224979098644774925 0 1224979098644774915 401 1 1224979098644774925 2147483679 2 1224979098644774914 1224979098644774925 396 4 1224979098644774925 68 6 1224979098644774916 3 0 3 0 3 0 
20.000000 0.000000 0.000000  0  2 417 0 1 1 936748722493063211 
1.000000 0.000000 0.000000  0  68 417 0 2133 2 1224979098644774912 0 4 0 1073741855 2 144115188075856367 2 1073741855 2 144115188075856367 3 31 2 144115188075856367 6 4 0 31 2 144115188075856384 1 2370 1 1224979098644774913 2106 2 1224979098644774913 144115188075856389 2121 3 1224979098644774914 144115188075856760 1 30 2 1224979098644774913 1224979098644774914 2370 1 1224979098644774915 4 0 1073741855 2 144115188075856367 2 31 2 144115188075856367 3 2133 2 1224979098644774916 90 5 0 2133 2 1224979098644774916 120 3 0 2122 3 1224979098644774917 144115188075856762 60 2121 3 1224979098644774918 1224979098644774917 1224979098644774916 32 2 1224979098644774915 1224979098644774918 2133 2 1224979098644774912 1 3 0 31 2 1224979098644774912 1 5 0 2147483679 2 144115188075856367 2 2147483679 2 144115188075856367 3 2147483679 2 144115188075856367 6 2147483679 2 144115188075856367 5 2370 1 1224979098644774915 2122 3 1224979098644774917 144115188075856762 60 32 2 1224979098644774915 1224979098644774917 2133 2 1224979098644774912 1 5 0 455 2 1224979098644774919 0 455 2 1224979098644774920 1 4 0 2147483679 2 144115188075856367 5 4 0 1073741854 2 1224979098644774919 144115188075856763 30 2 1224979098644774920 144115188075856763 2133 2 1224979098644774912 1 3 0 5 0 2133 2 1224979098644774921 0 400 1 1224979098644774922 6 3 1224979098644774923 0 1224979098644774922 401 1 1224979098644774923 406 2 1224979098644774924 1224979098644774923 30 2 1224979098644774924 0 2147485355 1 1224979098644774924 2133 2 1224979098644774921 1 2133 2 1224979098644774922 0 3 0 31 2 1224979098644774921 1 3221225504 2 1224979098644774919 0 2147483680 2 1224979098644774920 0 2133 2 1224979098644774912 1 3 0 3 0 4 0 31 2 1224979098644774912 1 1 2 936748722493063266 144115188075856367 470 3 72057594037927936 144115188075856466 0 1 1 936748722493063174 3 0 
-21.000000 0.000000 0.000000  0  5 4 0 31 2 144115188075856368 0 2133 2 144115188075856371 1 900 1 1513209474796486674 3 0 
0.000000 0.000000 100000000.000000  0  1 900 1 1513209474796486661 
-24.000000 0.000000 0.000000  0  2 900 1 1513209474796486669 900 1 1513209474796486670 
-23.000000 0.000000 0.000000  0  4 2147484551 1 1513209474796486676 2147484551 1 1513209474796486674 31 2 144115188075856383 0 900 1 1513209474796486676 


mst_multiplayer_sg multiplayer_sg 2  -1
You_lead_your_men_to_battle. 

64 0 528400 0 16 1 0  
1 528400 0 16 1 0  
2 16 0 16 1 0  
3 16 0 16 1 0  
4 16 0 16 1 0  
5 16 0 16 1 0  
6 16 0 16 1 0  
7 16 0 16 1 0  
8 16 0 16 1 0  
9 16 0 16 1 0  
10 16 0 16 1 0  
11 16 0 16 1 0  
12 16 0 16 1 0  
13 16 0 16 1 0  
14 16 0 16 1 0  
15 16 0 16 1 0  
16 16 0 16 1 0  
17 16 0 16 1 0  
18 16 0 16 1 0  
19 16 0 16 1 0  
20 16 0 16 1 0  
21 16 0 16 1 0  
22 16 0 16 1 0  
23 16 0 16 1 0  
24 16 0 16 1 0  
25 16 0 16 1 0  
26 16 0 16 1 0  
27 16 0 16 1 0  
28 16 0 16 1 0  
29 16 0 16 1 0  
30 16 0 16 1 0  
31 16 0 16 1 0  
32 532496 0 16 1 0  
33 532496 0 16 1 0  
34 16 0 16 1 0  
35 16 0 16 1 0  
36 16 0 16 1 0  
37 16 0 16 1 0  
38 16 0 16 1 0  
39 16 0 16 1 0  
40 16 0 16 1 0  
41 16 0 16 1 0  
42 16 0 16 1 0  
43 16 0 16 1 0  
44 16 0 16 1 0  
45 16 0 16 1 0  
46 16 0 16 1 0  
47 16 0 16 1 0  
48 16 0 16 1 0  
49 16 0 16 1 0  
50 16 0 16 1 0  
51 16 0 16 1 0  
52 16 0 16 1 0  
53 16 0 16 1 0  
54 16 0 16 1 0  
55 16 0 16 1 0  
56 16 0 16 1 0  
57 16 0 16 1 0  
58 16 0 16 1 0  
59 16 0 16 1 0  
60 16 0 16 1 0  
61 16 0 16 1 0  
62 16 0 16 1 0  
63 16 0 16 1 0  
24
0.000000 0.000000 0.000000  0  232 417 0 2124 1 100 6 3 1224979098644774912 0 2 4 0 31 2 1224979098644774912 0 2133 2 1224979098644774913 1080863910568919715 5 0 2133 2 1224979098644774913 1080863910568919716 3 0 1810 2 1224979098644774914 1224979098644774913 6 3 1224979098644774915 0 1224979098644774914 1811 3 1224979098644774916 1224979098644774913 1224979098644774915 1850 2 1 1224979098644774916 1851 2 11 1224979098644774916 2120 3 1224979098644774917 11 1224979098644774915 4 0 31 2 1224979098644774912 1 1810 2 1224979098644774918 1080863910568919715 2105 2 1224979098644774917 1224979098644774918 3 0 2107 2 1224979098644774917 10 2120 3 1224979098644774919 1224979098644774917 10 6 3 1224979098644774920 1224979098644774917 1224979098644774919 1782 1 1224979098644774920 2133 2 1224979098644774919 1224979098644774920 3 0 2133 2 1224979098644774921 1224979098644774919 2106 2 1224979098644774919 1 2133 2 72057594037927936 1224979098644774919 2147485430 1 1224979098644774919 4 0 712 3 1224979098644774922 1 11 30 2 1224979098644774922 4 2133 2 1224979098644774923 -1 2133 2 1224979098644774924 -1 6 3 1224979098644774920 1224979098644774917 1224979098644774921 1780 2 4 1224979098644774920 712 3 1224979098644774925 11 4 2147483678 2 1224979098644774925 1224979098644774922 32 2 1224979098644774925 1224979098644774923 2133 2 1224979098644774923 1224979098644774925 2133 2 1224979098644774924 1224979098644774920 3 0 4 0 30 2 1224979098644774924 0 1780 2 5 1224979098644774924 5 0 700 2 5 11 3 0 710 3 1224979098644774926 1 5 4 0 31 2 1224979098644774912 0 1811 3 1224979098644774927 1080863910568919719 1224979098644774915 1811 3 1224979098644774928 1080863910568919720 1224979098644774915 5 0 1811 3 1224979098644774927 1080863910568919717 1224979098644774915 3 0 2122 3 1224979098644774929 1224979098644774915 3 4 0 31 2 1224979098644774913 1080863910568919716 1810 2 1224979098644774918 1080863910568919715 2122 3 1224979098644774930 1224979098644774918 3 2105 2 1224979098644774929 1224979098644774930 3 0 1811 3 1224979098644774931 1080863910568919722 1224979098644774929 2105 2 1224979098644774929 1 1811 3 1224979098644774932 1080863910568919722 1224979098644774929 2105 2 1224979098644774929 1 1811 3 1224979098644774933 1080863910568919722 1224979098644774929 701 1 17 721 2 17 -225 716 3 18 1 17 721 2 17 -225 716 3 19 1 17 2133 2 1224979098644774934 0 400 1 1224979098644774935 6 3 1224979098644774936 0 1224979098644774935 401 1 1224979098644774936 406 2 1224979098644774937 1224979098644774936 30 2 1224979098644774937 0 1770 2 1224979098644774938 1224979098644774937 31 2 1224979098644774938 1 1714 2 1224979098644774939 1224979098644774937 31 2 1224979098644774939 -1 1710 2 2 1224979098644774937 713 3 1224979098644774940 18 2 2147483678 2 1224979098644774940 36 2147485449 2 1224979098644774916 1224979098644774937 2147485449 2 1224979098644774927 1224979098644774937 1073741855 2 1224979098644774912 1 2147485449 2 1224979098644774928 1224979098644774937 2147485449 2 1224979098644774931 1224979098644774937 2147485449 2 1224979098644774932 1224979098644774937 2147485449 2 1224979098644774933 1224979098644774937 2147484362 2 2 19 714 2 2 1 2105 2 1224979098644774934 1 3 0 2110 2 1224979098644774934 16 4 0 530 3 1224979098644774941 1224979098644774916 3 530 3 1224979098644774942 1224979098644774916 4 3221225503 2 1224979098644774941 1224979098644774934 2147483679 2 1224979098644774942 1224979098644774924 4 0 31 2 1224979098644774942 1224979098644774924 1862 2 1224979098644774943 1224979098644774916 31 2 1224979098644774943 1 2122 3 1224979098644774944 144115188075856381 100 2125 2 1224979098644774944 1224979098644774944 2110 2 1224979098644774944 300 2133 2 1224979098644774945 1224979098644774926 2107 2 1224979098644774945 1224979098644774944 2108 2 1224979098644774945 100 2107 2 1224979098644774945 4 3 0 4 0 30 2 1224979098644774924 0 701 1 9 730 2 9 -500 729 2 9 -300 716 3 10 5 9 792 2 1224979098644774946 10 701 1 9 730 2 9 -500 729 2 9 300 716 3 10 5 9 792 2 1224979098644774947 10 2120 3 1224979098644774948 1224979098644774946 1224979098644774947 2107 2 1224979098644774948 100 2123 3 1224979098644774949 1224979098644774948 24 701 1 20 738 2 20 1224979098644774949 716 3 23 5 20 701 1 9 729 2 9 -300 716 3 10 5 9 792 2 1224979098644774950 10 701 1 9 729 2 9 300 716 3 10 5 9 792 2 1224979098644774951 10 2121 3 1224979098644774946 1224979098644774950 1224979098644774951 701 1 9 729 2 9 -300 730 2 9 -500 716 3 10 5 9 792 2 1224979098644774950 10 701 1 9 729 2 9 300 730 2 9 -500 716 3 10 5 9 792 2 1224979098644774951 10 2121 3 1224979098644774947 1224979098644774950 1224979098644774951 2120 3 1224979098644774948 1224979098644774946 1224979098644774947 2107 2 1224979098644774948 100 2123 3 1224979098644774949 1224979098644774948 24 2107 2 1224979098644774949 -1 701 1 20 739 2 20 1224979098644774949 716 3 22 23 20 5 0 700 2 22 5 3 0 4 0 30 2 1224979098644774934 1 2122 3 1224979098644774944 1224979098644774934 100 2125 2 1224979098644774944 1224979098644774944 2110 2 1224979098644774944 300 2107 2 1224979098644774926 100 2107 2 1224979098644774926 3 2108 2 1224979098644774926 1224979098644774944 1850 2 6 1224979098644774927 717 3 7 1 6 716 3 8 22 7 1860 3 1224979098644774927 8 1224979098644774926 4 0 31 2 1224979098644774912 0 1850 2 6 1224979098644774928 717 3 7 1 6 716 3 8 22 7 1860 3 1224979098644774928 8 1224979098644774926 3 0 2122 3 1224979098644774952 1224979098644774926 -25 2133 2 144115188075856381 1224979098644774934 1850 2 13 1224979098644774931 1850 2 20 1224979098644774916 717 3 7 20 13 716 3 21 22 7 1865 4 1224979098644774931 21 1224979098644774926 1224979098644774952 1850 2 13 1224979098644774932 1850 2 20 1224979098644774916 717 3 7 20 13 716 3 21 22 7 1865 4 1224979098644774932 21 1224979098644774926 1224979098644774952 1850 2 13 1224979098644774933 1850 2 20 1224979098644774916 717 3 7 20 13 716 3 21 22 7 1865 4 1224979098644774933 21 1224979098644774926 1224979098644774952 1860 3 1224979098644774916 22 1224979098644774926 5 0 1862 2 1224979098644774943 1224979098644774916 31 2 1224979098644774943 1 1861 1 1224979098644774927 4 0 31 2 1224979098644774912 0 1861 1 1224979098644774928 3 0 1861 1 1224979098644774931 1861 1 1224979098644774932 1861 1 1224979098644774933 1861 1 1224979098644774916 3 0 510 3 1224979098644774916 3 1224979098644774934 510 3 1224979098644774916 4 1224979098644774924 3 0 5 0 2147483680 2 1224979098644774922 4 550 3 1224979098644774916 5 0 510 3 1224979098644774916 5 1 4 0 31 2 1224979098644774912 0 1811 3 1224979098644774927 1080863910568919719 1224979098644774915 5 0 1811 3 1224979098644774927 1080863910568919717 1224979098644774915 3 0 1851 2 0 1224979098644774927 1860 3 1224979098644774927 0 400 3 0 3 0 3 0 
-25.000000 0.000000 0.000000  0  3 2071 1 1224979098644774912 1718 2 1224979098644774913 1224979098644774912 1 4 936748722493063580 1729382256910270468 1224979098644774912 1224979098644774913 
1.000000 5.000000 0.000000  8 417 0 31 2 144115188075856365 1 31 2 144115188075856800 0 2370 1 1224979098644774912 2120 3 1224979098644774913 144115188075856803 144115188075856802 1073741855 2 1224979098644774913 144115188075856801 32 2 1224979098644774912 144115188075856808 1 1 936748722493063258  8 2133 2 144115188075856365 0 4 0 1073741855 2 144115188075856804 0 31 2 144115188075856804 3 1 2 936748722493063266 144115188075856367 470 3 72057594037927936 144115188075856805 1 1 1 936748722493063174 3 0 
-15.000000 0.000000 0.000000  0  26 2071 1 1224979098644774912 1 2 936748722493063233 1224979098644774912 4 0 417 0 1073742225 1 1224979098644774912 31 2 1224979098644774912 0 2370 1 1224979098644774913 2106 2 1224979098644774913 144115188075856385 4 0 2147483678 2 1224979098644774913 25 2133 2 1224979098644774914 0 5 0 2147483678 2 1224979098644774913 60 2133 2 1224979098644774914 1 5 0 2147483678 2 1224979098644774913 105 2133 2 1224979098644774914 2 5 0 2147483678 2 1224979098644774913 160 2133 2 1224979098644774914 3 5 0 2133 2 1224979098644774914 144115188075856772 3 0 508 3 1224979098644774912 39 1224979098644774914 395 3 1224979098644774912 89 1224979098644774914 3 0 
-19.000000 0.000000 0.000000  0  23 2133 2 144115188075856367 6 1 1 936748722493063234 4 0 417 0 6 3 1224979098644774912 176 186 500 3 360287970189640677 1224979098644774912 -1 3 0 2133 2 144115188075856382 0 5 0 2133 2 144115188075856382 0 3 0 2133 2 144115188075856383 0 2133 2 144115188075856384 0 4 0 417 0 2133 2 144115188075856385 0 3 0 2133 2 144115188075856386 -1 2133 2 144115188075856387 0 1 1 936748722493063272 1 1 936748722493063277 1 1 936748722493063276 1 1 936748722493063275 
-20.000000 0.000000 0.000000  0  56 1 2 936748722493063224 0 426 2 0 -1 426 2 1 -1 1 1 936748722493063221 1 1 936748722493063237 2133 2 144115188075856374 0 4 0 417 0 2133 2 144115188075856366 1 1780 2 1 66 1970 1 1 1974 2 1080863910568919947 0 722 2 1 900 1970 1 1 1974 2 144115188075856795 0 2120 3 1224979098644774912 146 144115188075856374 500 3 360287970189640677 1224979098644774912 1 3 0 2105 2 144115188075856374 1 4 0 417 0 1810 2 1224979098644774913 1080863910568919715 6 3 1224979098644774914 0 1224979098644774913 1811 3 1224979098644774915 1080863910568919715 1224979098644774914 510 3 1224979098644774915 5 1 3 0 1810 2 1224979098644774913 1080863910568919716 6 3 1224979098644774914 0 1224979098644774913 1811 3 1224979098644774915 1080863910568919716 1224979098644774914 510 3 1224979098644774915 5 1 3 0 1 2 936748722493063238 1080863910568919715 1 2 936748722493063238 1080863910568919716 1810 2 1224979098644774913 1080863910568919715 6 3 1224979098644774914 0 1224979098644774913 1811 3 1224979098644774915 1080863910568919715 1224979098644774914 510 3 1224979098644774915 3 0 510 3 1224979098644774915 4 0 3 0 1810 2 1224979098644774913 1080863910568919716 6 3 1224979098644774914 0 1224979098644774913 1811 3 1224979098644774915 1080863910568919716 1224979098644774914 510 3 1224979098644774915 3 0 510 3 1224979098644774915 4 0 3 0 1810 2 1224979098644774913 1080863910568919715 6 3 1224979098644774914 0 1224979098644774913 1811 3 1224979098644774915 1080863910568919715 1224979098644774914 510 3 1224979098644774915 5 0 3 0 1810 2 1224979098644774913 1080863910568919716 6 3 1224979098644774914 0 1224979098644774913 1811 3 1224979098644774915 1080863910568919716 1224979098644774914 510 3 1224979098644774915 5 0 3 0 3 0 
-25.000000 0.000000 0.000000  0  37 2071 1 1224979098644774912 1 2 936748722493063232 1224979098644774912 4 0 2147483678 2 144115188075856386 0 415 1 1224979098644774913 30 2 1224979098644774913 0 406 2 1224979098644774914 1224979098644774913 31 2 1224979098644774914 1224979098644774912 30 2 1224979098644774914 0 1770 2 144115188075856386 1224979098644774914 3 0 4 0 2147484065 0 4 0 31 2 144115188075856384 1 2133 2 144115188075856384 0 2133 2 144115188075856382 0 1 1 936748722493063221 1 1 936748722493063272 1 1 936748722493063249 3 0 3 0 4 0 415 1 1224979098644774913 30 2 1224979098644774913 0 406 2 1224979098644774914 1224979098644774913 31 2 1224979098644774914 1224979098644774912 2105 2 144115188075856382 1 4 0 30 2 144115188075856382 144115188075856772 32 2 144115188075856772 0 415 1 1224979098644774913 402 2 1224979098644774915 1224979098644774913 31 2 1224979098644774915 0 2133 2 144115188075856382 999 3 0 3 0 
-26.000000 0.000000 0.000000  0  18 2071 1 1224979098644774912 2072 1 1224979098644774913 1 3 936748722493063235 1224979098644774912 1224979098644774913 4 0 2147483678 2 144115188075856386 0 415 1 1224979098644774914 30 2 1224979098644774914 0 406 2 1224979098644774915 1224979098644774914 30 2 1224979098644774915 0 1770 2 144115188075856386 1224979098644774915 3 0 4 0 417 0 1704 1 1224979098644774912 2147485355 1 1224979098644774912 1724 2 1224979098644774916 1224979098644774912 508 3 1224979098644774916 0 0 3 0 
-16.000000 0.000000 0.000000  0  3 1 1 936748722493063278 2133 2 144115188075856371 0 900 1 1513209474796486674 
0.000000 0.000000 0.000000  0  88 417 0 31 2 144115188075856384 0 6 3 1224979098644774912 0 144115188075856374 2120 3 1224979098644774913 156 1224979098644774912 520 3 1224979098644774914 360287970189640677 1224979098644774913 2123 3 1224979098644774915 1224979098644774914 100 2119 3 1224979098644774916 1224979098644774914 100 2133 2 1224979098644774917 0 2133 2 1224979098644774918 0 1811 3 1224979098644774919 1080863910568919947 1224979098644774912 1850 2 0 1224979098644774919 400 1 1224979098644774920 6 3 1224979098644774921 0 1224979098644774920 401 1 1224979098644774921 406 2 1224979098644774922 1224979098644774921 30 2 1224979098644774922 0 1702 1 1224979098644774922 1770 2 1224979098644774923 1224979098644774922 1710 2 1 1224979098644774922 712 3 1224979098644774924 0 1 715 3 1224979098644774925 0 1 2105 2 1224979098644774924 1224979098644774925 2147483678 2 1224979098644774924 1600 4 0 31 2 1224979098644774923 0 2105 2 1224979098644774917 1 5 0 31 2 1224979098644774923 1 2105 2 1224979098644774918 1 3 0 3 0 4 0 3221225503 2 1224979098644774915 1224979098644774917 2147483679 2 1224979098644774916 1224979098644774918 2120 3 1224979098644774926 176 1224979098644774912 520 3 1224979098644774927 360287970189640677 1224979098644774926 2119 3 1224979098644774928 1224979098644774927 100 2123 3 1224979098644774929 1224979098644774927 100 4 0 31 2 1224979098644774916 0 32 2 1224979098644774918 0 31 2 1224979098644774917 0 2133 2 1224979098644774930 2 2122 3 1224979098644774931 1224979098644774930 100 500 3 360287970189640677 1224979098644774926 1224979098644774931 3221225503 2 1224979098644774929 1224979098644774930 30 2 1224979098644774928 25 2122 3 1224979098644774932 1224979098644774930 100 2105 2 1224979098644774932 1224979098644774912 3 0 4 0 2122 3 1224979098644774914 1224979098644774917 100 2105 2 1224979098644774914 1224979098644774918 500 3 360287970189640677 1224979098644774913 1224979098644774914 400 1 1224979098644774920 1 3 936748722493063229 1224979098644774912 1224979098644774914 6 3 1224979098644774921 1 1224979098644774920 401 1 1224979098644774921 396 4 1224979098644774921 73 1224979098644774912 1224979098644774914 3 0 3 0 3 0 3 0 6 3 1224979098644774912 0 144115188075856374 31 2 144115188075856384 0 31 2 144115188075856387 0 1811 3 1224979098644774919 1080863910568919947 1224979098644774912 1850 2 0 1224979098644774919 4 0 1811 3 1224979098644774933 144115188075856795 1224979098644774912 1850 2 1 1224979098644774933 4 0 712 3 1224979098644774924 0 1 2147483678 2 1224979098644774924 400 1862 2 1224979098644774934 1224979098644774933 31 2 1224979098644774934 1 2133 2 144115188075856388 1 1861 1 1224979098644774933 400 1 1224979098644774920 1 2 936748722493063252 144115188075856388 6 3 1224979098644774921 1 1224979098644774920 401 1 1224979098644774921 395 3 1224979098644774921 69 144115188075856388 3 0 2133 2 144115188075856387 1 3 0 3 0 3 0 
0.000000 0.000000 0.000000  0  22 2133 2 1224979098644774912 144115188075856770 2133 2 1224979098644774913 144115188075856771 400 1 1224979098644774914 6 3 1224979098644774915 0 1224979098644774914 401 1 1224979098644774915 402 2 1224979098644774916 1224979098644774915 4 0 31 2 1224979098644774916 0 2105 2 1224979098644774912 1 5 0 31 2 1224979098644774916 1 2105 2 1224979098644774913 1 3 0 3 0 4 0 1073741855 2 1224979098644774912 0 31 2 1224979098644774913 0 2370 1 1224979098644774917 2106 2 1224979098644774917 144115188075856385 2147483680 2 1224979098644774917 2 2370 1 144115188075856385 3 0 
1.000000 0.000000 0.000000  6 417 0 31 2 144115188075856384 0 31 2 144115188075856387 0 2370 1 1224979098644774912 2121 3 1224979098644774913 1224979098644774912 144115188075856385 30 2 1224979098644774913 144115188075856761  17 2133 2 1224979098644774912 0 2120 3 1224979098644774913 156 1224979098644774912 520 3 1224979098644774914 360287970189640677 1224979098644774913 2119 3 1224979098644774915 1224979098644774914 100 4 0 31 2 1224979098644774915 0 2370 1 144115188075856389 2133 2 144115188075856384 1 2133 2 144115188075856387 1 2133 2 144115188075856388 0 400 1 1224979098644774916 1 2 936748722493063252 144115188075856388 6 3 1224979098644774917 1 1224979098644774916 401 1 1224979098644774917 395 3 1224979098644774917 69 144115188075856388 3 0 3 0 
1.000000 0.000000 0.000000  0  12 417 0 6 3 1224979098644774912 0 144115188075856374 2120 3 1224979098644774913 176 1224979098644774912 520 3 1224979098644774914 360287970189640677 1224979098644774913 2119 3 1224979098644774915 1224979098644774914 100 4 0 30 2 1224979098644774914 100 2147483678 2 1224979098644774915 25 2105 2 1224979098644774914 1 500 3 360287970189640677 1224979098644774913 1224979098644774914 3 0 3 0 
10.000000 0.000000 0.000000  1 417 0  40 2133 2 1224979098644774912 0 2133 2 1224979098644774913 0 400 1 1224979098644774914 6 3 1224979098644774915 0 1224979098644774914 401 1 1224979098644774915 402 2 1224979098644774916 1224979098644774915 4 0 31 2 1224979098644774916 0 2105 2 1224979098644774912 1 5 0 31 2 1224979098644774916 1 2105 2 1224979098644774913 1 3 0 3 0 2121 3 1224979098644774917 1224979098644774912 1224979098644774913 2133 2 1224979098644774918 0 4 0 4 0 2122 3 1224979098644774919 144115188075856779 -1 2147483680 2 1224979098644774917 1224979098644774919 2123 3 1224979098644774918 1224979098644774917 -2 5 0 30 2 1224979098644774917 144115188075856779 2123 3 1224979098644774918 1224979098644774917 2 3 0 3 0 4 0 32 2 1224979098644774918 0 4 0 31 2 144115188075856390 0 2133 2 144115188075856390 1 1 3 936748722493063250 3 0 400 1 1224979098644774914 6 3 1224979098644774920 1 1224979098644774914 401 1 1224979098644774920 395 3 1224979098644774920 68 3 3 0 1 1 936748722493063210 3 0 3 0 
1.000000 0.000000 3.000000  5 417 0 31 2 144115188075856384 1 2370 1 1224979098644774912 2106 2 1224979098644774912 144115188075856389 30 2 1224979098644774912 144115188075856760  177 2133 2 1224979098644774912 0 2133 2 1224979098644774913 0 400 1 1224979098644774914 6 3 1224979098644774915 0 1224979098644774914 401 1 1224979098644774915 402 2 1224979098644774916 1224979098644774915 4 0 31 2 1224979098644774916 0 2105 2 1224979098644774912 1 5 0 31 2 1224979098644774916 1 2105 2 1224979098644774913 1 3 0 3 0 2121 3 1224979098644774917 1224979098644774912 1224979098644774913 2133 2 1224979098644774918 0 4 0 4 0 2122 3 1224979098644774919 144115188075856779 -1 2147483680 2 1224979098644774917 1224979098644774919 2123 3 1224979098644774918 1224979098644774917 -2 2133 2 1224979098644774920 1 2133 2 1224979098644774921 0 5 0 30 2 1224979098644774917 144115188075856779 2123 3 1224979098644774918 1224979098644774917 2 2133 2 1224979098644774920 0 2133 2 1224979098644774921 1 3 0 3 0 4 0 32 2 1224979098644774918 0 4 0 6 3 1224979098644774922 0 1224979098644774918 2133 2 1224979098644774923 0 2133 2 1224979098644774924 -1 400 1 1224979098644774914 6 3 1224979098644774925 0 1224979098644774914 401 1 1224979098644774925 402 2 1224979098644774916 1224979098644774925 31 2 1224979098644774916 1224979098644774920 528 3 1224979098644774926 1224979098644774925 21 4 0 32 2 1224979098644774926 1224979098644774923 2133 2 1224979098644774923 1224979098644774926 2133 2 1224979098644774924 1224979098644774925 3 0 3 0 4 0 30 2 1224979098644774924 0 4 0 406 2 1224979098644774927 1224979098644774924 30 2 1224979098644774927 0 1702 1 1224979098644774927 433 2 1224979098644774928 1224979098644774924 2105 2 1224979098644774928 1 434 2 1224979098644774924 1224979098644774928 435 2 1224979098644774929 1224979098644774924 2106 2 1224979098644774929 1 436 2 1224979098644774924 1224979098644774929 431 2 1224979098644774930 1224979098644774924 2105 2 1224979098644774930 1 432 2 1224979098644774924 1224979098644774930 6 3 1224979098644774925 1 1224979098644774914 401 1 1224979098644774925 398 6 1224979098644774925 86 1224979098644774924 1224979098644774930 1224979098644774928 1224979098644774929 3 0 460 2 1224979098644774931 1224979098644774924 407 2 1224979098644774932 1224979098644774924 2105 2 1224979098644774932 1224979098644774931 408 3 1224979098644774924 1224979098644774932 15000 3 0 405 2 1224979098644774924 -1 403 2 1224979098644774924 1224979098644774921 394 2 1224979098644774924 79 3 0 3 0 1 3 936748722493063250 2 0 415 1 1224979098644774933 400 1 1224979098644774914 6 3 1224979098644774925 0 1224979098644774914 401 1 1224979098644774925 2147483679 2 1224979098644774933 1224979098644774925 395 3 1224979098644774925 68 2 3 0 2133 2 144115188075856390 0 3 0 3 0 2133 2 144115188075856390 0 400 1 1224979098644774914 6 3 1224979098644774925 0 1224979098644774914 401 1 1224979098644774925 508 3 1224979098644774925 0 0 508 3 1224979098644774925 25 0 406 2 1224979098644774934 1224979098644774925 30 2 1224979098644774934 0 1702 1 1224979098644774934 459 1 1224979098644774925 460 2 1224979098644774931 1224979098644774925 508 3 1224979098644774925 1 1224979098644774931 3 0 2133 2 1224979098644774935 500 2107 2 1224979098644774935 144115188075856785 2108 2 1224979098644774935 100 400 1 1224979098644774914 6 3 1224979098644774925 0 1224979098644774914 401 1 1224979098644774925 407 2 1224979098644774932 1224979098644774925 402 2 1224979098644774916 1224979098644774925 4 0 1073741855 2 1224979098644774916 0 31 2 1224979098644774916 1 2105 2 1224979098644774932 1224979098644774935 3 0 4 0 528 3 1224979098644774931 1224979098644774925 1 2120 3 1224979098644774936 1224979098644774932 1224979098644774931 2122 3 1224979098644774937 144115188075856783 10 2147483678 2 1224979098644774936 1224979098644774937 2121 3 1224979098644774938 1224979098644774937 1224979098644774936 2105 2 1224979098644774932 1224979098644774938 3 0 408 3 1224979098644774925 1224979098644774932 15000 3 0 2133 2 144115188075856386 -1 416 0 2133 2 144115188075856382 0 400 1 1224979098644774914 6 3 1224979098644774925 0 1224979098644774914 401 1 1224979098644774925 508 3 1224979098644774925 39 0 3 0 1 1 936748722493063248 1 1 936748722493063272 1 1 936748722493063236 1 1 936748722493063237 1 2 936748722493063238 1080863910568919715 1 2 936748722493063238 1080863910568919716 1810 2 1224979098644774939 1080863910568919715 6 3 1224979098644774940 0 1224979098644774939 1811 3 1224979098644774941 1080863910568919715 1224979098644774940 510 3 1224979098644774941 3 0 510 3 1224979098644774941 4 0 3 0 1810 2 1224979098644774939 1080863910568919715 6 3 1224979098644774940 0 1224979098644774939 1811 3 1224979098644774941 1080863910568919715 1224979098644774940 510 3 1224979098644774941 5 0 3 0 1810 2 1224979098644774939 1080863910568919716 6 3 1224979098644774940 0 1224979098644774939 1811 3 1224979098644774941 1080863910568919716 1224979098644774940 510 3 1224979098644774941 3 0 510 3 1224979098644774941 4 0 3 0 1810 2 1224979098644774939 1080863910568919716 6 3 1224979098644774940 0 1224979098644774939 1811 3 1224979098644774941 1080863910568919716 1224979098644774940 510 3 1224979098644774941 5 0 3 0 6 3 1224979098644774942 0 144115188075856374 1811 3 1224979098644774943 1080863910568919947 1224979098644774942 1850 2 1 1224979098644774943 722 2 1 900 1811 3 1224979098644774944 144115188075856795 1224979098644774942 1861 1 1224979098644774944 1855 2 1224979098644774944 1 3 0 2133 2 144115188075856384 0 2370 1 144115188075856385 1 1 936748722493063221 400 1 1224979098644774914 6 3 1224979098644774925 0 1224979098644774914 401 1 1224979098644774925 395 3 1224979098644774925 78 -9999 3 0 2133 2 144115188075856387 0 
1.000000 0.000000 0.000000  0  116 417 0 400 1 1224979098644774912 6 3 1224979098644774913 0 1224979098644774912 401 1 1224979098644774913 2147484086 1 1224979098644774913 548 3 1224979098644774913 0 0 402 2 1224979098644774914 1224979098644774913 2147483678 2 1224979098644774914 2 404 2 1224979098644774915 1224979098644774913 30 2 1224979098644774915 0 406 2 1224979098644774916 1224979098644774913 2133 2 1224979098644774917 0 2133 2 1224979098644774918 0 2133 2 1224979098644774919 0 4 0 2133 2 1224979098644774920 0 400 1 1224979098644774912 6 3 1224979098644774921 0 1224979098644774912 401 1 1224979098644774921 402 2 1224979098644774922 1224979098644774921 4 0 31 2 1224979098644774922 0 2105 2 1224979098644774918 1 5 0 31 2 1224979098644774922 1 2105 2 1224979098644774919 1 3 0 2105 2 1224979098644774920 1 3 0 2370 1 1224979098644774923 2106 2 1224979098644774923 144115188075856385 31 2 144115188075856384 0 4 0 2147483678 2 1224979098644774916 0 4 0 31 2 1224979098644774914 0 528 3 1224979098644774924 1224979098644774913 28 2370 1 1224979098644774925 2121 3 1224979098644774926 1224979098644774925 1224979098644774924 2133 2 1224979098644774927 144115188075856760 2105 2 1224979098644774927 27 2147483678 2 1224979098644774926 1224979098644774927 2121 3 1224979098644774923 1224979098644774925 144115188075856385 30 2 1224979098644774923 30 32 2 1224979098644774920 2 2122 3 1224979098644774928 1224979098644774918 1224979098644774919 2147483679 2 1224979098644774928 0 2133 2 1224979098644774917 0 5 0 2133 2 1224979098644774917 1 3 0 5 0 1760 2 1224979098644774926 1224979098644774916 2133 2 1224979098644774927 144115188075856760 4 0 31 2 1224979098644774914 0 2105 2 1224979098644774927 27 3 0 1073741856 2 1224979098644774926 1224979098644774927 548 3 1224979098644774913 25 0 2133 2 1224979098644774917 1 3 0 3 0 528 3 1224979098644774929 1224979098644774913 39 4 0 32 2 144115188075856772 0 4 0 31 2 1224979098644774917 1 31 2 1224979098644774914 0 30 2 1224979098644774929 144115188075856772 2133 2 1224979098644774917 0 5 0 31 2 1224979098644774917 1 31 2 1224979098644774914 1 30 2 1224979098644774929 999 2133 2 1224979098644774917 0 3 0 3 0 31 2 1224979098644774917 1 1 2 936748722493063295 1224979098644774913 528 3 1224979098644774929 1224979098644774913 39 2105 2 1224979098644774929 1 508 3 1224979098644774913 39 1224979098644774929 4 0 30 2 1224979098644774929 144115188075856772 32 2 144115188075856772 0 31 2 1224979098644774914 0 2133 2 1224979098644774929 999 508 3 1224979098644774913 39 1224979098644774929 3 0 2133 2 1224979098644774930 0 422 3 1224979098644774931 1224979098644774913 8 4 0 1073741857 3 1224979098644774931 288230376151711890 288230376151711901 1073741855 2 1224979098644774931 288230376151711899 31 2 1224979098644774931 288230376151711898 2133 2 1224979098644774930 1 3 0 4 0 2147483678 2 1224979098644774923 20 4 0 31 2 1224979098644774914 0 1 4 936748722493063293 1224979098644774914 1 1224979098644774930 2133 2 1224979098644774932 72057594037927936 5 0 31 2 1224979098644774914 1 2133 2 1224979098644774932 32 3 0 5 0 1 4 936748722493063293 1224979098644774914 0 1224979098644774930 2133 2 1224979098644774932 72057594037927936 3 0 409 2 1224979098644774913 1224979098644774932 508 3 1224979098644774913 0 1 508 3 1224979098644774913 25 1 3 0 
1.000000 0.000000 0.000000  0  31 417 0 2370 1 1224979098644774912 30 2 1224979098644774912 2 2133 2 1224979098644774913 0 2133 2 1224979098644774914 0 12 1 1224979098644774915 1707 1 1224979098644774915 1704 1 1224979098644774915 2133 2 1224979098644774916 0 4 0 1702 1 1224979098644774915 2133 2 1224979098644774916 1 5 0 1760 2 1224979098644774917 1224979098644774915 2147483680 2 1224979098644774917 144115188075856760 2133 2 1224979098644774916 1 3 0 31 2 1224979098644774916 1 1770 2 1224979098644774918 1224979098644774915 4 0 31 2 1224979098644774918 0 2105 2 1224979098644774913 1 5 0 31 2 1224979098644774918 1 2105 2 1224979098644774914 1 3 0 3 0 2121 3 144115188075856369 144115188075856770 1224979098644774913 2121 3 144115188075856370 144115188075856771 1224979098644774914 2111 2 144115188075856369 0 2111 2 144115188075856370 0 
0.000000 0.000000 0.000000  0  119 417 0 31 2 144115188075856366 1 2120 3 1224979098644774912 144115188075856369 144115188075856370 4 0 32 2 1224979098644774912 0 4 0 1073741855 2 144115188075856367 2 1073741855 2 144115188075856367 3 31 2 144115188075856367 6 455 2 1224979098644774913 0 455 2 1224979098644774914 1 2120 3 1224979098644774915 1224979098644774913 1224979098644774914 31 2 1224979098644774915 0 2370 1 1224979098644774916 2106 2 1224979098644774916 144115188075856385 2147483678 2 1224979098644774916 20 2133 2 1224979098644774917 0 5 0 2133 2 1224979098644774917 1 3 0 31 2 1224979098644774917 1 2136 3 1224979098644774918 0 1224979098644774912 2106 2 1224979098644774918 144115188075856369 4 0 2147483678 2 1224979098644774918 0 2133 2 1224979098644774919 0 5 0 2133 2 1224979098644774919 1 3 0 4 0 1073741855 2 144115188075856367 2 31 2 144115188075856367 3 2370 1 1224979098644774916 2106 2 1224979098644774916 144115188075856385 4 0 2147483680 2 1224979098644774916 20 2133 2 1224979098644774920 0 5 0 2133 2 1224979098644774920 1 3 0 5 0 2133 2 1224979098644774920 1 3 0 1 3 936748722493063291 1224979098644774919 1224979098644774920 2133 2 1224979098644774921 72057594037927936 2133 2 1224979098644774922 72057594037927937 458 2 1224979098644774923 1224979098644774919 2133 2 1224979098644774924 0 6 3 1224979098644774925 360287970189640693 360287970189640711 2173 2 1224979098644774926 1224979098644774925 31 2 1224979098644774926 1224979098644774923 2105 2 1224979098644774924 1 3 0 2133 2 1224979098644774927 0 400 1 1224979098644774928 6 3 1224979098644774929 0 1224979098644774928 401 1 1224979098644774929 402 2 1224979098644774930 1224979098644774929 31 2 1224979098644774919 1224979098644774930 2133 2 1224979098644774931 0 2120 3 1224979098644774932 35 1224979098644774924 6 3 1224979098644774933 35 1224979098644774932 568 3 1224979098644774929 1224979098644774933 1 2133 2 1224979098644774931 1 2133 2 1224979098644774932 0 3 0 30 2 1224979098644774931 1 2105 2 1224979098644774927 1 3 0 4 0 1073741854 2 1224979098644774922 0 31 2 1224979098644774927 0 1541 3 1224979098644774934 1224979098644774921 8 4 0 30 2 1224979098644774934 0 2133 2 1224979098644774935 1 5 0 2133 2 1224979098644774935 0 3 0 4 0 31 2 144115188075856367 6 2370 1 1224979098644774916 2106 2 1224979098644774916 144115188075856385 4 0 2147483678 2 1224979098644774916 20 4 0 31 2 1224979098644774919 0 1 4 936748722493063293 1224979098644774919 1 1224979098644774935 5 0 2133 2 72057594037927936 32 3 0 5 0 1 4 936748722493063293 1224979098644774919 0 1224979098644774935 3 0 5 0 1073741855 2 144115188075856367 2 31 2 144115188075856367 3 4 0 31 2 1224979098644774919 0 2133 2 72057594037927936 0 5 0 2133 2 72057594037927936 32 3 0 5 0 1 4 936748722493063293 1224979098644774919 0 1224979098644774935 3 0 2211 1 1224979098644774936 1261 1 1224979098644774936 1265 5 72057594037927936 1224979098644774921 1 1224979098644774919 1224979098644774922 2133 2 144115188075856366 0 4 0 31 2 1224979098644774919 0 2106 2 144115188075856369 1 5 0 31 2 1224979098644774919 1 2106 2 144115188075856370 1 3 0 3 0 3 0 
3.000000 0.000000 0.000000  0  16 417 0 12 1 1224979098644774912 1707 1 1224979098644774912 1704 1 1224979098644774912 1702 1 1224979098644774912 1765 2 1224979098644774913 1224979098644774912 4 0 2147484049 1 1224979098644774913 1 2 936748722493063292 1224979098644774912 5 0 402 2 1224979098644774914 1224979098644774913 1770 2 1224979098644774915 1224979098644774912 2147483679 2 1224979098644774914 1224979098644774915 1 2 936748722493063292 1224979098644774912 3 0 3 0 
1.000000 0.000000 0.000000  0  68 417 0 2133 2 1224979098644774912 0 4 0 1073741855 2 144115188075856367 2 1073741855 2 144115188075856367 3 31 2 144115188075856367 6 4 0 31 2 144115188075856384 1 2370 1 1224979098644774913 2106 2 1224979098644774913 144115188075856389 2121 3 1224979098644774914 144115188075856760 1 30 2 1224979098644774913 1224979098644774914 2370 1 1224979098644774915 4 0 1073741855 2 144115188075856367 2 31 2 144115188075856367 3 2133 2 1224979098644774916 90 5 0 2133 2 1224979098644774916 120 3 0 2122 3 1224979098644774917 144115188075856762 60 2121 3 1224979098644774918 1224979098644774917 1224979098644774916 32 2 1224979098644774915 1224979098644774918 2133 2 1224979098644774912 1 3 0 31 2 1224979098644774912 1 5 0 2147483679 2 144115188075856367 2 2147483679 2 144115188075856367 3 2147483679 2 144115188075856367 6 2147483679 2 144115188075856367 5 2370 1 1224979098644774915 2122 3 1224979098644774917 144115188075856762 60 32 2 1224979098644774915 1224979098644774917 2133 2 1224979098644774912 1 5 0 455 2 1224979098644774919 0 455 2 1224979098644774920 1 4 0 2147483679 2 144115188075856367 5 4 0 1073741854 2 1224979098644774919 144115188075856763 30 2 1224979098644774920 144115188075856763 2133 2 1224979098644774912 1 3 0 5 0 2133 2 1224979098644774921 0 400 1 1224979098644774922 6 3 1224979098644774923 0 1224979098644774922 401 1 1224979098644774923 406 2 1224979098644774924 1224979098644774923 30 2 1224979098644774924 0 2147485355 1 1224979098644774924 2133 2 1224979098644774921 1 2133 2 1224979098644774922 0 3 0 31 2 1224979098644774921 1 3221225504 2 1224979098644774919 0 2147483680 2 1224979098644774920 0 2133 2 1224979098644774912 1 3 0 3 0 4 0 31 2 1224979098644774912 1 1 2 936748722493063266 144115188075856367 470 3 72057594037927936 144115188075856466 0 1 1 936748722493063174 3 0 
-21.000000 0.000000 0.000000  0  5 4 0 31 2 144115188075856368 0 2133 2 144115188075856371 1 900 1 1513209474796486674 3 0 
0.000000 0.000000 100000000.000000  0  1 900 1 1513209474796486661 
-24.000000 0.000000 0.000000  0  2 900 1 1513209474796486668 900 1 1513209474796486669 
-23.000000 0.000000 0.000000  0  4 2147484551 1 1513209474796486676 2147484551 1 1513209474796486674 31 2 144115188075856383 0 900 1 1513209474796486676 


mst_multiplayer_bt multiplayer_bt 2  -1
You_lead_your_men_to_battle. 

64 0 528400 0 16 1 0  
1 528400 0 16 1 0  
2 4112 0 16 1 0  
3 4112 0 16 1 0  
4 4112 0 16 1 0  
5 4112 0 16 1 0  
6 4112 0 16 1 0  
7 4112 0 16 1 0  
8 4112 0 16 1 0  
9 4112 0 16 1 0  
10 4112 0 16 1 0  
11 4112 0 16 1 0  
12 4112 0 16 1 0  
13 4112 0 16 1 0  
14 4112 0 16 1 0  
15 4112 0 16 1 0  
16 8208 0 16 1 0  
17 8208 0 16 1 0  
18 8208 0 16 1 0  
19 8208 0 16 1 0  
20 8208 0 16 1 0  
21 8208 0 16 1 0  
22 8208 0 16 1 0  
23 8208 0 16 1 0  
24 8208 0 16 1 0  
25 8208 0 16 1 0  
26 8208 0 16 1 0  
27 8208 0 16 1 0  
28 8208 0 16 1 0  
29 8208 0 16 1 0  
30 8208 0 16 1 0  
31 8208 0 16 1 0  
32 528400 0 16 1 0  
33 528400 0 16 1 0  
34 4112 0 16 1 0  
35 4112 0 16 1 0  
36 4112 0 16 1 0  
37 4112 0 16 1 0  
38 4112 0 16 1 0  
39 4112 0 16 1 0  
40 4112 0 16 1 0  
41 4112 0 16 1 0  
42 4112 0 16 1 0  
43 4112 0 16 1 0  
44 4112 0 16 1 0  
45 4112 0 16 1 0  
46 4112 0 16 1 0  
47 4112 0 16 1 0  
48 8208 0 16 1 0  
49 8208 0 16 1 0  
50 8208 0 16 1 0  
51 8208 0 16 1 0  
52 8208 0 16 1 0  
53 8208 0 16 1 0  
54 8208 0 16 1 0  
55 8208 0 16 1 0  
56 8208 0 16 1 0  
57 8208 0 16 1 0  
58 8208 0 16 1 0  
59 8208 0 16 1 0  
60 8208 0 16 1 0  
61 8208 0 16 1 0  
62 8208 0 16 1 0  
63 8208 0 16 1 0  
25
-25.000000 0.000000 0.000000  0  3 2071 1 1224979098644774912 1718 2 1224979098644774913 1224979098644774912 1 4 936748722493063580 1729382256910270468 1224979098644774912 1224979098644774913 
1.000000 5.000000 0.000000  8 417 0 31 2 144115188075856365 1 31 2 144115188075856800 0 2370 1 1224979098644774912 2120 3 1224979098644774913 144115188075856803 144115188075856802 1073741855 2 1224979098644774913 144115188075856801 32 2 1224979098644774912 144115188075856808 1 1 936748722493063258  8 2133 2 144115188075856365 0 4 0 1073741855 2 144115188075856804 0 31 2 144115188075856804 3 1 2 936748722493063266 144115188075856367 470 3 72057594037927936 144115188075856805 1 1 1 936748722493063174 3 0 
-15.000000 0.000000 0.000000  0  2 2071 1 1224979098644774912 1 2 936748722493063233 1224979098644774912 
-19.000000 0.000000 0.000000  0  15 2133 2 144115188075856367 2 1 1 936748722493063234 2133 2 144115188075856383 0 2133 2 144115188075856384 0 2133 2 144115188075856391 0 2133 2 144115188075856392 0 4 0 417 0 2133 2 144115188075857127 0 2133 2 144115188075856385 0 3 0 2133 2 144115188075856386 -1 1 1 936748722493063277 1 1 936748722493063276 1 1 936748722493063275 
-20.000000 0.000000 0.000000  0  32 1 2 936748722493063224 0 1 2 936748722493063224 1 426 2 0 -1 426 2 1 -1 4 0 417 0 2133 2 144115188075856366 1 1780 2 0 67 791 1 0 722 2 0 -2000 720 2 0 100 1970 1 0 1974 2 1080863910568919947 0 720 2 0 -200 1970 1 0 1974 2 1080863910568919947 0 1811 3 1224979098644774912 1080863910568919947 0 1850 2 0 1224979098644774912 1974 2 144115188075856795 0 722 2 0 100 1855 2 72057594037927936 0 1811 3 1224979098644774913 1080863910568919947 1 1850 2 0 1224979098644774913 1974 2 144115188075856796 0 722 2 0 100 1855 2 72057594037927936 0 2133 2 144115188075856369 144115188075856770 2133 2 144115188075856370 144115188075856771 3 0 1 1 936748722493063221 1 1 936748722493063272 1 1 936748722493063237 
-25.000000 0.000000 0.000000  0  26 2071 1 1224979098644774912 1 2 936748722493063232 1224979098644774912 4 0 2147483678 2 144115188075856386 0 415 1 1224979098644774913 30 2 1224979098644774913 0 406 2 1224979098644774914 1224979098644774913 31 2 1224979098644774914 1224979098644774912 30 2 1224979098644774914 0 1770 2 144115188075856386 1224979098644774914 3 0 1 1 936748722493063246 4 0 2147484065 0 4 0 31 2 144115188075856384 1 2133 2 144115188075856384 0 1 1 936748722493063221 1 1 936748722493063272 1 1 936748722493063249 4 0 31 2 144115188075856390 1 2133 2 144115188075856390 0 3 0 3 0 3 0 
-26.000000 0.000000 0.000000  0  80 2071 1 1224979098644774912 2072 1 1224979098644774913 1 3 936748722493063235 1224979098644774912 1224979098644774913 4 0 2147483678 2 144115188075856386 0 415 1 1224979098644774914 30 2 1224979098644774914 0 406 2 1224979098644774915 1224979098644774914 30 2 1224979098644774915 0 1770 2 144115188075856386 1224979098644774915 3 0 4 0 1704 1 1224979098644774912 2133 2 1224979098644774916 0 2133 2 1224979098644774917 0 12 1 1224979098644774918 1704 1 1224979098644774918 4 0 1702 1 1224979098644774918 1770 2 1224979098644774919 1224979098644774918 4 0 31 2 1224979098644774919 0 2105 2 1224979098644774916 1 5 0 31 2 1224979098644774919 1 2105 2 1224979098644774917 1 3 0 3 0 3 0 4 0 31 2 144115188075856384 0 4 0 1073741855 2 1224979098644774916 0 31 2 1224979098644774917 0 2133 2 144115188075856388 -1 2133 2 72057594037927936 144115188075856760 4 0 31 2 1224979098644774916 0 4 0 2147483679 2 1224979098644774917 0 455 2 1224979098644774920 1 2105 2 1224979098644774920 1 456 2 1 1224979098644774920 2133 2 144115188075856388 1 3 0 1 3 936748722493063250 12 144115188075856388 1 2 936748722493063253 144115188075856388 5 0 4 0 2147483679 2 1224979098644774916 0 455 2 1224979098644774921 0 2105 2 1224979098644774921 1 456 2 0 1224979098644774921 2133 2 144115188075856388 0 3 0 1 3 936748722493063250 12 144115188075856388 1 2 936748722493063253 144115188075856388 3 0 2370 1 144115188075856389 2133 2 144115188075856384 1 3 0 3 0 3 0 4 0 417 0 1704 1 1224979098644774912 2147485355 1 1224979098644774912 30 2 1224979098644774912 0 1724 2 1224979098644774922 1224979098644774912 30 2 1224979098644774922 0 2124 1 100 1724 2 1224979098644774922 1224979098644774912 1710 2 0 1224979098644774912 726 2 1224979098644774923 0 727 2 1224979098644774924 0 728 2 1224979098644774925 0 508 3 1224979098644774922 29 1224979098644774923 508 3 1224979098644774922 30 1224979098644774924 508 3 1224979098644774922 31 1224979098644774925 3 0 
-16.000000 0.000000 0.000000  0  3 1 1 936748722493063278 2133 2 144115188075856371 0 900 1 1513209474796486674 
1.000000 0.000000 0.000000  42 417 0 31 2 144115188075856384 0 2370 1 1224979098644774912 2121 3 1224979098644774913 1224979098644774912 144115188075856385 30 2 1224979098644774913 144115188075856761 2133 2 1224979098644774914 0 4 0 31 2 144115188075856391 2 1811 3 1224979098644774915 1080863910568919947 0 1811 3 1224979098644774916 1080863910568919947 1 1811 3 1224979098644774917 144115188075856795 0 1811 3 1224979098644774918 144115188075856796 0 1850 2 1 1224979098644774915 1850 2 2 1224979098644774916 1850 2 3 1224979098644774917 1850 2 4 1224979098644774918 710 3 1224979098644774919 1 3 710 3 1224979098644774920 2 4 2120 3 1224979098644774921 1224979098644774919 50 2120 3 1224979098644774922 1224979098644774920 50 4 0 2147483680 2 1224979098644774919 1224979098644774922 1862 2 1224979098644774923 1224979098644774917 31 2 1224979098644774923 1 1863 2 5 1224979098644774917 728 2 1224979098644774924 5 728 2 1224979098644774925 3 30 2 1224979098644774924 1224979098644774925 2133 2 1224979098644774914 1 3 0 4 0 2147483680 2 1224979098644774920 1224979098644774921 1862 2 1224979098644774923 1224979098644774918 31 2 1224979098644774923 1 1863 2 5 1224979098644774918 728 2 1224979098644774924 5 728 2 1224979098644774926 4 30 2 1224979098644774924 1224979098644774926 2133 2 1224979098644774914 1 3 0 3 0 31 2 1224979098644774914 0  34 2370 1 144115188075856389 2133 2 144115188075856384 1 2133 2 144115188075856388 -1 4 0 31 2 144115188075856391 2 1811 3 1224979098644774912 1080863910568919947 0 1811 3 1224979098644774913 1080863910568919947 1 1811 3 1224979098644774914 144115188075856795 0 1811 3 1224979098644774915 144115188075856796 0 1850 2 1 1224979098644774912 1850 2 2 1224979098644774913 1850 2 3 1224979098644774914 1850 2 4 1224979098644774915 710 3 1224979098644774916 1 3 710 3 1224979098644774917 2 4 4 0 30 2 1224979098644774916 1224979098644774917 2121 3 1224979098644774918 1224979098644774916 1224979098644774917 30 2 1224979098644774918 50 2133 2 144115188075856388 0 5 0 2121 3 1224979098644774918 1224979098644774917 1224979098644774916 30 2 1224979098644774918 50 2133 2 144115188075856388 1 3 0 3 0 415 1 1224979098644774919 1 2 936748722493063252 144115188075856388 400 1 1224979098644774920 6 3 1224979098644774921 1 1224979098644774920 401 1 1224979098644774921 2147483679 2 1224979098644774921 1224979098644774919 395 3 1224979098644774921 69 144115188075856388 3 0 
10.000000 0.000000 0.000000  1 417 0  40 2133 2 1224979098644774912 0 2133 2 1224979098644774913 0 400 1 1224979098644774914 6 3 1224979098644774915 0 1224979098644774914 401 1 1224979098644774915 402 2 1224979098644774916 1224979098644774915 4 0 31 2 1224979098644774916 0 2105 2 1224979098644774912 1 5 0 31 2 1224979098644774916 1 2105 2 1224979098644774913 1 3 0 3 0 2121 3 1224979098644774917 1224979098644774912 1224979098644774913 2133 2 1224979098644774918 0 4 0 4 0 2122 3 1224979098644774919 144115188075856779 -1 2147483680 2 1224979098644774917 1224979098644774919 2123 3 1224979098644774918 1224979098644774917 -2 5 0 30 2 1224979098644774917 144115188075856779 2123 3 1224979098644774918 1224979098644774917 2 3 0 3 0 4 0 32 2 1224979098644774918 0 4 0 31 2 144115188075856390 0 2133 2 144115188075856390 1 1 3 936748722493063250 3 0 400 1 1224979098644774914 6 3 1224979098644774920 1 1224979098644774914 401 1 1224979098644774920 395 3 1224979098644774920 68 3 3 0 1 1 936748722493063210 3 0 3 0 
1.000000 0.000000 0.000000  7 417 0 31 2 144115188075856384 0 31 2 144115188075856391 0 2370 1 1224979098644774912 2106 2 1224979098644774912 144115188075856385 2123 3 144115188075856393 144115188075856761 2 30 2 1224979098644774912 144115188075856393  2 1 1 936748722493063246 2133 2 144115188075856391 1 
1.000000 0.000000 0.000000  11 417 0 31 2 144115188075856384 0 31 2 144115188075856391 1 2370 1 1224979098644774912 2106 2 1224979098644774912 144115188075856798 2120 3 1224979098644774913 144115188075856797 144115188075856392 30 2 1224979098644774912 1224979098644774913 2370 1 1224979098644774914 2121 3 1224979098644774915 1224979098644774914 144115188075856385 2121 3 1224979098644774916 144115188075856761 15 2147483678 2 1224979098644774915 1224979098644774916  26 2133 2 144115188075856391 2 1 1 936748722493063245 400 1 1224979098644774912 6 3 1224979098644774913 1 1224979098644774912 401 1 1224979098644774913 395 2 1224979098644774913 80 3 0 1811 3 1224979098644774914 1080863910568919947 0 1811 3 1224979098644774915 1080863910568919947 1 1811 3 1224979098644774916 144115188075856795 0 1811 3 1224979098644774917 144115188075856796 0 2136 3 144115188075856394 0 3 2105 2 144115188075856394 67 1780 2 0 144115188075856394 791 1 0 720 2 0 100 1855 2 1224979098644774914 0 720 2 0 -200 1855 2 1224979098644774915 0 1850 2 0 1224979098644774914 722 2 0 100 1855 2 1224979098644774916 0 1850 2 0 1224979098644774915 722 2 0 100 1855 2 1224979098644774917 0 900 1 1513209474796486671 
3.000000 0.000000 0.000000  8 417 0 31 2 144115188075856384 0 31 2 144115188075856391 1 2370 1 1224979098644774912 2106 2 1224979098644774912 144115188075856798 2120 3 1224979098644774913 144115188075856797 144115188075856392 2106 2 1224979098644774913 20 30 2 1224979098644774912 1224979098644774913  21 2133 2 1224979098644774912 0 12 1 1224979098644774913 31 2 1224979098644774912 0 1704 1 1224979098644774913 12 1 1224979098644774914 1704 1 1224979098644774914 2147483679 2 1224979098644774913 1224979098644774914 1770 2 1224979098644774915 1224979098644774913 1770 2 1224979098644774916 1224979098644774914 2147483679 2 1224979098644774915 1224979098644774916 1710 2 1 1224979098644774913 1710 2 2 1224979098644774914 713 3 1224979098644774917 1 2 2147483680 2 1224979098644774917 49 2133 2 1224979098644774912 1 3 0 3 0 4 0 31 2 1224979098644774912 1 2105 2 144115188075856392 3 3 0 
3.000000 0.000000 0.000000  11 417 0 31 2 144115188075856384 0 31 2 144115188075856391 1 2370 1 1224979098644774912 2121 3 1224979098644774913 1224979098644774912 144115188075856385 2121 3 1224979098644774914 144115188075856761 66 30 2 1224979098644774913 1224979098644774914 2370 1 1224979098644774912 2121 3 1224979098644774913 1224979098644774912 144115188075856385 2121 3 1224979098644774915 144115188075856761 24 2147483680 2 1224979098644774913 1224979098644774915  1 2105 2 144115188075856392 1 
0.000000 0.000000 0.000000  3 417 0 31 2 144115188075856384 0 31 2 144115188075856391 2  178 2124 1 100 1811 3 1224979098644774912 1080863910568919947 0 1811 3 1224979098644774913 1080863910568919947 1 1811 3 1224979098644774914 144115188075856795 0 1811 3 1224979098644774915 144115188075856796 0 1850 2 1 1224979098644774912 1850 2 2 1224979098644774913 1850 2 3 1224979098644774914 1850 2 4 1224979098644774915 700 2 7 1 722 2 7 100 700 2 8 2 722 2 8 100 710 3 1224979098644774916 1 3 710 3 1224979098644774917 2 4 2133 2 1224979098644774918 0 2133 2 1224979098644774919 0 400 1 1224979098644774920 6 3 1224979098644774921 0 1224979098644774920 401 1 1224979098644774921 406 2 1224979098644774922 1224979098644774921 30 2 1224979098644774922 0 1704 1 1224979098644774922 1702 1 1224979098644774922 1770 2 1224979098644774923 1224979098644774922 1710 2 0 1224979098644774922 1714 2 1224979098644774924 1224979098644774922 31 2 1224979098644774924 -1 4 0 31 2 1224979098644774923 0 4 0 712 3 1224979098644774925 0 1 2147483678 2 1224979098644774925 1600 4 0 1073741855 2 1224979098644774918 0 31 2 1224979098644774918 1 2133 2 1224979098644774918 1 5 0 2133 2 1224979098644774918 -2 3 0 3 0 4 0 712 3 1224979098644774925 0 2 2147483678 2 1224979098644774925 1600 4 0 31 2 1224979098644774919 0 2133 2 1224979098644774919 -1 5 0 31 2 1224979098644774919 1 2133 2 1224979098644774919 -2 3 0 3 0 5 0 31 2 1224979098644774923 1 4 0 712 3 1224979098644774925 0 2 2147483678 2 1224979098644774925 1600 4 0 1073741855 2 1224979098644774919 0 31 2 1224979098644774919 1 2133 2 1224979098644774919 1 5 0 2133 2 1224979098644774919 -2 3 0 3 0 4 0 712 3 1224979098644774925 0 1 2147483678 2 1224979098644774925 1600 4 0 31 2 1224979098644774918 0 2133 2 1224979098644774918 -1 5 0 31 2 1224979098644774918 1 2133 2 1224979098644774918 -2 3 0 3 0 3 0 3 0 4 0 30 2 1224979098644774916 800 2133 2 144115188075856388 0 400 1 1224979098644774920 1 2 936748722493063252 144115188075856388 6 3 1224979098644774921 1 1224979098644774920 401 1 1224979098644774921 395 3 1224979098644774921 69 144115188075856388 3 0 455 2 1224979098644774926 0 1 3 936748722493063239 0 1224979098644774926 6 3 1224979098644774921 1 1224979098644774920 401 1 1224979098644774921 396 4 1224979098644774921 72 0 1224979098644774926 3 0 2370 1 144115188075856389 2133 2 144115188075856384 1 5 0 30 2 1224979098644774917 800 2133 2 144115188075856388 1 400 1 1224979098644774920 1 2 936748722493063252 144115188075856388 6 3 1224979098644774921 1 1224979098644774920 401 1 1224979098644774921 395 3 1224979098644774921 69 144115188075856388 3 0 455 2 1224979098644774927 1 1 3 936748722493063239 1 1224979098644774927 6 3 1224979098644774921 1 1224979098644774920 401 1 1224979098644774921 396 4 1224979098644774921 72 1 1224979098644774927 3 0 1 3 936748722493063250 12 0 1 2 936748722493063253 144115188075856388 2370 1 144115188075856389 2133 2 144115188075856384 1 3 0 4 0 31 2 144115188075856384 0 728 2 1224979098644774928 3 1862 2 1224979098644774929 1224979098644774914 4 0 31 2 1224979098644774918 -2 31 2 1224979098644774929 1 1861 1 1224979098644774914 5 0 1073741855 2 1224979098644774918 0 31 2 1224979098644774918 -1 1863 2 9 1224979098644774914 728 2 1224979098644774930 9 1073741855 2 1224979098644774929 0 32 2 1224979098644774930 1224979098644774928 710 3 1224979098644774931 3 7 32 2 1224979098644774931 0 2107 2 1224979098644774931 16 1860 3 1224979098644774914 7 1224979098644774931 5 0 31 2 1224979098644774918 1 1863 2 9 1224979098644774914 728 2 1224979098644774930 9 1073741855 2 1224979098644774929 0 2147483678 2 1224979098644774930 1224979098644774928 700 2 5 1 722 2 5 800 710 3 1224979098644774931 3 5 32 2 1224979098644774931 0 2107 2 1224979098644774931 8 1860 3 1224979098644774914 5 1224979098644774931 3 0 728 2 1224979098644774932 4 1862 2 1224979098644774929 1224979098644774915 4 0 31 2 1224979098644774919 -2 31 2 1224979098644774929 1 1861 1 1224979098644774915 5 0 1073741855 2 1224979098644774919 0 31 2 1224979098644774919 -1 1863 2 9 1224979098644774915 728 2 1224979098644774933 9 1073741855 2 1224979098644774929 0 32 2 1224979098644774933 1224979098644774932 710 3 1224979098644774934 4 8 32 2 1224979098644774934 0 2107 2 1224979098644774934 16 1860 3 1224979098644774915 8 1224979098644774934 5 0 31 2 1224979098644774919 1 1863 2 9 1224979098644774915 728 2 1224979098644774933 9 1073741855 2 1224979098644774929 0 2147483678 2 1224979098644774933 1224979098644774932 700 2 6 2 722 2 6 800 710 3 1224979098644774934 4 6 32 2 1224979098644774934 0 2107 2 1224979098644774934 8 1860 3 1224979098644774915 6 1224979098644774934 3 0 3 0 
1.000000 0.000000 3.000000  5 417 0 31 2 144115188075856384 1 2370 1 1224979098644774912 2106 2 1224979098644774912 144115188075856389 30 2 1224979098644774912 144115188075856760  144 2133 2 1224979098644774912 0 2133 2 1224979098644774913 0 400 1 1224979098644774914 6 3 1224979098644774915 0 1224979098644774914 401 1 1224979098644774915 402 2 1224979098644774916 1224979098644774915 4 0 31 2 1224979098644774916 0 2105 2 1224979098644774912 1 5 0 31 2 1224979098644774916 1 2105 2 1224979098644774913 1 3 0 3 0 2121 3 1224979098644774917 1224979098644774912 1224979098644774913 2133 2 1224979098644774918 0 4 0 4 0 2122 3 1224979098644774919 144115188075856779 -1 2147483680 2 1224979098644774917 1224979098644774919 2123 3 1224979098644774918 1224979098644774917 -2 2133 2 1224979098644774920 1 2133 2 1224979098644774921 0 5 0 30 2 1224979098644774917 144115188075856779 2123 3 1224979098644774918 1224979098644774917 2 2133 2 1224979098644774920 0 2133 2 1224979098644774921 1 3 0 3 0 4 0 32 2 1224979098644774918 0 4 0 6 3 1224979098644774922 0 1224979098644774918 2133 2 1224979098644774923 0 2133 2 1224979098644774924 -1 400 1 1224979098644774914 6 3 1224979098644774925 0 1224979098644774914 401 1 1224979098644774925 402 2 1224979098644774916 1224979098644774925 31 2 1224979098644774916 1224979098644774920 528 3 1224979098644774926 1224979098644774925 21 4 0 32 2 1224979098644774926 1224979098644774923 2133 2 1224979098644774923 1224979098644774926 2133 2 1224979098644774924 1224979098644774925 3 0 3 0 4 0 30 2 1224979098644774924 0 4 0 406 2 1224979098644774927 1224979098644774924 30 2 1224979098644774927 0 1702 1 1224979098644774927 433 2 1224979098644774928 1224979098644774924 2105 2 1224979098644774928 1 434 2 1224979098644774924 1224979098644774928 435 2 1224979098644774929 1224979098644774924 2106 2 1224979098644774929 1 436 2 1224979098644774924 1224979098644774929 431 2 1224979098644774930 1224979098644774924 2105 2 1224979098644774930 1 432 2 1224979098644774924 1224979098644774930 6 3 1224979098644774925 1 1224979098644774914 401 1 1224979098644774925 398 6 1224979098644774925 86 1224979098644774924 1224979098644774930 1224979098644774928 1224979098644774929 3 0 460 2 1224979098644774931 1224979098644774924 407 2 1224979098644774932 1224979098644774924 2105 2 1224979098644774932 1224979098644774931 408 3 1224979098644774924 1224979098644774932 15000 3 0 405 2 1224979098644774924 -1 403 2 1224979098644774924 1224979098644774921 394 2 1224979098644774924 79 3 0 3 0 1 3 936748722493063250 2 0 415 1 1224979098644774933 400 1 1224979098644774914 6 3 1224979098644774925 0 1224979098644774914 401 1 1224979098644774925 2147483679 2 1224979098644774933 1224979098644774925 395 3 1224979098644774925 68 2 3 0 2133 2 144115188075856390 0 3 0 3 0 2133 2 144115188075856390 0 400 1 1224979098644774914 6 3 1224979098644774925 0 1224979098644774914 401 1 1224979098644774925 508 3 1224979098644774925 0 0 406 2 1224979098644774934 1224979098644774925 30 2 1224979098644774934 0 1702 1 1224979098644774934 459 1 1224979098644774925 460 2 1224979098644774931 1224979098644774925 508 3 1224979098644774925 1 1224979098644774931 3 0 2133 2 1224979098644774935 500 2107 2 1224979098644774935 144115188075856785 2108 2 1224979098644774935 100 400 1 1224979098644774914 6 3 1224979098644774925 0 1224979098644774914 401 1 1224979098644774925 407 2 1224979098644774932 1224979098644774925 402 2 1224979098644774916 1224979098644774925 4 0 1073741855 2 1224979098644774916 0 31 2 1224979098644774916 1 2105 2 1224979098644774932 1224979098644774935 3 0 4 0 528 3 1224979098644774931 1224979098644774925 1 2120 3 1224979098644774936 1224979098644774932 1224979098644774931 2122 3 1224979098644774937 144115188075856783 10 2147483678 2 1224979098644774936 1224979098644774937 2121 3 1224979098644774938 1224979098644774937 1224979098644774936 2105 2 1224979098644774932 1224979098644774938 3 0 408 3 1224979098644774925 1224979098644774932 15000 3 0 2133 2 144115188075856386 -1 416 0 1 1 936748722493063272 4 0 31 2 144115188075856391 2 1 1 936748722493063226 3 0 2133 2 144115188075856391 0 2133 2 144115188075856392 0 1 1 936748722493063236 1 1 936748722493063237 2133 2 144115188075856384 0 2133 2 144115188075856369 144115188075856770 2133 2 144115188075856370 144115188075856771 2370 1 144115188075856385 1 1 936748722493063221 400 1 1224979098644774914 6 3 1224979098644774925 0 1224979098644774914 401 1 1224979098644774925 395 3 1224979098644774925 78 -9999 3 0 
0.000000 0.000000 0.000000  0  22 2133 2 1224979098644774912 144115188075856770 2133 2 1224979098644774913 144115188075856771 400 1 1224979098644774914 6 3 1224979098644774915 0 1224979098644774914 401 1 1224979098644774915 402 2 1224979098644774916 1224979098644774915 4 0 31 2 1224979098644774916 0 2105 2 1224979098644774912 1 5 0 31 2 1224979098644774916 1 2105 2 1224979098644774913 1 3 0 3 0 4 0 1073741855 2 1224979098644774912 0 31 2 1224979098644774913 0 2370 1 1224979098644774917 2106 2 1224979098644774917 144115188075856385 2147483680 2 1224979098644774917 2 2370 1 144115188075856385 3 0 
1.000000 0.000000 0.000000  0  77 417 0 400 1 1224979098644774912 6 3 1224979098644774913 0 1224979098644774912 401 1 1224979098644774913 2147484086 1 1224979098644774913 4 0 548 3 1224979098644774913 0 0 402 2 1224979098644774914 1224979098644774913 2147483678 2 1224979098644774914 2 404 2 1224979098644774915 1224979098644774913 30 2 1224979098644774915 0 2133 2 1224979098644774916 0 2133 2 1224979098644774917 0 2133 2 1224979098644774918 0 4 0 2133 2 1224979098644774919 0 400 1 1224979098644774912 6 3 1224979098644774920 0 1224979098644774912 401 1 1224979098644774920 2105 2 1224979098644774919 1 402 2 1224979098644774921 1224979098644774920 4 0 31 2 1224979098644774921 0 2105 2 1224979098644774917 1 5 0 31 2 1224979098644774921 1 2105 2 1224979098644774918 1 3 0 3 0 2122 3 1224979098644774922 1224979098644774917 1224979098644774918 2370 1 1224979098644774923 2106 2 1224979098644774923 144115188075856385 3221225502 2 1224979098644774923 30 3221225504 2 1224979098644774919 2 31 2 1224979098644774922 0 31 2 144115188075856384 0 2133 2 1224979098644774916 1 3 0 31 2 1224979098644774916 1 4 0 31 2 1224979098644774914 0 2133 2 1224979098644774924 0 5 0 31 2 1224979098644774914 1 2133 2 1224979098644774924 32 3 0 1 2 936748722493063295 1224979098644774913 409 2 1224979098644774913 1224979098644774924 508 3 1224979098644774913 0 1 5 0 31 2 144115188075856780 1 406 2 1224979098644774925 1224979098644774913 30 2 1224979098644774925 0 2147485350 1 1224979098644774925 1760 2 1224979098644774926 1224979098644774925 32 2 1224979098644774926 144115188075856760 402 2 1224979098644774914 1224979098644774913 2133 2 1224979098644774927 0 12 1 1224979098644774928 31 2 1224979098644774927 0 1702 1 1224979098644774928 1704 1 1224979098644774928 1707 1 1224979098644774928 1770 2 1224979098644774929 1224979098644774928 31 2 1224979098644774929 1224979098644774914 2133 2 1224979098644774927 1 3 0 4 0 31 2 1224979098644774927 1 1 2 936748722493063254 1224979098644774913 421 2 1224979098644774913 72057594037927936 528 3 1224979098644774930 1224979098644774913 0 2105 2 1224979098644774930 1 508 3 1224979098644774913 0 1224979098644774930 3 0 3 0 3 0 
0.000000 0.000000 0.000000  0  119 417 0 31 2 144115188075856366 1 2120 3 1224979098644774912 144115188075856369 144115188075856370 4 0 32 2 1224979098644774912 0 4 0 1073741855 2 144115188075856367 2 1073741855 2 144115188075856367 3 31 2 144115188075856367 6 455 2 1224979098644774913 0 455 2 1224979098644774914 1 2120 3 1224979098644774915 1224979098644774913 1224979098644774914 31 2 1224979098644774915 0 2370 1 1224979098644774916 2106 2 1224979098644774916 144115188075856385 2147483678 2 1224979098644774916 20 2133 2 1224979098644774917 0 5 0 2133 2 1224979098644774917 1 3 0 31 2 1224979098644774917 1 2136 3 1224979098644774918 0 1224979098644774912 2106 2 1224979098644774918 144115188075856369 4 0 2147483678 2 1224979098644774918 0 2133 2 1224979098644774919 0 5 0 2133 2 1224979098644774919 1 3 0 4 0 1073741855 2 144115188075856367 2 31 2 144115188075856367 3 2370 1 1224979098644774916 2106 2 1224979098644774916 144115188075856385 4 0 2147483680 2 1224979098644774916 20 2133 2 1224979098644774920 0 5 0 2133 2 1224979098644774920 1 3 0 5 0 2133 2 1224979098644774920 1 3 0 1 3 936748722493063291 1224979098644774919 1224979098644774920 2133 2 1224979098644774921 72057594037927936 2133 2 1224979098644774922 72057594037927937 458 2 1224979098644774923 1224979098644774919 2133 2 1224979098644774924 0 6 3 1224979098644774925 360287970189640693 360287970189640711 2173 2 1224979098644774926 1224979098644774925 31 2 1224979098644774926 1224979098644774923 2105 2 1224979098644774924 1 3 0 2133 2 1224979098644774927 0 400 1 1224979098644774928 6 3 1224979098644774929 0 1224979098644774928 401 1 1224979098644774929 402 2 1224979098644774930 1224979098644774929 31 2 1224979098644774919 1224979098644774930 2133 2 1224979098644774931 0 2120 3 1224979098644774932 35 1224979098644774924 6 3 1224979098644774933 35 1224979098644774932 568 3 1224979098644774929 1224979098644774933 1 2133 2 1224979098644774931 1 2133 2 1224979098644774932 0 3 0 30 2 1224979098644774931 1 2105 2 1224979098644774927 1 3 0 4 0 1073741854 2 1224979098644774922 0 31 2 1224979098644774927 0 1541 3 1224979098644774934 1224979098644774921 8 4 0 30 2 1224979098644774934 0 2133 2 1224979098644774935 1 5 0 2133 2 1224979098644774935 0 3 0 4 0 31 2 144115188075856367 6 2370 1 1224979098644774916 2106 2 1224979098644774916 144115188075856385 4 0 2147483678 2 1224979098644774916 20 4 0 31 2 1224979098644774919 0 1 4 936748722493063293 1224979098644774919 1 1224979098644774935 5 0 2133 2 72057594037927936 32 3 0 5 0 1 4 936748722493063293 1224979098644774919 0 1224979098644774935 3 0 5 0 1073741855 2 144115188075856367 2 31 2 144115188075856367 3 4 0 31 2 1224979098644774919 0 2133 2 72057594037927936 0 5 0 2133 2 72057594037927936 32 3 0 5 0 1 4 936748722493063293 1224979098644774919 0 1224979098644774935 3 0 2211 1 1224979098644774936 1261 1 1224979098644774936 1265 5 72057594037927936 1224979098644774921 1 1224979098644774919 1224979098644774922 2133 2 144115188075856366 0 4 0 31 2 1224979098644774919 0 2106 2 144115188075856369 1 5 0 31 2 1224979098644774919 1 2106 2 144115188075856370 1 3 0 3 0 3 0 
3.000000 0.000000 0.000000  0  16 417 0 12 1 1224979098644774912 1707 1 1224979098644774912 1704 1 1224979098644774912 1702 1 1224979098644774912 1765 2 1224979098644774913 1224979098644774912 4 0 2147484049 1 1224979098644774913 1 2 936748722493063292 1224979098644774912 5 0 402 2 1224979098644774914 1224979098644774913 1770 2 1224979098644774915 1224979098644774912 2147483679 2 1224979098644774914 1224979098644774915 1 2 936748722493063292 1224979098644774912 3 0 3 0 
1.000000 0.000000 0.000000  0  68 417 0 2133 2 1224979098644774912 0 4 0 1073741855 2 144115188075856367 2 1073741855 2 144115188075856367 3 31 2 144115188075856367 6 4 0 31 2 144115188075856384 1 2370 1 1224979098644774913 2106 2 1224979098644774913 144115188075856389 2121 3 1224979098644774914 144115188075856760 1 30 2 1224979098644774913 1224979098644774914 2370 1 1224979098644774915 4 0 1073741855 2 144115188075856367 2 31 2 144115188075856367 3 2133 2 1224979098644774916 90 5 0 2133 2 1224979098644774916 120 3 0 2122 3 1224979098644774917 144115188075856762 60 2121 3 1224979098644774918 1224979098644774917 1224979098644774916 32 2 1224979098644774915 1224979098644774918 2133 2 1224979098644774912 1 3 0 31 2 1224979098644774912 1 5 0 2147483679 2 144115188075856367 2 2147483679 2 144115188075856367 3 2147483679 2 144115188075856367 6 2147483679 2 144115188075856367 5 2370 1 1224979098644774915 2122 3 1224979098644774917 144115188075856762 60 32 2 1224979098644774915 1224979098644774917 2133 2 1224979098644774912 1 5 0 455 2 1224979098644774919 0 455 2 1224979098644774920 1 4 0 2147483679 2 144115188075856367 5 4 0 1073741854 2 1224979098644774919 144115188075856763 30 2 1224979098644774920 144115188075856763 2133 2 1224979098644774912 1 3 0 5 0 2133 2 1224979098644774921 0 400 1 1224979098644774922 6 3 1224979098644774923 0 1224979098644774922 401 1 1224979098644774923 406 2 1224979098644774924 1224979098644774923 30 2 1224979098644774924 0 2147485355 1 1224979098644774924 2133 2 1224979098644774921 1 2133 2 1224979098644774922 0 3 0 31 2 1224979098644774921 1 3221225504 2 1224979098644774919 0 2147483680 2 1224979098644774920 0 2133 2 1224979098644774912 1 3 0 3 0 4 0 31 2 1224979098644774912 1 1 2 936748722493063266 144115188075856367 470 3 72057594037927936 144115188075856466 0 1 1 936748722493063174 3 0 
-21.000000 0.000000 0.000000  0  5 4 0 31 2 144115188075856368 0 2133 2 144115188075856371 1 900 1 1513209474796486674 3 0 
0.000000 0.000000 100000000.000000  0  1 900 1 1513209474796486661 
-24.000000 0.000000 0.000000  0  6 900 1 1513209474796486668 900 1 1513209474796486669 4 0 31 2 144115188075856391 2 900 1 1513209474796486671 3 0 
-23.000000 0.000000 0.000000  0  4 2147484551 1 1513209474796486676 2147484551 1 1513209474796486674 31 2 144115188075856383 0 900 1 1513209474796486676 


mst_multiplayer_fd multiplayer_fd 2  -1
You_lead_your_men_to_battle. 

64 0 528400 0 16 1 0  
1 528400 0 16 1 0  
2 4112 0 16 1 0  
3 4112 0 16 1 0  
4 4112 0 16 1 0  
5 4112 0 16 1 0  
6 4112 0 16 1 0  
7 4112 0 16 1 0  
8 4112 0 16 1 0  
9 4112 0 16 1 0  
10 4112 0 16 1 0  
11 4112 0 16 1 0  
12 4112 0 16 1 0  
13 4112 0 16 1 0  
14 4112 0 16 1 0  
15 4112 0 16 1 0  
16 8208 0 16 1 0  
17 8208 0 16 1 0  
18 8208 0 16 1 0  
19 8208 0 16 1 0  
20 8208 0 16 1 0  
21 8208 0 16 1 0  
22 8208 0 16 1 0  
23 8208 0 16 1 0  
24 8208 0 16 1 0  
25 8208 0 16 1 0  
26 8208 0 16 1 0  
27 8208 0 16 1 0  
28 8208 0 16 1 0  
29 8208 0 16 1 0  
30 8208 0 16 1 0  
31 8208 0 16 1 0  
32 528400 0 16 1 0  
33 528400 0 16 1 0  
34 4112 0 16 1 0  
35 4112 0 16 1 0  
36 4112 0 16 1 0  
37 4112 0 16 1 0  
38 4112 0 16 1 0  
39 4112 0 16 1 0  
40 4112 0 16 1 0  
41 4112 0 16 1 0  
42 4112 0 16 1 0  
43 4112 0 16 1 0  
44 4112 0 16 1 0  
45 4112 0 16 1 0  
46 4112 0 16 1 0  
47 4112 0 16 1 0  
48 8208 0 16 1 0  
49 8208 0 16 1 0  
50 8208 0 16 1 0  
51 8208 0 16 1 0  
52 8208 0 16 1 0  
53 8208 0 16 1 0  
54 8208 0 16 1 0  
55 8208 0 16 1 0  
56 8208 0 16 1 0  
57 8208 0 16 1 0  
58 8208 0 16 1 0  
59 8208 0 16 1 0  
60 8208 0 16 1 0  
61 8208 0 16 1 0  
62 8208 0 16 1 0  
63 8208 0 16 1 0  
22
-25.000000 0.000000 0.000000  0  3 2071 1 1224979098644774912 1718 2 1224979098644774913 1224979098644774912 1 4 936748722493063580 1729382256910270468 1224979098644774912 1224979098644774913 
1.000000 5.000000 0.000000  8 417 0 31 2 144115188075856365 1 31 2 144115188075856800 0 2370 1 1224979098644774912 2120 3 1224979098644774913 144115188075856803 144115188075856802 1073741855 2 1224979098644774913 144115188075856801 32 2 1224979098644774912 144115188075856808 1 1 936748722493063258  8 2133 2 144115188075856365 0 4 0 1073741855 2 144115188075856804 0 31 2 144115188075856804 3 1 2 936748722493063266 144115188075856367 470 3 72057594037927936 144115188075856805 1 1 1 936748722493063174 3 0 
-15.000000 0.000000 0.000000  0  2 2071 1 1224979098644774912 1 2 936748722493063233 1224979098644774912 
-19.000000 0.000000 0.000000  0  12 2133 2 144115188075856367 3 1 1 936748722493063234 2133 2 144115188075856383 0 2133 2 144115188075856384 0 2133 2 144115188075856392 0 4 0 417 0 2133 2 144115188075856385 0 3 0 2133 2 144115188075856386 -1 1 1 936748722493063277 1 1 936748722493063275 
-20.000000 0.000000 0.000000  0  39 1 2 936748722493063224 0 1 2 936748722493063224 1 426 2 0 -1 426 2 1 -1 1 1 936748722493063221 1 1 936748722493063272 1 1 936748722493063237 2133 2 144115188075856395 1080863910568919104 2133 2 144115188075856396 1080863910568919727 1810 2 1224979098644774912 144115188075856395 6 3 1224979098644774913 0 1224979098644774912 1811 3 1224979098644774914 144115188075856395 1224979098644774913 30 2 1224979098644774914 0 1818 2 1224979098644774914 0 3 0 1810 2 1224979098644774915 144115188075856396 6 3 1224979098644774916 0 1224979098644774915 1811 3 1224979098644774917 144115188075856396 1224979098644774916 30 2 1224979098644774917 0 1818 2 1224979098644774917 0 3 0 4 0 1810 2 1224979098644774918 1080863910568919104 30 2 1224979098644774918 1 1811 3 1224979098644774919 1080863910568919104 0 1817 2 144115188075856397 1224979098644774919 5 0 1810 2 1224979098644774920 1080863910568919727 30 2 1224979098644774920 1 1811 3 1224979098644774921 1080863910568919727 0 1817 2 144115188075856397 1224979098644774921 3 0 2133 2 144115188075856398 0 4 0 2133 2 144115188075856369 144115188075856770 2133 2 144115188075856370 144115188075856771 3 0 900 1 1513209474796486672 2133 2 144115188075856366 1 
-25.000000 0.000000 0.000000  0  26 2071 1 1224979098644774912 1 2 936748722493063232 1224979098644774912 4 0 2147483678 2 144115188075856386 0 415 1 1224979098644774913 30 2 1224979098644774913 0 406 2 1224979098644774914 1224979098644774913 31 2 1224979098644774914 1224979098644774912 30 2 1224979098644774914 0 1770 2 144115188075856386 1224979098644774914 3 0 4 0 2147484065 0 4 0 31 2 144115188075856384 1 2133 2 144115188075856384 0 1 1 936748722493063221 1 1 936748722493063272 1 1 936748722493063249 900 1 1513209474796486672 4 0 31 2 144115188075856390 1 2133 2 144115188075856390 0 3 0 3 0 3 0 
-26.000000 0.000000 0.000000  0  116 2071 1 1224979098644774912 2072 1 1224979098644774913 1 3 936748722493063235 1224979098644774912 1224979098644774913 4 0 2147483678 2 144115188075856386 0 415 1 1224979098644774914 30 2 1224979098644774914 0 406 2 1224979098644774915 1224979098644774914 30 2 1224979098644774915 0 1770 2 144115188075856386 1224979098644774915 3 0 4 0 1704 1 1224979098644774912 2133 2 1224979098644774916 0 2133 2 1224979098644774917 0 12 1 1224979098644774918 1704 1 1224979098644774918 4 0 1702 1 1224979098644774918 1770 2 1224979098644774919 1224979098644774918 4 0 31 2 1224979098644774919 0 2105 2 1224979098644774916 1 5 0 31 2 1224979098644774919 1 2105 2 1224979098644774917 1 3 0 3 0 3 0 4 0 31 2 144115188075856384 0 4 0 1073741855 2 1224979098644774916 0 31 2 1224979098644774917 0 2133 2 144115188075856388 -1 2133 2 72057594037927936 144115188075856760 4 0 31 2 1224979098644774916 0 4 0 2147483679 2 1224979098644774917 0 2133 2 144115188075856388 1 3 0 4 0 31 2 144115188075856388 -1 5 0 31 2 144115188075856397 1 4 0 2147484065 0 1 1 936748722493063247 3 0 2121 3 1224979098644774920 2 144115188075856398 1 3 936748722493063250 16 1224979098644774920 5 0 1 3 936748722493063250 17 0 3 0 5 0 4 0 2147483679 2 1224979098644774916 0 2133 2 144115188075856388 0 3 0 4 0 31 2 144115188075856388 -1 5 0 31 2 144115188075856397 0 4 0 2147484065 0 1 1 936748722493063247 3 0 2121 3 1224979098644774920 2 144115188075856398 1 3 936748722493063250 16 1224979098644774920 5 0 1 3 936748722493063250 17 0 3 0 3 0 2370 1 144115188075856389 2133 2 144115188075856384 1 4 0 417 0 30 2 144115188075856388 0 2147483678 2 144115188075856388 2 2147483679 2 144115188075856388 -1 455 2 1224979098644774921 144115188075856388 2121 3 1224979098644774922 2 144115188075856398 2105 2 1224979098644774921 1224979098644774922 1 3 936748722493063239 144115188075856388 1224979098644774921 400 1 1224979098644774923 6 3 1224979098644774924 1 1224979098644774923 401 1 1224979098644774924 396 4 1224979098644774924 72 144115188075856388 1224979098644774921 3 0 3 0 4 0 2147483679 2 144115188075856397 144115188075856388 2147483679 2 144115188075856388 -1 2133 2 144115188075856398 2 3 0 3 0 3 0 3 0 4 0 417 0 1704 1 1224979098644774912 2147485355 1 1224979098644774912 30 2 1224979098644774912 0 1724 2 1224979098644774925 1224979098644774912 30 2 1224979098644774925 0 2124 1 100 1724 2 1224979098644774925 1224979098644774912 1710 2 0 1224979098644774912 726 2 1224979098644774926 0 727 2 1224979098644774927 0 728 2 1224979098644774928 0 508 3 1224979098644774925 29 1224979098644774926 508 3 1224979098644774925 30 1224979098644774927 508 3 1224979098644774925 31 1224979098644774928 3 0 
-16.000000 0.000000 0.000000  0  3 1 1 936748722493063278 2133 2 144115188075856371 0 900 1 1513209474796486674 
1.000000 0.000000 0.000000  3 417 0 31 2 144115188075856384 0 31 2 144115188075856398 2  10 2370 1 144115188075856389 2133 2 144115188075856384 1 415 1 1224979098644774912 1 2 936748722493063252 -9 400 1 1224979098644774913 6 3 1224979098644774914 1 1224979098644774913 401 1 1224979098644774914 2147483679 2 1224979098644774914 1224979098644774912 395 3 1224979098644774914 69 -9 3 0 
1.000000 0.000000 0.000000  5 417 0 31 2 144115188075856384 0 2370 1 1224979098644774912 2121 3 1224979098644774913 1224979098644774912 144115188075856385 30 2 1224979098644774913 144115188075856761  30 2370 1 144115188075856389 2133 2 144115188075856384 1 2133 2 144115188075856388 -9 415 1 1224979098644774912 2121 3 1224979098644774913 2 144115188075856398 1 3 936748722493063250 16 1224979098644774913 400 1 1224979098644774914 6 3 1224979098644774915 1 1224979098644774914 401 1 1224979098644774915 396 4 1224979098644774915 68 16 1224979098644774913 3 0 1 2 936748722493063252 144115188075856388 400 1 1224979098644774914 6 3 1224979098644774915 1 1224979098644774914 401 1 1224979098644774915 2147483679 2 1224979098644774915 1224979098644774912 395 3 1224979098644774915 69 144115188075856388 3 0 4 0 417 0 2133 2 144115188075856388 144115188075856397 455 2 1224979098644774916 144115188075856388 2121 3 1224979098644774917 2 144115188075856398 2105 2 1224979098644774916 1224979098644774917 1 3 936748722493063239 144115188075856388 1224979098644774916 6 3 1224979098644774915 1 1224979098644774914 401 1 1224979098644774915 396 4 1224979098644774915 72 144115188075856388 1224979098644774916 3 0 3 0 
10.000000 0.000000 0.000000  1 417 0  40 2133 2 1224979098644774912 0 2133 2 1224979098644774913 0 400 1 1224979098644774914 6 3 1224979098644774915 0 1224979098644774914 401 1 1224979098644774915 402 2 1224979098644774916 1224979098644774915 4 0 31 2 1224979098644774916 0 2105 2 1224979098644774912 1 5 0 31 2 1224979098644774916 1 2105 2 1224979098644774913 1 3 0 3 0 2121 3 1224979098644774917 1224979098644774912 1224979098644774913 2133 2 1224979098644774918 0 4 0 4 0 2122 3 1224979098644774919 144115188075856779 -1 2147483680 2 1224979098644774917 1224979098644774919 2123 3 1224979098644774918 1224979098644774917 -2 5 0 30 2 1224979098644774917 144115188075856779 2123 3 1224979098644774918 1224979098644774917 2 3 0 3 0 4 0 32 2 1224979098644774918 0 4 0 31 2 144115188075856390 0 2133 2 144115188075856390 1 1 3 936748722493063250 3 0 400 1 1224979098644774914 6 3 1224979098644774920 1 1224979098644774914 401 1 1224979098644774920 395 3 1224979098644774920 68 3 3 0 1 1 936748722493063210 3 0 3 0 
0.000000 0.000000 0.000000  3 417 0 31 2 144115188075856384 0 31 2 144115188075856391 2  177 2124 1 100 1811 3 1224979098644774912 1080863910568919947 0 1811 3 1224979098644774913 1080863910568919947 1 1811 3 1224979098644774914 144115188075856795 0 1811 3 1224979098644774915 144115188075856796 0 1850 2 1 1224979098644774912 1850 2 2 1224979098644774913 1850 2 3 1224979098644774914 1850 2 4 1224979098644774915 700 2 7 1 722 2 7 100 700 2 8 2 722 2 8 100 710 3 1224979098644774916 1 3 710 3 1224979098644774917 2 4 2133 2 1224979098644774918 0 2133 2 1224979098644774919 0 400 1 1224979098644774920 6 3 1224979098644774921 0 1224979098644774920 401 1 1224979098644774921 406 2 1224979098644774922 1224979098644774921 30 2 1224979098644774922 0 1704 1 1224979098644774922 1702 1 1224979098644774922 1770 2 1224979098644774923 1224979098644774922 1710 2 0 1224979098644774922 1714 2 1224979098644774924 1224979098644774922 31 2 1224979098644774924 -1 4 0 31 2 1224979098644774923 0 4 0 712 3 1224979098644774925 0 1 2147483678 2 1224979098644774925 1600 4 0 31 2 1224979098644774918 0 2133 2 1224979098644774918 1 5 0 31 2 1224979098644774918 -1 2133 2 1224979098644774918 -2 3 0 3 0 4 0 712 3 1224979098644774925 0 2 2147483678 2 1224979098644774925 1600 4 0 31 2 1224979098644774919 0 2133 2 1224979098644774919 -1 5 0 31 2 1224979098644774919 1 2133 2 1224979098644774919 -2 3 0 3 0 5 0 31 2 1224979098644774923 1 4 0 712 3 1224979098644774925 0 2 2147483678 2 1224979098644774925 1600 4 0 31 2 1224979098644774919 0 2133 2 1224979098644774919 1 5 0 2133 2 1224979098644774919 -2 3 0 3 0 4 0 712 3 1224979098644774925 0 1 2147483678 2 1224979098644774925 1600 4 0 31 2 1224979098644774918 0 2133 2 1224979098644774918 -1 5 0 31 2 1224979098644774918 1 2133 2 1224979098644774918 -2 3 0 3 0 3 0 3 0 4 0 30 2 1224979098644774916 800 2133 2 144115188075856388 0 400 1 1224979098644774920 1 2 936748722493063252 144115188075856388 6 3 1224979098644774921 1 1224979098644774920 401 1 1224979098644774921 395 3 1224979098644774921 69 144115188075856388 3 0 455 2 1224979098644774926 0 1 3 936748722493063239 0 1224979098644774926 6 3 1224979098644774921 1 1224979098644774920 401 1 1224979098644774921 396 4 1224979098644774921 72 0 1224979098644774926 3 0 2370 1 144115188075856389 2133 2 144115188075856384 1 5 0 30 2 1224979098644774917 800 2133 2 144115188075856388 1 400 1 1224979098644774920 1 2 936748722493063252 144115188075856388 6 3 1224979098644774921 1 1224979098644774920 401 1 1224979098644774921 395 3 1224979098644774921 69 144115188075856388 3 0 455 2 1224979098644774927 1 1 3 936748722493063239 1 1224979098644774927 6 3 1224979098644774921 1 1224979098644774920 401 1 1224979098644774921 396 4 1224979098644774921 72 1 1224979098644774927 3 0 1 3 936748722493063250 12 0 1 2 936748722493063253 144115188075856388 2370 1 144115188075856389 2133 2 144115188075856384 1 3 0 4 0 31 2 144115188075856384 0 728 2 1224979098644774928 3 1862 2 1224979098644774929 1224979098644774914 4 0 31 2 1224979098644774918 -2 31 2 1224979098644774929 1 1861 1 1224979098644774914 5 0 1073741855 2 1224979098644774918 0 31 2 1224979098644774918 -1 1863 2 9 1224979098644774914 728 2 1224979098644774930 9 1073741855 2 1224979098644774929 0 32 2 1224979098644774930 1224979098644774928 710 3 1224979098644774931 3 7 32 2 1224979098644774931 0 2107 2 1224979098644774931 16 1860 3 1224979098644774914 7 1224979098644774931 5 0 31 2 1224979098644774918 1 1863 2 9 1224979098644774914 728 2 1224979098644774930 9 1073741855 2 1224979098644774929 0 2147483678 2 1224979098644774930 1224979098644774928 700 2 5 1 722 2 5 800 710 3 1224979098644774931 3 5 32 2 1224979098644774931 0 2107 2 1224979098644774931 8 1860 3 1224979098644774914 5 1224979098644774931 3 0 728 2 1224979098644774932 4 1862 2 1224979098644774929 1224979098644774915 4 0 31 2 1224979098644774919 -2 31 2 1224979098644774929 1 1861 1 1224979098644774915 5 0 1073741855 2 1224979098644774919 0 31 2 1224979098644774919 -1 1863 2 9 1224979098644774915 728 2 1224979098644774933 9 1073741855 2 1224979098644774929 0 32 2 1224979098644774933 1224979098644774932 710 3 1224979098644774934 4 8 32 2 1224979098644774934 0 2107 2 1224979098644774934 16 1860 3 1224979098644774915 8 1224979098644774934 5 0 31 2 1224979098644774919 1 1863 2 9 1224979098644774915 728 2 1224979098644774933 9 1073741855 2 1224979098644774929 0 2147483678 2 1224979098644774933 1224979098644774932 700 2 6 2 722 2 6 800 710 3 1224979098644774934 4 6 32 2 1224979098644774934 0 2107 2 1224979098644774934 8 1860 3 1224979098644774915 6 1224979098644774934 3 0 3 0 
1.000000 0.000000 3.000000  5 417 0 31 2 144115188075856384 1 2370 1 1224979098644774912 2106 2 1224979098644774912 144115188075856389 30 2 1224979098644774912 144115188075856760  157 2133 2 1224979098644774912 0 2133 2 1224979098644774913 0 400 1 1224979098644774914 6 3 1224979098644774915 0 1224979098644774914 401 1 1224979098644774915 402 2 1224979098644774916 1224979098644774915 4 0 31 2 1224979098644774916 0 2105 2 1224979098644774912 1 5 0 31 2 1224979098644774916 1 2105 2 1224979098644774913 1 3 0 3 0 2121 3 1224979098644774917 1224979098644774912 1224979098644774913 2133 2 1224979098644774918 0 4 0 4 0 2122 3 1224979098644774919 144115188075856779 -1 2147483680 2 1224979098644774917 1224979098644774919 2123 3 1224979098644774918 1224979098644774917 -2 2133 2 1224979098644774920 1 2133 2 1224979098644774921 0 5 0 30 2 1224979098644774917 144115188075856779 2123 3 1224979098644774918 1224979098644774917 2 2133 2 1224979098644774920 0 2133 2 1224979098644774921 1 3 0 3 0 4 0 32 2 1224979098644774918 0 4 0 6 3 1224979098644774922 0 1224979098644774918 2133 2 1224979098644774923 0 2133 2 1224979098644774924 -1 400 1 1224979098644774914 6 3 1224979098644774925 0 1224979098644774914 401 1 1224979098644774925 402 2 1224979098644774916 1224979098644774925 31 2 1224979098644774916 1224979098644774920 528 3 1224979098644774926 1224979098644774925 21 4 0 32 2 1224979098644774926 1224979098644774923 2133 2 1224979098644774923 1224979098644774926 2133 2 1224979098644774924 1224979098644774925 3 0 3 0 4 0 30 2 1224979098644774924 0 4 0 406 2 1224979098644774927 1224979098644774924 30 2 1224979098644774927 0 1702 1 1224979098644774927 433 2 1224979098644774928 1224979098644774924 2105 2 1224979098644774928 1 434 2 1224979098644774924 1224979098644774928 435 2 1224979098644774929 1224979098644774924 2106 2 1224979098644774929 1 436 2 1224979098644774924 1224979098644774929 431 2 1224979098644774930 1224979098644774924 2105 2 1224979098644774930 1 432 2 1224979098644774924 1224979098644774930 6 3 1224979098644774925 1 1224979098644774914 401 1 1224979098644774925 398 6 1224979098644774925 86 1224979098644774924 1224979098644774930 1224979098644774928 1224979098644774929 3 0 460 2 1224979098644774931 1224979098644774924 407 2 1224979098644774932 1224979098644774924 2105 2 1224979098644774932 1224979098644774931 408 3 1224979098644774924 1224979098644774932 15000 3 0 405 2 1224979098644774924 -1 403 2 1224979098644774924 1224979098644774921 394 2 1224979098644774924 79 3 0 3 0 1 3 936748722493063250 2 0 415 1 1224979098644774933 400 1 1224979098644774914 6 3 1224979098644774925 0 1224979098644774914 401 1 1224979098644774925 2147483679 2 1224979098644774933 1224979098644774925 395 3 1224979098644774925 68 2 3 0 2133 2 144115188075856390 0 3 0 3 0 2133 2 144115188075856390 0 400 1 1224979098644774914 6 3 1224979098644774925 0 1224979098644774914 401 1 1224979098644774925 508 3 1224979098644774925 0 0 406 2 1224979098644774934 1224979098644774925 30 2 1224979098644774934 0 1702 1 1224979098644774934 459 1 1224979098644774925 460 2 1224979098644774931 1224979098644774925 508 3 1224979098644774925 1 1224979098644774931 3 0 2133 2 1224979098644774935 500 2107 2 1224979098644774935 144115188075856785 2108 2 1224979098644774935 100 2121 3 1224979098644774936 2 144115188075856398 2122 3 1224979098644774937 1224979098644774936 100 2122 3 1224979098644774938 144115188075856398 100 2105 2 1224979098644774937 100 2106 2 1224979098644774938 100 400 1 1224979098644774914 2107 2 1224979098644774937 144115188075856785 2108 2 1224979098644774937 100 2107 2 1224979098644774938 144115188075856785 2108 2 1224979098644774938 100 6 3 1224979098644774925 0 1224979098644774914 401 1 1224979098644774925 407 2 1224979098644774932 1224979098644774925 402 2 1224979098644774916 1224979098644774925 2105 2 1224979098644774932 1224979098644774935 4 0 31 2 1224979098644774916 144115188075856397 2105 2 1224979098644774932 1224979098644774937 5 0 2105 2 1224979098644774932 1224979098644774938 3 0 4 0 528 3 1224979098644774931 1224979098644774925 1 2120 3 1224979098644774939 1224979098644774932 1224979098644774931 2122 3 1224979098644774940 144115188075856783 10 2147483678 2 1224979098644774939 1224979098644774940 2121 3 1224979098644774941 1224979098644774940 1224979098644774939 2105 2 1224979098644774932 1224979098644774941 3 0 408 3 1224979098644774925 1224979098644774932 15000 3 0 2133 2 144115188075856386 -1 416 0 400 1 1224979098644774914 6 3 1224979098644774925 1 1224979098644774914 401 1 1224979098644774925 508 3 1224979098644774925 32 0 508 3 1224979098644774925 33 0 3 0 1 1 936748722493063272 1 1 936748722493063236 1 1 936748722493063237 2133 2 144115188075856384 0 2133 2 144115188075856369 144115188075856770 2133 2 144115188075856370 144115188075856771 900 1 1513209474796486672 1 1 936748722493063248 2370 1 144115188075856385 1 1 936748722493063221 400 1 1224979098644774914 6 3 1224979098644774925 0 1224979098644774914 401 1 1224979098644774925 395 3 1224979098644774925 78 -9999 3 0 
0.000000 0.000000 0.000000  0  22 2133 2 1224979098644774912 144115188075856770 2133 2 1224979098644774913 144115188075856771 400 1 1224979098644774914 6 3 1224979098644774915 0 1224979098644774914 401 1 1224979098644774915 402 2 1224979098644774916 1224979098644774915 4 0 31 2 1224979098644774916 0 2105 2 1224979098644774912 1 5 0 31 2 1224979098644774916 1 2105 2 1224979098644774913 1 3 0 3 0 4 0 1073741855 2 1224979098644774912 0 31 2 1224979098644774913 0 2370 1 1224979098644774917 2106 2 1224979098644774917 144115188075856385 2147483680 2 1224979098644774917 2 2370 1 144115188075856385 3 0 
1.000000 0.000000 0.000000  0  77 417 0 400 1 1224979098644774912 6 3 1224979098644774913 0 1224979098644774912 401 1 1224979098644774913 2147484086 1 1224979098644774913 4 0 548 3 1224979098644774913 0 0 402 2 1224979098644774914 1224979098644774913 2147483678 2 1224979098644774914 2 404 2 1224979098644774915 1224979098644774913 30 2 1224979098644774915 0 2133 2 1224979098644774916 0 2133 2 1224979098644774917 0 2133 2 1224979098644774918 0 4 0 2133 2 1224979098644774919 0 400 1 1224979098644774912 6 3 1224979098644774920 0 1224979098644774912 401 1 1224979098644774920 2105 2 1224979098644774919 1 402 2 1224979098644774921 1224979098644774920 4 0 31 2 1224979098644774921 0 2105 2 1224979098644774917 1 5 0 31 2 1224979098644774921 1 2105 2 1224979098644774918 1 3 0 3 0 2122 3 1224979098644774922 1224979098644774917 1224979098644774918 2370 1 1224979098644774923 2106 2 1224979098644774923 144115188075856385 3221225502 2 1224979098644774923 30 3221225504 2 1224979098644774919 2 31 2 1224979098644774922 0 31 2 144115188075856384 0 2133 2 1224979098644774916 1 3 0 31 2 1224979098644774916 1 4 0 31 2 1224979098644774914 0 2133 2 1224979098644774924 0 5 0 31 2 1224979098644774914 1 2133 2 1224979098644774924 32 3 0 1 2 936748722493063295 1224979098644774913 409 2 1224979098644774913 1224979098644774924 508 3 1224979098644774913 0 1 5 0 31 2 144115188075856780 1 406 2 1224979098644774925 1224979098644774913 30 2 1224979098644774925 0 2147485350 1 1224979098644774925 1760 2 1224979098644774926 1224979098644774925 32 2 1224979098644774926 144115188075856760 402 2 1224979098644774914 1224979098644774913 2133 2 1224979098644774927 0 12 1 1224979098644774928 31 2 1224979098644774927 0 1702 1 1224979098644774928 1704 1 1224979098644774928 1707 1 1224979098644774928 1770 2 1224979098644774929 1224979098644774928 31 2 1224979098644774929 1224979098644774914 2133 2 1224979098644774927 1 3 0 4 0 31 2 1224979098644774927 1 1 2 936748722493063254 1224979098644774913 421 2 1224979098644774913 72057594037927936 528 3 1224979098644774930 1224979098644774913 0 2105 2 1224979098644774930 1 508 3 1224979098644774913 0 1224979098644774930 3 0 3 0 3 0 
0.000000 0.000000 0.000000  0  119 417 0 31 2 144115188075856366 1 2120 3 1224979098644774912 144115188075856369 144115188075856370 4 0 32 2 1224979098644774912 0 4 0 1073741855 2 144115188075856367 2 1073741855 2 144115188075856367 3 31 2 144115188075856367 6 455 2 1224979098644774913 0 455 2 1224979098644774914 1 2120 3 1224979098644774915 1224979098644774913 1224979098644774914 31 2 1224979098644774915 0 2370 1 1224979098644774916 2106 2 1224979098644774916 144115188075856385 2147483678 2 1224979098644774916 20 2133 2 1224979098644774917 0 5 0 2133 2 1224979098644774917 1 3 0 31 2 1224979098644774917 1 2136 3 1224979098644774918 0 1224979098644774912 2106 2 1224979098644774918 144115188075856369 4 0 2147483678 2 1224979098644774918 0 2133 2 1224979098644774919 0 5 0 2133 2 1224979098644774919 1 3 0 4 0 1073741855 2 144115188075856367 2 31 2 144115188075856367 3 2370 1 1224979098644774916 2106 2 1224979098644774916 144115188075856385 4 0 2147483680 2 1224979098644774916 20 2133 2 1224979098644774920 0 5 0 2133 2 1224979098644774920 1 3 0 5 0 2133 2 1224979098644774920 1 3 0 1 3 936748722493063291 1224979098644774919 1224979098644774920 2133 2 1224979098644774921 72057594037927936 2133 2 1224979098644774922 72057594037927937 458 2 1224979098644774923 1224979098644774919 2133 2 1224979098644774924 0 6 3 1224979098644774925 360287970189640693 360287970189640711 2173 2 1224979098644774926 1224979098644774925 31 2 1224979098644774926 1224979098644774923 2105 2 1224979098644774924 1 3 0 2133 2 1224979098644774927 0 400 1 1224979098644774928 6 3 1224979098644774929 0 1224979098644774928 401 1 1224979098644774929 402 2 1224979098644774930 1224979098644774929 31 2 1224979098644774919 1224979098644774930 2133 2 1224979098644774931 0 2120 3 1224979098644774932 35 1224979098644774924 6 3 1224979098644774933 35 1224979098644774932 568 3 1224979098644774929 1224979098644774933 1 2133 2 1224979098644774931 1 2133 2 1224979098644774932 0 3 0 30 2 1224979098644774931 1 2105 2 1224979098644774927 1 3 0 4 0 1073741854 2 1224979098644774922 0 31 2 1224979098644774927 0 1541 3 1224979098644774934 1224979098644774921 8 4 0 30 2 1224979098644774934 0 2133 2 1224979098644774935 1 5 0 2133 2 1224979098644774935 0 3 0 4 0 31 2 144115188075856367 6 2370 1 1224979098644774916 2106 2 1224979098644774916 144115188075856385 4 0 2147483678 2 1224979098644774916 20 4 0 31 2 1224979098644774919 0 1 4 936748722493063293 1224979098644774919 1 1224979098644774935 5 0 2133 2 72057594037927936 32 3 0 5 0 1 4 936748722493063293 1224979098644774919 0 1224979098644774935 3 0 5 0 1073741855 2 144115188075856367 2 31 2 144115188075856367 3 4 0 31 2 1224979098644774919 0 2133 2 72057594037927936 0 5 0 2133 2 72057594037927936 32 3 0 5 0 1 4 936748722493063293 1224979098644774919 0 1224979098644774935 3 0 2211 1 1224979098644774936 1261 1 1224979098644774936 1265 5 72057594037927936 1224979098644774921 1 1224979098644774919 1224979098644774922 2133 2 144115188075856366 0 4 0 31 2 1224979098644774919 0 2106 2 144115188075856369 1 5 0 31 2 1224979098644774919 1 2106 2 144115188075856370 1 3 0 3 0 3 0 
3.000000 0.000000 0.000000  0  16 417 0 12 1 1224979098644774912 1707 1 1224979098644774912 1704 1 1224979098644774912 1702 1 1224979098644774912 1765 2 1224979098644774913 1224979098644774912 4 0 2147484049 1 1224979098644774913 1 2 936748722493063292 1224979098644774912 5 0 402 2 1224979098644774914 1224979098644774913 1770 2 1224979098644774915 1224979098644774912 2147483679 2 1224979098644774914 1224979098644774915 1 2 936748722493063292 1224979098644774912 3 0 3 0 
1.000000 0.000000 0.000000  0  68 417 0 2133 2 1224979098644774912 0 4 0 1073741855 2 144115188075856367 2 1073741855 2 144115188075856367 3 31 2 144115188075856367 6 4 0 31 2 144115188075856384 1 2370 1 1224979098644774913 2106 2 1224979098644774913 144115188075856389 2121 3 1224979098644774914 144115188075856760 1 30 2 1224979098644774913 1224979098644774914 2370 1 1224979098644774915 4 0 1073741855 2 144115188075856367 2 31 2 144115188075856367 3 2133 2 1224979098644774916 90 5 0 2133 2 1224979098644774916 120 3 0 2122 3 1224979098644774917 144115188075856762 60 2121 3 1224979098644774918 1224979098644774917 1224979098644774916 32 2 1224979098644774915 1224979098644774918 2133 2 1224979098644774912 1 3 0 31 2 1224979098644774912 1 5 0 2147483679 2 144115188075856367 2 2147483679 2 144115188075856367 3 2147483679 2 144115188075856367 6 2147483679 2 144115188075856367 5 2370 1 1224979098644774915 2122 3 1224979098644774917 144115188075856762 60 32 2 1224979098644774915 1224979098644774917 2133 2 1224979098644774912 1 5 0 455 2 1224979098644774919 0 455 2 1224979098644774920 1 4 0 2147483679 2 144115188075856367 5 4 0 1073741854 2 1224979098644774919 144115188075856763 30 2 1224979098644774920 144115188075856763 2133 2 1224979098644774912 1 3 0 5 0 2133 2 1224979098644774921 0 400 1 1224979098644774922 6 3 1224979098644774923 0 1224979098644774922 401 1 1224979098644774923 406 2 1224979098644774924 1224979098644774923 30 2 1224979098644774924 0 2147485355 1 1224979098644774924 2133 2 1224979098644774921 1 2133 2 1224979098644774922 0 3 0 31 2 1224979098644774921 1 3221225504 2 1224979098644774919 0 2147483680 2 1224979098644774920 0 2133 2 1224979098644774912 1 3 0 3 0 4 0 31 2 1224979098644774912 1 1 2 936748722493063266 144115188075856367 470 3 72057594037927936 144115188075856466 0 1 1 936748722493063174 3 0 
-21.000000 0.000000 0.000000  0  5 4 0 31 2 144115188075856368 0 2133 2 144115188075856371 1 900 1 1513209474796486674 3 0 
0.000000 0.000000 100000000.000000  0  1 900 1 1513209474796486661 
-24.000000 0.000000 0.000000  0  2 900 1 1513209474796486668 900 1 1513209474796486669 
-23.000000 0.000000 0.000000  0  4 2147484551 1 1513209474796486676 2147484551 1 1513209474796486674 31 2 144115188075856383 0 900 1 1513209474796486676 


mst_bandit_lair bandit_lair 2  8
Ambushing_a_bandit_lair 

11 0 33558528 256 16 7 0  
1 8208 256 16 20 0  
2 8208 256 16 20 0  
3 8208 256 16 20 0  
4 8208 256 16 20 0  
5 8208 256 16 20 0  
6 8208 256 16 20 0  
7 8208 256 16 20 0  
8 8208 256 16 20 0  
9 8208 256 16 20 0  
10 8208 256 16 20 0  
22
-25.000000 0.000000 0.000000  0  3 2071 1 1224979098644774912 1718 2 1224979098644774913 1224979098644774912 1 4 936748722493063580 1729382256910270468 1224979098644774912 1224979098644774913 
-22.000000 0.000000 0.000000  1 1106 1 216172782113783919  0 
-25.000000 0.000000 0.000000  0  16 2071 1 1224979098644774912 2133 2 144115188075857026 0 4 0 1704 1 1224979098644774912 1702 1 1224979098644774912 1770 2 1224979098644774913 1224979098644774912 31 2 1224979098644774913 1 1710 2 4 1224979098644774912 1730 3 1224979098644774912 4 1 3 0 4 0 1718 2 1224979098644774914 1224979098644774912 33 3 1224979098644774914 360287970189640770 360287970189640771 1771 2 1224979098644774912 7 1796 3 0 7 0 3 0 
0.000000 0.000000 0.000000  4 1609 2 1224979098644774912 144115188075856273 31 2 1224979098644774912 576460752303423553 200 1 504403158265495640 31 2 144115188075857026 0  11 1700 1 1224979098644774912 1710 2 0 1224979098644774912 12 1 1224979098644774913 1718 2 1224979098644774914 1224979098644774913 33 3 1224979098644774914 360287970189640770 360287970189640771 1730 2 1224979098644774913 0 1710 2 1 1224979098644774913 710 3 1224979098644774915 0 1 2147483680 2 1224979098644774915 200 1920 1 360287970189640770 3 0 
-21.000000 0.000000 0.000000  1 1106 1 216172782113786889  0 
1.000000 0.000000 100000000.000000  0  2 2133 2 144115188075856298 0 2133 2 144115188075856945 0 
1.000000 0.000000 0.000000  0  54 12 1 1224979098644774912 1702 1 1224979098644774912 1770 2 1224979098644774913 1224979098644774912 31 2 1224979098644774913 1 1693 1 1224979098644774912 1704 1 1224979098644774912 1710 2 0 1224979098644774912 12 1 1224979098644774914 1702 1 1224979098644774914 1770 2 1224979098644774915 1224979098644774914 31 2 1224979098644774915 0 1704 1 1224979098644774914 1720 2 1224979098644774916 1224979098644774912 2133 2 1224979098644774917 0 4 0 2147483678 2 1224979098644774916 100 12 1 1224979098644774918 1702 1 1224979098644774918 1770 2 1224979098644774919 1224979098644774918 31 2 1224979098644774919 1 2147483679 2 1224979098644774912 1224979098644774918 1693 1 1224979098644774918 1704 1 1224979098644774918 1710 2 1 1224979098644774912 1710 2 2 1224979098644774918 710 3 1224979098644774920 1 2 2147483680 2 1224979098644774920 1000 1735 1 1224979098644774918 3 0 2133 2 1224979098644774917 1 5 0 1710 2 1 1224979098644774912 1710 2 2 1224979098644774914 710 3 1224979098644774920 1 2 2147483680 2 1224979098644774920 4000 12 1 1224979098644774918 1702 1 1224979098644774918 1770 2 1224979098644774919 1224979098644774918 31 2 1224979098644774919 1 2147483679 2 1224979098644774912 1224979098644774918 1693 1 1224979098644774918 1704 1 1224979098644774918 1710 2 1 1224979098644774912 1710 2 2 1224979098644774918 710 3 1224979098644774920 1 2 2147483680 2 1224979098644774920 1000 1735 1 1224979098644774918 3 0 2133 2 1224979098644774917 1 3 0 31 2 1224979098644774917 1 1735 1 1224979098644774912 3 0 3 0 
30.000000 0.000000 0.000000  1 2147483680 2 144115188075856298 1  40 2171 2 1224979098644774912 360287970189639680 2120 3 1224979098644774913 5 1224979098644774912 2108 2 1224979098644774913 3 2147483678 2 144115188075856945 1224979098644774913 2105 2 144115188075856945 1 1609 2 1224979098644774914 144115188075856273 2136 3 1224979098644774915 0 2 4 0 31 2 1224979098644774914 576460752303423550 31 2 1224979098644774915 0 2133 2 1224979098644774916 360287970189639868 5 0 31 2 1224979098644774914 576460752303423547 31 2 1224979098644774915 0 2133 2 1224979098644774916 360287970189639865 5 0 31 2 1224979098644774914 576460752303423552 31 2 1224979098644774915 0 2133 2 1224979098644774916 360287970189639870 5 0 31 2 1224979098644774914 576460752303423551 31 2 1224979098644774915 0 2133 2 1224979098644774916 360287970189639869 5 0 31 2 1224979098644774914 576460752303423548 31 2 1224979098644774915 0 2133 2 1224979098644774916 360287970189639866 5 0 31 2 1224979098644774914 576460752303423549 31 2 1224979098644774915 0 2133 2 1224979098644774916 360287970189639867 5 0 1073741855 2 1224979098644774914 576460752303423553 2147483679 2 1224979098644774915 0 2133 2 1224979098644774916 360287970189639862 3 0 2211 1 1224979098644774917 1261 1 1224979098644774917 2136 3 1224979098644774918 2 11 1265 3 1224979098644774918 1224979098644774916 1 
-26.000000 0.000000 0.000000  0  76 2071 1 1224979098644774912 2073 1 1224979098644774913 4 0 30 2 1224979098644774912 0 1704 1 1224979098644774912 1718 2 1224979098644774914 1224979098644774912 2322 2 6 1224979098644774914 4 0 2147485354 1 1224979098644774912 1610 3 648518346341351442 1224979098644774914 1 4 0 31 2 1224979098644774913 1 1618 3 648518346341351442 1224979098644774914 1 3 0 3 0 1610 3 648518346341351428 1224979098644774914 1 31 2 1224979098644774913 1 1618 3 648518346341351428 1224979098644774914 1 3 0 2133 2 1224979098644774915 0 12 1 1224979098644774916 1707 1 1224979098644774916 1704 1 1224979098644774916 1702 1 1224979098644774916 2147485354 1 1224979098644774916 2105 2 1224979098644774915 1 3 0 4 0 2147483680 2 1224979098644774915 2 2147483680 2 144115188075856298 1 2105 2 144115188075856298 1 2171 2 1224979098644774917 360287970189639680 2120 3 1224979098644774918 5 1224979098644774917 2108 2 1224979098644774918 3 4 0 30 2 144115188075856298 2 2106 2 1224979098644774918 144115188075856945 3 0 1609 2 1224979098644774919 144115188075856273 2136 3 1224979098644774920 0 2 4 0 31 2 1224979098644774919 576460752303423550 31 2 1224979098644774920 0 2133 2 1224979098644774921 360287970189639868 5 0 31 2 1224979098644774919 576460752303423547 31 2 1224979098644774920 0 2133 2 1224979098644774921 360287970189639865 5 0 31 2 1224979098644774919 576460752303423552 31 2 1224979098644774920 0 2133 2 1224979098644774921 360287970189639870 5 0 31 2 1224979098644774919 576460752303423551 31 2 1224979098644774920 0 2133 2 1224979098644774921 360287970189639869 5 0 31 2 1224979098644774919 576460752303423548 31 2 1224979098644774920 0 2133 2 1224979098644774921 360287970189639866 5 0 31 2 1224979098644774919 576460752303423549 31 2 1224979098644774920 0 2133 2 1224979098644774921 360287970189639867 5 0 1073741855 2 1224979098644774919 576460752303423553 2147483679 2 1224979098644774920 0 2133 2 1224979098644774921 360287970189639862 3 0 2211 1 1224979098644774922 1261 1 1224979098644774922 6 3 1224979098644774923 0 1224979098644774918 2136 3 1224979098644774924 2 11 1265 3 1224979098644774924 1224979098644774921 1 3 0 3 0 
0.000000 0.000000 100000000.000000  0  2 1 2 936748722493063651 4096 1020 0 
2.000000 0.000000 100000000.000000  2 2147484654 0 1005 1 1  37 1609 2 1224979098644774912 144115188075856273 4 0 31 2 1224979098644774912 576460752303423553 200 1 504403158265495640 2204 2 1224979098644774913 144115188075857016 4 0 31 2 1224979098644774913 432345564227567633 2133 2 1224979098644774914 360287970189640770 5 0 31 2 1224979098644774913 432345564227567634 2133 2 1224979098644774914 360287970189640770 5 0 31 2 1224979098644774913 432345564227567635 2133 2 1224979098644774914 360287970189640770 5 0 31 2 1224979098644774913 432345564227567636 2133 2 1224979098644774914 360287970189640770 5 0 31 2 1224979098644774913 432345564227567637 2133 2 1224979098644774914 360287970189640770 5 0 31 2 1224979098644774913 432345564227567638 2133 2 1224979098644774914 360287970189640770 3 0 1700 1 1224979098644774915 1710 2 0 1224979098644774915 2133 2 1224979098644774916 100000 6 3 1224979098644774917 1 10 1780 2 1 1224979098644774917 710 3 1224979098644774918 0 1 2147483680 2 1224979098644774918 1224979098644774916 30 2 1224979098644774918 1000 2133 2 1224979098644774919 1224979098644774917 2133 2 1224979098644774916 1224979098644774918 3 0 1265 4 1224979098644774919 1224979098644774914 1 0 3 0 
0.000000 0.000000 100000000.000000  0  2 2147484551 1 1513209474796486703 900 1 1513209474796486703 
0.000000 0.000000 0.000000  0  15 4 0 2147484551 1 1513209474796486694 2147484551 1 1513209474796486703 2147484551 1 1513209474796486734 900 1 1513209474796486703 3 0 4 0 903 1 1513209474796486694 1 1 936748722493063538 5 0 903 1 1513209474796486703 1 1 936748722493063790 31 2 144115188075857173 1 1 1 936748722493063788 3 0 
1.000000 4.000000 100000000.000000  18 2133 2 1224979098644774912 0 1609 2 1224979098644774913 144115188075856273 4 0 31 2 1224979098644774913 576460752303423553 200 1 504403158265495640 1073742830 0 31 2 144115188075857026 1 2133 2 1224979098644774912 1 5 0 3221225503 2 1224979098644774913 576460752303423553 2147483848 1 504403158265495640 2370 1 1224979098644774914 30 2 1224979098644774914 5 1073742830 0 1005 1 1 2133 2 1224979098644774912 1 3 0 31 2 1224979098644774912 1  6 4 0 1006 0 5 0 501 3 144115188075856273 8 2 3 0 1907 0 
0.000000 0.000000 100000000.000000  0  7 12 1 1224979098644774912 1704 1 1224979098644774912 1718 2 1224979098644774913 1224979098644774912 1507 1 1224979098644774913 1515 2 1224979098644774914 1224979098644774913 500 3 1224979098644774913 329 1224979098644774914 3 0 
1.000000 0.000000 0.000000  0  41 1700 1 1224979098644774912 12 1 1224979098644774913 1704 1 1224979098644774913 1718 2 1224979098644774914 1224979098644774913 1507 1 1224979098644774914 1515 2 1224979098644774915 1224979098644774914 520 3 1224979098644774916 1224979098644774914 329 32 2 1224979098644774915 1224979098644774916 2121 3 1224979098644774917 1224979098644774915 1224979098644774916 2172 3 1224979098644774918 1224979098644774914 2 2122 3 1224979098644774919 1224979098644774918 3 2107 2 1224979098644774919 1224979098644774917 2108 2 1224979098644774919 100 1107 1 0 1062 2 1224979098644774919 1224979098644774914 1107 1 1 4 0 31 2 1224979098644774913 1224979098644774912 32 2 1224979098644774919 0 31 2 144115188075857164 1 2133 2 72057594037927937 1224979098644774919 1106 1 1585267068834415374 3 0 1515 2 1224979098644774920 1224979098644774914 500 3 1224979098644774914 329 1224979098644774920 2121 3 1224979098644774921 1224979098644774920 1224979098644774916 2170 3 1224979098644774922 27 1224979098644774914 2105 2 1224979098644774922 10 2107 2 1224979098644774921 1224979098644774922 2108 2 1224979098644774921 20 2108 2 1224979098644774921 100 32 2 1224979098644774921 0 1525 2 1224979098644774914 1224979098644774921 4 0 31 2 1224979098644774913 1224979098644774912 31 2 144115188075857164 1 2133 2 72057594037927937 1224979098644774921 2121 3 72057594037927938 72057594037927937 1 1106 1 1585267068834415375 3 0 3 0 
1.000000 0.000000 0.000000  0  11 1700 1 1224979098644774912 12 1 1224979098644774913 2147483679 2 1224979098644774913 1224979098644774912 1702 1 1224979098644774913 1704 1 1224979098644774913 1727 2 1224979098644774914 1224979098644774913 545 3 1224979098644774913 26 0 2147483680 2 1224979098644774914 1 1728 1 1224979098644774913 505 3 1224979098644774913 26 1 3 0 
0.000000 0.000000 0.000000  0  11 4 0 70 1 29 71 1 30 1700 1 1224979098644774912 1728 1 1224979098644774912 5 0 70 1 56 71 1 30 12 1 1224979098644774913 1728 1 1224979098644774913 3 0 
-19.000000 0.000000 0.000000  0  1 1 1 936748722493063765 
0.000000 0.000000 100000000.000000  1 2147483679 2 144115188075856169 360287970189639680  5 2120 3 1224979098644774912 6 1 6 3 1224979098644774913 0 1224979098644774912 2176 3 1224979098644774914 144115188075856169 1224979098644774913 507 3 1224979098644774913 68 1224979098644774914 3 0 
1.000000 0.000000 0.000000  1 2147483679 2 144115188075856169 360287970189639680  17 2322 2 1 144115188075856169 2120 3 1224979098644774912 6 1 6 3 1224979098644774913 0 1224979098644774912 2176 3 1224979098644774914 144115188075856169 1224979098644774913 527 3 1224979098644774915 1224979098644774913 68 32 2 1224979098644774914 1224979098644774915 2121 3 1224979098644774916 1224979098644774914 1224979098644774915 2133 2 72057594037927938 1224979098644774916 2106 2 1224979098644774916 1 2133 2 72057594037927939 1224979098644774916 2133 2 72057594037927937 1224979098644774914 2121 3 1224979098644774917 1224979098644774913 0 2105 2 1224979098644774917 216172782113787044 2320 2 2 1224979098644774917 1106 2 1585267068834415376 15658496 507 3 1224979098644774913 68 1224979098644774914 3 0 
0.000000 0.000000 0.000000  0  11 1700 1 1224979098644774912 1710 2 2 1224979098644774912 4 0 1726 3 1224979098644774913 1224979098644774912 1 31 2 1224979098644774913 288230376151712268 71 1 34 721 2 2 50 1970 1 2 1974 1 1080863910568920066 1774 2 1224979098644774912 288230376151712268 3 0 


mst_alley_fight alley_fight 2  8
Alley_fight 

4 0 33558528 256 16 7 0  
1 8208 256 16 20 0  
2 8208 256 16 20 0  
3 8208 256 16 20 0  
18
-25.000000 0.000000 0.000000  0  3 2071 1 1224979098644774912 1718 2 1224979098644774913 1224979098644774912 1 4 936748722493063580 1729382256910270468 1224979098644774912 1224979098644774913 
-22.000000 0.000000 0.000000  1 1106 1 216172782113783919  0 
-25.000000 0.000000 0.000000  0  11 2071 1 1224979098644774912 1700 1 1224979098644774913 2147483679 2 1224979098644774912 1224979098644774913 2133 2 144115188075856009 1224979098644774912 1753 2 1224979098644774912 199 4 0 1718 2 1224979098644774914 1224979098644774912 33 3 1224979098644774914 360287970189640760 360287970189640766 1771 2 1224979098644774912 7 1796 3 0 7 0 3 0 
0.000000 0.000000 0.000000  1 31 2 144115188075857027 0  12 1700 1 1224979098644774912 1710 2 0 1224979098644774912 12 1 1224979098644774913 1718 2 1224979098644774914 1224979098644774913 33 3 1224979098644774914 360287970189640760 360287970189640766 1730 2 1224979098644774913 0 1710 2 1 1224979098644774913 710 3 1224979098644774915 0 1 2147483680 2 1224979098644774915 200 2133 2 144115188075856110 11 1920 1 1224979098644774914 3 0 
1.000000 0.000000 0.000000  0  10 1700 1 1224979098644774912 30 2 144115188075856009 0 30 2 1224979098644774912 0 1712 1 144115188075856009 1712 1 1224979098644774912 1710 2 0 1224979098644774912 1710 2 1 144115188075856009 710 3 1224979098644774913 0 1 30 2 1224979098644774913 5 1730 2 144115188075856009 0 
-21.000000 0.000000 0.000000  0  1 1106 1 216172782113786889 
0.000000 0.000000 100000000.000000  0  2 1 2 936748722493063651 4096 1020 0 
0.000000 0.000000 100000000.000000  2 2147484654 0 1005 1 1  21 2204 2 1224979098644774912 144115188075857016 4 0 31 2 1224979098644774912 432345564227567633 2133 2 1224979098644774913 360287970189640760 5 0 31 2 1224979098644774912 432345564227567634 2133 2 1224979098644774913 360287970189640761 5 0 31 2 1224979098644774912 432345564227567635 2133 2 1224979098644774913 360287970189640762 5 0 31 2 1224979098644774912 432345564227567636 2133 2 1224979098644774913 360287970189640763 5 0 31 2 1224979098644774912 432345564227567637 2133 2 1224979098644774913 360287970189640764 5 0 31 2 1224979098644774912 432345564227567638 2133 2 1224979098644774913 360287970189640765 3 0 1265 4 3 1224979098644774913 1 0 
1.000000 0.000000 100000000.000000  1 31 2 144115188075857027 1  18 4 0 1006 0 2133 2 144115188075856946 0 5 0 2133 2 144115188075856946 1 3 0 1907 0 2133 2 144115188075856009 0 2133 2 144115188075857027 1 2133 2 144115188075857028 1 2040 0 2075 1 1 1700 1 1224979098644774912 1720 2 1224979098644774913 1224979098644774912 4 0 2147483678 2 1224979098644774913 90 1721 2 1224979098644774912 90 3 0 
1.000000 3.000000 100000000.000000  1 1006 0  18 4 0 1006 0 2133 2 144115188075856946 0 5 0 2133 2 144115188075856946 1 3 0 1907 0 2133 2 144115188075856009 0 2133 2 144115188075857027 1 2133 2 144115188075857028 1 2040 0 2075 1 1 1700 1 1224979098644774912 1720 2 1224979098644774913 1224979098644774912 4 0 2147483678 2 1224979098644774913 90 1721 2 1224979098644774912 90 3 0 
0.000000 0.000000 100000000.000000  0  7 12 1 1224979098644774912 1704 1 1224979098644774912 1718 2 1224979098644774913 1224979098644774912 1507 1 1224979098644774913 1515 2 1224979098644774914 1224979098644774913 500 3 1224979098644774913 329 1224979098644774914 3 0 
1.000000 0.000000 0.000000  0  41 1700 1 1224979098644774912 12 1 1224979098644774913 1704 1 1224979098644774913 1718 2 1224979098644774914 1224979098644774913 1507 1 1224979098644774914 1515 2 1224979098644774915 1224979098644774914 520 3 1224979098644774916 1224979098644774914 329 32 2 1224979098644774915 1224979098644774916 2121 3 1224979098644774917 1224979098644774915 1224979098644774916 2172 3 1224979098644774918 1224979098644774914 2 2122 3 1224979098644774919 1224979098644774918 3 2107 2 1224979098644774919 1224979098644774917 2108 2 1224979098644774919 100 1107 1 0 1062 2 1224979098644774919 1224979098644774914 1107 1 1 4 0 31 2 1224979098644774913 1224979098644774912 32 2 1224979098644774919 0 31 2 144115188075857164 1 2133 2 72057594037927937 1224979098644774919 1106 1 1585267068834415374 3 0 1515 2 1224979098644774920 1224979098644774914 500 3 1224979098644774914 329 1224979098644774920 2121 3 1224979098644774921 1224979098644774920 1224979098644774916 2170 3 1224979098644774922 27 1224979098644774914 2105 2 1224979098644774922 10 2107 2 1224979098644774921 1224979098644774922 2108 2 1224979098644774921 20 2108 2 1224979098644774921 100 32 2 1224979098644774921 0 1525 2 1224979098644774914 1224979098644774921 4 0 31 2 1224979098644774913 1224979098644774912 31 2 144115188075857164 1 2133 2 72057594037927937 1224979098644774921 2121 3 72057594037927938 72057594037927937 1 1106 1 1585267068834415375 3 0 3 0 
1.000000 0.000000 0.000000  0  11 1700 1 1224979098644774912 12 1 1224979098644774913 2147483679 2 1224979098644774913 1224979098644774912 1702 1 1224979098644774913 1704 1 1224979098644774913 1727 2 1224979098644774914 1224979098644774913 545 3 1224979098644774913 26 0 2147483680 2 1224979098644774914 1 1728 1 1224979098644774913 505 3 1224979098644774913 26 1 3 0 
0.000000 0.000000 0.000000  0  11 4 0 70 1 29 71 1 30 1700 1 1224979098644774912 1728 1 1224979098644774912 5 0 70 1 56 71 1 30 12 1 1224979098644774913 1728 1 1224979098644774913 3 0 
-19.000000 0.000000 0.000000  0  1 1 1 936748722493063765 
0.000000 0.000000 100000000.000000  1 2147483679 2 144115188075856169 360287970189639680  5 2120 3 1224979098644774912 6 1 6 3 1224979098644774913 0 1224979098644774912 2176 3 1224979098644774914 144115188075856169 1224979098644774913 507 3 1224979098644774913 68 1224979098644774914 3 0 
1.000000 0.000000 0.000000  1 2147483679 2 144115188075856169 360287970189639680  17 2322 2 1 144115188075856169 2120 3 1224979098644774912 6 1 6 3 1224979098644774913 0 1224979098644774912 2176 3 1224979098644774914 144115188075856169 1224979098644774913 527 3 1224979098644774915 1224979098644774913 68 32 2 1224979098644774914 1224979098644774915 2121 3 1224979098644774916 1224979098644774914 1224979098644774915 2133 2 72057594037927938 1224979098644774916 2106 2 1224979098644774916 1 2133 2 72057594037927939 1224979098644774916 2133 2 72057594037927937 1224979098644774914 2121 3 1224979098644774917 1224979098644774913 0 2105 2 1224979098644774917 216172782113787044 2320 2 2 1224979098644774917 1106 2 1585267068834415376 15658496 507 3 1224979098644774913 68 1224979098644774914 3 0 
0.000000 0.000000 0.000000  0  11 1700 1 1224979098644774912 1710 2 2 1224979098644774912 4 0 1726 3 1224979098644774913 1224979098644774912 1 31 2 1224979098644774913 288230376151712268 71 1 34 721 2 2 50 1970 1 2 1974 1 1080863910568920066 1774 2 1224979098644774912 288230376151712268 3 0 


mst_meeting_merchant meeting_merchant 0  -1
Meeting_with_the_merchant 

10 0 4096 256 0 1 0  
1 4112 256 0 1 0  
2 4112 256 0 1 0  
3 4112 256 0 1 0  
4 4112 256 0 1 0  
5 4112 256 0 1 0  
6 4112 256 0 1 0  
7 4112 256 0 1 0  
8 4112 256 0 1 0  
9 4112 256 0 1 0  
14
-25.000000 0.000000 0.000000  0  7 2071 1 1224979098644774912 4 0 1718 2 1224979098644774913 1224979098644774912 33 3 1224979098644774913 360287970189640760 360287970189640766 1771 2 1224979098644774912 7 1796 3 0 7 0 3 0 
1.000000 0.000000 100000000.000000  0  12 2133 2 144115188075857031 0 2211 1 1224979098644774912 503 3 1224979098644774912 0 1 4 0 31 2 144115188075856215 1 1 2 936748722493063651 16384 5 0 31 2 144115188075856110 14 1 2 936748722493063651 512 5 0 1 2 936748722493063651 8192 3 0 
1.000000 0.000000 0.000000  21 2133 2 1224979098644774912 0 4 0 30 2 144115188075857031 6 2133 2 1224979098644774912 1 5 0 30 2 144115188075857031 1 2147483690 0 4 0 31 2 144115188075857031 1 200 1 504403158265495638 1120 2 216172782113786899 1585267068834415388 3 0 2105 2 144115188075857031 1 2133 2 1224979098644774912 0 3 0 4 0 42 0 1122 1 -1 2133 2 1224979098644774912 0 3 0 31 2 1224979098644774912 1  5 1124 2 17 17 1123 2 500 650 1125 1 0 1126 1 1 1122 1 216172782113786890 
-19.000000 0.000000 0.000000  0  0 
-22.000000 0.000000 0.000000  1 2075 1 1  0 
-21.000000 0.000000 0.000000  30 4 0 32 2 144115188075857031 0 2133 2 1224979098644774912 0 1625 2 1 144115188075856213 6 3 1224979098644774913 0 10 1627 3 0 1 2 710 3 1224979098644774914 0 1 30 2 1224979098644774914 1224979098644774912 2133 2 1224979098644774912 1224979098644774914 700 2 2 0 3 0 1626 2 648518346341351424 2 1907 0 2133 2 144115188075857028 2 1122 1 -1 1126 1 0 2052 0 4 0 201 1 504403158265495641 2133 2 144115188075857030 1 5 0 1103 1 50 6 3 1224979098644774913 0 20 1100 2 648518346341351424 576460752303423494 3 0 3 0 2075 1 1 5 0 1106 1 216172782113786889 3 0  0 
0.000000 0.000000 100000000.000000  0  7 12 1 1224979098644774912 1704 1 1224979098644774912 1718 2 1224979098644774913 1224979098644774912 1507 1 1224979098644774913 1515 2 1224979098644774914 1224979098644774913 500 3 1224979098644774913 329 1224979098644774914 3 0 
1.000000 0.000000 0.000000  0  41 1700 1 1224979098644774912 12 1 1224979098644774913 1704 1 1224979098644774913 1718 2 1224979098644774914 1224979098644774913 1507 1 1224979098644774914 1515 2 1224979098644774915 1224979098644774914 520 3 1224979098644774916 1224979098644774914 329 32 2 1224979098644774915 1224979098644774916 2121 3 1224979098644774917 1224979098644774915 1224979098644774916 2172 3 1224979098644774918 1224979098644774914 2 2122 3 1224979098644774919 1224979098644774918 3 2107 2 1224979098644774919 1224979098644774917 2108 2 1224979098644774919 100 1107 1 0 1062 2 1224979098644774919 1224979098644774914 1107 1 1 4 0 31 2 1224979098644774913 1224979098644774912 32 2 1224979098644774919 0 31 2 144115188075857164 1 2133 2 72057594037927937 1224979098644774919 1106 1 1585267068834415374 3 0 1515 2 1224979098644774920 1224979098644774914 500 3 1224979098644774914 329 1224979098644774920 2121 3 1224979098644774921 1224979098644774920 1224979098644774916 2170 3 1224979098644774922 27 1224979098644774914 2105 2 1224979098644774922 10 2107 2 1224979098644774921 1224979098644774922 2108 2 1224979098644774921 20 2108 2 1224979098644774921 100 32 2 1224979098644774921 0 1525 2 1224979098644774914 1224979098644774921 4 0 31 2 1224979098644774913 1224979098644774912 31 2 144115188075857164 1 2133 2 72057594037927937 1224979098644774921 2121 3 72057594037927938 72057594037927937 1 1106 1 1585267068834415375 3 0 3 0 
1.000000 0.000000 0.000000  0  11 1700 1 1224979098644774912 12 1 1224979098644774913 2147483679 2 1224979098644774913 1224979098644774912 1702 1 1224979098644774913 1704 1 1224979098644774913 1727 2 1224979098644774914 1224979098644774913 545 3 1224979098644774913 26 0 2147483680 2 1224979098644774914 1 1728 1 1224979098644774913 505 3 1224979098644774913 26 1 3 0 
0.000000 0.000000 0.000000  0  11 4 0 70 1 29 71 1 30 1700 1 1224979098644774912 1728 1 1224979098644774912 5 0 70 1 56 71 1 30 12 1 1224979098644774913 1728 1 1224979098644774913 3 0 
-19.000000 0.000000 0.000000  0  1 1 1 936748722493063765 
0.000000 0.000000 100000000.000000  1 2147483679 2 144115188075856169 360287970189639680  5 2120 3 1224979098644774912 6 1 6 3 1224979098644774913 0 1224979098644774912 2176 3 1224979098644774914 144115188075856169 1224979098644774913 507 3 1224979098644774913 68 1224979098644774914 3 0 
1.000000 0.000000 0.000000  1 2147483679 2 144115188075856169 360287970189639680  17 2322 2 1 144115188075856169 2120 3 1224979098644774912 6 1 6 3 1224979098644774913 0 1224979098644774912 2176 3 1224979098644774914 144115188075856169 1224979098644774913 527 3 1224979098644774915 1224979098644774913 68 32 2 1224979098644774914 1224979098644774915 2121 3 1224979098644774916 1224979098644774914 1224979098644774915 2133 2 72057594037927938 1224979098644774916 2106 2 1224979098644774916 1 2133 2 72057594037927939 1224979098644774916 2133 2 72057594037927937 1224979098644774914 2121 3 1224979098644774917 1224979098644774913 0 2105 2 1224979098644774917 216172782113787044 2320 2 2 1224979098644774917 1106 2 1585267068834415376 15658496 507 3 1224979098644774913 68 1224979098644774914 3 0 
0.000000 0.000000 0.000000  0  11 1700 1 1224979098644774912 1710 2 2 1224979098644774912 4 0 1726 3 1224979098644774913 1224979098644774912 1 31 2 1224979098644774913 288230376151712268 71 1 34 721 2 2 50 1970 1 2 1974 1 1080863910568920066 1774 2 1224979098644774912 288230376151712268 3 0 


mst_town_fight town_fight 0  -1
Town_Fight 

48 0 4100 256 0 1 0  
1 4100 256 0 1 0  
2 4112 256 0 1 0  
3 4112 256 0 1 0  
4 4112 256 0 1 0  
5 4112 256 0 1 0  
6 4112 256 0 1 0  
7 4112 256 0 1 0  
8 4112 256 0 1 0  
9 16 256 0 1 0  
10 16 256 0 1 0  
11 8208 256 0 1 0  
12 8208 256 0 1 0  
13 8208 256 0 1 0  
14 16 256 0 1 0  
15 16 256 0 1 0  
16 16 256 0 1 0  
17 16 256 0 1 0  
18 16 256 0 1 0  
19 16 256 0 1 0  
20 16 256 0 1 0  
21 8208 256 0 1 0  
22 8208 256 0 1 0  
23 4112 256 0 1 0  
24 4112 256 0 1 0  
25 4112 256 0 1 0  
26 4112 256 0 1 0  
27 4112 256 0 1 0  
28 4112 256 0 1 0  
29 16 256 0 1 0  
30 16 256 0 1 0  
31 16 256 0 1 0  
32 4112 256 0 1 0  
33 4112 256 0 1 0  
34 4112 256 0 1 0  
35 4112 256 0 1 0  
36 4112 256 0 1 0  
37 4112 256 0 1 0  
38 4112 256 0 1 0  
39 4112 256 0 1 0  
40 8208 256 16 1 0  
41 8208 256 16 1 0  
42 8208 256 16 1 0  
43 8208 256 16 1 0  
44 8208 256 16 1 0  
45 8208 256 16 1 0  
46 8208 256 16 1 0  
47 8208 256 16 1 0  
21
-25.000000 0.000000 0.000000  0  3 2071 1 1224979098644774912 1718 2 1224979098644774913 1224979098644774912 1 4 936748722493063580 1729382256910270468 1224979098644774912 1224979098644774913 
-25.000000 0.000000 0.000000  0  2 2071 1 1224979098644774912 1771 2 1224979098644774912 0 
-19.000000 0.000000 0.000000  0  6 1936 0 2133 2 144115188075856009 0 1020 0 2133 2 144115188075857032 0 2133 2 144115188075857033 0 2124 1 100 
1.000000 0.000000 100000000.000000  1 1 1 936748722493063518  0 
-26.000000 0.000000 0.000000  0  12 2071 1 1224979098644774912 2072 1 1224979098644774913 4 0 1770 2 1224979098644774914 1224979098644774912 31 2 1224979098644774914 1 1700 1 1224979098644774915 31 2 1224979098644774915 1224979098644774913 2105 2 144115188075857032 1 5 0 31 2 1224979098644774914 0 2105 2 144115188075857033 1 3 0 
1.000000 0.000000 0.000000  39 2147483678 2 144115188075857034 8 2105 2 144115188075857034 1 4 0 31 2 144115188075857034 2 1700 1 1224979098644774912 12 1 1224979098644774913 1718 2 1224979098644774914 1224979098644774913 30 2 1224979098644774914 360287970189640760 2147483678 2 1224979098644774914 360287970189640766 2133 2 144115188075857035 1224979098644774914 2133 2 144115188075857036 1224979098644774913 1710 2 0 1224979098644774912 1710 2 1 1224979098644774913 2133 2 1224979098644774915 -1000 6 3 1224979098644774916 0 64 1780 2 6 1224979098644774916 710 3 1224979098644774917 0 6 710 3 1224979098644774918 1 6 2121 3 1224979098644774919 1224979098644774918 1224979098644774917 30 2 1224979098644774918 15 30 2 1224979098644774919 1224979098644774915 700 2 2 6 2133 2 1224979098644774915 1224979098644774919 3 0 1730 3 1224979098644774913 2 0 1736 2 1224979098644774913 10 3 0 5 0 31 2 144115188075857034 5 1700 1 1224979098644774912 1710 2 0 1224979098644774912 1730 3 144115188075857036 0 0 1736 2 144115188075857036 10 5 0 31 2 144115188075857034 7 1735 1 144115188075857036 2133 2 144115188075856110 0 1920 1 144115188075857035 3 0  0 
1.000000 0.000000 0.000000  0  28 30 2 144115188075857034 8 1700 1 1224979098644774912 12 1 1224979098644774913 2147483679 2 1224979098644774913 1224979098644774912 1702 1 1224979098644774913 1770 2 1224979098644774914 1224979098644774913 31 2 1224979098644774914 0 1710 2 0 1224979098644774913 2133 2 1224979098644774915 10000 12 1 1224979098644774916 1702 1 1224979098644774916 1770 2 1224979098644774917 1224979098644774916 31 2 1224979098644774917 1 1710 2 1 1224979098644774916 710 3 1224979098644774918 0 1 2147483680 2 1224979098644774918 1224979098644774915 2133 2 1224979098644774915 1224979098644774918 700 2 2 1 3 0 2133 2 72057594037927937 1224979098644774918 4 0 2147483680 2 1224979098644774915 500 1735 1 1224979098644774913 5 0 2147483678 2 1224979098644774915 10000 1730 3 1224979098644774913 2 0 3 0 3 0 
3.000000 0.000000 0.000000  2 2147483678 2 144115188075857034 8 1 1 936748722493063521  0 
2.000000 0.000000 0.000000  1 1 1 936748722493063511  0 
-19.000000 0.000000 0.000000  0  1 1 1 936748722493063507 
1.000000 4.000000 100000000.000000  3 1073742830 0 1005 1 1 30 2 144115188075857034 8  12 4 0 1006 0 2133 2 144115188075856946 0 5 0 2133 2 144115188075856946 1 3 0 2133 2 144115188075857028 4 1935 0 1907 0 372 1 6 2040 0 2075 1 1 
-22.000000 0.000000 0.000000  9 4 0 31 2 144115188075856156 0 2075 1 1 5 0 31 2 144115188075856156 1 1106 1 216172782113783921 5 0 1106 1 216172782113783919 3 0  0 
-21.000000 0.000000 0.000000  1 1106 1 216172782113786889  0 
0.000000 0.000000 100000000.000000  0  7 12 1 1224979098644774912 1704 1 1224979098644774912 1718 2 1224979098644774913 1224979098644774912 1507 1 1224979098644774913 1515 2 1224979098644774914 1224979098644774913 500 3 1224979098644774913 329 1224979098644774914 3 0 
1.000000 0.000000 0.000000  0  41 1700 1 1224979098644774912 12 1 1224979098644774913 1704 1 1224979098644774913 1718 2 1224979098644774914 1224979098644774913 1507 1 1224979098644774914 1515 2 1224979098644774915 1224979098644774914 520 3 1224979098644774916 1224979098644774914 329 32 2 1224979098644774915 1224979098644774916 2121 3 1224979098644774917 1224979098644774915 1224979098644774916 2172 3 1224979098644774918 1224979098644774914 2 2122 3 1224979098644774919 1224979098644774918 3 2107 2 1224979098644774919 1224979098644774917 2108 2 1224979098644774919 100 1107 1 0 1062 2 1224979098644774919 1224979098644774914 1107 1 1 4 0 31 2 1224979098644774913 1224979098644774912 32 2 1224979098644774919 0 31 2 144115188075857164 1 2133 2 72057594037927937 1224979098644774919 1106 1 1585267068834415374 3 0 1515 2 1224979098644774920 1224979098644774914 500 3 1224979098644774914 329 1224979098644774920 2121 3 1224979098644774921 1224979098644774920 1224979098644774916 2170 3 1224979098644774922 27 1224979098644774914 2105 2 1224979098644774922 10 2107 2 1224979098644774921 1224979098644774922 2108 2 1224979098644774921 20 2108 2 1224979098644774921 100 32 2 1224979098644774921 0 1525 2 1224979098644774914 1224979098644774921 4 0 31 2 1224979098644774913 1224979098644774912 31 2 144115188075857164 1 2133 2 72057594037927937 1224979098644774921 2121 3 72057594037927938 72057594037927937 1 1106 1 1585267068834415375 3 0 3 0 
1.000000 0.000000 0.000000  0  11 1700 1 1224979098644774912 12 1 1224979098644774913 2147483679 2 1224979098644774913 1224979098644774912 1702 1 1224979098644774913 1704 1 1224979098644774913 1727 2 1224979098644774914 1224979098644774913 545 3 1224979098644774913 26 0 2147483680 2 1224979098644774914 1 1728 1 1224979098644774913 505 3 1224979098644774913 26 1 3 0 
0.000000 0.000000 0.000000  0  11 4 0 70 1 29 71 1 30 1700 1 1224979098644774912 1728 1 1224979098644774912 5 0 70 1 56 71 1 30 12 1 1224979098644774913 1728 1 1224979098644774913 3 0 
-19.000000 0.000000 0.000000  0  1 1 1 936748722493063765 
0.000000 0.000000 100000000.000000  1 2147483679 2 144115188075856169 360287970189639680  5 2120 3 1224979098644774912 6 1 6 3 1224979098644774913 0 1224979098644774912 2176 3 1224979098644774914 144115188075856169 1224979098644774913 507 3 1224979098644774913 68 1224979098644774914 3 0 
1.000000 0.000000 0.000000  1 2147483679 2 144115188075856169 360287970189639680  17 2322 2 1 144115188075856169 2120 3 1224979098644774912 6 1 6 3 1224979098644774913 0 1224979098644774912 2176 3 1224979098644774914 144115188075856169 1224979098644774913 527 3 1224979098644774915 1224979098644774913 68 32 2 1224979098644774914 1224979098644774915 2121 3 1224979098644774916 1224979098644774914 1224979098644774915 2133 2 72057594037927938 1224979098644774916 2106 2 1224979098644774916 1 2133 2 72057594037927939 1224979098644774916 2133 2 72057594037927937 1224979098644774914 2121 3 1224979098644774917 1224979098644774913 0 2105 2 1224979098644774917 216172782113787044 2320 2 2 1224979098644774917 1106 2 1585267068834415376 15658496 507 3 1224979098644774913 68 1224979098644774914 3 0 
0.000000 0.000000 0.000000  0  11 1700 1 1224979098644774912 1710 2 2 1224979098644774912 4 0 1726 3 1224979098644774913 1224979098644774912 1 31 2 1224979098644774913 288230376151712268 71 1 34 721 2 2 50 1970 1 2 1974 1 1080863910568920066 1774 2 1224979098644774912 288230376151712268 3 0 


mst_multiplayer_duel multiplayer_duel 2  -1
You_lead_your_men_to_battle. 

64 0 4112 0 16 1 0  
1 4112 0 16 1 0  
2 4112 0 16 1 0  
3 4112 0 16 1 0  
4 4112 0 16 1 0  
5 4112 0 16 1 0  
6 4112 0 16 1 0  
7 4112 0 16 1 0  
8 4112 0 16 1 0  
9 4112 0 16 1 0  
10 4112 0 16 1 0  
11 4112 0 16 1 0  
12 4112 0 16 1 0  
13 4112 0 16 1 0  
14 4112 0 16 1 0  
15 4112 0 16 1 0  
16 4112 0 16 1 0  
17 4112 0 16 1 0  
18 4112 0 16 1 0  
19 4112 0 16 1 0  
20 4112 0 16 1 0  
21 4112 0 16 1 0  
22 4112 0 16 1 0  
23 4112 0 16 1 0  
24 4112 0 16 1 0  
25 4112 0 16 1 0  
26 4112 0 16 1 0  
27 4112 0 16 1 0  
28 4112 0 16 1 0  
29 4112 0 16 1 0  
30 4112 0 16 1 0  
31 4112 0 16 1 0  
32 8208 0 16 1 0  
33 8208 0 16 1 0  
34 8208 0 16 1 0  
35 8208 0 16 1 0  
36 8208 0 16 1 0  
37 8208 0 16 1 0  
38 8208 0 16 1 0  
39 8208 0 16 1 0  
40 8208 0 16 1 0  
41 8208 0 16 1 0  
42 8208 0 16 1 0  
43 8208 0 16 1 0  
44 8208 0 16 1 0  
45 8208 0 16 1 0  
46 8208 0 16 1 0  
47 8208 0 16 1 0  
48 8208 0 16 1 0  
49 8208 0 16 1 0  
50 8208 0 16 1 0  
51 8208 0 16 1 0  
52 8208 0 16 1 0  
53 8208 0 16 1 0  
54 8208 0 16 1 0  
55 8208 0 16 1 0  
56 8208 0 16 1 0  
57 8208 0 16 1 0  
58 8208 0 16 1 0  
59 8208 0 16 1 0  
60 8208 0 16 1 0  
61 8208 0 16 1 0  
62 8208 0 16 1 0  
63 8208 0 16 1 0  
15
1.000000 5.000000 0.000000  8 417 0 31 2 144115188075856365 1 31 2 144115188075856800 0 2370 1 1224979098644774912 2120 3 1224979098644774913 144115188075856803 144115188075856802 1073741855 2 1224979098644774913 144115188075856801 32 2 1224979098644774912 144115188075856808 1 1 936748722493063258  8 2133 2 144115188075856365 0 4 0 1073741855 2 144115188075856804 0 31 2 144115188075856804 3 1 2 936748722493063266 144115188075856367 470 3 72057594037927936 144115188075856805 1 1 1 936748722493063174 3 0 
-25.000000 0.000000 0.000000  0  2 2071 1 1224979098644774912 1 2 936748722493063232 1224979098644774912 
-15.000000 0.000000 0.000000  0  2 2071 1 1224979098644774912 1 2 936748722493063233 1224979098644774912 
-19.000000 0.000000 0.000000  0  9 2133 2 144115188075856367 7 1 1 936748722493063234 1796 3 0 0 1 1796 3 0 1 1 1796 3 1 1 1 2006 1 1 1 1 936748722493063277 1 1 936748722493063276 1 1 936748722493063275 
-20.000000 0.000000 0.000000  0  5 426 2 0 -1 426 2 1 -1 1 1 936748722493063221 1 1 936748722493063237 2133 2 144115188075856366 1 
-16.000000 0.000000 0.000000  0  3 1 1 936748722493063278 2133 2 144115188075856371 0 900 1 1513209474796486675 
-26.000000 0.000000 0.000000  0  30 2071 1 1224979098644774912 2072 1 1224979098644774913 1 3 936748722493063235 1224979098644774912 1224979098644774913 4 0 1700 1 1224979098644774914 1712 1 1224979098644774914 565 3 1224979098644774914 21 0 4 0 31 2 1224979098644774912 1224979098644774914 1106 1 216172782113787006 5 0 545 3 1224979098644774914 21 1224979098644774912 1106 1 216172782113787007 3 0 3 0 4 0 565 3 1224979098644774912 21 0 525 3 1224979098644774915 1224979098644774912 21 505 3 1224979098644774912 21 -1 4 0 1712 1 1224979098644774915 505 3 1224979098644774915 21 -1 1802 1 1224979098644774915 4 0 1724 2 1224979098644774916 1224979098644774915 2147484049 1 1224979098644774916 1732 1 1224979098644774915 3 0 3 0 3 0 
1.000000 0.000000 0.000000  0  39 417 0 400 1 1224979098644774912 6 3 1224979098644774913 0 1224979098644774912 401 1 1224979098644774913 2147484086 1 1224979098644774913 402 2 1224979098644774914 1224979098644774913 2147483678 2 1224979098644774914 2 404 2 1224979098644774915 1224979098644774913 30 2 1224979098644774915 0 406 2 1224979098644774916 1224979098644774913 2133 2 1224979098644774917 0 4 0 528 3 1224979098644774918 1224979098644774913 24 31 2 1224979098644774918 1 2133 2 1224979098644774917 1 508 3 1224979098644774913 24 0 5 0 4 0 2147483678 2 1224979098644774916 0 2133 2 1224979098644774917 1 5 0 2147485350 1 1224979098644774916 1760 2 1224979098644774919 1224979098644774916 32 2 1224979098644774919 144115188075856760 2133 2 1224979098644774917 1 3 0 3 0 31 2 1224979098644774917 1 1 2 936748722493063295 1224979098644774913 1541 3 1224979098644774920 1224979098644774915 8 4 0 30 2 1224979098644774920 0 2133 2 1224979098644774921 1 5 0 2133 2 1224979098644774921 0 3 0 1 4 936748722493063293 1224979098644774914 0 1224979098644774921 409 2 1224979098644774913 72057594037927936 3 0 
1.000000 0.000000 0.000000  0  31 417 0 2370 1 1224979098644774912 30 2 1224979098644774912 2 2133 2 1224979098644774913 0 2133 2 1224979098644774914 0 12 1 1224979098644774915 1707 1 1224979098644774915 1704 1 1224979098644774915 2133 2 1224979098644774916 0 4 0 1702 1 1224979098644774915 2133 2 1224979098644774916 1 5 0 1760 2 1224979098644774917 1224979098644774915 2147483680 2 1224979098644774917 144115188075856760 2133 2 1224979098644774916 1 3 0 31 2 1224979098644774916 1 1770 2 1224979098644774918 1224979098644774915 4 0 31 2 1224979098644774918 0 2105 2 1224979098644774913 1 5 0 31 2 1224979098644774918 1 2105 2 1224979098644774914 1 3 0 3 0 2121 3 144115188075856369 144115188075856770 1224979098644774913 2121 3 144115188075856370 144115188075856771 1224979098644774914 2111 2 144115188075856369 0 2111 2 144115188075856370 0 
0.000000 0.000000 0.000000  0  45 417 0 31 2 144115188075856366 1 2120 3 1224979098644774912 144115188075856369 144115188075856370 4 0 32 2 1224979098644774912 0 2136 3 1224979098644774913 0 1224979098644774912 2106 2 1224979098644774913 144115188075856369 4 0 2147483678 2 1224979098644774913 0 2133 2 1224979098644774914 0 2106 2 144115188075856369 1 5 0 2133 2 1224979098644774914 1 2106 2 144115188075856370 1 3 0 458 2 1224979098644774915 1224979098644774914 2133 2 1224979098644774916 0 6 3 1224979098644774917 360287970189640693 360287970189640711 2173 2 1224979098644774918 1224979098644774917 31 2 1224979098644774918 1224979098644774915 2105 2 1224979098644774916 1 3 0 2136 3 1224979098644774919 0 1224979098644774916 2133 2 1224979098644774920 360287970189640711 6 3 1224979098644774917 360287970189640693 1224979098644774920 2173 2 1224979098644774918 1224979098644774917 31 2 1224979098644774918 1224979098644774915 2106 2 1224979098644774919 1 2147483678 2 1224979098644774919 0 2133 2 1224979098644774920 0 2133 2 1224979098644774921 1224979098644774917 3 0 1541 3 1224979098644774922 1224979098644774921 8 4 0 30 2 1224979098644774922 0 2133 2 1224979098644774923 1 5 0 2133 2 1224979098644774923 0 3 0 1 4 936748722493063293 1224979098644774914 0 1224979098644774923 2211 1 1224979098644774924 1261 1 1224979098644774924 1265 5 72057594037927936 1224979098644774921 1 1224979098644774914 -1 2133 2 144115188075856366 0 3 0 
1.000000 0.000000 0.000000  0  14 417 0 2133 2 1224979098644774912 0 4 0 2370 1 1224979098644774913 2122 3 1224979098644774914 144115188075856762 60 32 2 1224979098644774913 1224979098644774914 2133 2 1224979098644774912 1 3 0 4 0 31 2 1224979098644774912 1 1 2 936748722493063266 144115188075856367 470 3 72057594037927936 144115188075856466 0 1 1 936748722493063174 3 0 
-21.000000 0.000000 0.000000  0  5 4 0 31 2 144115188075856368 0 2133 2 144115188075856371 1 900 1 1513209474796486675 3 0 
0.000000 0.000000 100000000.000000  0  1 900 1 1513209474796486661 
-23.000000 0.000000 0.000000  0  4 2147484551 1 1513209474796486676 2147484551 1 1513209474796486675 31 2 144115188075856383 0 900 1 1513209474796486676 
1.000000 0.000000 0.000000  0  13 2370 1 1224979098644774912 2121 3 1224979098644774913 1224979098644774912 3 12 1 1224979098644774914 565 3 1224979098644774914 21 0 525 3 1224979098644774915 1224979098644774914 22 30 2 1224979098644774915 0 2147483680 2 1224979098644774915 1224979098644774913 505 3 1224979098644774914 22 -1 525 3 1224979098644774916 1224979098644774914 21 1712 1 1224979098644774916 1803 3 1224979098644774914 1224979098644774916 -1 1732 1 1224979098644774914 3 0 


mst_arena_duel_thing_std arena_duel_thing_std 1  -1
The_duel_begins! 

16 0 4112 0 16 1 0  
8 12304 0 16 1 0  
56 4112 256 16 1 0  
58 12304 256 16 1 0  
0 4112 15 16 1 2  397 516 
8 12304 15 16 1 2  397 516 
56 4112 271 16 1 2  397 516 
58 12304 271 16 1 2  397 516 
0 4112 15 16 1 3  423 442 375 
8 12304 15 16 1 3  423 442 375 
56 4112 271 16 1 3  423 442 375 
58 12304 271 16 1 3  423 442 375 
0 4112 255 16 1 6  545 160 192 325 178 165 
8 12304 255 16 1 6  545 160 192 325 178 165 
0 4112 511 16 1 6  545 160 192 325 178 165 
8 12304 511 16 1 6  545 160 192 325 178 165 
5
-22.000000 0.000000 0.000000  1 1106 1 216172782113783919  0 
-21.000000 0.000000 0.000000  0  1 1121 1 1585267068834415389 
-8.000000 0.000000 0.000000  0  19 2071 1 1224979098644774912 31 2 1224979098644774912 0 4 0 1507 1 144115188075855987 2133 2 144115188075857048 -1 520 3 1224979098644774913 144115188075855987 156 2105 2 1224979098644774913 1 500 3 144115188075855987 156 1224979098644774913 3 0 4 0 1507 1 144115188075855987 520 3 1224979098644774914 360287970189639680 156 2105 2 1224979098644774914 1 500 3 360287970189639680 156 1224979098644774914 2133 2 72057594037927938 1224979098644774914 1106 1 1585267068834415390 3 0 2133 2 144115188075857048 -1 1907 0 
1.000000 3.000000 100000000.000000  2 1003 1 1 2147484654 1 0  13 2133 2 144115188075857048 1 4 0 1507 1 144115188075855987 520 3 1224979098644774912 144115188075855987 155 2105 2 1224979098644774912 1 500 3 144115188075855987 155 1224979098644774912 520 3 1224979098644774913 360287970189639680 155 2105 2 1224979098644774913 1 500 3 360287970189639680 155 1224979098644774913 2133 2 72057594037927938 1224979098644774913 1106 1 1585267068834415391 3 0 1907 0 
2.000000 3.000000 100000000.000000  1 1006 0  14 2133 2 144115188075857048 -1 4 0 1507 1 144115188075855987 520 3 1224979098644774912 144115188075855987 156 2105 2 1224979098644774912 1 500 3 144115188075855987 156 1224979098644774912 2133 2 72057594037927937 1224979098644774912 520 3 1224979098644774913 360287970189639680 156 2105 2 1224979098644774913 1 500 3 360287970189639680 156 1224979098644774913 2133 2 72057594037927938 1224979098644774913 1106 1 1585267068834415390 3 0 1907 0 


mst_entrenched_encounter entrenched_encounter 2  -1
Defend_the_camp! 

12 0 8256 0 16 12 0  
1 16448 0 16 0 0  
11 5248 256 16 12 0  
15 12290 0 16 0 0  
40 135296 256 16 1 0  
41 135296 256 16 1 0  
42 135296 256 16 1 0  
43 135296 256 16 1 0  
44 135296 256 16 1 0  
45 69760 256 16 2 0  
46 266368 256 16 1 0  
10 4224 256 16 0 0  
82
0.000000 0.000000 100000000.000000  5 2133 2 144115188075856302 0 2133 2 144115188075856303 1 2133 2 144115188075856304 2 2133 2 144115188075856305 3 2133 2 144115188075857128 1  0 
-25.000000 0.000000 0.000000  0  18 2071 1 1224979098644774912 4 0 1704 1 1224979098644774912 1 2 936748722493063549 1224979098644774912 2133 2 1224979098644774913 5000 1718 2 1224979098644774914 1224979098644774912 2171 2 1224979098644774915 1224979098644774914 2107 2 1224979098644774915 35 2105 2 1224979098644774913 1224979098644774915 2136 3 1224979098644774916 0 3000 2105 2 1224979098644774913 1224979098644774916 1716 2 1224979098644774917 1224979098644774912 1671 2 1224979098644774918 1224979098644774917 2121 3 1224979098644774919 1224979098644774918 70 2107 2 1224979098644774919 30 2105 2 1224979098644774913 1224979098644774919 505 3 1224979098644774912 16 1224979098644774913 3 0 
0.000000 0.000000 100000000.000000  0  36 1 1 936748722493063847 2133 2 1224979098644774912 72057594037927936 1780 2 1 47 1780 2 2 48 701 1 3 718 2 3 1 726 2 1224979098644774913 1 726 2 1224979098644774914 2 727 2 1224979098644774915 1 727 2 1224979098644774916 2 2121 3 1224979098644774917 1224979098644774914 1224979098644774913 2123 3 1224979098644774918 1224979098644774917 1224979098644774912 2121 3 1224979098644774919 1224979098644774916 1224979098644774915 2123 3 1224979098644774920 1224979098644774919 1224979098644774912 2133 2 1224979098644774921 1224979098644774913 2133 2 1224979098644774922 1224979098644774915 6 3 1224979098644774923 0 1224979098644774912 2105 2 1224979098644774921 1224979098644774918 2105 2 1224979098644774922 1224979098644774920 729 2 3 1224979098644774921 730 2 3 1224979098644774922 791 1 3 2136 3 1224979098644774924 0 300 4 0 2147483680 2 1224979098644774924 100 2133 2 1224979098644774925 288230376151711894 5 0 30 2 1224979098644774924 200 2133 2 1224979098644774925 288230376151711890 5 0 33 3 1224979098644774924 100 200 2133 2 1224979098644774925 288230376151711891 3 0 1970 1 3 1973 1 1224979098644774925 3 0 
0.000000 0.000000 100000000.000000  8 1107 1 0 1790 3 144115188075856302 0 11 1790 3 144115188075856302 1 11 1790 3 144115188075856302 2 11 1790 3 144115188075856304 0 2 1790 3 144115188075856304 1 2 1790 3 144115188075856304 2 2 1107 1 1  0 
-25.000000 0.000000 0.000000  0  3 2071 1 1224979098644774912 1718 2 1224979098644774913 1224979098644774912 1 4 936748722493063580 1729382256910270468 1224979098644774912 1224979098644774913 
-26.000000 0.000000 0.000000  0  18 2071 1 1224979098644774912 2072 1 1224979098644774913 2073 1 1224979098644774914 4 0 30 2 1224979098644774912 0 2147485354 1 1224979098644774912 1704 1 1224979098644774912 1718 2 1224979098644774915 1224979098644774912 2322 2 6 1224979098644774915 2133 2 72057594037927936 1224979098644774912 2133 2 72057594037927937 1224979098644774913 2133 2 72057594037927938 1224979098644774914 1770 2 72057594037927939 1224979098644774912 1610 3 648518346341351442 1224979098644774915 1 31 2 1224979098644774914 1 1618 3 648518346341351442 1224979098644774915 1 3 0 1 3 936748722493063475 1224979098644774912 1224979098644774913 
-21.000000 0.000000 0.000000  0  23 4 0 31 2 144115188075856297 1 1 1 936748722493063589 1907 1 0 5 0 521 3 1224979098644774912 648518346341351424 380 30 2 1224979098644774912 1 1106 1 216172782113783948 5 0 541 3 648518346341351424 85 1 1073742830 0 31 2 144115188075856292 1 2320 2 5 216172782113784210 1 4 936748722493063487 5 20 0 1 1 936748722493063589 1906 1 -1 1907 1 0 5 0 1 1 936748722493063389 1121 1 216172782113783944 5 0 1106 1 216172782113783948 3 0 
-8.000000 0.000000 0.000000  0  11 2071 1 1224979098644774912 31 2 1224979098644774912 0 2133 2 144115188075856292 0 4 0 2370 1 1224979098644774913 32 2 1224979098644774913 20 2320 2 5 216172782113784210 1 4 936748722493063487 10 20 1 3 0 1 1 936748722493063589 1907 1 0 
-19.000000 0.000000 0.000000  0  8 1796 3 0 2 1 1796 3 1 3 1 1 1 936748722493063617 1617 1 648518346341351443 2133 2 144115188075856293 1 2133 2 144115188075856294 1 2133 2 144115188075856295 1 2133 2 144115188075856296 1 
0.000000 0.000000 100000000.000000  0  5 2133 2 144115188075856297 0 2133 2 144115188075856298 0 2133 2 144115188075856299 0 1 1 936748722493063652 2133 2 144115188075856300 2 
30.000000 0.000000 0.000000  0  1 1 1 936748722493063652 
2.000000 0.000000 0.000000  0  1 1 1 936748722493063486 
1.000000 0.000000 5.000000  25 1 2 936748722493063354 648518346341351439 2133 2 1224979098644774912 72057594037927936 2133 2 1224979098644774913 0 12 1 1224979098644774914 1704 1 1224979098644774914 1716 2 1224979098644774915 1224979098644774914 4 0 2147483679 2 1224979098644774915 648518346341351424 2147485354 1 1224979098644774914 2105 2 1224979098644774913 1 3 0 3 0 2121 3 1224979098644774916 1224979098644774912 1224979098644774913 4 0 2147483678 2 1224979098644774916 15 30 2 144115188075856298 2 31 2 144115188075856301 0 2105 2 144115188075856300 1 2133 2 144115188075856301 1 3 0 2147483678 2 144115188075856298 144115188075856300 2370 1 1224979098644774917 30 2 1224979098644774917 10 2385 2 1224979098644774918 0 2147483678 2 1224979098644774918 6  3 1930 2 1 7 2133 2 144115188075856301 0 2105 2 144115188075856298 1 
1.000000 0.000000 5.000000  5 2147483678 2 144115188075856299 2 2370 1 1224979098644774912 30 2 1224979098644774912 10 2385 2 1224979098644774913 1 2147483678 2 1224979098644774913 6  2 1930 2 10 7 2105 2 144115188075856299 1 
5.000000 60.000000 100000000.000000  10 2370 1 72057594037927937 30 2 72057594037927937 10 1003 1 5 1073742365 3 648518346341351424 85 1 2147484654 1 0 1906 1 1 1106 1 216172782113783827 2133 2 144115188075856297 1 2133 2 144115188075856168 1 1 1 936748722493063653  2 1 1 936748722493063589 1907 1 1 
10.000000 0.000000 0.000000  0  2 31 2 144115188075856297 1 1106 1 216172782113783827 
1.000000 4.000000 100000000.000000  1 1006 0  7 2133 2 144115188075856292 1 2320 2 5 216172782113784210 1 4 936748722493063487 10 20 1 2133 2 144115188075856168 -1 1906 1 -1 1 1 936748722493063589 1907 1 0 
-22.000000 0.000000 0.000000  0  1 1106 1 216172782113783918 
5.000000 0.000000 0.000000  1 30 2 144115188075857128 1  30 2124 1 100 1811 3 1224979098644774912 1080863910568920068 0 1850 2 1 1224979098644774912 1811 3 1224979098644774913 1080863910568920069 0 1850 2 4 1224979098644774913 2133 2 1224979098644774914 0 12 1 1224979098644774915 1702 1 1224979098644774915 1704 1 1224979098644774915 1770 2 1224979098644774916 1224979098644774915 4 0 1073741855 2 1224979098644774916 144115188075856303 31 2 1224979098644774916 144115188075856305 1710 2 2 1224979098644774915 710 3 1224979098644774917 1 2 2147483680 2 1224979098644774917 800 2105 2 1224979098644774914 1 3 0 3 0 4 0 30 2 1224979098644774914 3 2106 2 144115188075857128 1 1860 3 1224979098644774913 1 0 1860 3 1224979098644774912 4 0 1811 3 1224979098644774918 1080863910568919493 0 1850 2 3 1224979098644774918 1969 3 1008806316530991158 3 400 1969 3 1008806316530991159 3 9999 1 1 936748722493063848 3 0 
6.000000 0.000000 0.000000  1 31 2 144115188075857102 1  29 2124 1 10 12 1 1224979098644774912 1702 1 1224979098644774912 1704 1 1224979098644774912 1710 2 3 1224979098644774912 728 2 1224979098644774913 3 1714 2 1224979098644774914 1224979098644774912 4 0 2147483680 2 1224979098644774913 -19 31 2 1224979098644774914 -1 1720 3 1224979098644774915 1224979098644774912 1 2121 3 1224979098644774916 1224979098644774915 10 1721 3 1224979098644774912 1224979098644774916 1 4 0 2147483680 2 1224979098644774916 0 1722 2 1224979098644774912 1224979098644774912 3 0 5 0 2147483679 2 1224979098644774914 -1 2147483680 2 1224979098644774913 -32 1720 3 1224979098644774915 1224979098644774912 1 2121 3 1224979098644774916 1224979098644774915 10 1721 3 1224979098644774912 1224979098644774916 1 4 0 2147483680 2 1224979098644774916 0 1722 2 1224979098644774912 1224979098644774912 3 0 3 0 3 0 
0.000000 0.000000 100000000.000000  2 2370 1 1224979098644774912 30 2 1224979098644774912 2  2 1 1 936748722493063469 1 1 936748722493063471 
3.000000 0.000000 0.000000  1 1 1 936748722493063474  0 
3.000000 0.000000 0.000000  7 12 1 1224979098644774912 1704 1 1224979098644774912 1702 1 1224979098644774912 2370 1 1224979098644774913 30 2 1224979098644774913 3 1 3 936748722493063476 1224979098644774912 1224979098644774913 3 0  0 
5.000000 0.000000 0.000000  3 2370 1 1224979098644774912 30 2 1224979098644774912 3 1 1 936748722493063477  0 
0.000000 0.000000 100000000.000000  0  2 2147484551 1 1513209474796486703 900 1 1513209474796486703 
0.000000 0.000000 0.000000  0  15 4 0 2147484551 1 1513209474796486694 2147484551 1 1513209474796486703 2147484551 1 1513209474796486734 900 1 1513209474796486703 3 0 4 0 903 1 1513209474796486694 1 1 936748722493063538 5 0 903 1 1513209474796486703 1 1 936748722493063790 31 2 144115188075857173 1 1 1 936748722493063788 3 0 
60.000000 0.000000 0.000000  3 521 3 1224979098644774912 648518346341351424 380 30 2 1224979098644774912 1 30 2 144115188075857128 1  9 1700 1 1224979098644774912 12 1 1224979098644774913 2147483679 2 1224979098644774913 1224979098644774912 1702 1 1224979098644774913 1704 1 1224979098644774913 1770 2 1224979098644774914 1224979098644774913 31 2 1224979098644774914 144115188075856302 1728 1 1224979098644774913 3 0 
0.000000 0.000000 100000000.000000  0  5 1700 1 144115188075857103 1770 2 144115188075857104 144115188075857103 1714 2 1224979098644774912 144115188075857103 30 2 1224979098644774912 0 505 3 144115188075857103 41 1224979098644774912 
-19.000000 0.000000 100000000.000000  0  11 501 3 648518346341351424 108 0 501 3 648518346341351433 108 0 501 3 2 108 0 6 3 1224979098644774912 0 4 6 3 1224979098644774913 149 167 509 3 1224979098644774912 1224979098644774913 -1 3 0 3 0 541 3 648518346341351424 72 0 1 1 936748722493063830 501 3 648518346341351424 72 1 
0.000000 0.000000 0.000000  13 2147484654 0 1073741897 1 30 1073741897 1 31 1073741897 1 32 1073741897 1 33 1073741897 1 34 1073741897 1 35 1073741897 1 36 1073741897 1 37 1073741897 1 38 1073741897 1 29 1073741897 1 39 73 1 40  2 501 3 648518346341351424 108 0 900 1 1513209474796486734 
-23.000000 0.000000 0.000000  0  3 501 3 648518346341351424 108 0 903 1 1513209474796486734 902 1 0 
0.000000 0.000000 0.000000  2 2147484654 0 71 1 67  6 2147484189 3 648518346341351424 108 23 2147484189 3 648518346341351424 108 24 2147484189 3 648518346341351424 108 25 903 1 1513209474796486734 902 1 0 501 3 648518346341351424 108 0 
0.000000 0.000000 0.000000  2 2147484654 0 73 1 23  20 4 0 2147484189 3 648518346341351424 108 23 2147484189 3 648518346341351424 108 24 2147484189 3 648518346341351424 108 25 501 3 648518346341351424 108 23 5 0 541 3 648518346341351424 108 23 2133 2 144115188075857105 1 1 2 936748722493063868 0 501 3 648518346341351424 108 0 5 0 541 3 648518346341351424 108 24 2133 2 144115188075857105 1 1 2 936748722493063868 5 501 3 648518346341351424 108 0 5 0 541 3 648518346341351424 108 25 1 2 936748722493063839 0 501 3 648518346341351424 108 0 3 0 
0.000000 0.000000 0.000000  2 2147484654 0 73 1 24  20 4 0 2147484189 3 648518346341351424 108 23 2147484189 3 648518346341351424 108 24 2147484189 3 648518346341351424 108 25 501 3 648518346341351424 108 24 5 0 541 3 648518346341351424 108 23 2133 2 144115188075857105 1 1 2 936748722493063868 1 501 3 648518346341351424 108 0 5 0 541 3 648518346341351424 108 24 2133 2 144115188075857105 1 1 2 936748722493063868 6 501 3 648518346341351424 108 0 5 0 541 3 648518346341351424 108 25 1 2 936748722493063839 0 501 3 648518346341351424 108 0 3 0 
0.000000 0.000000 0.000000  2 2147484654 0 73 1 25  19 4 0 2147484189 3 648518346341351424 108 23 2147484189 3 648518346341351424 108 24 2147484189 3 648518346341351424 108 25 501 3 648518346341351424 108 25 5 0 541 3 648518346341351424 108 23 2133 2 144115188075857105 1 1 2 936748722493063868 2 501 3 648518346341351424 108 0 5 0 541 3 648518346341351424 108 24 2133 2 144115188075857105 1 1 2 936748722493063868 8 501 3 648518346341351424 108 0 5 0 541 3 648518346341351424 108 25 501 3 648518346341351424 108 0 3 0 
0.000000 0.000000 0.000000  2 2147484654 0 73 1 26  35 4 0 541 3 648518346341351424 108 0 1073741855 2 144115188075856193 864691128455135276 31 2 144115188075856193 864691128455135287 501 3 648518346341351424 108 26 900 1 1513209474796486734 5 0 541 3 648518346341351424 108 23 2133 2 144115188075857105 1 1 2 936748722493063868 11 501 3 648518346341351424 108 0 5 0 541 3 648518346341351424 108 24 2133 2 144115188075857105 1 1 2 936748722493063868 7 501 3 648518346341351424 108 0 5 0 541 3 648518346341351424 108 25 1 3 936748722493063833 -1 144115188075857104 501 3 648518346341351424 108 0 5 0 541 3 648518346341351424 108 26 6 3 1224979098644774912 0 9 1775 2 144115188075857104 1224979098644774912 2120 3 1224979098644774913 14 1224979098644774912 569 3 144115188075857104 1224979098644774913 1 2133 2 144115188075857105 1 1 3 936748722493063867 1224979098644774912 2 3 0 501 3 648518346341351424 108 0 5 0 541 3 648518346341351424 108 65 1 1 936748722493063837 501 3 648518346341351424 108 0 3 0 
0.000000 0.000000 0.000000  2 2147484654 0 73 1 27  36 4 0 541 3 648518346341351424 108 0 501 3 648518346341351424 108 27 900 1 1513209474796486734 5 0 541 3 648518346341351424 108 23 2133 2 144115188075857105 1 1 2 936748722493063868 14 501 3 648518346341351424 108 0 5 0 541 3 648518346341351424 108 24 501 3 648518346341351424 108 0 5 0 541 3 648518346341351424 108 26 6 3 1224979098644774912 0 9 1775 2 144115188075857104 1224979098644774912 2120 3 1224979098644774913 14 1224979098644774912 569 3 144115188075857104 1224979098644774913 1 2133 2 144115188075857105 1 1 3 936748722493063867 1224979098644774912 3 3 0 501 3 648518346341351424 108 0 5 0 541 3 648518346341351424 108 27 1 2 936748722493063835 1 501 3 648518346341351424 108 0 5 0 541 3 648518346341351424 108 28 1 2 936748722493063835 4 501 3 648518346341351424 108 0 5 0 541 3 648518346341351424 108 65 1 2 936748722493063834 9 1 2 936748722493063840 1 501 3 648518346341351424 108 0 3 0 
0.000000 0.000000 0.000000  2 2147484654 0 73 1 28  33 4 0 541 3 648518346341351424 108 0 501 3 648518346341351424 108 28 900 1 1513209474796486734 5 0 541 3 648518346341351424 108 24 2133 2 144115188075857105 1 1 2 936748722493063868 4 501 3 648518346341351424 108 0 5 0 541 3 648518346341351424 108 26 6 3 1224979098644774912 0 9 1775 2 144115188075857104 1224979098644774912 2120 3 1224979098644774913 14 1224979098644774912 569 3 144115188075857104 1224979098644774913 1 2133 2 144115188075857105 1 1 3 936748722493063867 1224979098644774912 4 3 0 501 3 648518346341351424 108 0 5 0 541 3 648518346341351424 108 27 1 2 936748722493063835 2 501 3 648518346341351424 108 0 5 0 541 3 648518346341351424 108 28 1 2 936748722493063835 5 501 3 648518346341351424 108 0 5 0 541 3 648518346341351424 108 65 1 2 936748722493063834 11 1 2 936748722493063839 1 501 3 648518346341351424 108 0 3 0 
0.000000 0.000000 0.000000  2 2147484654 0 71 1 65  28 4 0 541 3 648518346341351424 108 0 501 3 648518346341351424 108 65 900 1 1513209474796486734 5 0 541 3 648518346341351424 108 26 6 3 1224979098644774912 0 9 1775 2 144115188075857104 1224979098644774912 2120 3 1224979098644774913 14 1224979098644774912 569 3 144115188075857104 1224979098644774913 1 2133 2 144115188075857105 1 1 3 936748722493063867 1224979098644774912 5 3 0 501 3 648518346341351424 108 0 5 0 541 3 648518346341351424 108 27 1 2 936748722493063835 3 501 3 648518346341351424 108 0 5 0 541 3 648518346341351424 108 28 1 2 936748722493063835 6 501 3 648518346341351424 108 0 5 0 541 3 648518346341351424 108 65 1 2 936748722493063834 13 1 2 936748722493063838 1 501 3 648518346341351424 108 0 3 0 
0.000000 0.000000 0.000000  2 2147484654 0 71 1 66  10 4 0 541 3 648518346341351424 108 26 2133 2 144115188075857105 1 1 2 936748722493063868 2 501 3 648518346341351424 108 0 5 0 541 3 648518346341351424 108 27 1 2 936748722493063835 0 501 3 648518346341351424 108 0 3 0 
0.500000 0.000000 0.000000  1 1 2 936748722493063836 167  1 1 1 936748722493063841 
1.000000 0.000000 0.000000  1 1 2 936748722493063836 176  37 6 3 1224979098644774912 0 4 6 3 1224979098644774913 0 9 2120 3 1224979098644774914 176 1224979098644774913 569 3 1224979098644774912 1224979098644774914 1 529 3 1224979098644774915 1224979098644774912 1224979098644774914 2105 2 1224979098644774915 1 509 3 1224979098644774912 1224979098644774914 1224979098644774915 3 0 3 0 12 1 1224979098644774916 1707 1 1224979098644774916 565 3 1224979098644774916 43 1 1727 3 1224979098644774917 1224979098644774916 1 32 2 1224979098644774917 0 1770 2 1224979098644774912 1224979098644774916 1773 2 1224979098644774913 1224979098644774916 2120 3 1224979098644774914 176 1224979098644774913 529 3 1224979098644774915 1224979098644774912 1224979098644774914 525 3 1224979098644774918 1224979098644774916 43 4 0 31 2 1224979098644774918 8 2133 2 1224979098644774919 2 5 0 31 2 1224979098644774918 9 2133 2 1224979098644774919 5 3 0 1739 2 1224979098644774920 1224979098644774916 1073741855 2 1224979098644774920 1 31 2 1224979098644774920 3 2119 3 72057594037927936 1224979098644774915 1224979098644774919 4 0 31 2 72057594037927936 0 1745 3 1224979098644774916 0 0 5 0 1745 3 1224979098644774916 0 1 3 0 3 0 
1.000000 0.000000 100000000.000000  1 2147483679 2 144115188075856168 0  5 6 3 1224979098644774912 0 4 6 3 1224979098644774913 176 185 509 3 1224979098644774912 1224979098644774913 0 3 0 3 0 
0.000000 0.000000 3.000000  1 71 1 50  7 525 3 1224979098644774912 144115188075857103 41 32 2 1224979098644774912 0 1750 2 144115188075857103 1152921504606847104 1106 1 1585267068834415372 1702 1 1224979098644774912 1710 2 1 144115188075857103 1730 3 1224979098644774912 1 0 
1.000000 0.000000 0.000000  0  27 31 2 144115188075857178 0 12 1 1224979098644774912 1702 1 1224979098644774912 1704 1 1224979098644774912 1714 2 1224979098644774913 1224979098644774912 4 0 30 2 1224979098644774913 0 1720 2 1224979098644774914 1224979098644774913 2121 3 1224979098644774915 100 1224979098644774914 4 0 2147483680 2 1224979098644774915 15 2108 2 1224979098644774915 2 2120 3 1224979098644774916 100 1224979098644774915 5 0 2107 2 1224979098644774915 2 2108 2 1224979098644774915 3 2121 3 1224979098644774916 115 1224979098644774915 3 0 1718 2 1224979098644774917 1224979098644774912 2170 3 1224979098644774918 24 1224979098644774917 2122 3 1224979098644774919 1224979098644774918 2 2105 2 1224979098644774919 100 2107 2 1224979098644774916 1224979098644774919 2108 2 1224979098644774916 100 1734 2 1224979098644774912 1224979098644774916 3 0 3 0 
1.000000 0.000000 100000000.000000  0  1 1 1 936748722493063832 
2.000000 0.000000 0.000000  3 1073742365 3 648518346341351424 78 1 1073742365 3 648518346341351424 79 1 541 3 648518346341351424 80 1  112 12 1 1224979098644774912 1702 1 1224979098644774912 1707 1 1224979098644774912 2133 2 1224979098644774913 -1 2133 2 1224979098644774914 -1 2133 2 1224979098644774915 0 2133 2 1224979098644774916 0 4 0 1770 2 1224979098644774917 1224979098644774912 31 2 1224979098644774917 144115188075857104 1773 2 1224979098644774918 1224979098644774912 1787 3 1224979098644774915 1224979098644774917 1224979098644774918 1784 3 1224979098644774916 1224979098644774917 1224979098644774918 2120 3 1224979098644774919 149 1224979098644774918 529 3 1224979098644774913 1224979098644774917 1224979098644774919 2120 3 1224979098644774919 158 1224979098644774918 529 3 1224979098644774914 1224979098644774917 1224979098644774919 3 0 2147483679 2 1224979098644774915 1 4 0 31 2 1224979098644774913 -1 541 3 648518346341351424 78 1 525 3 1224979098644774920 1224979098644774912 37 32 2 1224979098644774920 0 1726 3 1224979098644774921 1224979098644774912 0 1714 2 1224979098644774922 1224979098644774912 4 0 2147483680 2 1224979098644774922 0 505 3 1224979098644774912 37 0 31 2 1224979098644774921 1224979098644774920 4 0 31 2 1224979098644774914 1 2133 2 1224979098644774923 0 5 0 2133 2 1224979098644774923 1 3 0 1 3 936748722493063831 1224979098644774912 1224979098644774923 5 0 1710 2 1 1224979098644774912 1 3 936748722493063480 1224979098644774917 1 2133 2 1224979098644774924 72057594037927936 4 0 2147483678 2 1224979098644774924 500 1739 2 1224979098644774925 1224979098644774912 32 2 1224979098644774925 3 31 2 1224979098644774921 1224979098644774920 4 0 31 2 1224979098644774914 1 2133 2 1224979098644774923 0 5 0 2133 2 1224979098644774923 1 3 0 1 3 936748722493063831 1224979098644774912 1224979098644774923 5 0 2147483679 2 1224979098644774921 1224979098644774920 1747 2 1224979098644774912 1224979098644774920 3 0 3 0 5 0 31 2 1224979098644774913 -1 541 3 648518346341351424 79 1 525 3 1224979098644774926 1224979098644774912 38 32 2 1224979098644774926 0 2147483679 2 1224979098644774916 1 1726 3 1224979098644774921 1224979098644774912 0 1727 2 1224979098644774927 1224979098644774912 4 0 2147483680 2 1224979098644774927 0 505 3 1224979098644774912 38 0 31 2 1224979098644774921 1224979098644774926 4 0 31 2 1224979098644774914 1 2133 2 1224979098644774923 0 5 0 2133 2 1224979098644774923 1 3 0 1 3 936748722493063831 1224979098644774912 1224979098644774923 5 0 32 2 1224979098644774927 0 1714 2 1224979098644774922 1224979098644774912 2147483680 2 1224979098644774922 0 5 0 32 2 1224979098644774927 0 2147483679 2 1224979098644774921 1224979098644774926 1747 2 1224979098644774912 1224979098644774926 3 0 5 0 541 3 648518346341351424 80 1 525 3 1224979098644774928 1224979098644774912 39 32 2 1224979098644774928 0 2120 3 1224979098644774919 77 1224979098644774918 549 3 1224979098644774917 1224979098644774919 0 1710 2 1 1224979098644774912 1 3 936748722493063480 1224979098644774917 1 2133 2 1224979098644774924 72057594037927936 2133 2 1224979098644774929 72057594037927937 31 2 1224979098644774913 -1 2147483679 2 1224979098644774914 1 1726 3 1224979098644774921 1224979098644774912 0 4 0 3221225502 2 1224979098644774929 300 2147483678 2 1224979098644774924 700 1739 2 1224979098644774925 1224979098644774912 32 2 1224979098644774925 3 31 2 1224979098644774921 1224979098644774928 1 3 936748722493063831 1224979098644774912 1 5 0 2147483679 2 1224979098644774921 1224979098644774928 1747 2 1224979098644774912 1224979098644774928 3 0 3 0 3 0 
-28.000000 0.000000 0.000000  1 541 3 648518346341351424 81 1  102 2071 1 1224979098644774912 2072 1 1224979098644774913 2073 1 1224979098644774914 2133 2 1224979098644774915 72057594037927936 2133 2 1224979098644774916 1224979098644774914 4 0 1704 1 1224979098644774912 1707 1 1224979098644774912 4 0 2147485352 1 1224979098644774913 31 2 1224979098644774915 -1 1719 2 1224979098644774917 1224979098644774913 30 2 1224979098644774917 0 32 2 1224979098644774916 5 527 3 1224979098644774918 1224979098644774917 79 4 0 2147483678 2 1224979098644774918 18 2108 2 1224979098644774918 3 2111 2 1224979098644774914 1224979098644774918 5 0 33 3 1224979098644774918 18 25 2108 2 1224979098644774918 2 2111 2 1224979098644774914 1224979098644774918 5 0 2111 2 1224979098644774914 1224979098644774918 3 0 4 0 1689 2 0 1224979098644774913 727 2 1224979098644774919 0 726 2 1224979098644774920 0 2111 2 1224979098644774919 1224979098644774920 2131 1 1224979098644774919 32 2 1224979098644774919 600 2107 2 1224979098644774914 2 3 0 3 0 5 0 2147485352 1 1224979098644774912 32 2 1224979098644774915 0 567 3 1224979098644774915 79 150 1714 2 1224979098644774917 1224979098644774913 31 2 1224979098644774917 -1 4 0 1767 2 1224979098644774921 1224979098644774913 31 2 1224979098644774921 0 2111 2 1224979098644774914 120 5 0 2111 2 1224979098644774914 60 3 0 1689 2 0 1224979098644774912 727 2 1224979098644774919 0 726 2 1224979098644774920 0 2111 2 1224979098644774919 1224979098644774920 2131 1 1224979098644774919 2106 2 1224979098644774919 4 2112 3 1224979098644774919 -2 5 2122 3 1224979098644774922 1224979098644774919 10 2105 2 1224979098644774914 1224979098644774922 2136 3 1224979098644774923 0 100 4 0 2123 3 1224979098644774924 1224979098644774916 5 2106 2 1224979098644774923 1224979098644774924 2106 2 1224979098644774923 1224979098644774919 4 0 32 2 1224979098644774916 5 31 2 1224979098644774921 0 2106 2 1224979098644774923 10 3 0 2147483678 2 1224979098644774923 10 1740 2 1224979098644774912 1801439850948198959 3 0 3 0 32 2 1224979098644774914 1224979098644774916 2106 2 1224979098644774914 1224979098644774916 1720 3 1224979098644774925 1224979098644774912 1 2106 2 1224979098644774925 1224979098644774914 1721 3 1224979098644774912 1224979098644774925 1 2133 2 72057594037927938 -1 1714 2 1224979098644774926 144115188075857103 4 0 4 0 31 2 1224979098644774912 1224979098644774926 2133 2 72057594037927938 0 5 0 31 2 1224979098644774912 144115188075857103 2133 2 72057594037927938 1 3 0 2147483679 2 72057594037927938 -1 2133 2 72057594037927937 1224979098644774914 1106 2 1585267068834415380 16728128 5 0 4 0 31 2 1224979098644774913 1224979098644774926 2133 2 72057594037927938 0 5 0 31 2 1224979098644774913 144115188075857103 2133 2 72057594037927938 1 3 0 2147483679 2 72057594037927938 -1 2133 2 72057594037927937 1224979098644774914 1106 1 1585267068834415381 3 0 
-25.000000 0.000000 0.000000  0  2 2071 1 1224979098644774912 505 3 1224979098644774912 40 -1 
-25.000000 0.000000 0.000000  2 521 3 72057594037927939 648518346341351424 76 33 3 72057594037927939 0 9  12 2071 1 1224979098644774912 4 0 2147485352 1 1224979098644774912 1715 2 1224979098644774913 1224979098644774912 30 2 1224979098644774913 0 1712 1 1224979098644774913 1702 1 1224979098644774913 1707 1 1224979098644774913 5 0 2133 2 1224979098644774913 -1 3 0 505 3 1224979098644774912 42 1224979098644774913 
-26.000000 0.000000 0.000000  2 521 3 72057594037927939 648518346341351424 76 33 3 72057594037927939 0 9  16 2071 1 1224979098644774912 2147485352 1 1224979098644774912 525 3 1224979098644774913 1224979098644774912 42 30 2 1224979098644774913 0 1712 1 1224979098644774913 1702 1 1224979098644774913 1707 1 1224979098644774913 1770 2 1224979098644774914 1224979098644774913 4 0 31 2 1224979098644774914 144115188075857104 1783 2 1224979098644774913 72057594037927939 505 3 1224979098644774913 40 72057594037927939 5 0 1783 2 1224979098644774913 0 505 3 1224979098644774913 40 0 3 0 
-58.000000 0.000000 0.000000  2 521 3 72057594037927939 648518346341351424 77 33 3 72057594037927939 0 9  31 2072 1 1224979098644774912 30 2 1224979098644774912 0 1570 2 1224979098644774913 1224979098644774912 1073741855 2 1224979098644774913 8 31 2 1224979098644774913 9 2071 1 1224979098644774914 1712 1 1224979098644774914 1702 1 1224979098644774914 1707 1 1224979098644774914 1727 3 1224979098644774915 1224979098644774914 0 2147483680 2 1224979098644774915 0 1714 2 1224979098644774916 1224979098644774914 31 2 1224979098644774916 -1 1770 2 1224979098644774917 1224979098644774914 2133 2 1224979098644774918 1 4 0 1073742365 3 144115188075856273 0 3 541 3 144115188075856273 0 2 1073741855 2 1224979098644774917 144115188075856302 31 2 1224979098644774917 144115188075856304 2133 2 1224979098644774918 0 3 0 31 2 1224979098644774918 1 4 0 31 2 1224979098644774917 144115188075857104 1783 2 1224979098644774914 72057594037927939 505 3 1224979098644774914 40 72057594037927939 5 0 1783 2 1224979098644774914 0 505 3 1224979098644774914 40 0 3 0 
1.000000 0.000000 0.000000  2 3221226013 3 648518346341351424 77 9 2147484189 3 648518346341351424 76 9  9 12 1 1224979098644774912 1712 1 1224979098644774912 565 3 1224979098644774912 40 0 1702 1 1224979098644774912 1773 2 1224979098644774913 1224979098644774912 2147484193 3 1224979098644774912 40 1224979098644774913 525 3 1224979098644774914 1224979098644774912 40 1783 2 1224979098644774912 1224979098644774914 3 0 
0.100000 0.000000 0.000000  1 1 2 936748722493063836 185  131 12 1 1224979098644774912 1702 1 1224979098644774912 1704 1 1224979098644774912 565 3 1224979098644774912 39 1 545 3 1224979098644774912 15 0 1770 2 1224979098644774913 1224979098644774912 1773 2 1224979098644774914 1224979098644774912 2133 2 1224979098644774915 0 4 0 2147483679 2 1224979098644774913 144115188075857104 541 3 648518346341351424 82 1 2133 2 1224979098644774915 1 5 0 31 2 1224979098644774913 144115188075857104 2120 3 1224979098644774916 185 1224979098644774914 549 3 1224979098644774913 1224979098644774916 1 2133 2 1224979098644774915 1 5 0 31 2 1224979098644774912 144115188075857103 545 3 144115188075857103 45 1 2133 2 1224979098644774915 1 3 0 31 2 1224979098644774915 1 525 3 1224979098644774917 1224979098644774912 44 4 0 2147483678 2 1224979098644774917 20 2105 2 1224979098644774917 1 1073743531 1 1224979098644774912 545 3 144115188075857103 45 1 505 3 1224979098644774912 44 1224979098644774917 3 0 30 2 1224979098644774917 20 1738 2 1224979098644774918 1224979098644774912 1785 3 1224979098644774919 1224979098644774913 1224979098644774914 2133 2 1224979098644774915 0 4 0 2147483679 2 1224979098644774913 144115188075857104 1073741855 2 1224979098644774918 0 1073741855 2 1224979098644774918 9 31 2 1224979098644774918 1 2133 2 1224979098644774915 1 5 0 2147483679 2 1224979098644774912 144115188075857103 31 2 1224979098644774913 144115188075857104 1073741855 2 1224979098644774919 0 31 2 1224979098644774919 11 1073741855 2 1224979098644774918 0 1073741855 2 1224979098644774918 9 31 2 1224979098644774918 1 2133 2 1224979098644774915 1 5 0 31 2 1224979098644774912 144115188075857103 545 3 144115188075857103 45 1 2133 2 1224979098644774915 1 3 0 31 2 1224979098644774915 1 1726 3 1224979098644774920 1224979098644774912 0 545 3 1224979098644774912 39 1224979098644774920 527 3 1224979098644774921 1224979098644774920 79 2133 2 1224979098644774922 1224979098644774921 2133 2 1224979098644774923 -1 1710 2 1 1224979098644774912 12 1 1224979098644774924 1702 1 1224979098644774924 2147485352 1 1224979098644774924 1715 2 1224979098644774925 1224979098644774924 30 2 1224979098644774925 0 1770 2 1224979098644774926 1224979098644774925 1788 2 1224979098644774913 1224979098644774926 1710 2 2 1224979098644774924 710 3 1224979098644774927 1 2 2147483678 2 1224979098644774927 1224979098644774922 2147484362 2 2 1 705 3 1224979098644774928 1 2 2113 1 1224979098644774928 2131 1 1224979098644774928 33 3 1224979098644774928 170 181 1689 2 0 1224979098644774924 727 2 1224979098644774929 0 726 2 1224979098644774930 0 2111 2 1224979098644774929 1224979098644774930 30 2 1224979098644774929 400 2133 2 1224979098644774922 1224979098644774927 2133 2 1224979098644774923 1224979098644774924 3 0 32 2 1224979098644774923 -1 1740 2 1224979098644774912 1801439850948198866 1750 2 1224979098644774923 1152921504606847094 1720 3 1224979098644774931 1224979098644774923 0 1720 3 1224979098644774932 1224979098644774923 1 2108 2 1224979098644774929 8 2106 2 1224979098644774929 10 4 0 547 3 1224979098644774920 86 1 2105 2 1224979098644774929 5 32 2 1224979098644774921 200 2105 2 1224979098644774929 5 3 0 2106 2 1224979098644774931 1224979098644774929 2111 2 1224979098644774931 0 505 3 1224979098644774912 44 0 1721 3 1224979098644774923 1224979098644774931 0 1722 2 1224979098644774923 1224979098644774923 2136 3 1224979098644774933 0 100 4 0 547 3 1224979098644774920 86 1 2106 2 1224979098644774933 8 32 2 1224979098644774921 200 2106 2 1224979098644774933 8 3 0 4 0 2147483678 2 1224979098644774933 50 1740 2 1224979098644774923 1801439850948198959 3 0 4 0 1714 2 1224979098644774934 144115188075857103 31 2 1224979098644774923 1224979098644774934 1720 3 1224979098644774931 1224979098644774923 1 2106 2 1224979098644774932 1224979098644774931 2133 2 72057594037927937 1224979098644774932 1106 2 1585267068834415382 16728128 5 0 31 2 1224979098644774912 144115188075857103 1720 3 1224979098644774931 1224979098644774923 1 2106 2 1224979098644774932 1224979098644774931 2133 2 72057594037927937 1224979098644774932 2325 2 1 1224979098644774920 1106 1 1585267068834415383 505 3 144115188075857103 45 0 3 0 3 0 
0.000000 0.000000 2.000000  2 71 1 48 2147484193 3 144115188075857103 45 1  19 1702 1 144115188075857103 1726 3 1224979098644774912 144115188075857103 0 2133 2 1224979098644774913 0 4 0 565 3 144115188075857103 39 1 545 3 144115188075857103 39 1224979098644774912 2133 2 1224979098644774913 1 5 0 30 2 1224979098644774912 0 1570 2 1224979098644774914 1224979098644774912 31 2 1224979098644774914 4 505 3 144115188075857103 39 1224979098644774912 2133 2 1224979098644774913 1 3 0 31 2 1224979098644774913 1 2325 2 1 1224979098644774912 1106 2 1585267068834415384 6591981 1740 2 144115188075857103 1801439850948198866 505 3 144115188075857103 45 1 
0.000000 0.000000 0.000000  12 2147484193 3 144115188075857103 45 0 1073741897 1 6 1073741897 1 7 1073741897 1 7 1073741897 1 0 1073741897 1 1 1073741897 1 2 1073741897 1 3 1073741897 1 14 1073741897 1 15 1073741897 1 4 73 1 17  4 1702 1 144115188075857103 1106 2 1585267068834415385 6591981 1740 2 144115188075857103 1801439850948198696 505 3 144115188075857103 45 0 
3.000000 0.000000 0.000000  1 545 3 144115188075857103 45 1  2 1702 1 144115188075857103 1740 2 144115188075857103 1801439850948198866 
-28.000000 0.000000 0.000000  1 545 3 144115188075857103 45 1  8 2071 1 1224979098644774912 31 2 1224979098644774912 144115188075857103 1702 1 144115188075857103 2073 1 1224979098644774913 32 2 1224979098644774913 5 1106 2 1585267068834415386 16728128 1740 2 144115188075857103 1801439850948198696 505 3 144115188075857103 45 0 
0.000000 0.000000 100000000.000000  2 1700 1 144115188075857109 32 2 144115188075857109 -1  12 2133 2 144115188075857107 0 2133 2 144115188075857110 0 2133 2 144115188075857106 -1 2133 2 144115188075857111 0 2133 2 144115188075856292 0 2133 2 144115188075857112 500 2133 2 144115188075857113 375 2133 2 144115188075857114 144115188075857112 2133 2 144115188075857115 144115188075857113 2133 2 144115188075857116 0 31 2 144115188075857185 0 1 1 936748722493063842 
0.000000 0.000000 0.000000  3 1006 0 31 2 144115188075857111 0 31 2 144115188075857107 2  12 1710 2 1 144115188075857103 726 2 1224979098644774912 1 727 2 1224979098644774913 1 701 1 47 729 2 47 1224979098644774912 730 2 47 1224979098644774913 791 1 47 722 2 47 250 2001 3 1 0 0 2011 1 47 2133 2 144115188075857117 0 2133 2 144115188075857111 1 
0.000000 0.000000 0.000000  10 31 2 144115188075857111 1 31 2 144115188075857107 2 1073741895 1 144115188075857179 1073741894 1 144115188075857179 1073741895 1 144115188075857180 1073741894 1 144115188075857180 1073741895 1 144115188075857181 1073741894 1 144115188075857181 1073741895 1 144115188075857182 70 1 144115188075857182  26 2010 1 47 2133 2 1224979098644774912 0 2133 2 1224979098644774913 0 4 0 1073741895 1 144115188075857179 70 1 144115188075857179 2133 2 1224979098644774913 10 3 0 4 0 1073741895 1 144115188075857180 70 1 144115188075857180 2133 2 1224979098644774913 -10 3 0 4 0 1073741895 1 144115188075857181 70 1 144115188075857181 2133 2 1224979098644774912 -10 3 0 4 0 1073741895 1 144115188075857182 70 1 144115188075857182 2133 2 1224979098644774912 10 3 0 720 2 47 1224979098644774912 721 2 47 1224979098644774913 2011 1 47 
0.000000 0.000000 0.000000  9 31 2 144115188075857111 1 31 2 144115188075857107 2 2147484551 1 1513209474796486694 75 1 1 2124 1 1000 726 2 72057594037927937 1 727 2 72057594037927938 1 3221225503 2 72057594037927937 144115188075857112 2147483679 2 72057594037927938 144115188075857113  53 2133 2 1224979098644774912 1 4 0 31 2 72057594037927937 144115188075857114 31 2 72057594037927938 144115188075857115 2105 2 144115188075857116 1 4 0 32 2 144115188075857116 50 2133 2 144115188075857112 72057594037927937 2133 2 144115188075857113 72057594037927938 2133 2 144115188075857116 0 3 0 2133 2 1224979098644774912 0 3 0 31 2 1224979098644774912 1 2133 2 144115188075857116 0 2133 2 144115188075857114 72057594037927937 2133 2 144115188075857115 72057594037927938 2010 1 47 2121 3 1224979098644774913 144115188075857112 72057594037927937 2121 3 1224979098644774914 72057594037927938 144115188075857113 6 3 1224979098644774915 0 2 4 0 31 2 1224979098644774915 1 2133 2 1224979098644774913 1224979098644774914 3 0 3221225502 2 1224979098644774913 -2 32 2 1224979098644774913 2 2133 2 1224979098644774916 1 4 0 2147483678 2 1224979098644774913 0 2133 2 1224979098644774916 -1 3 0 2113 1 1224979098644774913 2106 2 1224979098644774913 2 2130 1 1224979098644774913 2125 2 1224979098644774913 1224979098644774913 2131 1 1224979098644774913 2112 3 1224979098644774913 1 6 2107 2 1224979098644774913 1224979098644774916 4 0 31 2 1224979098644774915 0 2122 3 1224979098644774917 144115188075857117 -1 723 2 47 1224979098644774917 725 2 47 1224979098644774913 723 2 47 144115188075857117 3 0 4 0 31 2 1224979098644774915 1 723 2 47 1224979098644774913 2105 2 144115188075857117 1224979098644774913 3 0 3 0 2011 1 47 
0.000000 0.000000 0.000000  2 31 2 144115188075857111 0 31 2 144115188075857107 1  32 2124 1 100 1709 2 7 144115188075857109 742 2 1224979098644774912 7 2121 3 1224979098644774913 0 1224979098644774912 723 2 7 1224979098644774913 4 0 31 2 144115188075857106 -1 2112 3 144115188075857120 -1000 1000 2112 3 144115188075857119 -1000 1000 2110 2 144115188075857118 1000 3 0 721 2 7 144115188075857119 722 2 7 144115188075857118 720 2 7 144115188075857120 1714 2 1224979098644774914 144115188075857109 4 0 30 2 1224979098644774914 0 722 2 7 80 3 0 2122 3 1224979098644774913 -1 144115188075857119 2143 3 1224979098644774915 144115188075857118 1224979098644774913 2131 1 1224979098644774915 2106 2 1224979098644774912 1224979098644774915 723 2 7 1224979098644774912 2012 3 7 100 0 4 0 2147484654 0 1073741897 1 20 73 1 21 2001 1 0 2133 2 144115188075857107 0 3 0 
0.000000 0.000000 0.000000  3 71 1 144115188075857185 2147483678 2 144115188075857107 3 2147483679 2 144115188075857110 1  38 4 0 31 2 144115188075857107 0 2133 2 144115188075857107 1 2133 2 144115188075857118 300 2133 2 144115188075857119 -1000 2133 2 144115188075857120 0 5 0 31 2 144115188075857107 1 4 0 31 2 144115188075857106 -1 4 0 2147484654 1 0 1700 1 144115188075857109 3 0 2133 2 144115188075857107 0 5 0 2133 2 144115188075857107 2 3 0 5 0 31 2 144115188075857107 2 4 0 30 2 144115188075857106 0 2133 2 144115188075857107 1 2133 2 144115188075857118 300 2133 2 144115188075857119 -1000 2133 2 144115188075857120 0 2133 2 144115188075857111 0 5 0 2133 2 144115188075857107 0 3 0 3 0 900 1 1513209474796486735 4 0 31 2 144115188075857107 0 2001 1 0 5 0 2001 1 1 3 0 
0.000000 0.000000 0.000000  2 70 1 144115188075857182 31 2 144115188075857107 1  3 2105 2 144115188075857120 1 2147483718 1 42 2105 2 144115188075857120 9 
0.000000 0.000000 0.000000  2 70 1 144115188075857181 31 2 144115188075857107 1  3 2106 2 144115188075857120 1 2147483718 1 42 2106 2 144115188075857120 9 
0.000000 0.000000 0.000000  2 70 1 144115188075857179 31 2 144115188075857107 1  3 2105 2 144115188075857119 1 2147483718 1 42 2105 2 144115188075857119 9 
0.000000 0.000000 0.000000  2 70 1 144115188075857180 31 2 144115188075857107 1  3 2106 2 144115188075857119 1 2147483718 1 42 2106 2 144115188075857119 9 
0.000000 0.000000 0.000000  2 70 1 144115188075857183 31 2 144115188075857107 1  3 2105 2 144115188075857118 1 2147483718 1 42 2105 2 144115188075857118 9 
0.000000 0.000000 0.000000  2 70 1 144115188075857184 31 2 144115188075857107 1  4 2106 2 144115188075857118 1 2147483718 1 42 2106 2 144115188075857118 9 2111 2 144115188075857118 50 
0.000000 0.000000 0.000000  3 71 1 144115188075857186 31 2 144115188075857107 1 30 2 144115188075857106 1  1 1 1 936748722493063843 
0.000000 0.000000 0.000000  3 71 1 144115188075857187 31 2 144115188075857107 1 30 2 144115188075857106 1  1 1 1 936748722493063844 
0.000000 0.000000 0.000000  3 2147484654 0 70 1 224 31 2 144115188075857107 1  10 31 2 144115188075857103 144115188075857109 1702 1 144115188075857103 1726 3 1224979098644774912 144115188075857109 0 30 2 1224979098644774912 0 1570 2 1224979098644774913 1224979098644774912 1073741855 2 1224979098644774913 8 1073741855 2 1224979098644774913 9 31 2 1224979098644774913 10 2133 2 144115188075857110 1 2001 1 0 
0.000000 0.000000 0.000000  3 2147484654 0 2147483718 1 224 31 2 144115188075857110 1  2 2133 2 144115188075857110 0 2001 1 1 
0.000000 0.000000 100000000.000000  0  7 12 1 1224979098644774912 1704 1 1224979098644774912 1718 2 1224979098644774913 1224979098644774912 1507 1 1224979098644774913 1515 2 1224979098644774914 1224979098644774913 500 3 1224979098644774913 329 1224979098644774914 3 0 
1.000000 0.000000 0.000000  0  41 1700 1 1224979098644774912 12 1 1224979098644774913 1704 1 1224979098644774913 1718 2 1224979098644774914 1224979098644774913 1507 1 1224979098644774914 1515 2 1224979098644774915 1224979098644774914 520 3 1224979098644774916 1224979098644774914 329 32 2 1224979098644774915 1224979098644774916 2121 3 1224979098644774917 1224979098644774915 1224979098644774916 2172 3 1224979098644774918 1224979098644774914 2 2122 3 1224979098644774919 1224979098644774918 3 2107 2 1224979098644774919 1224979098644774917 2108 2 1224979098644774919 100 1107 1 0 1062 2 1224979098644774919 1224979098644774914 1107 1 1 4 0 31 2 1224979098644774913 1224979098644774912 32 2 1224979098644774919 0 31 2 144115188075857164 1 2133 2 72057594037927937 1224979098644774919 1106 1 1585267068834415374 3 0 1515 2 1224979098644774920 1224979098644774914 500 3 1224979098644774914 329 1224979098644774920 2121 3 1224979098644774921 1224979098644774920 1224979098644774916 2170 3 1224979098644774922 27 1224979098644774914 2105 2 1224979098644774922 10 2107 2 1224979098644774921 1224979098644774922 2108 2 1224979098644774921 20 2108 2 1224979098644774921 100 32 2 1224979098644774921 0 1525 2 1224979098644774914 1224979098644774921 4 0 31 2 1224979098644774913 1224979098644774912 31 2 144115188075857164 1 2133 2 72057594037927937 1224979098644774921 2121 3 72057594037927938 72057594037927937 1 1106 1 1585267068834415375 3 0 3 0 
1.000000 0.000000 0.000000  0  11 1700 1 1224979098644774912 12 1 1224979098644774913 2147483679 2 1224979098644774913 1224979098644774912 1702 1 1224979098644774913 1704 1 1224979098644774913 1727 2 1224979098644774914 1224979098644774913 545 3 1224979098644774913 26 0 2147483680 2 1224979098644774914 1 1728 1 1224979098644774913 505 3 1224979098644774913 26 1 3 0 
0.000000 0.000000 0.000000  0  11 4 0 70 1 29 71 1 30 1700 1 1224979098644774912 1728 1 1224979098644774912 5 0 70 1 56 71 1 30 12 1 1224979098644774913 1728 1 1224979098644774913 3 0 
-19.000000 0.000000 0.000000  0  1 1 1 936748722493063765 
0.000000 0.000000 100000000.000000  1 2147483679 2 144115188075856169 360287970189639680  5 2120 3 1224979098644774912 6 1 6 3 1224979098644774913 0 1224979098644774912 2176 3 1224979098644774914 144115188075856169 1224979098644774913 507 3 1224979098644774913 68 1224979098644774914 3 0 
1.000000 0.000000 0.000000  1 2147483679 2 144115188075856169 360287970189639680  17 2322 2 1 144115188075856169 2120 3 1224979098644774912 6 1 6 3 1224979098644774913 0 1224979098644774912 2176 3 1224979098644774914 144115188075856169 1224979098644774913 527 3 1224979098644774915 1224979098644774913 68 32 2 1224979098644774914 1224979098644774915 2121 3 1224979098644774916 1224979098644774914 1224979098644774915 2133 2 72057594037927938 1224979098644774916 2106 2 1224979098644774916 1 2133 2 72057594037927939 1224979098644774916 2133 2 72057594037927937 1224979098644774914 2121 3 1224979098644774917 1224979098644774913 0 2105 2 1224979098644774917 216172782113787044 2320 2 2 1224979098644774917 1106 2 1585267068834415376 15658496 507 3 1224979098644774913 68 1224979098644774914 3 0 
0.000000 0.000000 0.000000  0  11 1700 1 1224979098644774912 1710 2 2 1224979098644774912 4 0 1726 3 1224979098644774913 1224979098644774912 1 31 2 1224979098644774913 288230376151712268 71 1 34 721 2 2 50 1970 1 2 1974 1 1080863910568920066 1774 2 1224979098644774912 288230376151712268 3 0 


