simple_triggers_file version 1
137
-6.000000  0 
-5.000000  0 
1.000000  16 4 0 31 2 144115188075857046 0 2133 2 144115188075857046 1 2124 1 100 729 2 0 7050 730 2 0 7200 1626 2 648518346341351633 0 3 0 32 2 144115188075856228 0 32 2 144115188075856217 0 30 2 144115188075856225 1 2270 1 1224979098644774912 31 2 144115188075856224 0 30 2 1224979098644774912 144115188075856229 2147485921 0 1030 3 0 0 0 
0.000000  74 2147484189 3 648518346341351424 46 88 1 1 936748722493063743 2133 2 1224979098644774912 0 2133 2 1224979098644774913 0 4 0 561 3 0 76 1 521 3 1224979098644774914 0 76 2123 3 1224979098644774915 1224979098644774914 1000 2122 3 1224979098644774916 1224979098644774915 1000 2106 2 1224979098644774914 1224979098644774916 2123 3 1224979098644774916 1224979098644774914 100 2122 3 1224979098644774917 1224979098644774916 100 2106 2 1224979098644774914 1224979098644774917 2123 3 1224979098644774917 1224979098644774914 10 2122 3 1224979098644774918 1224979098644774917 10 2121 3 1224979098644774918 1224979098644774914 1224979098644774918 4 0 31 2 1224979098644774917 2 2133 2 1224979098644774917 0 3 0 501 3 648518346341351424 78 1224979098644774916 501 3 648518346341351424 79 1224979098644774917 501 3 648518346341351424 80 1224979098644774918 501 3 648518346341351424 81 1224979098644774915 2133 2 1224979098644774912 1 3 0 4 0 561 3 1 76 1 521 3 1224979098644774914 1 76 2123 3 1224979098644774915 1224979098644774914 1000 2122 3 1224979098644774916 1224979098644774915 1000 2106 2 1224979098644774914 1224979098644774916 2123 3 1224979098644774916 1224979098644774914 100 2122 3 1224979098644774917 1224979098644774916 100 2106 2 1224979098644774914 1224979098644774917 2123 3 1224979098644774917 1224979098644774914 10 2122 3 1224979098644774918 1224979098644774917 10 2121 3 1224979098644774918 1224979098644774914 1224979098644774918 501 3 648518346341351424 85 1224979098644774916 501 3 648518346341351424 76 1224979098644774918 501 3 648518346341351424 84 1224979098644774915 2133 2 1224979098644774913 1 3 0 4 0 31 2 1224979098644774912 0 31 2 1224979098644774913 0 1 1 936748722493063830 5 0 4 0 31 2 1224979098644774912 0 501 3 648518346341351424 78 1 501 3 648518346341351424 79 1 501 3 648518346341351424 80 1 501 3 648518346341351424 81 1 3 0 4 0 31 2 1224979098644774913 0 501 3 648518346341351424 84 1 501 3 648518346341351424 85 1 501 3 648518346341351424 76 9 3 0 501 3 648518346341351424 86 0 501 3 648518346341351424 77 9 501 3 648518346341351424 83 0 501 3 648518346341351424 82 0 3 0 501 3 648518346341351424 72 1 4 0 2147484209 3 648518346341351424 46 85 1 1 936748722493063842 3 0 2133 2 72057594037927936 88 1106 1 1585267068834415576 501 3 648518346341351424 46 88 
0.000000  25 4 0 31 2 144115188075857200 0 1230 1 648518346341351627 501 3 648518346341351445 27 0 1096 2 432345564227567631 0 1096 2 432345564227567616 0 4 0 2147483848 1 504403158265495584 1615 3 648518346341351424 360287970189639873 1 3 0 6 3 1224979098644774912 360287970189640055 360287970189640175 4 0 540 3 1224979098644774912 2 0 2173 2 1224979098644774913 1224979098644774912 33 3 1224979098644774913 432345564227567633 432345564227567639 500 3 1224979098644774912 2 2 3 0 3 0 1 1 936748722493063217 2133 2 144115188075857200 1 3 0 31 2 144115188075856283 1 32 2 144115188075856063 0 132 1 144115188075856063 1623 3 648518346341351424 144115188075856063 0 
0.000000  42 4 0 32 2 144115188075856245 0 1680 2 1224979098644774912 144115188075856245 32 2 1224979098644774912 0 2204 2 1224979098644774913 144115188075856245 2190 3 1224979098644774914 1224979098644774913 432345564227567632 2204 2 1224979098644774915 1224979098644774912 2190 3 1224979098644774916 1224979098644774915 432345564227567632 30 2 1224979098644774914 0 2147483678 2 1224979098644774916 0 1300 1 144115188075856245 1030 3 0 0 0 5 0 2270 1 1224979098644774917 2133 2 1224979098644774918 0 4 0 2147483679 2 144115188075856865 0 30 2 1224979098644774917 144115188075856865 2133 2 1224979098644774918 1 2133 2 144115188075856865 0 3 0 1073741855 2 1224979098644774918 1 37 0 4 0 30 2 144115188075856062 1 2060 1 144115188075856062 2133 2 144115188075856062 -1 5 0 30 2 144115188075856088 1 1300 1 144115188075856088 5 0 30 2 144115188075856228 1 1300 1 144115188075856228 5 0 30 2 144115188075856182 1 2133 2 144115188075856182 0 2133 2 144115188075856183 0 2133 2 144115188075856181 0 1030 3 0 0 0 1106 1 1585267068834415577 3 0 3 0 
0.000000  19 560 3 360287970189640673 0 1 520 3 1224979098644774912 360287970189640673 0 520 3 144115188075856876 360287970189640674 0 520 3 144115188075856877 360287970189640675 0 2060 1 1224979098644774912 2133 2 1224979098644774913 2 6 3 1224979098644774914 1 1224979098644774913 4 0 560 3 360287970189640673 1224979098644774914 1 2105 2 1224979098644774913 1 3 0 2121 3 1224979098644774915 1224979098644774914 1 520 3 1224979098644774916 360287970189640673 1224979098644774914 500 3 360287970189640673 1224979098644774915 1224979098644774916 520 3 1224979098644774916 360287970189640674 1224979098644774914 500 3 360287970189640674 1224979098644774915 1224979098644774916 520 3 1224979098644774916 360287970189640675 1224979098644774914 500 3 360287970189640675 1224979098644774915 1224979098644774916 3 0 
1.000000  2 37 0 1 2 936748722493063651 65536 
0.000000  19 4 0 31 2 144115188075855972 1 132 1 144115188075856108 2281 3 1224979098644774912 144115188075856107 144115188075856108 2147483678 2 1224979098644774912 2 2281 3 1224979098644774913 648518346341351424 144115188075856108 2147483678 2 1224979098644774913 5 2133 2 144115188075856110 2 2133 2 144115188075856273 144115188075856108 1652 3 1224979098644774914 144115188075856108 0 1655 3 1224979098644774915 144115188075856108 0 1025 2 1224979098644774914 1224979098644774915 3 0 4 0 32 2 144115188075856037 1 6 3 1224979098644774916 360287970189639932 360287970189640302 500 3 1224979098644774916 149 0 3 0 3 0 
24.000000  9 6 3 1224979098644774912 432345564227567633 432345564227567639 522 3 1224979098644774913 1224979098644774912 99 2121 3 1224979098644774914 140 144115188075856031 2108 2 1224979098644774914 14 2111 2 1224979098644774914 1 2123 3 1224979098644774915 1224979098644774913 1224979098644774914 2106 2 1224979098644774913 1224979098644774915 502 3 1224979098644774912 99 1224979098644774913 3 0 
4.000000  6 6 3 1224979098644774912 360287970189640181 360287970189640302 2147484208 3 1224979098644774912 8 0 1 2 936748722493063675 1224979098644774912 2133 2 1224979098644774913 72057594037927937 500 3 1224979098644774912 12 1224979098644774913 3 0 
2.000000  19 31 2 144115188075856163 1 2133 2 1224979098644774912 0 11 1 1224979098644774913 32 2 1224979098644774913 648518346341351658 1652 3 1224979098644774914 1224979098644774913 0 33 3 1224979098644774914 360287970189639932 360287970189640181 520 3 1224979098644774915 1224979098644774914 10 2147483679 2 1224979098644774913 1224979098644774915 2133 2 72057594037927940 1224979098644774913 2133 2 72057594037927941 1224979098644774915 2322 2 3 1224979098644774914 1106 1 1585267068834415578 2320 2 65 216172782113786377 4 0 31 2 1224979098644774912 0 1 4 936748722493063460 864691128455135446 0 0 2133 2 1224979098644774912 1 3 0 3 0 
24.000000  28 4 0 2147483848 1 504403158265495592 2147484208 3 360287970189639680 8 1 2147484208 3 360287970189639680 30 360287970189639932 2133 2 1224979098644774912 -1 2133 2 1224979098644774913 120 6 3 1224979098644774914 360287970189640181 360287970189640302 560 3 1224979098644774914 5 2 2147484188 3 1224979098644774914 5 4 540 3 1224979098644774914 37 0 540 3 1224979098644774914 30 -1 520 3 1224979098644774915 1224979098644774914 12 33 3 1224979098644774915 648518346341351445 648518346341351515 1 3 936748722493063670 360287970189639680 1224979098644774914 32 2 72057594037927936 1 2270 1 1224979098644774916 520 3 1224979098644774917 1224979098644774914 4 2106 2 1224979098644774916 1224979098644774917 32 2 1224979098644774916 1224979098644774913 2133 2 1224979098644774913 1224979098644774916 2133 2 1224979098644774912 1224979098644774914 2133 2 1224979098644774918 1224979098644774915 3 0 4 0 32 2 1224979098644774912 0 1 4 936748722493063460 864691128455135443 1224979098644774912 1224979098644774918 3 0 3 0 
1.000000  22 30 2 144115188075856240 1 4 0 2147483679 2 144115188075856283 0 2133 2 144115188075856240 0 5 0 37 0 2133 2 144115188075856240 0 5 0 1073742365 3 144115188075856240 35 2 541 3 144115188075856240 35 4 1300 1 144115188075856240 1030 1 0 2133 2 144115188075856240 0 2133 2 144115188075856243 1 5 0 541 3 144115188075856240 35 1 1030 3 3 5 1 5 0 1030 3 0 0 0 2133 2 144115188075856240 0 2133 2 144115188075856243 0 3 0 
168.000000  13 2270 1 144115188075857201 2105 2 144115188075857201 168 2340 2 1 144115188075857201 1669 2 648518346341351627 1 2133 2 144115188075856167 1 4 0 31 2 144115188075856183 0 900 1 1513209474796486698 4 0 32 2 144115188075856754 5000 1 4 936748722493063460 864691128455135486 20 0 3 0 3 0 
24.000000  16 2147483680 2 144115188075856062 0 32 2 144115188075856287 0 2147483679 2 144115188075856287 432345564227567632 31 2 144115188075856066 0 520 3 1224979098644774912 360287970189639680 30 2133 2 1224979098644774913 0 4 0 33 3 1224979098644774912 360287970189639932 360287970189640181 2173 2 1224979098644774914 1224979098644774912 31 2 1224979098644774914 144115188075856287 2133 2 1224979098644774913 1 3 0 31 2 1224979098644774913 0 2272 1 1224979098644774915 32 2 1224979098644774915 144115188075856079 2060 1 864691128455135321 
180.000000  2 2106 2 144115188075856755 1 2111 2 144115188075856755 0 
72.000000  1 2133 2 144115188075856095 0 
4.000000  5 2133 2 144115188075856093 1 4 0 560 3 360287970189639680 30 360287970189639932 2133 2 144115188075856075 1 3 0 
24.000000  4 31 2 144115188075856075 1 540 3 360287970189639680 13 0 2147483680 2 144115188075856062 0 900 1 1513209474796486685 
24.000000  17 1 1 936748722493063449 2133 2 1224979098644774912 72057594037927936 1671 2 1224979098644774913 648518346341351424 2121 3 1224979098644774914 1224979098644774912 1224979098644774913 2123 3 1224979098644774915 1224979098644774914 5 2122 3 1224979098644774916 1224979098644774915 5 4 0 2147483679 2 1224979098644774916 1224979098644774914 4 0 32 2 1224979098644774914 0 2105 2 1224979098644774915 1 5 0 2106 2 1224979098644774915 1 3 0 3 0 2105 2 1224979098644774913 1224979098644774915 1672 2 648518346341351424 1224979098644774913 
168.000000  12 6 3 1224979098644774912 648518346341351445 648518346341351625 1651 2 1224979098644774913 1224979098644774912 7 3 1224979098644774914 0 1224979098644774913 1656 3 1224979098644774915 1224979098644774912 1224979098644774914 2147485155 1 1224979098644774915 1657 3 1224979098644774916 1224979098644774912 1224979098644774914 2136 3 1224979098644774917 0 40 2107 2 1224979098644774916 1224979098644774917 2108 2 1224979098644774916 100 1616 3 1224979098644774912 1224979098644774915 1224979098644774916 3 0 3 0 
168.000000  25 6 3 1224979098644774912 360287970189639932 360287970189640181 520 3 1224979098644774913 1224979098644774912 21 2107 2 1224979098644774913 101 2108 2 1224979098644774913 100 500 3 1224979098644774912 21 1224979098644774913 1 2 936748722493063405 1224979098644774912 3 0 6 3 1224979098644774914 648518346341351445 648518346341351515 2147484189 3 1224979098644774914 7 360287970189639680 561 3 1224979098644774914 7 1 521 3 1224979098644774915 1224979098644774914 49 521 3 1224979098644774916 1224979098644774914 50 2122 3 1224979098644774917 1224979098644774916 15 2105 2 1224979098644774917 700 4 0 541 3 1224979098644774914 0 3 2107 2 1224979098644774917 3 2108 2 1224979098644774917 2 3 0 2105 2 1224979098644774915 1224979098644774917 1 2 936748722493063403 1224979098644774914 2106 2 1224979098644774915 72057594037927936 2111 2 1224979098644774915 0 501 3 1224979098644774914 49 1224979098644774915 3 0 
24.000000  137 6 3 1224979098644774912 360287970189639932 360287970189640181 540 3 1224979098644774912 2 2 520 3 1224979098644774913 1224979098644774912 10 30 2 1224979098644774913 1 132 1 1224979098644774913 1694 2 1224979098644774914 1224979098644774913 33 3 1224979098644774914 648518346341351445 648518346341351625 541 3 1224979098644774914 54 -1 2204 2 1224979098644774915 1224979098644774913 4 0 1073741855 2 1224979098644774915 432345564227567632 31 2 1224979098644774915 144115188075856287 2133 2 1224979098644774916 1 2136 3 1224979098644774917 0 2 2105 2 1224979098644774916 1224979098644774917 5 0 424 1 1224979098644774918 4 0 31 2 1224979098644774918 0 2133 2 1224979098644774916 2 5 0 31 2 1224979098644774918 1 2133 2 1224979098644774916 1 2136 3 1224979098644774917 0 2 2105 2 1224979098644774916 1224979098644774917 5 0 31 2 1224979098644774918 2 2133 2 1224979098644774916 1 3 0 3 0 4 0 1073742366 3 1224979098644774915 11 1224979098644774912 542 3 1224979098644774915 8 1224979098644774912 2105 2 1224979098644774916 1 3 0 520 3 1224979098644774919 1224979098644774912 11 2123 3 1224979098644774920 1224979098644774919 10000 2105 2 1224979098644774920 1 2133 2 1224979098644774921 0 2173 2 1224979098644774922 1224979098644774912 6 3 1224979098644774923 648518346341351445 648518346341351625 2204 2 1224979098644774924 1224979098644774923 31 2 1224979098644774924 1224979098644774922 4 0 541 3 1224979098644774923 0 4 2105 2 1224979098644774921 1 5 0 541 3 1224979098644774923 0 2 2105 2 1224979098644774921 2 5 0 541 3 1224979098644774923 0 3 2105 2 1224979098644774921 4 3 0 3 0 2111 2 1224979098644774921 1 2123 3 1224979098644774925 9 1224979098644774921 2105 2 1224979098644774925 1 2107 2 1224979098644774920 1224979098644774925 2105 2 1224979098644774916 1224979098644774920 6 3 1224979098644774926 0 1224979098644774916 2133 2 1224979098644774927 0 4 0 32 2 1224979098644774913 0 1 2 936748722493063403 1224979098644774913 2133 2 1224979098644774927 72057594037927936 2170 3 1224979098644774928 1369094286720630785 1224979098644774912 2122 3 1224979098644774929 5 1224979098644774928 2121 3 1224979098644774930 100 1224979098644774929 2107 2 1224979098644774927 1224979098644774930 2108 2 1224979098644774927 100 3 0 1 2 936748722493063778 1224979098644774912 2133 2 1224979098644774931 72057594037927936 2106 2 1224979098644774927 1224979098644774931 2107 2 1224979098644774927 4 520 3 1224979098644774919 1224979098644774912 11 2147483678 2 1224979098644774927 1224979098644774919 1 2 936748722493063407 1224979098644774912 3 0 3 0 6 3 1224979098644774932 648518346341351445 648518346341351515 2147484189 3 1224979098644774932 7 360287970189639680 561 3 1224979098644774932 7 1 541 3 1224979098644774932 54 -1 2204 2 1224979098644774933 1224979098644774932 4 0 1073741855 2 1224979098644774933 432345564227567632 31 2 1224979098644774933 144115188075856287 2133 2 1224979098644774916 1 2133 2 1224979098644774934 450 5 0 424 1 1224979098644774918 2133 2 1224979098644774934 450 4 0 31 2 1224979098644774918 0 2133 2 1224979098644774934 300 2136 3 1224979098644774916 0 2 2105 2 1224979098644774916 1 5 0 31 2 1224979098644774918 1 2133 2 1224979098644774934 450 2133 2 1224979098644774916 1 5 0 31 2 1224979098644774918 2 2133 2 1224979098644774934 600 2136 3 1224979098644774916 0 2 3 0 3 0 4 0 33 3 1224979098644774932 648518346341351445 648518346341351467 2105 2 1224979098644774916 1 3 0 6 3 1224979098644774926 0 1224979098644774916 521 3 1224979098644774919 1224979098644774932 49 2133 2 1224979098644774935 1224979098644774919 2108 2 1224979098644774935 2 32 2 1224979098644774935 1224979098644774934 1 2 936748722493063406 1224979098644774932 2106 2 1224979098644774919 1224979098644774934 501 3 1224979098644774932 49 1224979098644774919 3 0 3 0 6 3 1224979098644774932 648518346341351445 648518346341351625 2147483681 3 1224979098644774932 648518346341351467 648518346341351515 1 2 936748722493063599 1224979098644774932 2133 2 1224979098644774936 72057594037927936 521 3 1224979098644774937 1224979098644774932 50 4 0 32 2 1224979098644774937 1224979098644774936 1 3 936748722493063598 1224979098644774932 -1 2105 2 144115188075857005 -1 5 0 2147483678 2 1224979098644774937 1224979098644774936 1 3 936748722493063598 1224979098644774932 1 2105 2 144115188075857005 1 3 0 3 0 
360.000000  0 
6.000000  20 2272 1 1224979098644774912 4 0 2147483679 2 1224979098644774912 144115188075856879 2133 2 144115188075856879 1224979098644774912 4 0 31 2 144115188075856880 1 2105 2 144115188075856878 1 3 0 2133 2 144115188075856880 1 3 0 2133 2 1224979098644774913 0 4 0 2147483685 0 30 2 144115188075856245 0 1073742365 3 144115188075856245 130 1 33 3 144115188075856245 648518346341351445 648518346341351515 2133 2 1224979098644774913 1 3 0 31 2 1224979098644774913 0 2133 2 144115188075856880 0 
24.000000  87 1 2 936748722493063458 1 4 0 2136 3 1224979098644774912 648518346341351515 648518346341351625 2136 3 1224979098644774913 648518346341351515 648518346341351625 2204 2 1224979098644774914 1224979098644774912 2204 2 1224979098644774915 1224979098644774913 2147483679 2 1224979098644774912 1224979098644774913 2147483679 2 1224979098644774914 1224979098644774915 1 3 936748722493063694 1224979098644774915 1224979098644774914 31 2 72057594037927936 0 4 0 541 3 1224979098644774912 61 1224979098644774915 1 4 936748722493063460 864691128455135421 1224979098644774912 -1 5 0 541 3 1224979098644774912 62 1224979098644774915 1 4 936748722493063460 864691128455135421 1224979098644774912 -1 5 0 2124 1 1 2281 3 1224979098644774916 1224979098644774912 1224979098644774913 2147483678 2 1224979098644774916 25 1 4 936748722493063460 864691128455135421 1224979098644774912 1224979098644774913 3 0 3 0 6 3 1224979098644774917 432345564227567632 432345564227567639 542 3 1224979098644774917 21 0 6 3 1224979098644774918 432345564227567632 432345564227567639 2147483679 2 1224979098644774917 1224979098644774918 542 3 1224979098644774918 21 0 2120 3 1224979098644774919 1224979098644774918 120 2106 2 1224979098644774919 432345564227567632 522 3 1224979098644774920 1224979098644774917 1224979098644774919 4 0 30 2 1224979098644774920 1 4 0 31 2 1224979098644774920 1 1 2 936748722493063568 1224979098644774917 2147483678 2 1224979098644774917 1224979098644774918 1 4 936748722493063460 864691128455135415 1224979098644774917 1224979098644774918 5 0 31 2 1224979098644774920 61 1 2 936748722493063568 1224979098644774917 2147483678 2 1224979098644774917 1224979098644774918 1 4 936748722493063460 864691128455135470 1224979098644774917 1224979098644774918 5 0 31 2 1224979098644774920 41 1 2 936748722493063568 1224979098644774917 2147483678 2 1224979098644774917 1224979098644774918 1 4 936748722493063460 864691128455135471 1224979098644774917 1224979098644774918 5 0 31 2 1224979098644774920 21 1 2 936748722493063568 1224979098644774917 2147483678 2 1224979098644774917 1224979098644774918 1 4 936748722493063460 864691128455135472 1224979098644774917 1224979098644774918 3 0 2106 2 1224979098644774920 1 502 3 1224979098644774917 1224979098644774919 1224979098644774920 3 0 2120 3 1224979098644774921 1224979098644774918 130 2106 2 1224979098644774921 432345564227567632 522 3 1224979098644774922 1224979098644774917 1224979098644774921 4 0 30 2 1224979098644774922 1 4 0 2190 3 1224979098644774923 1224979098644774917 1224979098644774918 2147483678 2 1224979098644774923 0 502 3 1224979098644774917 1224979098644774921 0 5 0 31 2 1224979098644774922 1 1 4 936748722493063460 864691128455135418 1224979098644774917 1224979098644774918 502 3 1224979098644774917 1224979098644774921 0 5 0 2106 2 1224979098644774922 1 502 3 1224979098644774917 1224979098644774921 1224979098644774922 3 0 3 0 4 0 2190 3 1224979098644774923 1224979098644774917 1224979098644774918 2147483678 2 1224979098644774923 0 2120 3 1224979098644774924 1224979098644774918 140 2106 2 1224979098644774924 432345564227567632 522 3 1224979098644774925 1224979098644774917 1224979098644774924 2105 2 1224979098644774925 1 502 3 1224979098644774917 1224979098644774924 1224979098644774925 3 0 3 0 1 2 936748722493063568 1224979098644774917 3 0 
48.000000  56 6 3 1224979098644774912 360287970189639932 360287970189640181 540 3 1224979098644774912 2 2 520 3 1224979098644774913 1224979098644774912 10 32 2 1224979098644774913 648518346341351625 132 1 1224979098644774913 2170 3 1224979098644774914 17 1224979098644774912 2105 2 1224979098644774914 5 2122 3 1224979098644774915 1224979098644774914 1000 2133 2 1224979098644774916 30 4 0 2173 2 1224979098644774917 1224979098644774912 2147483679 2 1224979098644774917 144115188075856287 424 1 1224979098644774918 4 0 31 2 1224979098644774918 0 2133 2 1224979098644774916 35 2107 2 1224979098644774915 3 2108 2 1224979098644774915 2 5 0 31 2 1224979098644774918 2 2133 2 1224979098644774916 25 2108 2 1224979098644774915 2 3 0 3 0 2136 3 1224979098644774919 0 100 2147483680 2 1224979098644774919 1224979098644774916 1673 2 1224979098644774913 1224979098644774915 3 0 6 3 1224979098644774920 648518346341351445 648518346341351515 521 3 1224979098644774921 1224979098644774920 7 2147483679 2 1224979098644774921 360287970189639680 2133 2 1224979098644774915 3000 2133 2 1224979098644774916 30 4 0 2133 2 1224979098644774922 -1 4 0 30 2 1224979098644774921 0 2173 2 1224979098644774922 1224979098644774921 3 0 2147483679 2 1224979098644774922 144115188075856287 424 1 1224979098644774918 4 0 31 2 1224979098644774918 0 2133 2 1224979098644774916 35 2107 2 1224979098644774915 3 2108 2 1224979098644774915 2 5 0 31 2 1224979098644774918 2 2133 2 1224979098644774916 25 2108 2 1224979098644774915 2 3 0 3 0 2136 3 1224979098644774919 0 100 2147483680 2 1224979098644774919 1224979098644774916 1673 2 1224979098644774920 1224979098644774915 3 0 
24.000000  1 1 1 936748722493063422 
2.000000  1 1 1 936748722493063421 
7.000000  5 1 1 936748722493063453 6 3 1224979098644774912 360287970189639932 360287970189640181 540 3 1224979098644774912 2 2 1 2 936748722493063455 1224979098644774912 3 0 
24.000000  0 
24.000000  19 6 3 1224979098644774912 360287970189639932 360287970189640181 520 3 1224979098644774913 1224979098644774912 51 2106 2 1224979098644774913 5 2111 2 1224979098644774913 0 500 3 1224979098644774912 51 1224979098644774913 3 0 2136 3 1224979098644774914 1 3 2110 2 1224979098644774914 2 6 3 1224979098644774915 360287970189639932 360287970189640181 520 3 1224979098644774916 1224979098644774915 150 30 2 1224979098644774916 1 2106 2 1224979098644774916 1224979098644774914 2111 2 1224979098644774916 0 500 3 1224979098644774915 150 1224979098644774916 3 0 520 3 1224979098644774916 360287970189639680 150 2106 2 1224979098644774916 1224979098644774914 2111 2 1224979098644774916 0 500 3 360287970189639680 150 1224979098644774916 
8.000000  2 1 1 936748722493063663 1 1 936748722493063663 
0.500000  111 2105 2 144115188075856757 1 4 0 2147483681 3 144115188075856757 360287970189639931 360287970189640181 2133 2 144115188075856757 360287970189639931 3 0 2133 2 1224979098644774912 144115188075856757 4 0 31 2 1224979098644774912 360287970189639931 2133 2 1224979098644774912 360287970189639680 3 0 4 0 31 2 144115188075856163 1 2322 2 9 1224979098644774912 1106 1 1585267068834415579 3 0 4 0 540 3 1224979098644774912 2 2 2147483679 2 1224979098644774912 360287970189639680 2133 2 1224979098644774913 -1 6 3 1224979098644774914 648518346341351445 648518346341351625 541 3 1224979098644774914 7 1224979098644774912 2133 2 1224979098644774913 1224979098644774914 3 0 4 0 31 2 1224979098644774913 -1 2173 2 1224979098644774915 1224979098644774912 522 3 1224979098644774916 1224979098644774915 11 520 3 1224979098644774917 1224979098644774912 52 4 0 2147483679 2 1224979098644774916 1224979098644774912 4 0 1073741855 2 1224979098644774917 2 1073741855 2 1224979098644774917 3 1073741855 2 1224979098644774917 4 31 2 1224979098644774917 5 1 4 936748722493063669 1224979098644774912 1224979098644774916 -4 2105 2 144115188075857006 -4 5 0 31 2 1224979098644774917 1 1 4 936748722493063669 1224979098644774912 1224979098644774916 -2 2105 2 144115188075857006 -2 3 0 3 0 3 0 3 0 4 0 1073742364 3 1224979098644774912 2 2 31 2 1224979098644774912 360287970189639680 4 0 31 2 1224979098644774912 360287970189639680 2133 2 1224979098644774918 144115188075856287 5 0 2173 2 1224979098644774918 1224979098644774912 3 0 522 3 1224979098644774916 1224979098644774918 11 2147483679 2 1224979098644774912 1224979098644774916 2147483681 3 1224979098644774912 360287970189640049 360287970189640055 2147483681 3 1224979098644774912 360287970189640175 360287970189640181 1 3 936748722493063670 1224979098644774912 1224979098644774916 2147483680 2 72057594037927936 -75 1 3 936748722493063668 1224979098644774912 0 2136 3 1224979098644774919 0 2 4 0 2147483679 2 1224979098644774919 0 2147483679 2 1224979098644774912 360287970189639680 1 2 936748722493063709 1224979098644774912 2133 2 1224979098644774920 72057594037927936 33 3 1224979098644774920 432345564227567632 432345564227567639 2341 2 1 1224979098644774912 2343 2 2 1224979098644774920 2343 2 3 1224979098644774918 1 3 936748722493063396 1224979098644774912 1224979098644774920 4 0 30 2 144115188075856163 1 2322 2 4 1224979098644774912 1106 1 1585267068834415580 3 0 1506 2 72057594037927940 1224979098644774912 2320 2 4 216172782113786748 1105 1 1585267068834415581 4 0 31 2 144115188075856163 1 1073741855 2 1224979098644774920 144115188075856287 31 2 1224979098644774918 144115188075856287 1 4 936748722493063460 864691128455135419 1224979098644774912 1224979098644774918 3 0 5 0 2147483679 2 1224979098644774916 360287970189639680 1 3 936748722493063730 1224979098644774912 1224979098644774918 3 0 5 0 2147483679 2 1224979098644774912 360287970189639680 2173 2 1224979098644774918 1224979098644774912 562 3 1224979098644774918 64 1 2147484208 3 1224979098644774912 154 1 1073742364 3 1224979098644774912 154 -1 2147483679 2 144115188075856287 1224979098644774918 540 3 1224979098644774912 2 2 1 2 936748722493063713 1224979098644774912 500 3 1224979098644774912 154 72057594037927936 3 0 6 3 1224979098644774921 360287970189639932 360287970189640181 1 3 936748722493063670 1224979098644774912 1224979098644774921 2147483678 2 72057594037927936 0 2133 2 1224979098644774922 72057594037927936 2121 3 1224979098644774923 0 1224979098644774922 2136 3 1224979098644774924 0 300 2147483678 2 1224979098644774924 1224979098644774923 1 4 936748722493063669 1224979098644774912 1224979098644774921 1 2105 2 144115188075857007 1 3 0 
2.000000  0 
1.000000  3 1 1 936748722493063424 1 1 936748722493063425 1 1 936748722493063429 
3.000000  114 2270 1 1224979098644774912 6 3 1224979098644774913 648518346341351445 648518346341351515 521 3 1224979098644774914 1224979098644774913 54 32 2 1224979098644774914 0 132 1 1224979098644774914 2204 2 1224979098644774915 1224979098644774914 561 3 1224979098644774913 54 1 521 3 1224979098644774916 1224979098644774913 64 2121 3 1224979098644774916 1224979098644774912 1224979098644774916 2133 2 1224979098644774917 0 2133 2 1224979098644774918 0 2133 2 1224979098644774919 0 2133 2 1224979098644774920 0 6 3 1224979098644774921 360287970189639932 360287970189640181 540 3 1224979098644774921 2 2 2147484208 3 1224979098644774921 8 0 520 3 1224979098644774922 1224979098644774921 10 32 2 1224979098644774922 0 132 1 1224979098644774922 2173 2 1224979098644774923 1224979098644774921 31 2 1224979098644774923 1224979098644774915 2133 2 1224979098644774924 0 4 0 541 3 1224979098644774922 4 1 541 3 1224979098644774922 5 1224979098644774913 2133 2 1224979098644774924 1 5 0 541 3 1224979098644774922 4 11 521 3 1224979098644774925 1224979098644774922 5 32 2 1224979098644774925 0 132 1 1224979098644774925 541 3 1224979098644774925 4 1 541 3 1224979098644774925 5 1224979098644774913 2133 2 1224979098644774924 1 3 0 31 2 1224979098644774924 1 1680 2 1224979098644774926 1224979098644774922 3221225502 2 1224979098644774926 0 31 2 1224979098644774926 1224979098644774913 4 0 542 3 1224979098644774915 8 1224979098644774921 2133 2 1224979098644774920 1 3 0 1 2 936748722493063318 1224979098644774922 2105 2 1224979098644774919 72057594037927936 3 0 4 0 32 2 1224979098644774919 0 1662 2 1224979098644774913 648518346341351439 1 2 936748722493063318 648518346341351439 2133 2 1224979098644774927 72057594037927936 4 0 31 2 144115188075856088 1224979098644774913 31 2 144115188075856283 0 1 2 936748722493063318 648518346341351424 2105 2 1224979098644774927 72057594037927936 2107 2 1224979098644774919 2 3 0 521 3 1224979098644774928 1224979098644774913 65 2105 2 1224979098644774928 100 2107 2 1224979098644774927 1224979098644774928 2108 2 1224979098644774927 100 2111 2 1224979098644774927 1 4 0 31 2 1224979098644774920 1 31 2 1224979098644774915 144115188075856287 200 1 504403158265495569 2107 2 1224979098644774919 2 3 0 2122 3 1224979098644774929 1224979098644774919 100 2108 2 1224979098644774929 1224979098644774927 2121 3 1224979098644774930 1224979098644774929 250 4 0 32 2 1224979098644774930 -100 2123 3 1224979098644774931 1224979098644774916 2 2105 2 1224979098644774930 1224979098644774931 3 0 2108 2 1224979098644774930 5 2111 2 1224979098644774930 0 2121 3 1224979098644774932 175 1224979098644774929 2111 2 1224979098644774932 0 4 0 2136 3 1224979098644774933 0 100 2147483678 2 1224979098644774933 1224979098644774930 32 2 1224979098644774916 24 2133 2 1224979098644774917 1 5 0 2136 3 1224979098644774933 0 100 2147483678 2 1224979098644774933 1224979098644774932 2133 2 1224979098644774918 1 3 0 5 0 2133 2 1224979098644774918 1 3 0 4 0 31 2 1224979098644774917 1 1 2 936748722493063431 1224979098644774913 5 0 31 2 1224979098644774918 1 6 3 1224979098644774921 360287970189639932 360287970189640181 540 3 1224979098644774921 2 2 2147484208 3 1224979098644774921 8 0 520 3 1224979098644774922 1224979098644774921 10 32 2 1224979098644774922 0 132 1 1224979098644774922 541 3 1224979098644774922 4 1 541 3 1224979098644774922 5 1224979098644774913 541 3 1224979098644774922 8 1 1 4 936748722493063426 1224979098644774922 -1 -1 1 4 936748722493063426 1224979098644774922 1 1224979098644774913 501 3 1224979098644774913 64 1224979098644774912 3 0 3 0 3 0 
6.000000  1 2133 2 144115188075856069 1 
0.000000  22 4 0 30 2 144115188075856163 1 6 3 1224979098644774912 360287970189640049 360287970189640055 2120 3 1224979098644774913 1224979098644774912 432345564227567633 2106 2 1224979098644774913 360287970189640049 2173 2 1224979098644774914 1224979098644774912 2147483679 2 1224979098644774913 1224979098644774914 2147483679 2 1224979098644774914 432345564227567617 30 2 144115188075856163 2 2147483679 2 1224979098644774912 360287970189640050 2322 2 4 1224979098644774912 2335 2 5 1224979098644774914 2335 2 6 1224979098644774913 2320 2 65 1585267068834415582 1030 3 0 0 0 2133 2 144115188075856163 1 2060 1 864691128455135446 3 0 3 0 31 2 144115188075856069 1 2133 2 144115188075856069 0 1 1 936748722493063454 
24.000000  14 6 3 1224979098644774912 432345564227567632 432345564227567639 1 2 936748722493063360 1224979098644774912 3 0 6 3 1224979098644774913 360287970189639932 360287970189640181 2173 2 1224979098644774914 1224979098644774913 2147484190 3 1224979098644774914 4 0 2147484190 3 1224979098644774914 4 6 2147484190 3 1224979098644774914 4 1 520 3 1224979098644774915 1224979098644774913 10 132 1 1224979098644774915 2105 2 144115188075856999 1 541 3 1224979098644774915 4 11 2105 2 144115188075857008 1 3 0 
36.000000  6 6 3 1224979098644774912 360287970189639932 360287970189640302 500 3 1224979098644774912 20 0 3 0 6 3 1224979098644774912 360287970189640528 360287970189640638 500 3 1224979098644774912 20 0 3 0 
24.000000  3 6 3 1224979098644774912 648518346341351515 648518346341351625 1 2 936748722493063418 1224979098644774912 3 0 
48.000000  4 6 3 1224979098644774912 648518346341351515 648518346341351625 1 2 936748722493063419 1224979098644774912 501 3 1224979098644774912 46 0 3 0 
168.000000  54 6 3 1224979098644774912 648518346341351445 648518346341351625 2147483681 3 1224979098644774912 648518346341351467 648518346341351515 521 3 1224979098644774913 1224979098644774912 205 521 3 1224979098644774914 1224979098644774912 206 521 3 1224979098644774915 1224979098644774912 208 2111 2 1224979098644774915 1 2122 3 1224979098644774916 1224979098644774913 400 2122 3 1224979098644774917 1224979098644774914 200 2105 2 1224979098644774916 1224979098644774917 2108 2 1224979098644774916 1224979098644774915 4 0 31 2 144115188075856163 1 2133 2 72057594037927940 1224979098644774916 2330 2 4 1224979098644774912 3 0 2136 3 1224979098644774918 0 100 4 0 31 2 1224979098644774918 0 2110 2 1224979098644774913 10 4 0 3 0 5 0 32 2 1224979098644774916 100 2107 2 1224979098644774914 9 2108 2 1224979098644774914 10 2107 2 1224979098644774913 9 2108 2 1224979098644774913 10 5 0 2147483678 2 1224979098644774916 50 2107 2 1224979098644774913 6 2108 2 1224979098644774913 5 2105 2 1224979098644774913 1 2107 2 1224979098644774914 6 2108 2 1224979098644774914 5 2105 2 1224979098644774914 1 5 0 2147483678 2 1224979098644774916 100 2147483678 2 1224979098644774918 50 2107 2 1224979098644774913 21 2108 2 1224979098644774913 20 4 0 2147483678 2 1224979098644774913 21 2105 2 1224979098644774913 1 3 0 2107 2 1224979098644774914 21 2108 2 1224979098644774914 20 4 0 2147483678 2 1224979098644774914 21 2105 2 1224979098644774914 1 3 0 3 0 501 3 1224979098644774912 205 1224979098644774913 501 3 1224979098644774912 206 1224979098644774914 3 0 
168.000000  124 6 3 1224979098644774912 648518346341351445 648518346341351625 4 0 561 3 1224979098644774912 7 0 521 3 1224979098644774913 1224979098644774912 47 2133 2 1224979098644774914 0 4 0 541 3 1224979098644774912 0 4 4 0 541 3 1224979098644774912 35 0 2133 2 1224979098644774914 1200 3 0 5 0 541 3 1224979098644774912 0 2 2133 2 1224979098644774914 1200 5 0 541 3 1224979098644774912 0 3 2133 2 1224979098644774914 2400 3 0 521 3 1224979098644774915 1224979098644774912 50 2120 3 1224979098644774916 20 1224979098644774915 2107 2 1224979098644774914 1224979098644774916 2108 2 1224979098644774914 120 4 0 541 3 1224979098644774912 7 360287970189639680 424 1 1224979098644774917 4 0 31 2 1224979098644774917 0 2107 2 1224979098644774914 3 2108 2 1224979098644774914 4 5 0 31 2 1224979098644774917 1 5 0 31 2 1224979098644774917 2 2107 2 1224979098644774914 4 2108 2 1224979098644774914 3 3 0 3 0 2105 2 1224979098644774913 1224979098644774914 4 0 2330 2 6 1224979098644774912 521 3 1224979098644774918 1224979098644774912 400 2147483679 2 1224979098644774918 0 2123 3 1224979098644774919 1224979098644774913 100 2107 2 1224979098644774919 1224979098644774918 4 0 31 2 144115188075856163 1 2133 2 72057594037927936 1224979098644774918 1106 1 1585267068834415583 2133 2 72057594037927936 1224979098644774913 1106 1 1585267068834415584 2133 2 72057594037927936 1224979098644774919 1106 1 1585267068834415585 3 0 2105 2 1224979098644774913 1224979098644774919 2108 2 1224979098644774918 -25 1 3 936748722493063598 1224979098644774912 1224979098644774918 4 0 2147483678 2 1224979098644774918 0 2107 2 1224979098644774918 2 4 0 31 2 144115188075856163 1 2133 2 72057594037927936 1224979098644774918 1106 1 1585267068834415586 3 0 4 0 1073741857 3 1224979098644774912 648518346341351515 648518346341351625 33 3 1224979098644774912 648518346341351445 648518346341351467 521 3 1224979098644774920 1224979098644774912 26 4 0 31 2 144115188075856163 1 2133 2 72057594037927936 1224979098644774920 1106 1 1585267068834415587 3 0 2147483680 2 1224979098644774920 -5 2136 3 1224979098644774921 -100 0 32 2 1224979098644774921 1224979098644774920 2147484189 3 1224979098644774912 39 360287970189639708 1106 1 1585267068834415588 501 3 1224979098644774912 39 360287970189639708 1 3 936748722493063598 1224979098644774912 -1 1 4 936748722493063460 864691128455135479 1224979098644774912 0 2171 2 1224979098644774922 360287970189639680 2123 3 1224979098644774923 1224979098644774922 2 2122 3 1224979098644774924 1224979098644774922 2 4 0 33 3 1224979098644774912 648518346341351515 648518346341351625 2136 3 1224979098644774921 0 1224979098644774922 1610 3 1224979098644774912 360287970189639715 1224979098644774921 2136 3 1224979098644774921 0 1224979098644774923 1610 3 1224979098644774912 360287970189639716 1224979098644774921 5 0 1677 2 1224979098644774912 0 1650 2 1224979098644774925 1224979098644774912 6 3 1224979098644774926 0 1224979098644774925 1653 3 1224979098644774927 1224979098644774912 1224979098644774926 2108 2 1224979098644774927 2 1652 3 1224979098644774928 1224979098644774912 1224979098644774926 1615 3 1224979098644774912 1224979098644774928 1224979098644774927 3 0 2136 3 1224979098644774921 1224979098644774923 1224979098644774924 1610 3 1224979098644774912 360287970189639706 1224979098644774921 2136 3 1224979098644774921 0 1224979098644774922 1610 3 1224979098644774912 360287970189639713 1224979098644774921 3 0 3 0 3 0 1 3 936748722493063440 1224979098644774912 1224979098644774918 3 0 4 0 561 3 1224979098644774912 39 1 2133 2 1224979098644774913 0 3 0 501 3 1224979098644774912 47 1224979098644774913 3 0 4 0 33 3 1224979098644774912 648518346341351515 648518346341351625 521 3 1224979098644774929 1224979098644774912 120 561 3 1224979098644774929 7 0 33 3 1224979098644774929 648518346341351467 648518346341351515 521 3 1224979098644774913 1224979098644774929 47 2105 2 1224979098644774913 1224979098644774914 501 3 1224979098644774929 47 1224979098644774913 3 0 3 0 
32.000000  64 31 2 144115188075856287 0 2147483680 2 144115188075856033 0 31 2 144115188075856283 0 1506 2 1224979098644774912 360287970189639680 4 0 31 2 1224979098644774912 1 31 2 144115188075856028 0 6 3 1224979098644774913 360287970189639932 360287970189640049 110 1 1224979098644774913 1506 2 1224979098644774914 1224979098644774913 31 2 1224979098644774914 1 560 3 360287970189639680 7 150 560 3 1224979098644774913 139 1 2133 2 144115188075856028 1224979098644774913 3 0 5 0 2136 3 1224979098644774915 432345564227567633 432345564227567639 2133 2 1224979098644774916 999999 6 3 1224979098644774917 648518346341351445 648518346341351515 2204 2 1224979098644774918 1224979098644774917 31 2 1224979098644774918 1224979098644774915 2281 3 1224979098644774919 648518346341351424 1224979098644774917 2110 2 1224979098644774916 1224979098644774919 3 0 2147483678 2 1224979098644774916 30 2190 3 1224979098644774920 1224979098644774915 432345564227567632 522 3 1224979098644774921 1224979098644774915 11 1 2 936748722493063437 1224979098644774921 2133 2 1224979098644774922 72057594037927936 1 2 936748722493063399 360287970189639680 2133 2 1224979098644774923 72057594037927936 31 2 144115188075856183 0 2133 2 1224979098644774924 0 4 0 30 2 648518346341351424 0 2157 2 1224979098644774924 648518346341351424 3 0 4 0 31 2 1224979098644774923 0 520 3 1224979098644774925 360287970189639680 7 30 2 1224979098644774925 160 30 2 1224979098644774920 0 30 2 1224979098644774922 0 30 2 1224979098644774924 45 2136 3 1224979098644774926 0 100 2147483678 2 1224979098644774926 50 1 2 936748722493063601 1224979098644774915 2133 2 144115188075856040 72057594037927936 30 2 144115188075856040 0 2133 2 144115188075856033 1224979098644774915 2060 1 864691128455135412 5 0 32 2 1224979098644774923 0 2147483679 2 144115188075856853 1224979098644774915 30 2 1224979098644774920 -40 30 2 1224979098644774922 -20 30 2 1224979098644774924 30 2136 3 1224979098644774926 0 100 2147483678 2 1224979098644774926 20 2133 2 144115188075856033 1224979098644774915 2133 2 144115188075856040 -1 2060 1 864691128455135411 3 0 3 0 
168.000000  4 6 3 1224979098644774912 360287970189639932 360287970189640181 2136 3 1224979098644774913 0 9999 500 3 1224979098644774912 49 1224979098644774913 3 0 
0.100000  39 6 3 1224979098644774912 360287970189639932 360287970189640302 540 3 1224979098644774912 2 2 520 3 1224979098644774913 1224979098644774912 10 30 2 1224979098644774913 1 132 1 1224979098644774913 1694 2 1224979098644774914 1224979098644774913 2147483678 2 1224979098644774914 1 1665 2 1224979098644774915 1224979098644774913 33 3 1224979098644774915 648518346341351445 648518346341351625 1 3 936748722493063402 1224979098644774915 1224979098644774913 4 0 30 2 72057594037927936 0 1660 2 1224979098644774913 1224979098644774915 5 0 1640 2 1224979098644774913 0 3 0 4 0 1073742365 3 1224979098644774915 0 3 541 3 1224979098644774915 0 2 2204 2 1224979098644774916 1224979098644774913 2204 2 1224979098644774917 1224979098644774915 31 2 1224979098644774916 1224979098644774917 1651 2 1224979098644774918 1224979098644774913 32 2 1224979098644774918 0 2133 2 144115188075856012 1 1 3 936748722493063332 1224979098644774915 1224979098644774913 2133 2 144115188075856012 1 1 2 936748722493063328 1224979098644774913 3 0 3 0 11 1 1224979098644774919 32 2 1224979098644774919 648518346341351658 1609 2 1224979098644774920 1224979098644774919 30 2 1224979098644774920 576460752303423547 2281 3 1224979098644774921 648518346341351424 1224979098644774919 2147483678 2 1224979098644774921 3 1603 3 1224979098644774919 256 0 1603 3 1224979098644774919 16384 1 3 0 
48.000000  9 1 3 936748722493063620 648518346341351424 50 6 3 1224979098644774912 648518346341351445 648518346341351515 2133 2 1224979098644774913 30 4 0 541 3 1224979098644774912 135 1 2133 2 1224979098644774913 5 3 0 1 3 936748722493063620 1224979098644774912 1224979098644774913 3 0 
48.000000  38 6 3 1224979098644774912 360287970189639932 360287970189640181 540 3 1224979098644774912 2 2 2147484208 3 1224979098644774912 8 0 2147484208 3 1224979098644774912 10 1 2173 2 1224979098644774913 1224979098644774912 4 0 31 2 1224979098644774913 432345564227567618 5 0 4 0 31 2 144115188075856163 2 2322 2 4 1224979098644774912 1106 1 216172782113786382 3 0 1 3 936748722493063364 1224979098644774913 1224979098644774912 2133 2 1224979098644774914 72057594037927936 4 0 31 2 144115188075856163 2 2133 2 72057594037927943 1224979098644774914 2330 2 7 1224979098644774914 1106 1 216172782113786383 3 0 1 3 936748722493063412 1224979098644774912 1224979098644774914 1660 2 144115188075856822 1224979098644774914 520 3 1224979098644774915 1224979098644774912 10 1 4 936748722493063426 1224979098644774915 7 1224979098644774914 5 0 2147484190 3 1224979098644774913 21 0 4 0 33 3 1224979098644774912 360287970189640049 360287970189640055 500 3 1224979098644774912 55 432345564227567617 5 0 2136 3 1224979098644774916 0 100 2147483678 2 1224979098644774916 10 1 2 936748722493063444 1224979098644774913 500 3 1224979098644774912 55 72057594037927936 3 0 3 0 3 0 
24.000000  10 6 3 1224979098644774912 648518346341351515 648518346341351625 541 3 1224979098644774912 35 0 521 3 1224979098644774913 1224979098644774912 122 1073741855 2 1224979098644774913 0 2147483780 1 1224979098644774913 2136 3 1224979098644774914 0 100 2147483678 2 1224979098644774914 60 1 2 936748722493063543 1224979098644774912 501 3 1224979098644774912 122 72057594037927936 3 0 
72.000000  16 1 1 936748722493063312 6 3 1224979098644774912 648518346341351445 648518346341351625 521 3 1224979098644774913 1224979098644774912 51 4 0 32 2 1224979098644774913 1000 2107 2 1224979098644774913 95 2108 2 1224979098644774913 100 2111 2 1224979098644774913 1000 5 0 2147483678 2 1224979098644774913 1000 2107 2 1224979098644774913 105 2108 2 1224979098644774913 100 2110 2 1224979098644774913 1000 3 0 501 3 1224979098644774912 51 1224979098644774913 3 0 
8.000000  66 11 1 1224979098644774912 541 3 1224979098644774912 0 11 131 1 1224979098644774912 2204 2 1224979098644774913 1224979098644774912 522 3 1224979098644774914 1224979098644774913 82 4 0 2147483680 2 1224979098644774914 0 1232 1 1224979098644774912 5 0 1665 2 1224979098644774915 1224979098644774912 2136 3 1224979098644774916 0 100 4 0 541 3 1224979098644774915 7 360287970189639680 424 1 1224979098644774917 4 0 31 2 1224979098644774917 0 2133 2 1224979098644774918 35 5 0 31 2 1224979098644774917 1 2133 2 1224979098644774918 45 5 0 31 2 1224979098644774917 2 2133 2 1224979098644774918 60 3 0 5 0 2133 2 1224979098644774918 45 3 0 2147483678 2 1224979098644774916 1224979098644774918 2133 2 1224979098644774919 1 4 0 33 3 1224979098644774915 648518346341351445 648518346341351515 2147484189 3 1224979098644774915 54 -1 2133 2 1224979098644774919 0 3 0 31 2 1224979098644774919 1 2133 2 1224979098644774920 0 4 0 521 3 1224979098644774921 1224979098644774912 4 31 2 1224979098644774921 13 521 3 1224979098644774922 1224979098644774912 5 31 2 1224979098644774915 1224979098644774922 2133 2 1224979098644774920 1 3 0 2133 2 1224979098644774923 -1 4 0 31 2 144115188075856108 1224979098644774912 2147483778 2 1224979098644774912 144115188075856107 2133 2 1224979098644774923 144115188075856107 5 0 1 3 936748722493063368 1224979098644774915 1224979098644774913 2133 2 1224979098644774923 72057594037927936 3 0 33 3 1224979098644774923 648518346341351445 648518346341351467 2147483778 2 1224979098644774912 1224979098644774923 4 0 31 2 1224979098644774920 1 2330 2 7 1224979098644774915 1 3 936748722493063317 1224979098644774912 1224979098644774915 3 0 1640 2 1224979098644774912 1 1641 2 1224979098644774912 1224979098644774923 1603 3 1224979098644774912 65536 0 501 3 1224979098644774912 4 13 501 3 1224979098644774912 5 1224979098644774923 3 0 3 0 
8.000000  66 11 1 1224979098644774912 541 3 1224979098644774912 0 15 131 1 1224979098644774912 521 3 1224979098644774913 1224979098644774912 123 1665 2 1224979098644774914 1224979098644774912 2133 2 1224979098644774915 1 4 0 33 3 1224979098644774914 648518346341351445 648518346341351515 2147484189 3 1224979098644774914 54 -1 2133 2 1224979098644774915 0 3 0 31 2 1224979098644774915 1 4 0 31 2 1224979098644774914 1224979098644774913 1 4 936748722493063544 1224979098644774912 1224979098644774913 25 2204 2 1224979098644774916 1224979098644774914 1620 2 1224979098644774912 1224979098644774916 521 3 1224979098644774917 1224979098644774913 121 501 3 1224979098644774912 5 1224979098644774917 501 3 1224979098644774912 4 13 1640 2 1224979098644774912 1 1641 2 1224979098644774912 1224979098644774917 5 0 4 0 521 3 1224979098644774918 1224979098644774912 5 31 2 1224979098644774914 1224979098644774918 1 4 936748722493063544 1224979098644774912 1224979098644774918 25 2133 2 1224979098644774919 72057594037927936 521 3 1224979098644774920 1224979098644774918 48 521 3 1224979098644774921 1224979098644774918 50 2133 2 1224979098644774922 1224979098644774919 2107 2 1224979098644774922 1224979098644774921 2108 2 1224979098644774922 100 2108 2 1224979098644774922 20 2105 2 1224979098644774920 1224979098644774922 4 0 561 3 1224979098644774918 39 1 2133 2 1224979098644774920 0 3 0 4 0 30 2 144115188075856163 3 2133 2 72057594037927940 1224979098644774922 2330 2 4 1224979098644774918 2133 2 72057594037927941 1224979098644774920 1106 1 1585267068834415034 3 0 501 3 1224979098644774918 48 1224979098644774920 521 3 1224979098644774923 1224979098644774918 53 1 2 936748722493063417 1224979098644774918 2133 2 1224979098644774924 72057594037927936 2105 2 1224979098644774923 1000 2110 2 1224979098644774923 1224979098644774924 501 3 1224979098644774918 53 1224979098644774923 4 0 2136 3 1224979098644774925 0 100 2147483678 2 1224979098644774925 35 1 3 936748722493063598 1224979098644774913 1 2105 2 144115188075857009 1 3 0 3 0 501 3 1224979098644774912 5 1224979098644774913 501 3 1224979098644774912 4 13 1640 2 1224979098644774912 1 1641 2 1224979098644774912 1224979098644774913 3 0 3 0 
2.000000  9 6 3 1224979098644774912 648518346341351467 648518346341351515 541 3 1224979098644774912 54 -1 521 3 1224979098644774913 1224979098644774912 53 2105 2 1224979098644774913 100 1 2 936748722493063417 1224979098644774912 2133 2 1224979098644774914 72057594037927936 2110 2 1224979098644774913 1224979098644774914 501 3 1224979098644774912 53 1224979098644774913 3 0 
0.500000  53 6 3 1224979098644774912 360287970189639932 360287970189640302 540 3 1224979098644774912 2 2 520 3 1224979098644774913 1224979098644774912 10 32 2 1224979098644774913 0 4 0 132 1 1224979098644774913 4 0 2293 2 1224979098644774914 1224979098644774913 31 2 1224979098644774914 5 2133 2 1224979098644774915 1 4 0 1073742364 3 1224979098644774912 52 7 540 3 1224979098644774912 52 1 2294 2 1224979098644774916 1224979098644774913 132 1 1224979098644774916 1680 2 1224979098644774917 1224979098644774916 132 1 1224979098644774917 2133 2 1224979098644774915 0 3 0 31 2 1224979098644774915 1 2204 2 1224979098644774918 1224979098644774913 521 3 1224979098644774919 1224979098644774913 30 522 3 1224979098644774920 1224979098644774918 8 2147483679 2 1224979098644774920 1224979098644774912 2133 2 1224979098644774915 1 4 0 30 2 1224979098644774920 0 520 3 1224979098644774921 1224979098644774920 10 132 2 1224979098644774921 0 31 2 1224979098644774919 1224979098644774921 2133 2 1224979098644774915 0 3 0 31 2 1224979098644774915 1 2133 2 1224979098644774922 0 6 3 1224979098644774923 648518346341351445 648518346341351515 31 2 1224979098644774922 0 541 3 1224979098644774923 54 -1 2204 2 1224979098644774924 1224979098644774923 2190 3 1224979098644774925 1224979098644774924 1224979098644774918 32 2 1224979098644774925 0 2281 3 1224979098644774926 1224979098644774913 1224979098644774923 2147483678 2 1224979098644774926 20 1625 2 1 1224979098644774913 1625 2 2 1224979098644774923 2147484362 2 2 1 1 4 936748722493063426 1224979098644774913 14 1224979098644774923 2133 2 1224979098644774922 1 3 0 3 0 5 0 500 3 1224979098644774912 10 -1 3 0 3 0 
0.500000  44 2270 1 1224979098644774912 2119 3 1224979098644774913 1224979098644774912 11 2121 3 1224979098644774914 1224979098644774912 5 1601 2 1224979098644774915 648518346341351424 1602 2 1224979098644774916 648518346341351424 2105 2 1224979098644774915 1224979098644774916 2130 1 1224979098644774915 2125 2 1224979098644774917 1224979098644774915 2131 1 1224979098644774917 4 0 31 2 1224979098644774913 0 6 3 1224979098644774918 432345564227567632 432345564227567639 522 3 1224979098644774919 1224979098644774918 30 2106 2 1224979098644774919 1 2111 2 1224979098644774919 0 502 3 1224979098644774918 30 1224979098644774919 3 0 3 0 31 2 144115188075856283 0 6 3 1224979098644774920 648518346341351445 648518346341351625 2204 2 1224979098644774918 1224979098644774920 2190 3 1224979098644774921 1224979098644774918 432345564227567632 2147483678 2 1224979098644774921 0 2281 3 1224979098644774922 648518346341351424 1224979098644774920 2147483678 2 1224979098644774922 5 2122 3 1224979098644774923 1224979098644774922 1224979098644774922 2121 3 1224979098644774924 20 1224979098644774923 2121 3 1224979098644774925 20 1224979098644774921 2122 3 1224979098644774926 1224979098644774924 1224979098644774925 2107 2 1224979098644774926 1224979098644774917 2123 3 1224979098644774927 1224979098644774926 10 2136 3 1224979098644774928 0 1000 2147483678 2 1224979098644774928 1224979098644774927 522 3 1224979098644774919 1224979098644774918 30 2105 2 1224979098644774919 1 2110 2 1224979098644774919 100 502 3 1224979098644774918 30 1224979098644774919 4 0 2147484209 3 1224979098644774920 42 1224979098644774914 2342 2 1 1224979098644774920 1106 1 1585267068834415589 501 3 1224979098644774920 42 1224979098644774912 3 0 3 0 
14.000000  78 31 2 144115188075856283 0 1650 2 1224979098644774912 648518346341351424 2133 2 1224979098644774913 0 6 3 1224979098644774914 0 1224979098644774912 1653 3 1224979098644774915 648518346341351424 1224979098644774914 2105 2 1224979098644774913 1224979098644774915 3 0 2108 2 1224979098644774913 3 4 0 31 2 1224979098644774913 0 2105 2 1224979098644774913 1 3 0 4 0 2133 2 1224979098644774916 0 6 3 1224979098644774917 288230376151711858 288230376151711873 1 3 936748722493063448 1224979098644774917 41 2105 2 1224979098644774916 1 3 0 4 0 30 2 1224979098644774916 6 372 1 36 3 0 3 0 2133 2 1224979098644774918 1224979098644774913 2133 2 1224979098644774919 0 6 3 1224979098644774920 0 1224979098644774918 2133 2 1224979098644774921 0 6 3 1224979098644774922 288230376151711858 288230376151711873 507 3 1224979098644774922 0 0 1 3 936748722493063448 1224979098644774922 41 2105 2 1224979098644774921 1 3 0 4 0 32 2 1224979098644774921 0 2136 3 1224979098644774923 0 1224979098644774921 1 2 936748722493063540 1224979098644774923 5 0 31 2 1224979098644774919 0 1106 2 1585267068834415590 16711680 1 2 936748722493063447 -3 2133 2 1224979098644774919 1 4 0 1 2 936748722493063352 648518346341351424 32 2 72057594037927936 0 1 3 936748722493063604 2 216172782113784230 3 0 3 0 3 0 1 1 936748722493063449 2133 2 1224979098644774924 72057594037927937 1671 2 1224979098644774925 648518346341351424 2121 3 1224979098644774926 1224979098644774924 1224979098644774925 2170 3 1224979098644774927 1369094286720630785 360287970189639680 4 0 32 2 1224979098644774926 0 2120 3 1224979098644774928 20 1224979098644774927 5 0 2121 3 1224979098644774928 20 1224979098644774927 3 0 2122 3 1224979098644774929 1224979098644774926 1224979098644774928 2108 2 1224979098644774929 100 2122 3 1224979098644774930 1224979098644774929 100 2108 2 1224979098644774930 1224979098644774928 4 0 2147483679 2 1224979098644774930 1224979098644774926 4 0 32 2 1224979098644774926 0 2105 2 1224979098644774929 1 5 0 2106 2 1224979098644774929 1 3 0 3 0 2105 2 1224979098644774925 1224979098644774929 2112 3 1224979098644774925 0 100 1672 2 648518346341351424 1224979098644774925 2133 2 72057594037927937 1224979098644774925 1106 1 1585267068834415591 1 2 936748722493063754 360287970189639680 
24.000000  17 1540 2 1224979098644774912 360287970189639680 6 3 1224979098644774913 0 1224979098644774912 1541 3 1224979098644774914 360287970189639680 1224979098644774913 1073741855 2 1224979098644774914 288230376151711868 1073741855 2 1224979098644774914 288230376151711870 31 2 1224979098644774914 288230376151711871 1542 3 1224979098644774915 360287970189639680 1224979098644774913 4 0 30 2 1224979098644774915 37 2147483678 2 1224979098644774915 41 2105 2 1224979098644774915 1 1544 3 360287970189639680 1224979098644774913 1224979098644774915 5 0 2147483678 2 1224979098644774915 37 1544 3 360287970189639680 1224979098644774913 37 3 0 3 0 
72.000000  0 
0.000000  20 1541 3 1224979098644774912 360287970189639680 8 2133 2 1224979098644774913 -1 4 0 31 2 144115188075856181 0 4 0 30 2 1224979098644774912 0 2133 2 1224979098644774913 1297036692682702849 5 0 2133 2 1224979098644774913 1297036692682702848 3 0 5 0 31 2 144115188075856181 1 2133 2 1224979098644774913 1297036692682703043 5 0 31 2 144115188075856181 2 2133 2 1224979098644774913 1297036692682702876 3 0 2147483679 2 1224979098644774913 144115188075856756 2133 2 144115188075856756 1224979098644774913 1676 2 648518346341351424 1224979098644774913 
2.000000  14 2149 2 1224979098644774912 360287970189639680 2123 3 1224979098644774913 1224979098644774912 100 1540 2 1224979098644774914 360287970189639680 6 3 1224979098644774915 0 1224979098644774914 1541 3 1224979098644774916 360287970189639680 1224979098644774915 30 2 1224979098644774916 0 4 0 33 3 1224979098644774916 288230376151711839 288230376151711873 2230 2 1224979098644774917 1224979098644774916 2105 2 1224979098644774912 1224979098644774917 3 0 3 0 2112 3 1224979098644774913 0 100 1645 2 648518346341351424 1224979098644774913 
3.000000  6 6 3 1224979098644774912 648518346341351445 648518346341351515 542 3 432345564227567632 21 2 2204 2 1224979098644774913 1224979098644774912 31 2 1224979098644774913 432345564227567632 1 2 936748722493063548 360287970189639680 3 0 
6.000000  30 32 2 144115188075856185 0 32 2 144115188075856186 0 32 2 144115188075856187 0 2273 0 4 0 2170 3 1224979098644774912 1369094286720630785 360287970189639680 2107 2 1224979098644774912 5 2121 3 1224979098644774913 66 1224979098644774912 32 2 1224979098644774913 0 2133 2 1224979098644774914 0 6 3 1224979098644774915 0 144115188075856186 2136 3 1224979098644774916 0 100 2147483678 2 1224979098644774916 1224979098644774913 2105 2 1224979098644774914 1 3 0 1615 3 648518346341351424 144115188075856185 1224979098644774914 2133 2 1224979098644774914 72057594037927936 32 2 1224979098644774914 0 4 0 32 2 1224979098644774914 1 2133 2 72057594037927938 1 5 0 2133 2 72057594037927938 0 3 0 2133 2 72057594037927937 1224979098644774914 2324 3 1 144115188075856185 1224979098644774914 1105 1 1585267068834415592 3 0 2133 2 144115188075856185 0 2133 2 144115188075856186 0 
24.000000  10 2147483679 2 144115188075856046 1 1 2 936748722493063612 648518346341351424 31 2 72057594037927936 0 2133 2 1224979098644774912 648518346341351515 6 3 1224979098644774913 648518346341351445 1224979098644774912 541 3 1224979098644774913 7 360287970189639680 1 2 936748722493063612 1224979098644774913 31 2 72057594037927936 1 2133 2 1224979098644774912 0 3 0 
72.000000  28 2133 2 144115188075856046 0 6 3 1224979098644774912 648518346341351445 648518346341351515 521 3 1224979098644774913 1224979098644774912 7 32 2 1224979098644774913 0 1651 2 1224979098644774914 1224979098644774912 7 3 1224979098644774915 0 1224979098644774914 1656 3 1224979098644774916 1224979098644774912 1224979098644774915 1507 1 1224979098644774916 540 3 1224979098644774916 2 2 2136 3 1224979098644774917 0 100 4 0 2147483680 2 1224979098644774917 10 1 2 936748722493063611 1224979098644774916 2133 2 1224979098644774918 72057594037927936 520 3 1224979098644774919 1224979098644774913 11 2105 2 1224979098644774919 1224979098644774918 500 3 1224979098644774913 11 1224979098644774919 1616 3 1224979098644774912 1224979098644774916 1 1 2 936748722493063656 1224979098644774916 2173 2 1224979098644774920 1224979098644774913 2173 2 1224979098644774921 1224979098644774916 2322 2 1 1224979098644774916 2335 2 2 1224979098644774920 2335 2 3 1224979098644774921 1105 1 1585267068834415593 3 0 3 0 3 0 
72.000000  11 1 1 936748722493063558 1 1 936748722493063562 1 1 936748722493063563 1 1 936748722493063566 1 1 936748722493063756 1 1 936748722493063565 1 1 936748722493063564 6 3 1224979098644774912 648518346341351515 648518346341351625 1 2 936748722493063559 1224979098644774912 1 2 936748722493063560 1224979098644774912 3 0 
24.000000  1 1 1 936748722493063567 
36.000000  13 6 3 1224979098644774912 648518346341351445 648518346341351625 1073742365 3 1224979098644774912 0 3 541 3 1224979098644774912 0 4 1 3 936748722493063514 1224979098644774912 1 1 3 936748722493063514 1224979098644774912 2 2136 3 1224979098644774913 0 100 4 0 2147483678 2 1224979098644774913 70 2147484209 3 1224979098644774912 50 60 1 2 936748722493063513 1224979098644774912 1 4 936748722493063512 1224979098644774912 72057594037927936 1 3 0 3 0 
12.000000  20 6 3 1224979098644774912 648518346341351445 648518346341351625 521 3 1224979098644774913 1224979098644774912 124 32 2 1224979098644774913 0 521 3 1224979098644774914 1224979098644774912 125 2270 1 1224979098644774915 30 2 1224979098644774915 1224979098644774914 501 3 1224979098644774912 1224979098644774913 1 501 3 1224979098644774912 124 0 1 2 936748722493063592 1224979098644774913 4 0 541 3 1224979098644774912 7 360287970189639680 2330 2 4 1224979098644774912 1105 1 1585267068834415594 3 0 4 0 33 3 1224979098644774912 648518346341351515 648518346341351625 31 2 1224979098644774913 131 1 3 936748722493063598 1224979098644774912 5 3 0 3 0 
24.000000  102 2133 2 1224979098644774912 0 6 3 1224979098644774913 648518346341351445 648518346341351467 521 3 1224979098644774914 1224979098644774913 156 4 0 31 2 1224979098644774914 1 1 3 936748722493063621 1224979098644774913 0 1 1 936748722493063627 1 1 936748722493063622 2121 3 1224979098644774915 72057594037927936 1 1 2 936748722493063628 1224979098644774915 1 1 936748722493063627 520 3 1224979098644774916 360287970189639686 0 4 0 33 3 1224979098644774916 360287970189639932 360287970189640181 2341 2 1 1224979098644774916 2342 2 2 1224979098644774913 1106 1 1585267068834415595 1 3 936748722493063438 1224979098644774916 20 3 0 3 0 2106 2 1224979098644774914 1 2111 2 1224979098644774914 0 501 3 1224979098644774913 156 1224979098644774914 4 0 32 2 1224979098644774914 0 2105 2 1224979098644774912 1 3 0 3 0 6 3 1224979098644774913 648518346341351445 648518346341351625 1073742365 3 1224979098644774913 0 3 541 3 1224979098644774913 0 4 521 3 1224979098644774917 1224979098644774913 155 4 0 2147483680 2 1224979098644774917 0 2133 2 1224979098644774918 0 4 0 200 1 504403158265495587 546 3 504403158265495587 1 1224979098644774913 2147483850 1 504403158265495587 2133 2 1224979098644774918 1 5 0 2136 3 1224979098644774919 0 100 2147483678 2 1224979098644774919 3 2133 2 1224979098644774918 1 3 0 4 0 31 2 1224979098644774918 1 2136 3 1224979098644774919 0 3 4 0 31 2 1224979098644774919 0 2133 2 1224979098644774920 360287970189639863 5 0 31 2 1224979098644774919 1 2133 2 1224979098644774920 360287970189639869 5 0 2133 2 1224979098644774920 360287970189639865 3 0 501 3 1224979098644774913 155 1224979098644774920 4 0 31 2 144115188075856163 1 2330 2 1 1224979098644774913 1106 1 1585267068834415596 3 0 3 0 5 0 4 0 2133 2 1224979098644774921 40 4 0 541 3 1224979098644774913 0 3 2133 2 1224979098644774921 20 3 0 2136 3 1224979098644774919 0 100 2147483678 2 1224979098644774919 1224979098644774921 501 3 1224979098644774913 155 0 4 0 31 2 144115188075856163 1 2330 2 1 1224979098644774913 1106 1 1585267068834415597 3 0 3 0 3 0 3 0 6 3 1224979098644774922 432345564227567632 432345564227567639 542 3 1224979098644774922 4 6 522 3 1224979098644774923 1224979098644774922 5 33 3 1224979098644774923 648518346341351445 648518346341351467 561 3 1224979098644774923 156 1 501 3 1224979098644774923 156 2 3 0 4 0 2147483678 2 1224979098644774912 3 2136 3 1224979098644774919 0 100 2147483678 2 1224979098644774919 30 2136 3 1224979098644774924 648518346341351445 648518346341351467 2136 3 1224979098644774925 12 15 501 3 1224979098644774924 156 1224979098644774925 4 0 31 2 144115188075856163 1 2330 2 1 1224979098644774924 1106 1 1585267068834415598 3 0 3 0 
3.000000  1 2133 2 144115188075856094 0 
8.000000  0 
1.000000  32 2147483685 0 2273 0 33 3 144115188075856245 648518346341351445 648518346341351625 2147484189 3 144115188075856245 7 360287970189639680 521 3 1224979098644774912 144115188075856245 7 2133 2 72057594037927936 0 4 0 33 3 1224979098644774912 360287970189640055 360287970189640302 1 2 936748722493063819 1224979098644774912 4 0 2147483679 2 72057594037927936 0 1106 1 1585267068834415599 3 0 3 0 31 2 72057594037927936 0 2204 2 1224979098644774913 144115188075856245 2147483679 2 1224979098644774913 432345564227567632 2270 1 1224979098644774914 30 2 1224979098644774914 144115188075856264 2120 3 144115188075856264 1224979098644774914 24 2149 2 1224979098644774915 360287970189639680 1601 2 1224979098644774916 648518346341351424 2123 3 1224979098644774917 1224979098644774916 4 2105 2 1224979098644774917 1 4 0 30 2 1224979098644774915 1224979098644774917 1106 1 1585267068834415600 1529 2 360287970189639680 1224979098644774917 5 0 32 2 1224979098644774915 0 1529 2 360287970189639680 1224979098644774915 3 0 
36.000000  1 1 1 936748722493063588 
24.000000  1 1 1 936748722493063306 
24.000000  72 2133 2 1224979098644774912 0 6 3 1224979098644774913 432345564227567632 432345564227567639 502 3 1224979098644774913 20 0 3 0 11 1 1224979098644774914 2204 2 1224979098644774915 1224979098644774914 33 3 1224979098644774915 432345564227567632 432345564227567639 1073741857 3 1224979098644774914 648518346341351445 648518346341351625 541 3 1224979098644774914 0 13 522 3 1224979098644774916 1224979098644774915 20 2105 2 1224979098644774916 1 502 3 1224979098644774915 20 1224979098644774916 3 0 6 3 1224979098644774913 432345564227567632 432345564227567639 542 3 1224979098644774913 21 0 2105 2 1224979098644774912 1 542 3 1224979098644774913 20 0 2133 2 1224979098644774917 0 4 0 31 2 1224979098644774913 432345564227567632 4 0 2147483680 2 144115188075856013 0 502 3 1224979098644774913 21 2 2133 2 1224979098644774917 1 3 0 5 0 2147483679 2 144115188075856287 1224979098644774913 502 3 1224979098644774913 21 1 11 1 1224979098644774914 2204 2 1224979098644774915 1224979098644774914 31 2 1224979098644774915 1224979098644774913 521 3 1224979098644774918 1224979098644774914 123 2204 2 1224979098644774919 1224979098644774918 1620 2 1224979098644774914 1224979098644774919 3 0 2133 2 1224979098644774920 -1 6 3 1224979098644774921 360287970189640175 360287970189640181 540 3 1224979098644774921 14 1224979098644774913 2133 2 1224979098644774920 1224979098644774921 3 0 4 0 33 3 1224979098644774920 360287970189640175 360287970189640181 2147483679 2 1224979098644774920 144115188075856013 500 3 1224979098644774920 12 0 3 0 2133 2 1224979098644774917 1 4 0 31 2 144115188075856853 1224979098644774913 2133 2 144115188075856853 0 2133 2 144115188075856064 0 2133 2 144115188075856854 0 1 4 936748722493063460 864691128455135432 1224979098644774913 0 3 0 1 4 936748722493063460 864691128455135438 1224979098644774913 0 3 0 4 0 31 2 1224979098644774917 1 2106 2 1224979098644774912 1 3 0 6 3 1224979098644774922 432345564227567632 432345564227567639 1 2 936748722493063568 1224979098644774922 3 0 3 0 4 0 31 2 1224979098644774912 1 31 2 144115188075857202 0 2133 2 144115188075857202 1 6 3 1224979098644774913 432345564227567632 432345564227567639 542 3 1224979098644774913 21 0 1 4 936748722493063460 864691128455135431 1224979098644774913 0 3 0 3 0 
3.000000  65 4 0 33 3 144115188075856285 648518346341351445 648518346341351625 541 3 144115188075856285 39 360287970189639708 1 4 936748722493063460 864691128455135424 0 0 5 0 33 3 144115188075856285 648518346341351445 648518346341351625 2204 2 1224979098644774912 144115188075856285 2147483679 2 1224979098644774912 432345564227567632 1 4 936748722493063460 864691128455135424 0 0 5 0 2147483678 2 144115188075856285 648518346341351445 1073742366 3 432345564227567632 11 360287970189639680 32 2 144115188075856021 0 2133 2 1224979098644774913 0 6 3 1224979098644774914 648518346341351445 648518346341351515 31 2 1224979098644774913 0 2204 2 1224979098644774912 1224979098644774914 31 2 1224979098644774912 432345564227567632 2133 2 1224979098644774913 1224979098644774914 3 0 30 2 1224979098644774913 1 1 4 936748722493063460 864691128455135424 0 0 3 0 11 1 1224979098644774915 32 2 1224979098644774915 648518346341351658 1609 2 1224979098644774916 1224979098644774915 33 3 1224979098644774916 576460752303423498 576460752303423504 524 3 1224979098644774917 1224979098644774916 4 4 0 32 2 1224979098644774917 648518346341351658 2281 3 1224979098644774918 1224979098644774915 1224979098644774917 32 2 1224979098644774918 30 1640 2 1224979098644774915 6 1625 2 5 1224979098644774917 1642 2 1224979098644774915 5 5 0 2290 2 1224979098644774919 1224979098644774915 31 2 1224979098644774919 6 4 0 32 2 1224979098644774917 648518346341351658 2281 3 1224979098644774918 1224979098644774915 1224979098644774917 2147483678 2 1224979098644774918 3 1640 2 1224979098644774915 3 524 3 1224979098644774920 1224979098644774916 5 1641 2 1224979098644774915 1224979098644774920 1643 2 1224979098644774915 45 5 0 2147483678 2 1224979098644774917 648518346341351658 1640 2 1224979098644774915 3 524 3 1224979098644774920 1224979098644774916 5 1641 2 1224979098644774915 1224979098644774920 1643 2 1224979098644774915 45 3 0 3 0 3 0 4 0 520 3 1224979098644774921 360287970189639680 34 32 2 1224979098644774921 0 2147483848 1 504403158265495595 2147483848 1 504403158265495596 2322 2 5 1224979098644774921 1106 1 1585267068834415601 500 3 360287970189639680 34 -1 500 3 1224979098644774921 34 -1 3 0 
168.000000  4 520 3 1224979098644774912 360287970189639680 7 2123 3 1224979098644774913 1224979098644774912 200 2106 2 1224979098644774912 1224979098644774913 500 3 360287970189639680 7 1224979098644774912 
1.000000  65 2147483685 0 32 2 144115188075856179 0 150 1 144115188075856179 2172 3 1224979098644774912 360287970189639680 2 527 3 1224979098644774913 144115188075856179 4 2147483680 2 1224979098644774913 1224979098644774912 527 3 1224979098644774914 144115188075856179 2 527 3 1224979098644774915 144115188075856179 3 31 2 1224979098644774915 0 2133 2 1224979098644774916 0 6 3 1224979098644774917 360287970189639932 360287970189640049 110 1 1224979098644774917 1 3 936748722493063753 1224979098644774917 144115188075856179 2133 2 1224979098644774918 72057594037927936 540 3 360287970189640678 1224979098644774918 1 2105 2 1224979098644774916 1 3 0 2108 2 1224979098644774916 4 2105 2 1224979098644774916 3 2105 2 1224979098644774914 1224979098644774916 507 3 144115188075856179 2 1224979098644774914 30 2 1224979098644774914 1000 507 3 144115188075856179 3 1 507 3 144115188075856179 2 1000 2325 2 1 144115188075856179 2319 1 2 4 0 31 2 144115188075856179 288230376151711825 1521 3 360287970189639680 1369094286720630799 1 2320 2 2 1585267068834415602 5 0 31 2 144115188075856179 288230376151711826 1521 3 360287970189639680 1369094286720630791 1 2320 2 2 1585267068834415603 5 0 31 2 144115188075856179 288230376151711827 1521 3 360287970189639680 1369094286720630785 1 2320 2 2 1585267068834415604 5 0 31 2 144115188075856179 288230376151711829 1521 3 360287970189639680 1369094286720630786 1 2320 2 2 1585267068834415605 5 0 31 2 144115188075856179 288230376151711828 1520 3 360287970189639680 2 1 2320 2 2 1585267068834415606 5 0 31 2 144115188075856179 288230376151711830 1521 3 360287970189639680 1369094286720630784 1 2320 2 2 1585267068834415607 5 0 31 2 144115188075856179 288230376151711831 1521 3 360287970189639680 1369094286720630811 1 2320 2 2 1585267068834415608 5 0 31 2 144115188075856179 288230376151711832 1521 3 360287970189639680 1369094286720630792 1 2320 2 2 1585267068834415609 3 0 372 1 37 4 0 31 2 144115188075856183 0 1120 2 1585267068834415610 1585267068834415611 3 0 2133 2 144115188075856179 0 
12.000000  18 11 1 1224979098644774912 541 3 1224979098644774912 0 17 2281 3 1224979098644774913 1224979098644774912 648518346341351424 4 0 32 2 1224979098644774913 30 1232 1 1224979098644774912 4 0 200 1 504403158265495580 2147483852 1 504403158265495580 546 3 504403158265495580 8 1224979098644774912 1 2 936748722493063553 504403158265495580 3 0 5 0 32 2 1224979098644774913 10 501 3 1224979098644774912 7 0 1640 2 1224979098644774912 0 3 0 3 0 
720.000000  8 6 3 1224979098644774912 648518346341351515 648518346341351625 541 3 1224979098644774912 7 360287970189639680 541 3 1224979098644774912 133 1 521 3 1224979098644774913 1224979098644774912 26 2105 2 1224979098644774913 1 2110 2 1224979098644774913 100 501 3 1224979098644774912 26 1224979098644774913 3 0 
24.000000  24 6 3 1224979098644774912 0 504403158265495642 4 0 200 1 1224979098644774912 4 0 2147483852 1 1224979098644774912 566 3 1224979098644774912 23 1 526 3 1224979098644774913 1224979098644774912 23 2106 2 1224979098644774913 1 4 0 31 2 1224979098644774913 0 1 3 936748722493063484 1224979098644774912 1 5 0 506 3 1224979098644774912 23 1224979098644774913 2133 2 72057594037927936 1224979098644774913 1113 4 1224979098644774912 7 1585267068834415149 0 3 0 3 0 5 0 566 3 1224979098644774912 25 1 526 3 1224979098644774914 1224979098644774912 25 2106 2 1224979098644774914 1 506 3 1224979098644774912 25 1224979098644774914 3 0 3 0 
2.000000  79 31 2 144115188075856183 0 33 3 144115188075856287 432345564227567632 432345564227567639 31 2 144115188075856283 0 4 0 200 1 504403158265495570 542 3 144115188075856287 8 -1 1 3 936748722493063484 504403158265495570 0 3 0 522 3 1224979098644774912 144115188075856287 5 2147484190 3 144115188075856287 4 0 2147484190 3 144115188075856287 4 6 2133 2 1224979098644774913 1 4 0 1073742366 3 144115188075856287 4 5 1073742366 3 144115188075856287 4 2 542 3 144115188075856287 4 3 2147483681 3 1224979098644774912 648518346341351445 648518346341351515 2133 2 1224979098644774913 0 3 0 31 2 1224979098644774913 1 2133 2 1224979098644774914 0 6 3 1224979098644774915 432345564227567632 432345564227567639 2147483679 2 1224979098644774915 144115188075856287 2190 3 1224979098644774916 1224979098644774915 144115188075856287 2147483678 2 1224979098644774916 0 2133 2 1224979098644774914 1 3 0 31 2 1224979098644774914 1 2147483848 1 504403158265495570 2147483848 1 504403158265495569 2147484214 3 504403158265495570 25 1 522 3 1224979098644774917 144115188075856287 8 32 2 1224979098644774917 0 520 3 1224979098644774918 1224979098644774917 10 32 2 1224979098644774918 0 132 1 1224979098644774918 2281 3 1224979098644774919 1224979098644774918 648518346341351424 2147483680 2 1224979098644774919 96 2133 2 1224979098644774920 1 6 3 1224979098644774921 504403158265495552 504403158265495569 200 1 1224979098644774921 546 3 1224979098644774921 6 1224979098644774917 2133 2 1224979098644774920 0 3 0 31 2 1224979098644774920 1 6 3 1224979098644774921 504403158265495611 504403158265495612 200 1 1224979098644774921 546 3 1224979098644774921 6 1224979098644774917 2133 2 1224979098644774920 0 3 0 31 2 1224979098644774920 1 6 3 1224979098644774921 504403158265495571 504403158265495575 200 1 1224979098644774921 2133 2 1224979098644774920 0 3 0 31 2 1224979098644774920 1 2171 2 1224979098644774922 360287970189639680 30 2 1224979098644774922 8 2133 2 1224979098644774923 2 6 3 1224979098644774924 648518346341351445 648518346341351625 541 3 1224979098644774924 7 360287970189639680 4 0 541 3 1224979098644774924 0 3 2105 2 1224979098644774923 3 5 0 541 3 1224979098644774924 0 2 2105 2 1224979098644774923 1 5 0 2105 2 1224979098644774923 1 3 0 3 0 2107 2 1224979098644774923 4 2110 2 1224979098644774923 60 506 3 504403158265495570 6 1224979098644774917 506 3 504403158265495570 2 1224979098644774917 506 3 504403158265495570 10 1224979098644774923 506 3 504403158265495570 23 4 506 3 504403158265495570 24 22 2060 1 864691128455135407 
3.000000  129 2133 2 144115188075856884 -1 200 2 504403158265495569 1 33 3 144115188075856287 432345564227567632 432345564227567639 2147484190 3 144115188075856287 4 0 522 3 1224979098644774912 144115188075856287 8 2147483679 2 1224979098644774912 360287970189639680 32 2 1224979098644774912 0 520 3 1224979098644774913 1224979098644774912 10 32 2 1224979098644774913 0 132 1 1224979098644774913 2281 3 1224979098644774914 1224979098644774913 648518346341351424 4 0 2147483678 2 1224979098644774914 15 2133 2 144115188075856044 0 2270 1 1224979098644774915 522 3 1224979098644774916 144115188075856287 95 2121 3 1224979098644774917 1224979098644774915 1224979098644774916 2133 2 1224979098644774918 -1 4 0 2136 3 1224979098644774919 0 100 2147483678 2 1224979098644774919 30 540 3 1224979098644774912 20 0 6 3 1224979098644774920 0 20 31 2 1224979098644774918 -1 2136 3 1224979098644774921 504403158265495571 504403158265495575 2147484214 3 1224979098644774921 25 1 4 0 31 2 1224979098644774921 504403158265495571 4 0 542 3 144115188075856287 4 2 32 2 1224979098644774917 120 2136 3 1224979098644774922 5 10 2133 2 1224979098644774918 504403158265495571 506 3 1224979098644774918 10 1224979098644774922 506 3 1224979098644774918 23 10 506 3 1224979098644774918 24 30 3 0 5 0 31 2 1224979098644774921 504403158265495572 31 2 1 0 4 0 542 3 144115188075856287 4 2 522 3 1224979098644774923 144115188075856287 5 33 3 1224979098644774923 648518346341351445 648518346341351515 1680 2 1224979098644774924 1224979098644774913 31 2 1224979098644774924 1224979098644774923 2133 2 1224979098644774918 1224979098644774921 506 3 1224979098644774918 1 1224979098644774923 506 3 1224979098644774918 23 2 506 3 1224979098644774918 24 15 3 0 5 0 31 2 1224979098644774921 504403158265495574 4 0 2133 2 1224979098644774925 100 2133 2 144115188075856885 -1 2133 2 144115188075856886 -1 2133 2 144115188075856887 -1 2133 2 1224979098644774926 0 6 3 1224979098644774920 0 1224979098644774925 4 0 2147483678 2 144115188075856885 0 1 3 936748722493063374 1224979098644774913 50 2133 2 144115188075856885 72057594037927936 3 0 4 0 2147483678 2 144115188075856886 0 1 3 936748722493063374 1224979098644774913 50 2147483679 2 144115188075856885 72057594037927936 2133 2 144115188075856886 72057594037927936 3 0 4 0 2147483678 2 144115188075856887 0 1 3 936748722493063374 1224979098644774913 50 2147483679 2 144115188075856885 72057594037927936 2147483679 2 144115188075856886 72057594037927936 2133 2 144115188075856887 72057594037927936 3 0 2147483679 2 144115188075856885 144115188075856886 2147483679 2 144115188075856885 144115188075856886 2147483679 2 144115188075856886 144115188075856887 30 2 144115188075856885 0 30 2 144115188075856886 0 30 2 144115188075856887 0 2133 2 1224979098644774925 0 2133 2 1224979098644774926 1 3 0 31 2 1224979098644774926 1 2133 2 144115188075856888 0 2133 2 144115188075856889 0 2133 2 144115188075856890 0 2133 2 1224979098644774918 504403158265495574 506 3 1224979098644774918 23 7 506 3 1224979098644774918 24 25 3 0 3 0 3 0 4 0 2147483679 2 1224979098644774918 -1 506 3 1224979098644774918 11 0 506 3 1224979098644774918 6 1224979098644774912 4 0 31 2 1224979098644774918 504403158265495572 2060 1 864691128455135409 5 0 2133 2 144115188075856884 1224979098644774918 506 3 144115188075856884 6 1224979098644774912 2060 1 864691128455135408 3 0 3 0 3 0 5 0 2105 2 144115188075856044 1 4 0 2147483678 2 144115188075856044 15 4 0 2119 3 1224979098644774927 144115188075856044 3 31 2 1224979098644774927 0 2341 2 1 1224979098644774912 4 0 2147483678 2 144115188075856044 8 5 0 1106 1 216172782113786963 3 0 3 0 5 0 2060 1 864691128455135410 3 0 3 0 
0.500000  8 200 1 504403158265495580 2147483852 1 504403158265495580 526 3 1224979098644774912 504403158265495580 8 526 3 1224979098644774913 504403158265495580 1 2281 3 1224979098644774914 1224979098644774912 1224979098644774913 2147483678 2 1224979098644774914 3 1232 1 1224979098644774912 1 2 936748722493063552 504403158265495580 
2.000000  14 6 3 1224979098644774912 360287970189639932 360287970189640181 540 3 1224979098644774912 2 2 520 3 1224979098644774913 1224979098644774912 10 30 2 1224979098644774913 1 132 1 1224979098644774913 541 3 1224979098644774913 31 1 2270 1 1224979098644774914 2147484209 3 1224979098644774913 32 1224979098644774914 501 3 1224979098644774913 30 -1 501 3 1224979098644774913 31 0 2133 2 1224979098644774915 200 2120 3 1224979098644774916 1224979098644774914 1224979098644774915 501 3 1224979098644774913 33 1224979098644774916 3 0 
0.500000  34 4 0 200 1 504403158265495589 2147483850 1 504403158265495589 526 3 1224979098644774912 504403158265495589 1 526 3 1224979098644774913 504403158265495589 10 526 3 1224979098644774914 504403158265495589 11 2121 3 1224979098644774915 1224979098644774913 1224979098644774914 1 3 936748722493063640 1224979098644774912 1224979098644774915 2105 2 1224979098644774914 72057594037927936 506 3 504403158265495589 11 1224979098644774914 2147483680 2 1224979098644774913 1224979098644774914 1 2 936748722493063552 504403158265495589 3 0 4 0 200 1 504403158265495571 2147483850 1 504403158265495571 526 3 1224979098644774916 504403158265495571 6 520 3 1224979098644774917 1224979098644774916 10 4 0 32 2 1224979098644774917 0 526 3 1224979098644774913 504403158265495571 10 526 3 1224979098644774914 504403158265495571 11 2121 3 1224979098644774915 1224979098644774913 1224979098644774914 1 3 936748722493063640 1224979098644774917 1224979098644774915 2105 2 1224979098644774914 72057594037927936 506 3 504403158265495571 11 1224979098644774914 4 0 2147483680 2 1224979098644774913 1224979098644774914 1 2 936748722493063552 504403158265495571 3 0 5 0 1 3 936748722493063484 504403158265495571 0 3 0 3 0 
1.000000  14 2147483685 0 200 1 504403158265495590 2147483852 1 504403158265495590 31 2 144115188075856238 1 2105 2 144115188075856891 1 1 2 936748722493063590 1369094286720630801 2133 2 1224979098644774912 72057594037927936 2121 3 1224979098644774913 20 1224979098644774912 2107 2 1224979098644774913 3 2108 2 1224979098644774913 5 30 2 144115188075856891 1224979098644774913 2133 2 144115188075856891 0 1030 3 0 0 0 2060 1 864691128455135363 
1.000000  30 200 1 504403158265495574 2147483850 1 504403158265495574 4 0 31 2 144115188075856888 0 2281 3 1224979098644774912 144115188075856885 648518346341351424 2147483680 2 1224979098644774912 3 2133 2 144115188075856888 1 2342 2 1 144115188075856885 1106 1 1585267068834415612 3 0 4 0 31 2 144115188075856889 0 2281 3 1224979098644774912 144115188075856886 648518346341351424 2147483680 2 1224979098644774912 3 2133 2 144115188075856889 1 2342 2 1 144115188075856886 1106 1 1585267068834415612 3 0 4 0 31 2 144115188075856890 0 2281 3 1224979098644774912 144115188075856887 648518346341351424 2147483680 2 1224979098644774912 3 2133 2 144115188075856890 1 2342 2 1 144115188075856887 1106 1 1585267068834415612 3 0 31 2 144115188075856888 1 31 2 144115188075856889 1 31 2 144115188075856890 1 1 2 936748722493063552 504403158265495574 
3.000000  7 2147483685 0 200 1 504403158265495559 546 3 504403158265495559 11 0 506 3 504403158265495559 11 1 1030 3 0 0 0 2133 2 144115188075856088 144115188075856082 2133 2 144115188075856248 864691128455135445 
1.000000  55 2147483685 0 200 1 504403158265495557 31 2 144115188075856283 0 31 2 144115188075856237 1 526 3 1224979098644774912 504403158265495557 11 1073741855 2 1224979098644774912 1 1073741855 2 1224979098644774912 2 31 2 1224979098644774912 3 526 3 1224979098644774913 504403158265495557 10 2106 2 1224979098644774913 1 506 3 504403158265495557 10 1224979098644774913 1 2 936748722493063590 1369094286720630784 4 0 2147483678 2 1224979098644774913 0 2133 2 1224979098644774912 4 506 3 504403158265495557 11 4 1030 3 0 0 0 2060 1 864691128455135357 5 0 2133 2 1224979098644774914 144115188075856268 521 3 1224979098644774915 144115188075856273 50 2120 3 1224979098644774916 30 1224979098644774915 2107 2 1224979098644774914 1224979098644774916 2108 2 1224979098644774914 80 4 0 31 2 144115188075856271 1 2108 2 1224979098644774914 2 3 0 2111 2 1224979098644774914 2 2136 3 1224979098644774917 1 1224979098644774914 526 3 1224979098644774918 504403158265495557 22 2105 2 1224979098644774918 1224979098644774917 506 3 504403158265495557 22 1224979098644774918 1 3 936748722493063602 360287970189639680 1224979098644774917 3 0 4 0 31 2 1224979098644774912 1 2106 2 144115188075856269 1 2147483680 2 144115188075856269 0 506 3 504403158265495557 11 2 2060 1 864691128455135360 5 0 31 2 1224979098644774912 2 2106 2 144115188075856270 1 2147483680 2 144115188075856270 0 31 2 144115188075856271 0 506 3 504403158265495557 11 3 2123 3 1224979098644774919 10000 144115188075856267 2105 2 1224979098644774919 30 2136 3 1224979098644774920 0 1000 4 0 2147483678 2 1224979098644774920 1224979098644774919 2060 1 864691128455135361 3 0 3 0 
72.000000  9 32 2 144115188075856139 0 32 2 144115188075856140 0 4 0 2190 3 1224979098644774912 144115188075856139 144115188075856140 2147483678 2 1224979098644774912 0 1 4 936748722493063456 144115188075856139 144115188075856140 1 3 0 2133 2 144115188075856139 0 2133 2 144115188075856140 0 
1.000000  107 2320 2 51 216172782113786384 4 0 32 2 144115188075855986 0 31 2 144115188075856183 0 4 0 2147483758 1 144115188075855986 2147483679 2 144115188075856283 1 2320 2 51 216172782113786389 2133 2 144115188075856862 150 1025 2 144115188075855986 -1 5 0 500 3 144115188075855986 151 8 2133 2 144115188075855986 0 3 0 5 0 32 2 144115188075855984 0 31 2 144115188075856183 0 4 0 110 1 144115188075855984 2147483679 2 144115188075856283 1 2320 2 51 216172782113786385 1025 2 144115188075855984 -1 5 0 2133 2 144115188075855984 0 3 0 5 0 32 2 144115188075856025 0 31 2 144115188075856183 0 31 2 144115188075856758 0 4 0 110 1 144115188075856025 2147483679 2 144115188075856283 1 2320 2 51 216172782113786386 2133 2 144115188075856862 61 1025 2 144115188075856025 -1 5 0 2133 2 144115188075856025 0 3 0 5 0 32 2 144115188075855982 0 31 2 144115188075856183 0 31 2 144115188075856758 0 520 3 1224979098644774912 144115188075855982 71 4 0 110 1 144115188075855982 110 1 1224979098644774912 2147483679 2 144115188075856283 1 2133 2 144115188075856862 72 2320 2 51 216172782113786387 1025 2 144115188075855982 -1 5 0 2133 2 144115188075855982 0 3 0 5 0 32 2 144115188075855985 0 31 2 144115188075856183 0 31 2 144115188075856758 0 4 0 110 1 144115188075855985 2147483679 2 144115188075856283 1 2320 2 51 216172782113786388 2133 2 144115188075856862 145 1025 2 144115188075855985 -1 5 0 2133 2 144115188075855985 0 3 0 5 0 31 2 144115188075856029 0 31 2 144115188075856183 0 32 2 144115188075856028 0 4 0 110 1 144115188075856028 2147483679 2 144115188075856283 1 2133 2 144115188075856862 139 1025 2 144115188075856028 -1 5 0 2133 2 144115188075856028 0 3 0 5 0 31 2 144115188075856030 0 31 2 144115188075856183 0 6 3 1224979098644774913 360287970189639932 360287970189640049 110 1 1224979098644774913 540 3 1224979098644774913 78 0 520 3 1224979098644774914 1224979098644774913 60 32 2 1224979098644774914 0 2281 3 1224979098644774915 1224979098644774914 648518346341351424 2147483678 2 1224979098644774915 7 2133 2 144115188075856862 60 2320 2 51 216172782113786391 1025 2 1224979098644774913 -1 3 0 3 0 4 0 200 1 504403158265495598 33 3 144115188075856013 360287970189640175 360287970189640181 2147483758 1 144115188075856013 2147484188 3 144115188075856013 2 2 1610 3 648518346341351424 144115188075856013 1 3 0 4 0 200 1 504403158265495598 33 3 144115188075856013 360287970189640175 360287970189640181 110 1 144115188075856013 2147484190 3 432345564227567632 8 360287970189639680 1 3 936748722493063671 432345564227567632 360287970189639680 3 0 
4.000000  57 6 3 1224979098644774912 360287970189639932 360287970189640181 560 3 1224979098644774912 55 1 2173 2 1224979098644774913 1224979098644774912 520 3 1224979098644774914 1224979098644774912 55 520 3 1224979098644774915 1224979098644774912 10 2133 2 1224979098644774916 0 4 0 2147483680 2 1224979098644774915 0 2147484208 3 1224979098644774912 8 0 2133 2 1224979098644774916 1 5 0 32 2 1224979098644774915 0 1694 2 1224979098644774917 1224979098644774915 4 0 2147483678 2 1224979098644774917 0 1665 2 1224979098644774917 1224979098644774915 3 0 3221225505 3 1224979098644774917 648518346341351445 648518346341351625 541 3 1224979098644774917 7 1224979098644774912 2133 2 1224979098644774918 360287970189640181 6 3 1224979098644774919 360287970189639932 1224979098644774918 2147483679 2 1224979098644774919 1224979098644774912 540 3 1224979098644774919 2 2 520 3 1224979098644774920 1224979098644774919 10 132 1 1224979098644774920 2204 2 1224979098644774921 1224979098644774920 31 2 1224979098644774921 1224979098644774913 2281 3 1224979098644774922 1224979098644774915 1224979098644774920 2147483678 2 1224979098644774922 4 2133 2 1224979098644774918 0 3 0 2147483679 2 1224979098644774918 0 2133 2 1224979098644774916 1 3 0 31 2 1224979098644774916 1 4 0 30 2 144115188075856163 1 2322 2 4 1224979098644774912 1106 1 1585267068834415613 3 0 1 3 936748722493063396 1224979098644774912 1224979098644774914 500 3 1224979098644774912 55 0 4 0 33 3 1224979098644774914 432345564227567632 432345564227567639 2341 2 1 1224979098644774912 2343 2 2 1224979098644774913 2343 2 3 1224979098644774914 1106 1 1585267068834415614 4 0 31 2 1224979098644774913 144115188075856287 1 4 936748722493063460 864691128455135434 1224979098644774912 1224979098644774914 5 0 31 2 1224979098644774914 144115188075856287 1 4 936748722493063460 864691128455135435 1224979098644774912 1224979098644774913 3 0 3 0 3 0 
1.000000  10 31 2 144115188075856163 1 6 3 1224979098644774912 648518346341351445 648518346341351625 1680 2 1224979098644774913 1224979098644774912 4 0 32 2 1224979098644774913 0 2330 2 2 1224979098644774912 2330 2 3 1224979098644774913 1106 1 1585267068834415615 3 0 3 0 
1.000000  70 2272 1 1224979098644774912 32 2 1224979098644774912 144115188075856892 2271 1 1224979098644774913 30 2 1224979098644774913 18 2136 3 1224979098644774914 0 4 1073741854 2 1224979098644774913 22 31 2 1224979098644774914 0 2133 2 144115188075856892 1224979098644774912 2149 2 1224979098644774915 360287970189639680 4 0 2147483678 2 1224979098644774915 0 2121 3 1224979098644774916 0 1224979098644774915 1528 2 360287970189639680 1224979098644774916 3 0 1671 2 1224979098644774917 648518346341351424 4 0 2320 2 1 216172782113785645 2319 1 2 1650 2 1224979098644774918 648518346341351424 2133 2 1224979098644774919 0 7 3 1224979098644774920 0 1224979098644774918 1652 3 1224979098644774921 648518346341351424 1224979098644774920 2147485155 1 1224979098644774921 1653 3 1224979098644774922 648518346341351424 1224979098644774920 2173 2 1224979098644774923 1224979098644774921 2133 2 1224979098644774924 1224979098644774917 4 0 30 2 1224979098644774923 432345564227567633 2147483678 2 1224979098644774923 432345564227567639 522 3 1224979098644774925 1224979098644774923 99 2108 2 1224979098644774925 100 2105 2 1224979098644774924 1224979098644774925 3 0 2147483678 2 1224979098644774924 32 2121 3 1224979098644774926 36 1224979098644774924 2108 2 1224979098644774926 4 2133 2 1224979098644774927 0 6 3 1224979098644774928 0 1224979098644774922 2136 3 1224979098644774914 0 100 2147483678 2 1224979098644774914 1224979098644774926 2105 2 1224979098644774927 1 1210 2 1224979098644774921 648518346341351424 3 0 4 0 30 2 1224979098644774927 1 2322 2 2 1224979098644774921 2133 2 72057594037927936 1224979098644774927 4 0 30 2 1224979098644774919 1 2320 2 1 216172782113786392 5 0 2320 2 3 1 2320 2 1 216172782113786393 3 0 2105 2 1224979098644774919 1224979098644774927 3 0 3 0 4 0 30 2 1224979098644774919 1 4 0 30 2 1224979098644774919 2 2320 2 2 216172782113785648 5 0 2320 2 2 216172782113785647 3 0 2320 2 1 216172782113786394 31 2 144115188075856183 0 1120 2 1 216172782113785646 3 0 3 0 
1.000000  11 1 1 936748722493063725 2120 3 1224979098644774912 432345564227567638 1 6 3 1224979098644774913 432345564227567633 1224979098644774912 6 3 1224979098644774914 432345564227567633 1224979098644774912 2190 3 1224979098644774915 1224979098644774913 1224979098644774914 2335 2 7 1224979098644774913 2335 2 8 1224979098644774914 2147483679 2 1224979098644774913 1224979098644774914 2133 2 72057594037927937 1224979098644774915 3 0 3 0 
1.000000  31 4 0 31 2 144115188075856283 1 2147483780 1 144115188075856063 1030 3 0 0 0 3 0 33 3 144115188075857082 648518346341351515 648518346341351625 2133 2 1224979098644774912 144115188075857082 521 3 1224979098644774913 1224979098644774912 38 31 2 1224979098644774913 0 4 0 521 3 1224979098644774914 1224979098644774912 120 521 3 1224979098644774915 1224979098644774914 240 2270 1 1224979098644774916 4 0 31 2 144115188075856163 1 33 3 1224979098644774912 648518346341351445 648518346341351625 33 3 1224979098644774914 648518346341351445 648518346341351625 2330 2 4 1224979098644774912 2330 2 5 1224979098644774914 2270 1 72057594037927939 521 3 72057594037927940 1224979098644774914 240 1106 1 1585267068834415616 3 0 31 2 1224979098644774916 1224979098644774915 1678 2 1224979098644774912 1008806316530991160 1678 2 1224979098644774912 1008806316530991161 5 0 2120 3 1224979098644774917 1224979098644774915 4 31 2 1224979098644774917 1224979098644774916 1679 1 1224979098644774912 3 0 
24.000000  51 2106 2 144115188075857044 1 2111 2 144115188075857044 -1 2106 2 144115188075857045 1 2111 2 144115188075857045 -1 1669 2 648518346341351651 216172782113786946 1669 2 648518346341351652 216172782113786948 1669 2 648518346341351653 216172782113786949 1669 2 648518346341351654 216172782113786950 1669 2 648518346341351655 216172782113786951 1669 2 648518346341351656 216172782113786951 1669 2 648518346341351657 216172782113786947 500 3 360287970189639942 60 648518346341351451 500 3 360287970189639939 60 648518346341351549 500 3 360287970189639946 67 648518346341351464 501 3 648518346341351607 225 0 501 3 648518346341351608 225 0 501 3 648518346341351609 225 0 501 3 648518346341351610 225 0 501 3 648518346341351611 225 0 501 3 648518346341351616 225 0 501 3 648518346341351623 225 0 501 3 648518346341351581 214 0 501 3 648518346341351519 214 15 4 0 200 1 504403158265495593 203 1 504403158265495593 1 2 936748722493063555 504403158265495593 3 0 4 0 200 1 504403158265495563 526 3 1224979098644774912 504403158265495563 6 2173 2 1224979098644774913 1224979098644774912 2190 3 1224979098644774914 1224979098644774913 144115188075856287 3221225502 2 1224979098644774914 0 2147483681 3 1224979098644774913 432345564227567632 432345564227567639 1 3 936748722493063484 504403158265495563 0 3 0 4 0 33 3 144115188075856287 432345564227567632 432345564227567639 2147483679 2 144115188075856287 432345564227567632 542 3 144115188075856287 8 360287970189639680 2105 2 144115188075857095 1 5 0 2133 2 144115188075857095 0 3 0 6 3 1224979098644774915 648518346341351445 648518346341351467 521 3 1224979098644774916 1224979098644774915 139 30 2 1224979098644774916 1 2106 2 1224979098644774916 1 501 3 1224979098644774915 139 1224979098644774916 3 0 
1.000000  80 6 3 1224979098644774912 360287970189639932 360287970189640049 2147483685 0 520 3 1224979098644774913 1224979098644774912 330 32 2 1224979098644774913 0 1 3 936748722493063596 1224979098644774912 1224979098644774913 2133 2 1224979098644774914 1 4 0 31 2 72057594037927936 0 500 3 144115188075855987 330 0 2133 2 1224979098644774914 0 3 0 31 2 1224979098644774914 1 2172 3 1224979098644774915 1224979098644774912 2 527 3 1224979098644774916 1224979098644774913 4 2147483680 2 1224979098644774916 1224979098644774915 1 3 936748722493063753 1224979098644774912 1224979098644774913 2133 2 1224979098644774917 72057594037927936 520 3 1224979098644774918 360287970189640678 1224979098644774917 520 3 1224979098644774919 360287970189640679 1224979098644774917 31 2 1224979098644774918 0 2133 2 1224979098644774920 0 6 3 1224979098644774921 360287970189639932 360287970189640049 2147483679 2 1224979098644774921 1224979098644774912 110 1 1224979098644774921 1 3 936748722493063753 1224979098644774921 1224979098644774913 2133 2 1224979098644774922 72057594037927936 540 3 360287970189640678 1224979098644774922 1 2105 2 1224979098644774920 1 3 0 4 0 547 3 1224979098644774913 3 1 2105 2 1224979098644774920 1 3 0 2108 2 1224979098644774920 4 2105 2 1224979098644774920 3 2105 2 1224979098644774919 1224979098644774920 500 3 360287970189640679 1224979098644774917 1224979098644774919 30 2 1224979098644774919 1000 500 3 360287970189640678 1224979098644774917 1 500 3 360287970189640679 1224979098644774917 1000 500 3 1224979098644774912 330 0 2322 2 1 1224979098644774912 2325 2 2 1224979098644774913 2319 1 3 4 0 31 2 1224979098644774913 288230376151711825 1521 3 1224979098644774912 1369094286720630799 1 2320 2 3 1585267068834415617 5 0 31 2 1224979098644774913 288230376151711826 1521 3 1224979098644774912 1369094286720630791 1 2320 2 3 1585267068834415618 5 0 31 2 1224979098644774913 288230376151711827 1521 3 1224979098644774912 1369094286720630785 1 2320 2 3 1585267068834415619 5 0 31 2 1224979098644774913 288230376151711829 1521 3 1224979098644774912 1369094286720630786 1 2320 2 3 1585267068834415620 5 0 31 2 1224979098644774913 288230376151711828 1520 3 1224979098644774912 2 1 2320 2 3 1585267068834415621 5 0 31 2 1224979098644774913 288230376151711830 1521 3 1224979098644774912 1369094286720630784 1 2320 2 3 1585267068834415622 5 0 31 2 1224979098644774913 288230376151711831 1521 3 1224979098644774912 1369094286720630811 1 2320 2 3 1585267068834415623 5 0 31 2 1224979098644774913 288230376151711832 1521 3 1224979098644774912 1369094286720630792 1 2320 2 3 1585267068834415624 3 0 1106 2 1585267068834415625 8978312 2133 2 1224979098644774913 0 3 0 
3.000000  33 11 1 1224979098644774912 1609 2 1224979098644774913 1224979098644774912 33 3 1224979098644774913 576460752303423494 576460752303423505 11 1 1224979098644774914 2147483679 2 1224979098644774914 1224979098644774912 1609 2 1224979098644774915 1224979098644774914 31 2 1224979098644774915 1224979098644774913 1680 2 1224979098644774916 1224979098644774914 2147483678 2 1224979098644774916 0 1694 2 1224979098644774917 1224979098644774914 2147483678 2 1224979098644774917 0 1652 3 1224979098644774918 1224979098644774914 0 2147485155 1 1224979098644774918 1601 2 1224979098644774919 1224979098644774912 1601 2 1224979098644774920 1224979098644774914 2120 3 1224979098644774921 1224979098644774919 1224979098644774920 2171 2 1224979098644774922 360287970189639680 2107 2 1224979098644774922 3 2108 2 1224979098644774922 2 2120 3 1224979098644774923 1224979098644774922 20 4 0 1652 3 1224979098644774924 1224979098644774912 0 1507 1 1224979098644774924 2107 2 1224979098644774923 2 3 0 2147483680 2 1224979098644774921 1224979098644774923 2281 3 1224979098644774925 1224979098644774912 1224979098644774914 2147483680 2 1224979098644774925 4 1 3 936748722493063333 1224979098644774912 1224979098644774914 1661 1 1224979098644774914 1232 1 1224979098644774914 3 0 3 0 
24.000000  0 
1.000000  12 6 3 1224979098644774912 360287970189639932 360287970189640302 540 3 1224979098644774912 2 2 520 3 1224979098644774913 1224979098644774912 10 30 2 1224979098644774913 1 1694 2 1224979098644774914 1224979098644774913 30 2 1224979098644774914 1 1 3 936748722493063402 1224979098644774914 1224979098644774913 4 0 2147483678 2 72057594037927936 0 1661 1 1224979098644774913 3 0 3 0 
24.000000  27 11 1 1224979098644774912 2147483679 2 1224979098644774912 648518346341351424 2147483679 2 1224979098644774912 648518346341351425 2133 2 1224979098644774913 0 4 0 1073742365 3 1224979098644774912 0 13 541 3 1224979098644774912 0 11 132 1 1224979098644774912 2133 2 1224979098644774913 1 4 0 1652 3 1224979098644774914 1224979098644774912 0 1073743331 1 1224979098644774914 31 2 1224979098644774914 360287970189639872 2133 2 1224979098644774915 1 5 0 2133 2 1224979098644774915 0 3 0 5 0 1073742365 3 1224979098644774912 0 2 541 3 1224979098644774912 0 3 2147484189 3 1224979098644774912 7 360287970189639680 2133 2 1224979098644774915 0 2133 2 1224979098644774913 1 3 0 31 2 1224979098644774913 1 1 3 936748722493063787 1224979098644774912 1224979098644774915 3 0 
24.000000  7 6 3 1224979098644774912 648518346341351515 648518346341351625 521 3 1224979098644774913 1224979098644774912 120 2204 2 1224979098644774914 1224979098644774912 2204 2 1224979098644774915 1224979098644774913 2147483679 2 1224979098644774914 1224979098644774915 1 3 936748722493063394 1224979098644774912 1224979098644774915 3 0 
24.000000  0 
1.000000  7 1671 2 1224979098644774912 648518346341351424 4 0 2147483678 2 1224979098644774912 144115188075857168 2133 2 144115188075857203 1 5 0 2133 2 144115188075857203 0 3 0 
24.000000  0 
6.000000  107 11 1 1224979098644774912 2133 2 1224979098644774913 0 521 3 1224979098644774914 1224979098644774912 0 4 0 1073741855 2 1224979098644774914 3 31 2 1224979098644774914 2 521 3 1224979098644774915 1224979098644774912 7 2133 2 1224979098644774913 1224979098644774915 5 0 31 2 1224979098644774914 13 1652 3 1224979098644774916 1224979098644774912 0 2133 2 1224979098644774913 1224979098644774916 4 0 33 3 1224979098644774913 360287970189639932 360287970189640049 2133 2 1224979098644774913 0 3 0 3 0 2147483679 2 1224979098644774913 0 4 0 541 3 1224979098644774912 0 13 520 3 1224979098644774917 1224979098644774913 14 2173 2 1224979098644774918 1224979098644774913 5 0 1073741855 2 1224979098644774914 3 31 2 1224979098644774914 2 4 0 32 2 1224979098644774913 0 520 3 1224979098644774917 1224979098644774913 14 32 2 1224979098644774917 0 5 0 521 3 1224979098644774917 1224979098644774912 61 3 0 2204 2 1224979098644774918 1224979098644774912 4 0 31 2 1224979098644774917 432345564227567632 521 3 1224979098644774918 1224979098644774912 61 3 0 3 0 1 2 936748722493063776 1224979098644774912 1651 2 1224979098644774919 1224979098644774912 7 3 1224979098644774920 0 1224979098644774919 1656 3 1224979098644774921 1224979098644774912 1224979098644774920 32 2 1224979098644774921 -1 2147485155 1 1224979098644774921 2173 2 1224979098644774922 1224979098644774921 4 0 33 3 1224979098644774921 360287970189639862 360287970189639872 2133 2 1224979098644774922 432345564227567618 5 0 33 3 1224979098644774921 360287970189639705 360287970189639725 2133 2 1224979098644774922 432345564227567617 3 0 1073741855 2 1224979098644774922 1224979098644774917 1073741855 2 1224979098644774922 1224979098644774918 31 2 1224979098644774922 432345564227567617 1650 2 1224979098644774923 1224979098644774912 2147483678 2 1224979098644774923 32 1657 3 1224979098644774924 1224979098644774912 1224979098644774920 1616 3 1224979098644774912 1224979098644774921 1224979098644774924 1610 3 1224979098644774912 1224979098644774921 1224979098644774924 3 0 1650 2 1224979098644774925 1224979098644774912 7 3 1224979098644774926 0 1224979098644774925 1652 3 1224979098644774927 1224979098644774912 1224979098644774926 32 2 1224979098644774927 -1 2147485155 1 1224979098644774927 2173 2 1224979098644774922 1224979098644774927 4 0 33 3 1224979098644774927 360287970189639862 360287970189639872 2133 2 1224979098644774922 432345564227567618 5 0 33 3 1224979098644774921 360287970189639705 360287970189639725 2133 2 1224979098644774922 432345564227567617 3 0 2147483679 2 1224979098644774922 1224979098644774917 2147483679 2 1224979098644774922 1224979098644774918 2147483679 2 1224979098644774922 432345564227567617 1651 2 1224979098644774919 1224979098644774912 2147483678 2 1224979098644774919 32 1653 3 1224979098644774928 1224979098644774912 1224979098644774926 3221225502 2 1224979098644774928 20 31 2 1224979098644774922 432345564227567618 1615 3 1224979098644774912 1224979098644774927 1224979098644774928 1611 3 1224979098644774912 1224979098644774927 1224979098644774928 3 0 3 0 6 3 1224979098644774929 648518346341351445 648518346341351515 521 3 1224979098644774915 1224979098644774929 7 2147483679 2 1224979098644774915 360287970189639680 2147483681 3 1224979098644774915 360287970189639932 360287970189640049 1617 1 648518346341351425 1651 2 1224979098644774930 1224979098644774929 7 3 1224979098644774931 0 1224979098644774930 1656 3 1224979098644774932 1224979098644774929 1224979098644774931 2147485155 1 1224979098644774932 1657 3 1224979098644774933 1224979098644774929 1224979098644774931 1616 3 1224979098644774929 1224979098644774932 1224979098644774933 1610 3 648518346341351425 1224979098644774932 1224979098644774933 3 0 1 2 936748722493063775 648518346341351425 2133 2 1224979098644774934 72057594037927936 521 3 1224979098644774935 1224979098644774929 49 2105 2 1224979098644774935 1224979098644774934 501 3 1224979098644774929 49 1224979098644774935 2122 3 1224979098644774936 1224979098644774934 5 1673 2 1224979098644774929 1224979098644774936 3 0 
6.000000  32 11 1 1224979098644774912 1609 2 1224979098644774913 1224979098644774912 4 0 33 3 1224979098644774913 576460752303423498 576460752303423504 1651 2 1224979098644774914 1224979098644774912 7 3 1224979098644774915 0 1224979098644774914 1656 3 1224979098644774916 1224979098644774912 1224979098644774915 32 2 1224979098644774916 -1 2147485155 1 1224979098644774916 33 3 1224979098644774916 360287970189639862 360287970189639872 1657 3 1224979098644774917 1224979098644774912 1224979098644774915 1616 3 1224979098644774912 1224979098644774916 1224979098644774917 1610 3 1224979098644774912 1224979098644774916 1224979098644774917 3 0 5 0 31 2 1224979098644774913 576460752303423520 1651 2 1224979098644774914 1224979098644774912 7 3 1224979098644774915 0 1224979098644774914 1656 3 1224979098644774916 1224979098644774912 1224979098644774915 32 2 1224979098644774916 -1 2147485155 1 1224979098644774916 2173 2 1224979098644774918 1224979098644774916 2204 2 1224979098644774919 1224979098644774912 1073741855 2 1224979098644774918 1224979098644774919 1073741855 2 1224979098644774916 360287970189639872 33 3 1224979098644774916 360287970189639705 360287970189639725 1657 3 1224979098644774917 1224979098644774912 1224979098644774915 1616 3 1224979098644774912 1224979098644774916 1224979098644774917 1610 3 1224979098644774912 1224979098644774916 1224979098644774917 3 0 3 0 3 0 
24.000000  40 6 3 1224979098644774912 648518346341351445 648518346341351515 541 3 1224979098644774912 7 360287970189639680 541 3 1224979098644774912 54 -1 561 3 1224979098644774912 40 300 1 2 936748722493063781 1224979098644774912 2133 2 1224979098644774913 72057594037927936 522 3 1224979098644774914 1224979098644774913 77 522 3 1224979098644774915 1224979098644774913 78 522 3 1224979098644774916 1224979098644774913 79 521 3 1224979098644774917 1224979098644774912 0 2133 2 1224979098644774918 0 2136 3 1224979098644774919 0 100 4 0 31 2 1224979098644774917 2 4 0 2147483678 2 1224979098644774919 75 2133 2 1224979098644774918 1224979098644774915 5 0 2133 2 1224979098644774918 1224979098644774914 3 0 5 0 31 2 1224979098644774917 3 4 0 2147483678 2 1224979098644774919 20 2133 2 1224979098644774918 1224979098644774916 5 0 2147483678 2 1224979098644774919 80 2133 2 1224979098644774918 1224979098644774915 5 0 2133 2 1224979098644774918 1224979098644774914 3 0 3 0 4 0 32 2 1224979098644774918 0 1675 2 1224979098644774912 1224979098644774918 3 0 521 3 1224979098644774920 1224979098644774912 40 2106 2 1224979098644774920 300 501 3 1224979098644774912 40 1224979098644774920 3 0 
24.000000  52 1602 2 1224979098644774912 648518346341351424 1 1 936748722493063297 2133 2 1224979098644774913 72057594037927936 32 2 1224979098644774912 1224979098644774913 2122 3 1224979098644774914 1224979098644774912 10 2108 2 1224979098644774914 1224979098644774913 2110 2 1224979098644774914 50 2133 2 1224979098644774915 0 2133 2 1224979098644774916 0 1651 2 1224979098644774917 648518346341351424 7 3 1224979098644774918 0 1224979098644774917 1656 3 1224979098644774919 648518346341351424 1224979098644774918 2147485155 1 1224979098644774919 1657 3 1224979098644774920 648518346341351424 1224979098644774918 2133 2 1224979098644774921 0 6 3 1224979098644774922 0 1224979098644774920 2136 3 1224979098644774923 0 100 2147483678 2 1224979098644774923 1224979098644774914 2105 2 1224979098644774921 1 3 0 32 2 1224979098644774921 0 1616 3 648518346341351424 1224979098644774919 1224979098644774921 2105 2 1224979098644774915 1 2105 2 1224979098644774916 1224979098644774921 4 0 31 2 1224979098644774915 1 2324 3 1 1224979098644774919 1224979098644774921 2133 2 72057594037927937 1224979098644774921 2320 2 0 1585267068834415626 5 0 31 2 1224979098644774915 2 2324 3 1 1224979098644774919 1224979098644774921 2133 2 72057594037927937 1224979098644774921 2320 2 0 1585267068834415627 5 0 30 2 1224979098644774915 3 2324 3 1 1224979098644774919 1224979098644774921 2133 2 72057594037927937 1224979098644774921 2320 2 0 1585267068834415628 3 0 3 0 4 0 30 2 1224979098644774915 1 4 0 31 2 1224979098644774916 1 2320 2 0 1585267068834415629 5 0 2320 2 0 1585267068834415630 3 0 2320 2 0 1585267068834415631 1120 2 0 216172782113785646 3 0 
24.000000  45 6 3 1224979098644774912 432345564227567633 432345564227567639 2147484190 3 1224979098644774912 21 0 520 3 1224979098644774913 144115188075856013 14 2147483679 2 1224979098644774913 1224979098644774912 2133 2 1224979098644774914 -1 2133 2 1224979098644774915 0 6 3 1224979098644774916 432345564227567633 432345564227567639 2147483679 2 1224979098644774916 1224979098644774912 2147483679 2 1224979098644774916 1224979098644774913 542 3 1224979098644774916 21 0 2133 2 1224979098644774917 0 6 3 1224979098644774918 360287970189640055 360287970189640175 2173 2 1224979098644774919 1224979098644774918 31 2 1224979098644774919 1224979098644774916 520 3 1224979098644774920 1224979098644774918 14 31 2 1224979098644774920 1224979098644774912 2105 2 1224979098644774917 1 3 0 2133 2 1224979098644774921 0 6 3 1224979098644774922 648518346341351445 648518346341351515 521 3 1224979098644774923 1224979098644774922 7 30 2 1224979098644774923 1 2173 2 1224979098644774919 1224979098644774923 31 2 1224979098644774919 1224979098644774916 520 3 1224979098644774920 1224979098644774923 14 31 2 1224979098644774920 1224979098644774912 2105 2 1224979098644774921 1 3 0 4 0 32 2 1224979098644774921 0 32 2 1224979098644774917 1224979098644774915 2133 2 1224979098644774915 1224979098644774917 2133 2 1224979098644774914 1224979098644774916 3 0 3 0 4 0 2147483678 2 1224979098644774915 5 2133 2 1224979098644774914 -1 3 0 32 2 1224979098644774914 -1 522 3 1224979098644774924 1224979098644774912 11 1 3 936748722493063396 1224979098644774924 1224979098644774912 500 3 1224979098644774924 2 2 1 4 936748722493063460 864691128455135439 1224979098644774912 1224979098644774914 3 0 
24.000000  0 
24.000000  0 
0.000000  5 37 0 1541 3 1224979098644774912 360287970189639848 10 31 2 1224979098644774912 288230376151711849 1 1 936748722493063747 1532 1 360287970189639848 
3.000000  35 11 1 1224979098644774912 541 3 1224979098644774912 0 19 520 3 1224979098644774913 360287970189639680 30 521 3 1224979098644774914 1224979098644774912 246 521 3 1224979098644774915 1224979098644774912 123 2281 3 1224979098644774916 1224979098644774912 1224979098644774914 4 0 2147483680 2 1224979098644774916 1 4 0 1073741855 2 1224979098644774914 144115188075856285 31 2 1224979098644774914 1224979098644774915 1232 1 1224979098644774912 500 3 1224979098644774913 12 1224979098644774914 5 0 4 0 33 3 1224979098644774914 648518346341351515 648518346341351625 521 3 1224979098644774917 1224979098644774914 25 5 0 521 3 1224979098644774917 1224979098644774914 23 3 0 520 3 1224979098644774918 1224979098644774913 162 1536 3 1224979098644774917 288230376151711869 1224979098644774918 1640 2 1224979098644774912 1 4 0 32 2 144115188075856285 0 501 3 1224979098644774912 5 144115188075856285 1641 2 1224979098644774912 144115188075856285 5 0 501 3 1224979098644774912 5 1224979098644774915 1641 2 1224979098644774912 1224979098644774915 3 0 1535 3 360287970189640667 288230376151711869 1224979098644774918 3 0 3 0 3 0 
0.500000  175 11 1 1224979098644774912 541 3 1224979098644774912 0 12 521 3 1224979098644774913 1224979098644774912 233 1650 2 1224979098644774914 1224979098644774912 2133 2 1224979098644774915 1 2133 2 1224979098644774916 0 6 3 1224979098644774917 0 1224979098644774914 1652 3 1224979098644774918 1224979098644774912 1224979098644774917 31 2 1224979098644774918 360287970189640777 2133 2 1224979098644774915 0 3 0 4 0 1680 2 1224979098644774919 1224979098644774912 2147483678 2 1224979098644774919 0 31 2 1224979098644774915 1 521 3 1224979098644774920 1224979098644774912 234 2342 2 13 1224979098644774920 2133 2 72057594037927946 1224979098644774913 1105 2 1585267068834415632 16711680 1232 1 1224979098644774912 2133 2 1224979098644774916 1 3 0 4 0 31 2 1224979098644774916 0 521 3 1224979098644774920 1224979098644774912 234 2204 2 1224979098644774921 1224979098644774920 2147483679 2 1224979098644774921 144115188075856287 2342 2 13 1224979098644774920 2133 2 72057594037927946 1224979098644774913 1105 2 1585267068834415633 16711680 1232 1 1224979098644774912 2133 2 1224979098644774916 1 3 0 31 2 1224979098644774916 0 1601 2 1224979098644774922 1224979098644774912 2106 2 1224979098644774922 1 521 3 1224979098644774923 1224979098644774912 236 2147483678 2 1224979098644774922 1224979098644774913 4 0 2291 2 1224979098644774924 1224979098644774912 2290 2 1224979098644774925 1224979098644774912 4 0 2147483679 2 1224979098644774925 0 2147483679 2 1224979098644774924 -1 501 3 1224979098644774924 235 0 3 0 2133 2 1224979098644774926 999999 2133 2 1224979098644774927 -1 6 3 1224979098644774928 648518346341351515 648518346341351625 2281 3 1224979098644774929 1224979098644774912 1224979098644774928 2147483678 2 1224979098644774929 1224979098644774926 4 0 2204 2 1224979098644774930 1224979098644774928 2133 2 1224979098644774931 100 4 0 2147483679 2 1224979098644774930 144115188075856287 2190 3 1224979098644774931 144115188075856287 1224979098644774930 3 0 30 2 1224979098644774931 0 521 3 1224979098644774932 1224979098644774928 26 30 2 1224979098644774932 0 521 3 1224979098644774933 1224979098644774928 93 32 2 1224979098644774933 0 521 3 1224979098644774934 1224979098644774928 61 2133 2 1224979098644774935 1 4 0 31 2 1224979098644774923 -1 2133 2 1224979098644774935 0 5 0 31 2 1224979098644774934 1224979098644774923 2133 2 1224979098644774935 0 3 0 2147483679 2 1224979098644774935 1 2147484189 3 1224979098644774928 35 2 2147484189 3 1224979098644774928 35 1 2147484209 3 1224979098644774928 39 1 2147484189 3 1224979098644774928 235 1 2133 2 1224979098644774926 1224979098644774929 2133 2 1224979098644774927 1224979098644774928 3 0 3 0 32 2 1224979098644774927 -1 1640 2 1224979098644774912 1 1641 2 1224979098644774912 1224979098644774927 501 3 1224979098644774912 5 1224979098644774927 501 3 1224979098644774927 235 1 3 0 521 3 1224979098644774936 1224979098644774912 5 32 2 1224979098644774936 -1 2281 3 1224979098644774937 1224979098644774912 1224979098644774936 4 0 2204 2 1224979098644774938 1224979098644774936 2133 2 1224979098644774931 100 4 0 2147483679 2 1224979098644774938 144115188075856287 2190 3 1224979098644774931 144115188075856287 1224979098644774938 3 0 30 2 1224979098644774931 0 521 3 1224979098644774939 1224979098644774936 26 30 2 1224979098644774939 0 521 3 1224979098644774940 1224979098644774936 61 2133 2 1224979098644774935 1 4 0 31 2 1224979098644774923 -1 2133 2 1224979098644774935 0 5 0 31 2 1224979098644774940 1224979098644774923 2133 2 1224979098644774935 0 3 0 2147483679 2 1224979098644774935 1 2147484189 3 1224979098644774936 35 2 2147484189 3 1224979098644774936 35 1 2147484209 3 1224979098644774936 39 1 2147483680 2 1224979098644774937 0 521 3 1224979098644774941 1224979098644774936 93 521 3 1224979098644774942 1224979098644774936 92 2133 2 1224979098644774943 1224979098644774913 2106 2 1224979098644774943 1224979098644774922 4 0 32 2 1224979098644774941 1224979098644774943 2133 2 1224979098644774944 1224979098644774941 2106 2 1224979098644774944 1224979098644774943 2133 2 1224979098644774945 1224979098644774941 2106 2 1224979098644774945 1224979098644774944 2133 2 1224979098644774946 1224979098644774941 2106 2 1224979098644774946 1224979098644774945 501 3 1224979098644774936 93 1224979098644774946 1610 3 1224979098644774912 1224979098644774942 1224979098644774945 1640 2 1224979098644774912 0 501 3 1224979098644774936 235 0 5 0 2147483680 2 1224979098644774941 1224979098644774943 32 2 1224979098644774941 0 501 3 1224979098644774936 93 -1 1610 3 1224979098644774912 1224979098644774942 1224979098644774941 1640 2 1224979098644774912 0 501 3 1224979098644774936 235 0 5 0 2147483680 2 1224979098644774941 0 1640 2 1224979098644774912 0 501 3 1224979098644774936 235 0 5 0 1106 2 1585267068834415634 16720418 501 3 1224979098644774936 235 0 3 0 3 0 3 0 11 1 1224979098644774912 541 3 1224979098644774912 0 12 1601 2 1224979098644774922 1224979098644774912 2106 2 1224979098644774922 1 521 3 1224979098644774913 1224979098644774912 233 31 2 1224979098644774922 1224979098644774913 521 3 1224979098644774920 1224979098644774912 234 4 0 2147484189 3 1224979098644774912 5 1224979098644774920 501 3 1224979098644774912 5 1224979098644774920 1640 2 1224979098644774912 1 1641 2 1224979098644774912 1224979098644774920 3 0 2281 3 1224979098644774947 1224979098644774912 1224979098644774920 4 0 2147483680 2 1224979098644774947 0 1650 2 1224979098644774914 1224979098644774912 6 3 1224979098644774917 1 1224979098644774914 1653 3 1224979098644774948 1224979098644774912 1224979098644774917 1652 3 1224979098644774918 1224979098644774912 1224979098644774917 1610 3 1224979098644774920 1224979098644774918 1224979098644774948 3 0 2342 2 13 1224979098644774920 2133 2 72057594037927946 1224979098644774922 1105 2 1585267068834415635 65280 1232 1 1224979098644774912 3 0 3 0 
12.000000  3 6 3 1224979098644774912 648518346341351515 648518346341351625 501 3 1224979098644774912 235 0 3 0 
0.500000  99 31 2 144115188075857099 360287970189640774 11 1 1224979098644774912 541 3 1224979098644774912 0 21 132 1 1224979098644774912 521 3 1224979098644774913 1224979098644774912 5 521 3 1224979098644774914 1224979098644774912 246 4 0 132 1 1224979098644774913 2281 3 1224979098644774915 1224979098644774912 1224979098644774913 2330 2 14 1224979098644774912 2330 2 15 1224979098644774913 4 0 31 2 144115188075856163 1 2133 2 72057594037927936 1224979098644774915 1106 1 1585267068834415636 3 0 4 0 2147483680 2 1224979098644774915 1 521 3 1224979098644774916 1224979098644774912 300 2325 2 12 1224979098644774916 4 0 32 2 1224979098644774914 0 2322 2 13 1224979098644774914 5 0 2330 2 13 1224979098644774913 3 0 1105 2 1585267068834415637 65280 2133 2 1224979098644774917 0 2204 2 1224979098644774918 1224979098644774913 4 0 32 2 1224979098644774914 0 542 3 1224979098644774918 11 1224979098644774914 4 0 31 2 1224979098644774916 288230376151711856 2133 2 1224979098644774917 1 5 0 31 2 1224979098644774916 288230376151711841 2133 2 1224979098644774917 2 3 0 5 0 2136 3 1224979098644774919 1 3 4 0 31 2 1224979098644774916 288230376151711857 2105 2 1224979098644774917 1224979098644774919 5 0 31 2 1224979098644774916 288230376151711856 2120 3 1224979098644774917 1 1224979098644774919 5 0 31 2 1224979098644774916 288230376151711841 2120 3 1224979098644774917 2 1224979098644774919 5 0 31 2 1224979098644774916 288230376151711848 2105 2 1224979098644774917 1 5 0 31 2 1224979098644774916 288230376151711847 2105 2 1224979098644774917 2 5 0 31 2 1224979098644774916 288230376151711849 2105 2 1224979098644774917 4 5 0 31 2 1224979098644774916 288230376151711858 4 0 541 3 1224979098644774913 0 4 2105 2 1224979098644774917 1 3 0 5 0 31 2 1224979098644774916 288230376151711859 2105 2 1224979098644774917 1 4 0 541 3 1224979098644774913 0 4 2105 2 1224979098644774917 1 3 0 5 0 31 2 1224979098644774916 288230376151711860 2105 2 1224979098644774917 2 4 0 541 3 1224979098644774913 0 4 2105 2 1224979098644774917 2 3 0 3 0 3 0 4 0 1073741855 2 1224979098644774918 432345564227567632 31 2 1224979098644774918 144115188075856287 2105 2 1224979098644774917 1 3 0 4 0 32 2 1224979098644774914 0 1 3 936748722493063439 1224979098644774914 1224979098644774917 5 0 1 3 936748722493063440 1224979098644774913 1224979098644774917 3 0 1232 1 1224979098644774912 3 0 5 0 1105 2 1585267068834415638 16711680 1232 1 1224979098644774912 3 0 3 0 
0.500000  89 11 1 1224979098644774912 541 3 1224979098644774912 0 8 521 3 1224979098644774913 1224979098644774912 5 521 3 1224979098644774914 1224979098644774912 246 4 0 132 1 1224979098644774913 2281 3 1224979098644774915 1224979098644774912 1224979098644774913 2330 2 14 1224979098644774912 2330 2 15 1224979098644774913 4 0 31 2 144115188075856163 1 2133 2 72057594037927936 1224979098644774915 1106 1 1585267068834415636 3 0 4 0 2147483680 2 1224979098644774915 1 4 0 31 2 1224979098644774913 648518346341351424 521 3 1224979098644774916 1224979098644774912 246 521 3 1224979098644774917 1224979098644774912 300 1 4 936748722493063460 864691128455135488 1224979098644774916 1224979098644774917 1232 1 1224979098644774912 5 0 541 3 1224979098644774913 0 7 521 3 1224979098644774918 1224979098644774912 300 4 0 31 2 1224979098644774918 -1 1232 1 1224979098644774913 5 0 31 2 1224979098644774918 14 2330 2 6 1224979098644774914 1669 2 1224979098644774913 1585267068834415639 1640 2 1224979098644774913 1 1641 2 1224979098644774913 1224979098644774914 501 3 1224979098644774913 5 1224979098644774914 501 3 1224979098644774913 4 14 1606 2 1224979098644774913 0 1607 2 1224979098644774913 3 1639 2 1224979098644774913 100 5 0 2330 2 6 1224979098644774914 1669 2 1224979098644774913 1585267068834415640 1640 2 1224979098644774913 1 1641 2 1224979098644774913 1224979098644774914 501 3 1224979098644774913 5 1224979098644774914 501 3 1224979098644774913 245 1224979098644774918 3 0 1232 1 1224979098644774912 5 0 1652 3 1224979098644774916 1224979098644774913 0 2322 2 13 1224979098644774916 4 0 31 2 144115188075856163 1 1105 2 1585267068834415641 65280 2133 2 144115188075855987 1224979098644774916 3 0 521 3 1224979098644774918 1224979098644774912 300 2133 2 1224979098644774917 0 4 0 501 3 1224979098644774913 30 648518346341351424 2270 1 1224979098644774919 501 3 1224979098644774913 244 360287970189639931 501 3 1224979098644774913 246 1224979098644774914 501 3 1224979098644774913 245 1224979098644774918 501 3 1224979098644774913 247 1224979098644774919 1 2 936748722493063685 1224979098644774916 4 0 31 2 144115188075856163 1 1106 1 1585267068834415642 3 0 4 0 31 2 72057594037927936 1224979098644774918 31 2 72057594037927937 1224979098644774914 2133 2 1224979098644774917 1 3 0 1 4 936748722493063426 1224979098644774913 72057594037927936 72057594037927937 3 0 1640 2 1224979098644774912 1 1641 2 1224979098644774912 648518346341351424 501 3 1224979098644774912 5 648518346341351424 501 3 1224979098644774912 246 1224979098644774916 501 3 1224979098644774912 300 1224979098644774917 3 0 3 0 5 0 1105 2 1585267068834415643 16711680 1232 1 1224979098644774912 3 0 3 0 
24.000000  59 31 2 144115188075857063 360287970189640773 33 3 144115188075857062 648518346341351445 648518346341351515 541 3 144115188075857062 7 360287970189639680 2170 3 1224979098644774912 17 360287970189639680 2105 2 1224979098644774912 4 2123 3 1224979098644774913 1224979098644774912 2 11 1 1224979098644774914 541 3 1224979098644774914 7 360287970189639680 31 2 1224979098644774914 144115188075857062 1650 2 1224979098644774915 1224979098644774914 2133 2 1224979098644774916 0 6 3 1224979098644774917 0 1224979098644774915 31 2 1224979098644774916 0 1652 3 1224979098644774918 1224979098644774914 1224979098644774917 2147485155 1 1224979098644774918 1561 3 1224979098644774919 1224979098644774918 144115188075857060 4 0 2147483680 2 1224979098644774919 0 1561 3 1224979098644774919 1224979098644774918 0 3 0 32 2 1224979098644774919 0 2171 2 1224979098644774920 1224979098644774918 2133 2 1224979098644774921 6 4 0 31 2 144115188075857061 1 2133 2 1224979098644774921 10 4 0 2147483680 2 1224979098644774920 6 2105 2 1224979098644774913 2 3 0 3 0 2147483680 2 1224979098644774920 1224979098644774921 1630 3 1224979098644774922 1224979098644774914 1224979098644774918 2110 2 1224979098644774913 1224979098644774922 1 2 936748722493063191 1224979098644774918 2122 3 1224979098644774923 1224979098644774913 72057594037927936 4 0 31 2 144115188075857061 1 2105 2 1224979098644774923 10 3 0 2149 2 1224979098644774924 360287970189640667 4 0 2147483678 2 1224979098644774924 1224979098644774923 2123 3 1224979098644774925 1224979098644774924 72057594037927936 2110 2 1224979098644774913 1224979098644774925 2122 3 1224979098644774923 1224979098644774913 72057594037927936 1106 1 1585267068834415644 3 0 1615 3 1224979098644774914 1224979098644774918 1224979098644774913 1610 3 1224979098644774914 1224979098644774919 1224979098644774913 1 2 936748722493063797 1224979098644774923 2133 2 72057594037927941 1224979098644774913 2322 2 6 1224979098644774918 2322 2 7 1224979098644774919 2330 2 8 1224979098644774914 1106 1 1585267068834415645 2133 2 1224979098644774916 1 3 0 3 0 
168.000000  25 11 1 1224979098644774912 541 3 1224979098644774912 0 7 521 3 1224979098644774913 1224979098644774912 4 31 2 1224979098644774913 4 4 0 541 3 1224979098644774912 300 360287970189639680 2133 2 1224979098644774914 0 1650 2 1224979098644774915 1224979098644774912 6 3 1224979098644774916 0 1224979098644774915 1652 3 1224979098644774917 1224979098644774912 1224979098644774916 1653 3 1224979098644774918 1224979098644774912 1224979098644774916 1 3 936748722493063187 1224979098644774917 0 2107 2 72057594037927936 1224979098644774918 2105 2 1224979098644774914 72057594037927936 3 0 2149 2 1224979098644774919 360287970189640667 4 0 2147483678 2 1224979098644774919 1224979098644774914 521 3 1224979098644774920 1224979098644774912 5 2330 2 6 1224979098644774920 1105 2 1585267068834415646 16711680 1232 1 1224979098644774912 3 0 3 0 3 0 
168.000000  59 6 3 1224979098644774912 432345564227567633 432345564227567639 2133 2 1224979098644774913 0 11 1 1224979098644774914 541 3 1224979098644774914 0 7 2204 2 1224979098644774915 1224979098644774914 31 2 1224979098644774915 1224979098644774912 561 3 1224979098644774914 300 0 2105 2 1224979098644774913 1 3 0 2133 2 1224979098644774916 0 6 3 1224979098644774917 648518346341351445 648518346341351467 2204 2 1224979098644774918 1224979098644774917 31 2 1224979098644774918 1224979098644774912 2105 2 1224979098644774916 1 3 0 4 0 2147483678 2 1224979098644774913 1224979098644774916 2136 3 1224979098644774919 0 10 2147483680 2 1224979098644774919 3 2133 2 1224979098644774920 -1 2133 2 1224979098644774921 -1 6 3 1224979098644774917 648518346341351445 648518346341351467 2204 2 1224979098644774918 1224979098644774917 31 2 1224979098644774918 1224979098644774912 31 2 1224979098644774920 -1 31 2 1224979098644774921 -1 2133 2 1224979098644774922 1 11 1 1224979098644774914 541 3 1224979098644774914 0 7 2204 2 1224979098644774915 1224979098644774914 31 2 1224979098644774915 1224979098644774912 521 3 1224979098644774923 1224979098644774914 5 31 2 1224979098644774923 1224979098644774917 2133 2 1224979098644774922 0 3 0 31 2 1224979098644774922 1 1 2 936748722493063361 1224979098644774912 2147483679 2 72057594037927936 -1 2133 2 1224979098644774920 72057594037927936 2133 2 1224979098644774921 1224979098644774917 3 0 4 0 2147483679 2 1224979098644774920 -1 2147483679 2 1224979098644774921 -1 2136 3 1224979098644774924 0 3 522 3 1224979098644774925 1224979098644774912 11 1 6 936748722493063814 1224979098644774920 1224979098644774921 1224979098644774924 1224979098644774912 1224979098644774925 3 0 5 0 32 2 1224979098644774913 1224979098644774916 11 1 1224979098644774914 32 2 1224979098644774913 1224979098644774916 541 3 1224979098644774914 0 7 2204 2 1224979098644774915 1224979098644774914 31 2 1224979098644774915 1224979098644774912 1232 1 1224979098644774914 3 0 3 0 3 0 
2.000000  29 11 1 1224979098644774912 541 3 1224979098644774912 0 7 1 2 936748722493063328 1224979098644774912 4 0 2290 2 1224979098644774913 1224979098644774912 31 2 1224979098644774913 1 521 3 1224979098644774914 1224979098644774912 5 4 0 32 2 1224979098644774914 0 2281 3 1224979098644774915 1224979098644774912 1224979098644774914 2147483680 2 1224979098644774915 5 4 0 521 3 1224979098644774916 1224979098644774912 4 31 2 1224979098644774916 14 4 0 2147483680 2 1224979098644774915 1 1 3 936748722493063333 1224979098644774914 1224979098644774912 1232 1 1224979098644774912 3 0 5 0 1625 2 1 1224979098644774914 1640 2 1224979098644774912 2 1643 2 1224979098644774912 1 1642 2 1224979098644774912 1 3 0 5 0 3 0 3 0 3 0 
0.200000  39 11 1 1224979098644774912 541 3 1224979098644774912 0 10 4 0 2290 2 1224979098644774913 1224979098644774912 1073741855 2 1224979098644774913 6 31 2 1224979098644774913 1 521 3 1224979098644774914 1224979098644774912 5 2281 3 1224979098644774915 1224979098644774912 1224979098644774914 2147483680 2 1224979098644774915 1 4 0 31 2 1224979098644774914 648518346341351424 521 3 1224979098644774916 1224979098644774912 300 1 4 936748722493063460 864691128455135489 1224979098644774916 0 1232 1 1224979098644774912 5 0 2147483679 2 1224979098644774914 648518346341351424 521 3 1224979098644774917 1224979098644774912 300 4 0 2147483680 2 1224979098644774917 100 1230 1 1224979098644774912 2105 2 1224979098644774917 1 501 3 1224979098644774912 300 1224979098644774917 4 0 2136 3 1224979098644774918 0 1000 31 2 1224979098644774918 0 2330 2 11 1224979098644774914 1105 2 1585267068834415647 16711680 1232 1 1224979098644774912 3 0 5 0 1231 1 1224979098644774912 1640 2 1224979098644774912 1 1641 2 1224979098644774912 648518346341351424 501 3 1224979098644774912 5 648518346341351424 501 3 1224979098644774912 300 1224979098644774914 3 0 3 0 3 0 3 0 
720.000000  79 6 3 1224979098644774912 432345564227567632 432345564227567639 542 3 1224979098644774912 21 0 522 3 1224979098644774913 1224979098644774912 201 522 3 1224979098644774914 1224979098644774912 202 522 3 1224979098644774915 1224979098644774912 204 522 3 1224979098644774916 1224979098644774912 203 4 0 31 2 144115188075856163 1 2335 2 9 1224979098644774912 2133 2 72057594037927937 1224979098644774913 1106 1 1585267068834415648 2133 2 72057594037927937 1224979098644774914 1106 1 1585267068834415649 2133 2 72057594037927937 1224979098644774915 1106 1 1585267068834415650 2133 2 72057594037927937 1224979098644774916 1106 1 1585267068834415651 3 0 4 0 33 3 1224979098644774912 432345564227567633 432345564227567639 2136 3 1224979098644774917 0 8 4 0 33 3 1224979098644774917 1 5 2136 3 1224979098644774918 -1 2 4 0 31 2 144115188075856163 1 2335 2 12 1224979098644774912 2133 2 72057594037927937 1224979098644774918 2133 2 72057594037927938 1224979098644774917 1106 1 1585267068834415652 3 0 4 0 31 2 1224979098644774917 1 2105 2 1224979098644774913 1224979098644774918 2111 2 1224979098644774913 -3 2110 2 1224979098644774913 3 502 3 1224979098644774912 201 1224979098644774913 5 0 31 2 1224979098644774917 2 2105 2 1224979098644774914 1224979098644774918 2111 2 1224979098644774914 -3 2110 2 1224979098644774914 3 502 3 1224979098644774912 202 1224979098644774914 5 0 31 2 1224979098644774917 3 2105 2 1224979098644774915 1224979098644774918 2111 2 1224979098644774915 -3 2110 2 1224979098644774915 3 502 3 1224979098644774912 204 1224979098644774915 5 0 31 2 1224979098644774917 4 2105 2 1224979098644774916 1224979098644774918 2111 2 1224979098644774916 -3 2110 2 1224979098644774916 3 502 3 1224979098644774912 203 1224979098644774916 3 0 3 0 5 0 2122 3 1224979098644774913 1224979098644774913 -1 2122 3 1224979098644774914 1224979098644774914 1 2120 3 1224979098644774919 1224979098644774913 1224979098644774914 4 0 2147483679 2 1224979098644774919 0 4 0 31 2 144115188075856163 1 2335 2 9 1224979098644774912 2133 2 72057594037927937 1224979098644774919 1106 1 1585267068834415653 3 0 6 3 1224979098644774920 360287970189639932 360287970189640181 540 3 1224979098644774920 2 2 2173 2 1224979098644774921 1224979098644774920 31 2 1224979098644774912 1224979098644774921 522 3 1224979098644774922 1224979098644774912 11 1 4 936748722493063669 1224979098644774922 1224979098644774920 1224979098644774919 3 0 3 0 3 0 3 0 
168.000000  25 33 3 144115188075857066 360287970189640055 360287970189640302 2133 2 1224979098644774912 0 6 3 1224979098644774913 360287970189640055 360287970189640302 1 2 936748722493063819 1224979098644774913 32 2 72057594037927936 0 1 2 936748722493063437 1224979098644774913 2147483680 2 72057594037927936 -20 2133 2 1224979098644774912 1224979098644774913 3 0 4 0 31 2 1224979098644774912 0 6 3 1224979098644774913 360287970189640055 360287970189640302 1 2 936748722493063819 1224979098644774913 32 2 72057594037927936 0 4 0 560 3 1224979098644774913 8 0 1 3 936748722493063439 1224979098644774913 -1 5 0 1 3 936748722493063439 1224979098644774913 1 3 0 3 0 5 0 1 4 936748722493063460 864691128455135491 1224979098644774912 0 1 2 936748722493063820 1 3 0 
2.000000  31 2133 2 1224979098644774912 0 2133 2 1224979098644774913 0 6 3 1224979098644774914 648518346341351445 648518346341351625 521 3 1224979098644774915 1224979098644774914 7 31 2 1224979098644774915 360287970189639680 4 0 33 3 1224979098644774914 648518346341351445 648518346341351515 2133 2 1224979098644774912 1 3 0 2133 2 1224979098644774913 1 3 0 4 0 31 2 1224979098644774912 0 3221225503 2 144115188075857063 0 2147483679 2 144115188075857099 0 2133 2 144115188075857063 0 2133 2 144115188075857099 0 3 0 4 0 31 2 1224979098644774913 0 2147483679 2 144115188075857065 0 2133 2 144115188075857065 0 2149 2 1224979098644774916 360287970189640667 4 0 32 2 1224979098644774916 0 1 2 936748722493063797 1224979098644774916 2108 2 1224979098644774916 3 1 3 936748722493063602 360287970189639680 1224979098644774916 1106 1 1585267068834415654 3 0 3 0 
24.000000  22 6 3 1224979098644774912 432345564227567633 432345564227567639 2133 2 1224979098644774913 2 6 3 1224979098644774914 432345564227567632 432345564227567639 2147483679 2 1224979098644774912 1224979098644774914 11 1 1224979098644774915 33 3 1224979098644774915 648518346341351445 648518346341351625 2204 2 1224979098644774916 1224979098644774915 31 2 1224979098644774916 1224979098644774914 541 3 1224979098644774912 1224979098644774915 61 2106 2 1224979098644774913 1 3 0 6 3 1224979098644774917 432345564227567632 432345564227567639 1 3 936748722493063694 1224979098644774914 1224979098644774917 31 2 72057594037927936 -2 1 3 936748722493063694 1224979098644774912 1224979098644774917 31 2 72057594037927936 -2 2105 2 1224979098644774913 1 3 0 3 0 2120 3 1224979098644774918 1224979098644774914 160 501 3 1224979098644774912 1224979098644774918 1224979098644774913 3 0 
168.000000  5 4 0 32 2 144115188075857101 0 2123 3 1224979098644774912 144115188075857101 250 1528 2 360287970189639680 1224979098644774912 3 0 
168.000000  4 4 0 32 2 144115188075857100 0 2060 1 864691128455135492 3 0 
0.000000  15 521 3 1224979098644774912 648518346341351424 380 31 2 144115188075856182 1 31 2 1224979098644774912 -1 2270 1 1224979098644774913 4 0 30 2 1224979098644774913 144115188075857087 1103 1 0 1100 2 648518346341351424 576460752303423559 2133 2 144115188075857086 72057594037927936 501 3 144115188075857086 35 1 501 3 144115188075857086 0 21 501 3 648518346341351424 380 1 1106 1 1585267068834415655 2133 2 144115188075857087 0 3 0 
0.000000  15 31 2 144115188075856181 0 31 2 144115188075856182 0 4 0 541 3 648518346341351424 380 1 501 3 648518346341351424 380 0 501 3 144115188075857086 35 2 2270 1 1224979098644774912 2105 2 1224979098644774912 72 501 3 144115188075857086 38 1224979098644774912 1678 2 144115188075857086 1008806316530991161 5 0 541 3 648518346341351424 380 -1 501 3 648518346341351424 380 0 3 0 2133 2 144115188075857086 -1 
3.000000  9 11 1 1224979098644774912 541 3 1224979098644774912 0 21 541 3 1224979098644774912 35 2 521 3 1224979098644774913 1224979098644774912 38 2270 1 1224979098644774914 32 2 1224979098644774914 1224979098644774913 1679 1 1224979098644774912 1232 1 1224979098644774912 3 0 
