# export of a body (Mount and Blade collision object)
# by OpenBrf (Marco Tarini)
o manifold_0
v 8.948453 -0.147996 -4.948337
v 9.068708 1.858922 -4.960330
v 12.299501 1.857881 -4.960347
v 12.446725 -0.147996 -4.948528
v 9.416960 2.557110 -4.960468
v 11.961685 2.555895 -4.960468
v 9.716657 2.841296 -4.960711
v 11.656673 2.832272 -4.960729
v 10.154242 3.104016 -4.961076
v 11.218385 3.101066 -4.961076
v 10.603436 3.186049 -4.961805
v 10.768722 3.186049 -4.961805
v 4.218756 5.788171 -5.760559
v 4.218756 6.910491 -5.760559
v 5.384574 6.910491 -5.760559
v 5.384574 5.788171 -5.760559
v 4.218756 5.788171 -5.766443
v 4.218756 6.910491 -5.766443
v 5.384574 6.910491 -5.766443
v 5.384574 5.788171 -5.766443
v -2.134864 0.902052 -0.723928
v -2.134864 2.922836 -0.723928
v -0.760346 2.922836 -0.723928
v -0.760346 0.902052 -0.723928
v -2.134864 0.902052 -0.718044
v -2.134864 2.922836 -0.718044
v -0.760346 2.922836 -0.718044
v -0.760346 0.902052 -0.718044
v 0.615858 4.568524 -0.723928
v 0.615858 6.589309 -0.723928
v 1.990375 6.589309 -0.723928
v 1.990375 4.568524 -0.723928
v 0.615858 4.568524 -0.718044
v 0.615858 6.589309 -0.718044
v 1.990375 6.589309 -0.718044
v 1.990375 4.568524 -0.718044
v 5.474223 4.476627 -0.723928
v 5.474223 5.724025 -0.723928
v 6.687691 5.724025 -0.723928
v 6.687691 4.476627 -0.723928
v 5.474223 4.476627 -0.718044
v 5.474223 5.724025 -0.718044
v 6.687691 5.724025 -0.718044
v 6.687691 4.476627 -0.718044
v 5.288547 1.027202 -0.723928
v 5.288547 2.717443 -0.723928
v 6.876855 2.717443 -0.723928
v 6.876855 1.027202 -0.723928
v 5.288547 1.027202 -0.718044
v 5.288547 2.717443 -0.718044
v 6.876855 2.717443 -0.718044
v 6.876855 1.027202 -0.718044
v 11.195184 5.184933 -5.707436
v 11.195184 5.235399 -5.707436
v 12.438216 5.235399 -5.707436
v 12.438216 5.184933 -5.707436
v 11.195184 5.184933 -5.742898
v 11.195184 5.235399 -5.742898
v 12.438216 5.235399 -5.742898
v 12.438216 5.184933 -5.742898
v 11.195184 4.341227 -5.707436
v 11.195184 4.391692 -5.707436
v 12.438216 4.391692 -5.707436
v 12.438216 4.341227 -5.707436
v 11.195184 4.341227 -5.742898
v 11.195184 4.391692 -5.742898
v 12.438216 4.391692 -5.742898
v 12.438216 4.341227 -5.742898
v 11.195184 5.588308 -5.586891
v 11.195184 5.638774 -5.586891
v 12.438216 5.638774 -5.586891
v 12.438216 5.588308 -5.586891
v 11.195184 5.588308 -5.863443
v 11.195184 5.638774 -5.863443
v 12.438216 5.638774 -5.863443
v 12.438216 5.588308 -5.863443
v 12.425949 3.911942 -5.629300
v 12.425949 5.609381 -5.629300
v 12.458268 5.609381 -5.629300
v 12.458268 3.911942 -5.629300
v 12.425949 3.911942 -5.821034
v 12.425949 5.609381 -5.821034
v 12.458268 5.609381 -5.821034
v 12.458268 3.911942 -5.821034
v 11.800541 3.926050 -5.701379
v 11.800541 5.609381 -5.701379
v 11.832859 5.609381 -5.701379
v 11.832859 3.926050 -5.701379
v 11.800541 3.926050 -5.748956
v 11.800541 5.609381 -5.748956
v 11.832859 5.609381 -5.748956
v 11.832859 3.926050 -5.748956
v 11.195184 3.930924 -5.586891
v 11.195184 3.981389 -5.586891
v 12.438216 3.981389 -5.586891
v 12.438216 3.916816 -5.586891
v 11.195184 3.930924 -5.863443
v 11.195184 3.981389 -5.863443
v 12.438216 3.967281 -5.863443
v 12.438216 3.916816 -5.863443
v 12.136358 3.911942 -5.701379
v 12.136358 5.609381 -5.701379
v 12.168677 5.609381 -5.701379
v 12.168677 3.911942 -5.701379
v 12.136358 3.911942 -5.748956
v 12.136358 5.609381 -5.748956
v 12.168677 5.609381 -5.748956
v 12.168677 3.911942 -5.748956
v 11.456913 3.926050 -5.701379
v 11.456913 5.609381 -5.701379
v 11.489232 5.609381 -5.701379
v 11.489232 3.926050 -5.701379
v 11.456913 3.926050 -5.748956
v 11.456913 5.609381 -5.748956
v 11.489232 5.609381 -5.748956
v 11.489232 3.926050 -5.748956
v 11.195184 4.786064 -5.653670
v 11.195184 4.836529 -5.653670
v 12.438216 4.836529 -5.653670
v 12.438216 4.786064 -5.653670
v 11.195184 4.786064 -5.796665
v 11.195184 4.836529 -5.796665
v 12.438216 4.836529 -5.796665
v 12.438216 4.786064 -5.796665
v 11.198356 3.926050 -5.629300
v 11.198356 5.609381 -5.629300
v 11.230675 5.609381 -5.629300
v 11.230675 3.926050 -5.629300
v 11.198356 3.926050 -5.821034
v 11.198356 5.609381 -5.821034
v 11.230675 5.609381 -5.821034
v 11.230675 3.926050 -5.821034
v 11.211430 3.945138 -5.719049
v 11.211430 5.635379 -5.719049
v 12.437603 5.635379 -5.719049
v 12.437603 3.931030 -5.719049
v 11.211430 3.945138 -5.724933
v 11.211430 5.635379 -5.724933
v 12.437603 5.635379 -5.724933
v 12.437603 3.931030 -5.724933
v 8.874443 5.184933 -5.707436
v 8.874443 5.235399 -5.707436
v 10.117476 5.235399 -5.707436
v 10.117476 5.184933 -5.707436
v 8.874443 5.184933 -5.742898
v 8.874443 5.235399 -5.742898
v 10.117476 5.235399 -5.742898
v 10.117476 5.184933 -5.742898
v 8.874443 4.341227 -5.707436
v 8.874443 4.391692 -5.707436
v 10.117476 4.391692 -5.707436
v 10.117476 4.341227 -5.707436
v 8.874443 4.341227 -5.742898
v 8.874443 4.391692 -5.742898
v 10.117476 4.391692 -5.742898
v 10.117476 4.341227 -5.742898
v 8.874443 5.588308 -5.586891
v 8.874443 5.638774 -5.586891
v 10.117476 5.638774 -5.586891
v 10.117476 5.588308 -5.586891
v 8.874443 5.588308 -5.863443
v 8.874443 5.638774 -5.863443
v 10.117476 5.638774 -5.863443
v 10.117476 5.588308 -5.863443
v 10.105208 3.926050 -5.629300
v 10.105208 5.609381 -5.629300
v 10.137527 5.609381 -5.629300
v 10.137527 3.926050 -5.629300
v 10.105208 3.926050 -5.821034
v 10.105208 5.609381 -5.821034
v 10.137527 5.609381 -5.821034
v 10.137527 3.926050 -5.821034
v 9.479800 3.926050 -5.701379
v 9.479800 5.609381 -5.701379
v 9.512118 5.609381 -5.701379
v 9.512118 3.926050 -5.701379
v 9.479800 3.926050 -5.748956
v 9.479800 5.609381 -5.748956
v 9.512118 5.609381 -5.748956
v 9.512118 3.926050 -5.748956
v 8.874443 3.930924 -5.586891
v 8.874443 3.981389 -5.586891
v 10.117476 3.981389 -5.586891
v 10.117476 3.930924 -5.586891
v 8.874443 3.930924 -5.863443
v 8.874443 3.981389 -5.863443
v 10.117476 3.981389 -5.863443
v 10.117476 3.930924 -5.863443
v 9.815618 3.926050 -5.701379
v 9.815618 5.609381 -5.701379
v 9.847937 5.609381 -5.701379
v 9.847937 3.926050 -5.701379
v 9.815618 3.926050 -5.748956
v 9.815618 5.609381 -5.748956
v 9.847937 5.609381 -5.748956
v 9.847937 3.926050 -5.748956
v 9.136172 3.926050 -5.701379
v 9.136172 5.609381 -5.701379
v 9.168491 5.609381 -5.701379
v 9.168491 3.926050 -5.701379
v 9.136172 3.926050 -5.748956
v 9.136172 5.609381 -5.748956
v 9.168491 5.609381 -5.748956
v 9.168491 3.926050 -5.748956
v 8.874443 4.786064 -5.653670
v 8.874443 4.836529 -5.653670
v 10.117476 4.836529 -5.653670
v 10.117476 4.786064 -5.653670
v 8.874443 4.786064 -5.796665
v 8.874443 4.836529 -5.796665
v 10.117476 4.836529 -5.796665
v 10.117476 4.786064 -5.796665
v 8.877615 3.926050 -5.629300
v 8.877615 5.609381 -5.629300
v 8.909934 5.609381 -5.629300
v 8.909934 3.926050 -5.629300
v 8.877615 3.926050 -5.821034
v 8.877615 5.609381 -5.821034
v 8.909934 5.609381 -5.821034
v 8.909934 3.926050 -5.821034
v 8.890689 3.945138 -5.719049
v 8.890689 5.635379 -5.719049
v 10.116862 5.635379 -5.719049
v 10.116862 3.945138 -5.719049
v 8.890689 3.945138 -5.724933
v 8.890689 5.635379 -5.724933
v 10.116862 5.635379 -5.724933
v 10.116862 3.945138 -5.724933
v 11.195184 5.184933 -0.714033
v 11.195184 5.235399 -0.714033
v 12.438216 5.235399 -0.714033
v 12.438216 5.184933 -0.714033
v 11.195184 5.184933 -0.678570
v 11.195184 5.235399 -0.678570
v 12.438216 5.235399 -0.678570
v 12.438216 5.184933 -0.678570
v 11.195184 4.341227 -0.714033
v 11.195184 4.391692 -0.714033
v 12.438216 4.391692 -0.714033
v 12.438216 4.341227 -0.714033
v 11.195184 4.341227 -0.678570
v 11.195184 4.391692 -0.678570
v 12.438216 4.391692 -0.678570
v 12.438216 4.341227 -0.678570
v 11.195184 5.588308 -0.834578
v 11.195184 5.638774 -0.834578
v 12.438216 5.638774 -0.834578
v 12.438216 5.588308 -0.834578
v 11.195184 5.588308 -0.558025
v 11.195184 5.638774 -0.558025
v 12.438216 5.638774 -0.558025
v 12.438216 5.588308 -0.558025
v 12.425949 3.926050 -0.792169
v 12.425949 5.609381 -0.792169
v 12.458268 5.609381 -0.792169
v 12.458268 3.926050 -0.792169
v 12.425949 3.926050 -0.600434
v 12.425949 5.609381 -0.600434
v 12.458268 5.609381 -0.600434
v 12.458268 3.926050 -0.600434
v 11.800541 3.926050 -0.720090
v 11.800541 5.609381 -0.720090
v 11.832859 5.609381 -0.720090
v 11.832859 3.926050 -0.720090
v 11.800541 3.926050 -0.672513
v 11.800541 5.609381 -0.672513
v 11.832859 5.609381 -0.672513
v 11.832859 3.926050 -0.672513
v 11.195184 3.930924 -0.834578
v 11.195184 3.981389 -0.834578
v 12.438216 3.981389 -0.834578
v 12.438216 3.930924 -0.834578
v 11.195184 3.930924 -0.558025
v 11.195184 3.981389 -0.558025
v 12.438216 3.981389 -0.558025
v 12.438216 3.930924 -0.558025
v 12.136358 3.926050 -0.720090
v 12.136358 5.609381 -0.720090
v 12.168677 5.609381 -0.720090
v 12.168677 3.926050 -0.720090
v 12.136358 3.926050 -0.672513
v 12.136358 5.609381 -0.672513
v 12.168677 5.609381 -0.672513
v 12.168677 3.926050 -0.672513
v 11.456913 3.926050 -0.720090
v 11.456913 5.609381 -0.720090
v 11.489232 5.609381 -0.720090
v 11.489232 3.926050 -0.720090
v 11.456913 3.926050 -0.672513
v 11.456913 5.609381 -0.672513
v 11.489232 5.609381 -0.672513
v 11.489232 3.926050 -0.672513
v 11.195184 4.786064 -0.767799
v 11.195184 4.836529 -0.767799
v 12.438216 4.836529 -0.767799
v 12.438216 4.786064 -0.767799
v 11.195184 4.786064 -0.624804
v 11.195184 4.836529 -0.624804
v 12.438216 4.836529 -0.624804
v 12.438216 4.786064 -0.624804
v 11.198356 3.926050 -0.792169
v 11.198356 5.609381 -0.792169
v 11.230675 5.609381 -0.792169
v 11.230675 3.926050 -0.792169
v 11.198356 3.926050 -0.600434
v 11.198356 5.609381 -0.600434
v 11.230675 5.609381 -0.600434
v 11.230675 3.926050 -0.600434
v 11.211430 3.945138 -0.702420
v 11.211430 5.635379 -0.702420
v 12.437603 5.635379 -0.702420
v 12.437603 3.945138 -0.702420
v 11.211430 3.945138 -0.696536
v 11.211430 5.635379 -0.696536
v 12.437603 5.635379 -0.696536
v 12.437603 3.945138 -0.696536
v 8.874443 5.184933 -0.714033
v 8.874443 5.235399 -0.714033
v 10.117476 5.235399 -0.714033
v 10.117476 5.184933 -0.714033
v 8.874443 5.184933 -0.678570
v 8.874443 5.235399 -0.678570
v 10.117476 5.235399 -0.678570
v 10.117476 5.184933 -0.678570
v 8.874443 4.341227 -0.714033
v 8.874443 4.391692 -0.714033
v 10.117476 4.391692 -0.714033
v 10.117476 4.341227 -0.714033
v 8.874443 4.341227 -0.678570
v 8.874443 4.391692 -0.678570
v 10.117476 4.391692 -0.678570
v 10.117476 4.341227 -0.678570
v 8.874443 5.588308 -0.834578
v 8.874443 5.638774 -0.834578
v 10.117476 5.638774 -0.834578
v 10.117476 5.588308 -0.834578
v 8.874443 5.588308 -0.558025
v 8.874443 5.638774 -0.558025
v 10.117476 5.638774 -0.558025
v 10.117476 5.588308 -0.558025
v 10.105208 3.926050 -0.792169
v 10.105208 5.609381 -0.792169
v 10.137527 5.609381 -0.792169
v 10.137527 3.926050 -0.792169
v 10.105208 3.926050 -0.600434
v 10.105208 5.609381 -0.600434
v 10.137527 5.609381 -0.600434
v 10.137527 3.926050 -0.600434
v 9.479800 3.926050 -0.720090
v 9.479800 5.609381 -0.720090
v 9.512118 5.609381 -0.720090
v 9.512118 3.926050 -0.720090
v 9.479800 3.926050 -0.672513
v 9.479800 5.609381 -0.672513
v 9.512118 5.609381 -0.672513
v 9.512118 3.926050 -0.672513
v 8.874443 3.930924 -0.834578
v 8.874443 3.981389 -0.834578
v 10.117476 3.981389 -0.834578
v 10.117476 3.930924 -0.834578
v 8.874443 3.930924 -0.558025
v 8.874443 3.981389 -0.558025
v 10.117476 3.981389 -0.558025
v 10.117476 3.930924 -0.558025
v 9.815618 3.926050 -0.720090
v 9.815618 5.609381 -0.720090
v 9.847937 5.609381 -0.720090
v 9.847937 3.926050 -0.720090
v 9.815618 3.926050 -0.672513
v 9.815618 5.609381 -0.672513
v 9.847937 5.609381 -0.672513
v 9.847937 3.926050 -0.672513
v 9.136172 3.926050 -0.720090
v 9.136172 5.609381 -0.720090
v 9.168491 5.609381 -0.720090
v 9.168491 3.926050 -0.720090
v 9.136172 3.926050 -0.672513
v 9.136172 5.609381 -0.672513
v 9.168491 5.609381 -0.672513
v 9.168491 3.926050 -0.672513
v 8.874443 4.786064 -0.767799
v 8.874443 4.836529 -0.767799
v 10.117476 4.836529 -0.767799
v 10.117476 4.786064 -0.767799
v 8.874443 4.786064 -0.624804
v 8.874443 4.836529 -0.624804
v 10.117476 4.836529 -0.624804
v 10.117476 4.786064 -0.624804
v 8.877615 3.926050 -0.792169
v 8.877615 5.609381 -0.792169
v 8.909934 5.609381 -0.792169
v 8.909934 3.926050 -0.792169
v 8.877615 3.926050 -0.600434
v 8.877615 5.609381 -0.600434
v 8.909934 5.609381 -0.600434
v 8.909934 3.926050 -0.600434
v 8.890689 3.945138 -0.702420
v 8.890689 5.635379 -0.702420
v 10.116862 5.635379 -0.702420
v 10.116862 3.945138 -0.702420
v 8.890689 3.945138 -0.696536
v 8.890689 5.635379 -0.696536
v 10.116862 5.635379 -0.696536
v 10.116862 3.945138 -0.696536
v -6.682837 6.963519 -0.575806
v -2.898791 10.016808 -3.237332
v 10.462110 10.016808 -3.237332
v 14.246156 6.963519 -0.575806
v -6.682837 6.963519 -5.989263
v -2.898791 10.016808 -3.327737
v 10.462110 10.016808 -3.327737
v 14.246156 6.963519 -5.989263
v 0.878242 6.987370 -0.586887
v 0.878242 8.117290 -0.622002
v 1.983850 8.117290 -0.622002
v 1.983850 6.987370 -0.586887
v 0.878242 6.937970 -2.176478
v 0.878242 8.067891 -2.211592
v 1.983850 8.067891 -2.211592
v 1.983850 6.937970 -2.176478
v 2.037766 8.768329 -2.241538
v 2.037766 8.066989 -2.240636
v 0.824326 8.066989 -2.240636
v 0.824326 8.768329 -2.241538
v 2.037766 8.147237 -0.593861
v 2.037766 8.118194 -0.592958
v 0.824326 8.118194 -0.592958
v 0.824326 8.147237 -0.593861
v 1.431046 8.872259 -0.539106
v 2.037766 8.543932 -3.175865
v 0.824326 8.543932 -3.175865
v 1.431046 8.847981 -2.600078
v 1.079462 7.916168 -0.615751
v 1.079462 7.188493 -0.593137
v 1.782630 7.188493 -0.593137
v 1.782630 7.916168 -0.615751
v 1.079462 7.896544 -1.247192
v 1.079462 7.168869 -1.224578
v 1.782630 7.168869 -1.224578
v 1.782630 7.896544 -1.247192
v 0.955277 7.098228 -0.645482
v 0.955277 8.025704 -0.645482
v 1.859474 8.025704 -0.645482
v 1.859474 7.098228 -0.645482
v 0.955277 7.098228 -0.582882
v 0.955277 8.025704 -0.582882
v 1.859474 8.025704 -0.582882
v 1.859474 7.098228 -0.582882
v -2.395410 6.069418 -5.645365
v -2.395410 6.126595 -5.645365
v -0.924490 6.126595 -5.645365
v -0.924490 6.069418 -5.645365
v -2.395410 6.069418 -5.674133
v -2.395410 6.126595 -5.674133
v -0.924490 6.126595 -5.674133
v -0.924490 6.069418 -5.674133
v -2.395410 5.113511 -5.645365
v -2.395410 5.170688 -5.645365
v -0.924490 5.170688 -5.645365
v -0.924490 5.113511 -5.645365
v -2.395410 5.113511 -5.674133
v -2.395410 5.170688 -5.674133
v -0.924490 5.170688 -5.674133
v -0.924490 5.113511 -5.674133
v -2.395410 6.526436 -5.547576
v -2.395410 6.583612 -5.547576
v -0.924490 6.583612 -5.547576
v -0.924490 6.526436 -5.547576
v -2.395410 6.526436 -5.771921
v -2.395410 6.583612 -5.771921
v -0.924490 6.583612 -5.771921
v -0.924490 6.526436 -5.771921
v -0.939006 4.643123 -5.581980
v -0.939006 6.550310 -5.581980
v -0.900762 6.550310 -5.581980
v -0.900762 4.643123 -5.581980
v -0.939006 4.643123 -5.737518
v -0.939006 6.550310 -5.737518
v -0.900762 6.550310 -5.737518
v -0.900762 4.643123 -5.737518
v -1.679072 4.643123 -5.640451
v -1.679072 6.550310 -5.640451
v -1.640828 6.550310 -5.640451
v -1.640828 4.643123 -5.640451
v -1.679072 4.643123 -5.679046
v -1.679072 6.550310 -5.679046
v -1.640828 6.550310 -5.679046
v -1.640828 4.643123 -5.679046
v -2.395410 4.648644 -5.547576
v -2.395410 4.705822 -5.547576
v -0.924490 4.705822 -5.547576
v -0.924490 4.648644 -5.547576
v -2.395410 4.648644 -5.771921
v -2.395410 4.705822 -5.771921
v -0.924490 4.705822 -5.771921
v -0.924490 4.648644 -5.771921
v -1.281688 4.643123 -5.640451
v -1.281688 6.550310 -5.640451
v -1.243444 6.550310 -5.640451
v -1.243444 4.643123 -5.640451
v -1.281688 4.643123 -5.679046
v -1.281688 6.550310 -5.679046
v -1.243444 6.550310 -5.679046
v -1.243444 4.643123 -5.679046
v -2.085697 4.643123 -5.640451
v -2.085697 6.550310 -5.640451
v -2.047454 6.550310 -5.640451
v -2.047454 4.643123 -5.640451
v -2.085697 4.643123 -5.679046
v -2.085697 6.550310 -5.679046
v -2.047454 6.550310 -5.679046
v -2.047454 4.643123 -5.679046
v -2.395410 5.617505 -5.601748
v -2.395410 5.674682 -5.601748
v -0.924490 5.674682 -5.601748
v -0.924490 5.617505 -5.601748
v -2.395410 5.617505 -5.717749
v -2.395410 5.674682 -5.717749
v -0.924490 5.674682 -5.717749
v -0.924490 5.617505 -5.717749
v -2.391657 4.643123 -5.581980
v -2.391657 6.550310 -5.581980
v -2.353413 6.550310 -5.581980
v -2.353413 4.643123 -5.581980
v -2.391657 4.643123 -5.737518
v -2.391657 6.550310 -5.737518
v -2.353413 6.550310 -5.737518
v -2.353413 4.643123 -5.737518
v -3.780750 4.565082 -5.581980
v -3.780750 6.472269 -5.581980
v -3.741283 6.472269 -5.581980
v -3.741283 4.565082 -5.581980
v -3.780750 4.565082 -5.737518
v -3.780750 6.472269 -5.737518
v -3.741283 6.472269 -5.737518
v -3.741283 4.565082 -5.737518
v -4.544499 4.565082 -5.640451
v -4.544499 6.472269 -5.640451
v -4.505031 6.472269 -5.640451
v -4.505031 4.565082 -5.640451
v -4.544499 4.565082 -5.679046
v -4.544499 6.472269 -5.679046
v -4.505031 6.472269 -5.679046
v -4.505031 4.565082 -5.679046
v -5.283760 4.570603 -5.547576
v -5.283760 4.627780 -5.547576
v -3.765770 4.627780 -5.547576
v -3.765770 4.570603 -5.547576
v -5.283760 4.570603 -5.771921
v -5.283760 4.627780 -5.771921
v -3.765770 4.627780 -5.771921
v -3.765770 4.570603 -5.771921
v -5.283760 6.448395 -5.547576
v -5.283760 6.505571 -5.547576
v -3.765770 6.505571 -5.547576
v -3.765770 6.448395 -5.547576
v -5.283760 6.448395 -5.771921
v -5.283760 6.505571 -5.771921
v -3.765770 6.505571 -5.771921
v -3.765770 6.448395 -5.771921
v -4.134399 4.565082 -5.640451
v -4.134399 6.472269 -5.640451
v -4.094931 6.472269 -5.640451
v -4.094931 4.565082 -5.640451
v -4.134399 4.565082 -5.679046
v -4.134399 6.472269 -5.679046
v -4.094931 6.472269 -5.679046
v -4.094931 4.565082 -5.679046
v -4.964136 4.565082 -5.640451
v -4.964136 6.472269 -5.640451
v -4.924669 6.472269 -5.640451
v -4.924669 4.565082 -5.640451
v -4.964136 4.565082 -5.679046
v -4.964136 6.472269 -5.679046
v -4.924669 6.472269 -5.679046
v -4.924669 4.565082 -5.679046
v -5.283760 5.539464 -5.601748
v -5.283760 5.596641 -5.601748
v -3.765770 5.596641 -5.601748
v -3.765770 5.539464 -5.601748
v -5.283760 5.539464 -5.717749
v -5.283760 5.596641 -5.717749
v -3.765770 5.596641 -5.717749
v -3.765770 5.539464 -5.717749
v -5.283760 5.035470 -5.645365
v -5.283760 5.092647 -5.645365
v -3.765770 5.092647 -5.645365
v -3.765770 5.035470 -5.645365
v -5.283760 5.035470 -5.674133
v -5.283760 5.092647 -5.674133
v -3.765770 5.092647 -5.674133
v -3.765770 5.035470 -5.674133
v -5.279887 4.565082 -5.581980
v -5.279887 6.472269 -5.581980
v -5.240419 6.472269 -5.581980
v -5.240419 4.565082 -5.581980
v -5.279887 4.565082 -5.737518
v -5.279887 6.472269 -5.737518
v -5.240419 6.472269 -5.737518
v -5.240419 4.565082 -5.737518
v -5.283760 5.991377 -5.645365
v -5.283760 6.048554 -5.645365
v -3.765770 6.048554 -5.645365
v -3.765770 5.991377 -5.645365
v -5.283760 5.991377 -5.674133
v -5.283760 6.048554 -5.674133
v -3.765770 6.048554 -5.674133
v -3.765770 5.991377 -5.674133
v -3.780750 0.819954 -5.581980
v -3.780750 2.814871 -5.581980
v -3.741283 2.814871 -5.581980
v -3.741283 0.819954 -5.581980
v -3.780750 0.819954 -5.737518
v -3.780750 2.814871 -5.737518
v -3.741283 2.814871 -5.737518
v -3.741283 0.819954 -5.737518
v -4.544499 0.819954 -5.640451
v -4.544499 2.814871 -5.640451
v -4.505031 2.814871 -5.640451
v -4.505031 0.819954 -5.640451
v -4.544499 0.819954 -5.679046
v -4.544499 2.814871 -5.679046
v -4.505031 2.814871 -5.679046
v -4.505031 0.819954 -5.679046
v -5.283760 0.825729 -5.547576
v -5.283760 0.885536 -5.547576
v -3.765770 0.885536 -5.547576
v -3.765770 0.825729 -5.547576
v -5.283760 0.825729 -5.771921
v -5.283760 0.885536 -5.771921
v -3.765770 0.885536 -5.771921
v -3.765770 0.825729 -5.771921
v -5.283760 2.789899 -5.547576
v -5.283760 2.849706 -5.547576
v -3.765770 2.849706 -5.547576
v -3.765770 2.789899 -5.547576
v -5.283760 2.789899 -5.771921
v -5.283760 2.849706 -5.771921
v -3.765770 2.849706 -5.771921
v -3.765770 2.789899 -5.771921
v -4.134399 0.819954 -5.640451
v -4.134399 2.814871 -5.640451
v -4.094931 2.814871 -5.640451
v -4.094931 0.819954 -5.640451
v -4.134399 0.819954 -5.679046
v -4.134399 2.814871 -5.679046
v -4.094931 2.814871 -5.679046
v -4.094931 0.819954 -5.679046
v -4.964136 0.819954 -5.640451
v -4.964136 2.814871 -5.640451
v -4.924669 2.814871 -5.640451
v -4.924669 0.819954 -5.640451
v -4.964136 0.819954 -5.679046
v -4.964136 2.814871 -5.679046
v -4.924669 2.814871 -5.679046
v -4.924669 0.819954 -5.679046
v -5.283760 1.839157 -5.601748
v -5.283760 1.898964 -5.601748
v -3.765770 1.898964 -5.601748
v -3.765770 1.839157 -5.601748
v -5.283760 1.839157 -5.717749
v -5.283760 1.898964 -5.717749
v -3.765770 1.898964 -5.717749
v -3.765770 1.839157 -5.717749
v -5.283760 1.311980 -5.645365
v -5.283760 1.371786 -5.645365
v -3.765770 1.371786 -5.645365
v -3.765770 1.311980 -5.645365
v -5.283760 1.311980 -5.674133
v -5.283760 1.371786 -5.674133
v -3.765770 1.371786 -5.674133
v -3.765770 1.311980 -5.674133
v -5.279887 0.819954 -5.581980
v -5.279887 2.814871 -5.581980
v -5.240419 2.814871 -5.581980
v -5.240419 0.819954 -5.581980
v -5.279887 0.819954 -5.737518
v -5.279887 2.814871 -5.737518
v -5.240419 2.814871 -5.737518
v -5.240419 0.819954 -5.737518
v -5.283760 2.311858 -5.645365
v -5.283760 2.371665 -5.645365
v -3.765770 2.371665 -5.645365
v -3.765770 2.311858 -5.645365
v -5.283760 2.311858 -5.674133
v -5.283760 2.371665 -5.674133
v -3.765770 2.371665 -5.674133
v -3.765770 2.311858 -5.674133
v -0.911760 0.864449 -5.581980
v -0.911760 2.899265 -5.581980
v -0.872292 2.899265 -5.581980
v -0.872292 0.864449 -5.581980
v -0.911760 0.864449 -5.737518
v -0.911760 2.899265 -5.737518
v -0.872292 2.899265 -5.737518
v -0.872292 0.864449 -5.737518
v -1.675508 0.864449 -5.640451
v -1.675508 2.899265 -5.640451
v -1.636041 2.899265 -5.640451
v -1.636041 0.864449 -5.640451
v -1.675508 0.864449 -5.679046
v -1.675508 2.899265 -5.679046
v -1.636041 2.899265 -5.679046
v -1.636041 0.864449 -5.679046
v -2.414769 0.870340 -5.547576
v -2.414769 0.931343 -5.547576
v -0.896780 0.931343 -5.547576
v -0.896780 0.870340 -5.547576
v -2.414769 0.870340 -5.771921
v -2.414769 0.931343 -5.771921
v -0.896780 0.931343 -5.771921
v -0.896780 0.870340 -5.771921
v -2.414769 2.873793 -5.547576
v -2.414769 2.934796 -5.547576
v -0.896780 2.934796 -5.547576
v -0.896780 2.873793 -5.547576
v -2.414769 2.873793 -5.771921
v -2.414769 2.934796 -5.771921
v -0.896780 2.934796 -5.771921
v -0.896780 2.873793 -5.771921
v -1.265408 0.864449 -5.640451
v -1.265408 2.899265 -5.640451
v -1.225941 2.899265 -5.640451
v -1.225941 0.864449 -5.640451
v -1.265408 0.864449 -5.679046
v -1.265408 2.899265 -5.679046
v -1.225941 2.899265 -5.679046
v -1.225941 0.864449 -5.679046
v -2.095146 0.864449 -5.640451
v -2.095146 2.899265 -5.640451
v -2.055678 2.899265 -5.640451
v -2.055678 0.864449 -5.640451
v -2.095146 0.864449 -5.679046
v -2.095146 2.899265 -5.679046
v -2.055678 2.899265 -5.679046
v -2.055678 0.864449 -5.679046
v -2.414769 1.904036 -5.601748
v -2.414769 1.965039 -5.601748
v -0.896780 1.965039 -5.601748
v -0.896780 1.904036 -5.601748
v -2.414769 1.904036 -5.717749
v -2.414769 1.965039 -5.717749
v -0.896780 1.965039 -5.717749
v -0.896780 1.904036 -5.717749
v -2.414769 1.366315 -5.645365
v -2.414769 1.427318 -5.645365
v -0.896780 1.427318 -5.645365
v -0.896780 1.366315 -5.645365
v -2.414769 1.366315 -5.674133
v -2.414769 1.427318 -5.674133
v -0.896780 1.427318 -5.674133
v -0.896780 1.366315 -5.674133
v -2.410896 0.864449 -5.581980
v -2.410896 2.899265 -5.581980
v -2.371429 2.899265 -5.581980
v -2.371429 0.864449 -5.581980
v -2.410896 0.864449 -5.737518
v -2.410896 2.899265 -5.737518
v -2.371429 2.899265 -5.737518
v -2.371429 0.864449 -5.737518
v -2.414769 2.386192 -5.645365
v -2.414769 2.447195 -5.645365
v -0.896780 2.447195 -5.645365
v -0.896780 2.386192 -5.645365
v -2.414769 2.386192 -5.674133
v -2.414769 2.447195 -5.674133
v -0.896780 2.447195 -5.674133
v -0.896780 2.386192 -5.674133
v 1.829625 4.563525 -5.581980
v 1.829625 6.597362 -5.581980
v 1.865845 6.597362 -5.581980
v 1.865845 4.563525 -5.581980
v 1.829625 4.563525 -5.737518
v 1.829625 6.597362 -5.737518
v 1.865845 6.597362 -5.737518
v 1.865845 4.563525 -5.737518
v 1.128722 4.563525 -5.640451
v 1.128722 6.597362 -5.640451
v 1.164942 6.597362 -5.640451
v 1.164942 4.563525 -5.640451
v 1.128722 4.563525 -5.679046
v 1.128722 6.597362 -5.679046
v 1.164942 6.597362 -5.679046
v 1.164942 4.563525 -5.679046
v 0.450293 4.569413 -5.547576
v 0.450293 4.630386 -5.547576
v 1.843372 4.630386 -5.547576
v 1.843372 4.569413 -5.547576
v 0.450293 4.569413 -5.771921
v 0.450293 4.630386 -5.771921
v 1.843372 4.630386 -5.771921
v 1.843372 4.569413 -5.771921
v 0.450293 6.571902 -5.547576
v 0.450293 6.632875 -5.547576
v 1.843372 6.632875 -5.547576
v 1.843372 6.571902 -5.547576
v 0.450293 6.571902 -5.771921
v 0.450293 6.632875 -5.771921
v 1.843372 6.632875 -5.771921
v 1.843372 6.571902 -5.771921
v 1.505077 4.563525 -5.640451
v 1.505077 6.597362 -5.640451
v 1.541297 6.597362 -5.640451
v 1.541297 4.563525 -5.640451
v 1.505077 4.563525 -5.679046
v 1.505077 6.597362 -5.679046
v 1.541297 6.597362 -5.679046
v 1.541297 4.563525 -5.679046
v 0.743615 4.563525 -5.640451
v 0.743615 6.597362 -5.640451
v 0.779835 6.597362 -5.640451
v 0.779835 4.563525 -5.640451
v 0.743615 4.563525 -5.679046
v 0.743615 6.597362 -5.679046
v 0.779835 6.597362 -5.679046
v 0.779835 4.563525 -5.679046
v 0.450293 5.602612 -5.601748
v 0.450293 5.663586 -5.601748
v 1.843372 5.663586 -5.601748
v 1.843372 5.602612 -5.601748
v 0.450293 5.602612 -5.717749
v 0.450293 5.663586 -5.717749
v 1.843372 5.663586 -5.717749
v 1.843372 5.602612 -5.717749
v 0.450293 5.065149 -5.645365
v 0.450293 5.126123 -5.645365
v 1.843372 5.126123 -5.645365
v 1.843372 5.065149 -5.645365
v 0.450293 5.065149 -5.674133
v 0.450293 5.126123 -5.674133
v 1.843372 5.126123 -5.674133
v 1.843372 5.065149 -5.674133
v 0.453847 4.563525 -5.581980
v 0.453847 6.597362 -5.581980
v 0.490067 6.597362 -5.581980
v 0.490067 4.563525 -5.581980
v 0.453847 4.563525 -5.737518
v 0.453847 6.597362 -5.737518
v 0.490067 6.597362 -5.737518
v 0.490067 4.563525 -5.737518
v 0.450293 6.084535 -5.645365
v 0.450293 6.145509 -5.645365
v 1.843372 6.145509 -5.645365
v 1.843372 6.084535 -5.645365
v 0.450293 6.084535 -5.674133
v 0.450293 6.145509 -5.674133
v 1.843372 6.145509 -5.674133
v 1.843372 6.084535 -5.674133
v -0.859651 4.580025 -0.789226
v -0.859651 6.581321 -0.789226
v -0.825870 6.581321 -0.789226
v -0.825870 4.580025 -0.789226
v -0.859651 4.580025 -0.944764
v -0.859651 6.581321 -0.944764
v -0.825870 6.581321 -0.944764
v -0.825870 4.580025 -0.944764
v -1.513363 4.580025 -0.847697
v -1.513363 6.581321 -0.847697
v -1.479582 6.581321 -0.847697
v -1.479582 4.580025 -0.847697
v -1.513363 4.580025 -0.886292
v -1.513363 6.581321 -0.886292
v -1.479582 6.581321 -0.886292
v -1.479582 4.580025 -0.886292
v -2.146116 4.585819 -0.754823
v -2.146116 4.645817 -0.754823
v -0.846830 4.645817 -0.754823
v -0.846830 4.585819 -0.754823
v -2.146116 4.585819 -0.979167
v -2.146116 4.645817 -0.979167
v -0.846830 4.645817 -0.979167
v -0.846830 4.585819 -0.979167
v -2.146116 6.556269 -0.754823
v -2.146116 6.616267 -0.754823
v -0.846830 6.616267 -0.754823
v -0.846830 6.556269 -0.754823
v -2.146116 6.556269 -0.979167
v -2.146116 6.616267 -0.979167
v -0.846830 6.616267 -0.979167
v -0.846830 6.556269 -0.979167
v -1.162348 4.580025 -0.847697
v -1.162348 6.581321 -0.847697
v -1.128567 6.581321 -0.847697
v -1.128567 4.580025 -0.847697
v -1.162348 4.580025 -0.886292
v -1.162348 6.581321 -0.886292
v -1.128567 6.581321 -0.886292
v -1.128567 4.580025 -0.886292
v -1.872542 4.580025 -0.847697
v -1.872542 6.581321 -0.847697
v -1.838760 6.581321 -0.847697
v -1.838760 4.580025 -0.847697
v -1.872542 4.580025 -0.886292
v -1.872542 6.581321 -0.886292
v -1.838760 6.581321 -0.886292
v -1.838760 4.580025 -0.886292
v -2.146116 5.602487 -0.808995
v -2.146116 5.662485 -0.808995
v -0.846830 5.662485 -0.808995
v -0.846830 5.602487 -0.808995
v -2.146116 5.602487 -0.924995
v -2.146116 5.662485 -0.924995
v -0.846830 5.662485 -0.924995
v -0.846830 5.602487 -0.924995
v -2.146116 5.073624 -0.852611
v -2.146116 5.133623 -0.852611
v -0.846830 5.133623 -0.852611
v -0.846830 5.073624 -0.852611
v -2.146116 5.073624 -0.881379
v -2.146116 5.133623 -0.881379
v -0.846830 5.133623 -0.881379
v -0.846830 5.073624 -0.881379
v -2.142801 4.580025 -0.789226
v -2.142801 6.581321 -0.789226
v -2.109019 6.581321 -0.789226
v -2.109019 4.580025 -0.789226
v -2.142801 4.580025 -0.944764
v -2.142801 6.581321 -0.944764
v -2.109019 6.581321 -0.944764
v -2.109019 4.580025 -0.944764
v -2.146116 6.076700 -0.852611
v -2.146116 6.136698 -0.852611
v -0.846830 6.136698 -0.852611
v -0.846830 6.076700 -0.852611
v -2.146116 6.076700 -0.881379
v -2.146116 6.136698 -0.881379
v -0.846830 6.136698 -0.881379
v -0.846830 6.076700 -0.881379
v -3.645561 4.619462 -0.789226
v -3.645561 6.588737 -0.789226
v -3.611171 6.588737 -0.789226
v -3.611171 4.619462 -0.789226
v -3.645561 4.619462 -0.944764
v -3.645561 6.588737 -0.944764
v -3.611171 6.588737 -0.944764
v -3.611171 4.619462 -0.944764
v -4.311040 4.619462 -0.847697
v -4.311040 6.588737 -0.847697
v -4.276650 6.588737 -0.847697
v -4.276650 4.619462 -0.847697
v -4.311040 4.619462 -0.886292
v -4.311040 6.588737 -0.886292
v -4.276650 6.588737 -0.886292
v -4.276650 4.619462 -0.886292
v -4.955182 4.625164 -0.754823
v -4.955182 4.684202 -0.754823
v -3.632509 4.684202 -0.754823
v -3.632509 4.625164 -0.754823
v -4.955182 4.625164 -0.979167
v -4.955182 4.684202 -0.979167
v -3.632509 4.684202 -0.979167
v -3.632509 4.625164 -0.979167
v -4.955182 6.564086 -0.754823
v -4.955182 6.623124 -0.754823
v -3.632509 6.623124 -0.754823
v -3.632509 6.564086 -0.754823
v -4.955182 6.564086 -0.979167
v -4.955182 6.623124 -0.979167
v -3.632509 6.623124 -0.979167
v -3.632509 6.564086 -0.979167
v -3.953706 4.619462 -0.847697
v -3.953706 6.588737 -0.847697
v -3.919317 6.588737 -0.847697
v -3.919317 4.619462 -0.847697
v -3.953706 4.619462 -0.886292
v -3.953706 6.588737 -0.886292
v -3.919317 6.588737 -0.886292
v -3.919317 4.619462 -0.886292
v -4.676683 4.619462 -0.847697
v -4.676683 6.588737 -0.847697
v -4.642294 6.588737 -0.847697
v -4.642294 4.619462 -0.847697
v -4.676683 4.619462 -0.886292
v -4.676683 6.588737 -0.886292
v -4.642294 6.588737 -0.886292
v -4.642294 4.619462 -0.886292
v -4.955182 5.625565 -0.808995
v -4.955182 5.684603 -0.808995
v -3.632509 5.684603 -0.808995
v -3.632509 5.625565 -0.808995
v -4.955182 5.625565 -0.924995
v -4.955182 5.684603 -0.924995
v -3.632509 5.684603 -0.924995
v -3.632509 5.625565 -0.924995
v -4.955182 5.105164 -0.852611
v -4.955182 5.164202 -0.852611
v -3.632509 5.164202 -0.852611
v -3.632509 5.105164 -0.852611
v -4.955182 5.105164 -0.881379
v -4.955182 5.164202 -0.881379
v -3.632509 5.164202 -0.881379
v -3.632509 5.105164 -0.881379
v -4.951807 4.619462 -0.789226
v -4.951807 6.588737 -0.789226
v -4.917418 6.588737 -0.789226
v -4.917418 4.619462 -0.789226
v -4.951807 4.619462 -0.944764
v -4.951807 6.588737 -0.944764
v -4.917418 6.588737 -0.944764
v -4.917418 4.619462 -0.944764
v -4.955182 6.092190 -0.852611
v -4.955182 6.151228 -0.852611
v -3.632509 6.151228 -0.852611
v -3.632509 6.092190 -0.852611
v -4.955182 6.092190 -0.881379
v -4.955182 6.151228 -0.881379
v -3.632509 6.151228 -0.881379
v -3.632509 6.092190 -0.881379
v -3.645561 0.860653 -0.789226
v -3.645561 2.932331 -0.789226
v -3.611171 2.932331 -0.789226
v -3.611171 0.860653 -0.789226
v -3.645561 0.860653 -0.944764
v -3.645561 2.932331 -0.944764
v -3.611171 2.932331 -0.944764
v -3.611171 0.860653 -0.944764
v -4.311040 0.860653 -0.847697
v -4.311040 2.932331 -0.847697
v -4.276650 2.932331 -0.847697
v -4.276650 0.860653 -0.847697
v -4.311040 0.860653 -0.886292
v -4.311040 2.932331 -0.886292
v -4.276650 2.932331 -0.886292
v -4.276650 0.860653 -0.886292
v -4.955182 0.866651 -0.754823
v -4.955182 0.928759 -0.754823
v -3.632509 0.928759 -0.754823
v -3.632509 0.866651 -0.754823
v -4.955182 0.866651 -0.979167
v -4.955182 0.928759 -0.979167
v -3.632509 0.928759 -0.979167
v -3.632509 0.866651 -0.979167
v -4.955182 2.906397 -0.754823
v -4.955182 2.968505 -0.754823
v -3.632509 2.968505 -0.754823
v -3.632509 2.906397 -0.754823
v -4.955182 2.906397 -0.979167
v -4.955182 2.968505 -0.979167
v -3.632509 2.968505 -0.979167
v -3.632509 2.906397 -0.979167
v -3.953706 0.860653 -0.847697
v -3.953706 2.932331 -0.847697
v -3.919317 2.932331 -0.847697
v -3.919317 0.860653 -0.847697
v -3.953706 0.860653 -0.886292
v -3.953706 2.932331 -0.886292
v -3.919317 2.932331 -0.886292
v -3.919317 0.860653 -0.886292
v -4.676683 0.860653 -0.847697
v -4.676683 2.932331 -0.847697
v -4.642294 2.932331 -0.847697
v -4.642294 0.860653 -0.847697
v -4.676683 0.860653 -0.886292
v -4.676683 2.932331 -0.886292
v -4.642294 2.932331 -0.886292
v -4.642294 0.860653 -0.886292
v -4.955182 1.919073 -0.808995
v -4.955182 1.981181 -0.808995
v -3.632509 1.981181 -0.808995
v -3.632509 1.919073 -0.808995
v -4.955182 1.919073 -0.924995
v -4.955182 1.981181 -0.924995
v -3.632509 1.981181 -0.924995
v -3.632509 1.919073 -0.924995
v -4.955182 1.371611 -0.852611
v -4.955182 1.433719 -0.852611
v -3.632509 1.433719 -0.852611
v -3.632509 1.371611 -0.852611
v -4.955182 1.371611 -0.881379
v -4.955182 1.433719 -0.881379
v -3.632509 1.433719 -0.881379
v -3.632509 1.371611 -0.881379
v -4.951807 0.860653 -0.789226
v -4.951807 2.932331 -0.789226
v -4.917418 2.932331 -0.789226
v -4.917418 0.860653 -0.789226
v -4.951807 0.860653 -0.944764
v -4.951807 2.932331 -0.944764
v -4.917418 2.932331 -0.944764
v -4.917418 0.860653 -0.944764
v -4.955182 2.409963 -0.852611
v -4.955182 2.472071 -0.852611
v -3.632509 2.472071 -0.852611
v -3.632509 2.409963 -0.852611
v -4.955182 2.409963 -0.881379
v -4.955182 2.472071 -0.881379
v -3.632509 2.472071 -0.881379
v -3.632509 2.409963 -0.881379
v 9.051513 6.987370 -5.980754
v 9.051513 8.117290 -5.945640
v 10.157121 8.117290 -5.945640
v 10.157121 6.987370 -5.980754
v 9.051513 6.937970 -4.391163
v 9.051513 8.067891 -4.356049
v 10.157121 8.067891 -4.356049
v 10.157121 6.937970 -4.391163
v 10.211038 8.768329 -4.326103
v 10.211038 8.066989 -4.327006
v 8.997597 8.066989 -4.327006
v 8.997597 8.768329 -4.326103
v 10.211038 8.147237 -5.973781
v 10.211038 8.118194 -5.974683
v 8.997597 8.118194 -5.974683
v 8.997597 8.147237 -5.973781
v 9.604317 8.162457 -6.028535
v 10.211038 8.543932 -3.391777
v 8.997597 8.543932 -3.391777
v 9.604317 8.847981 -3.967563
v 9.252733 7.916168 -5.951890
v 9.252733 7.188493 -5.974504
v 9.955901 7.188493 -5.974504
v 9.955901 7.916168 -5.951890
v 9.252733 7.896544 -5.320449
v 9.252733 7.168869 -5.343063
v 9.955901 7.168869 -5.343063
v 9.955901 7.896544 -5.320449
v 13.101315 7.289398 -2.943230
v 13.101315 10.399045 -2.943230
v 13.841315 10.399045 -2.943230
v 13.841315 7.289398 -2.943230
v 13.101315 7.289398 -3.711230
v 13.101315 10.399045 -3.711230
v 13.841315 10.399045 -3.711230
v 13.841315 7.289398 -3.711230
v 5.201458 2.751079 -0.624410
v 5.201458 2.891012 -0.624410
v 6.966887 2.891012 -0.624410
v 6.966887 2.751079 -0.624410
v 5.201458 2.751079 -0.935962
v 5.201458 2.891012 -0.935962
v 6.966887 2.891012 -0.935962
v 6.966887 2.751079 -0.935962
v -5.150130 0.697911 -0.624410
v -5.150130 0.837844 -0.624410
v -3.384701 0.837844 -0.624410
v -3.384701 0.697911 -0.624410
v -5.150130 0.697911 -0.935962
v -5.150130 0.837844 -0.935962
v -3.384701 0.837844 -0.935962
v -3.384701 0.697911 -0.935962
v -2.293077 0.697911 -0.624410
v -2.293077 0.837844 -0.624410
v -0.527648 0.837844 -0.624410
v -0.527648 0.697911 -0.624410
v -2.293077 0.697911 -0.935962
v -2.293077 0.837844 -0.935962
v -0.527648 0.837844 -0.935962
v -0.527648 0.697911 -0.935962
v -5.150130 2.844691 -0.624410
v -5.150130 2.984624 -0.624410
v -3.384701 2.984624 -0.624410
v -3.384701 2.844691 -0.624410
v -5.150130 2.844691 -0.935962
v -5.150130 2.984624 -0.935962
v -3.384701 2.984624 -0.935962
v -3.384701 2.844691 -0.935962
v -2.293077 2.953143 -0.624410
v -2.293077 3.093076 -0.624410
v -0.527648 3.093076 -0.624410
v -0.527648 2.953143 -0.624410
v -2.293077 2.913377 -0.935962
v -2.293077 3.053311 -0.935962
v -0.527648 3.053311 -0.935962
v -0.527648 2.913377 -0.935962
v 0.516092 2.953143 -0.624410
v 0.516092 3.093076 -0.624410
v 2.281521 3.093076 -0.624410
v 2.281521 2.953143 -0.624410
v 0.516092 2.953143 -0.935962
v 0.516092 3.093076 -0.935962
v 2.281521 3.093076 -0.935962
v 2.281521 2.953143 -0.935962
v -5.150130 4.422864 -0.730321
v -5.150130 4.562797 -0.730321
v -3.384701 4.562797 -0.730321
v -3.384701 4.422864 -0.730321
v -5.150130 4.422864 -1.041873
v -5.150130 4.562797 -1.041873
v -3.384701 4.562797 -1.041873
v -3.384701 4.422864 -1.041873
v -2.293077 4.422864 -0.730321
v -2.293077 4.562797 -0.730321
v -0.527648 4.562797 -0.730321
v -0.527648 4.422864 -0.730321
v -2.293077 4.422864 -1.041873
v -2.293077 4.562797 -1.041873
v -0.527648 4.562797 -1.041873
v -0.527648 4.422864 -1.041873
v 0.516092 4.422864 -0.730321
v 0.516092 4.562797 -0.730321
v 2.281521 4.562797 -0.730321
v 2.281521 4.422864 -0.730321
v 0.516092 4.422864 -1.041873
v 0.516092 4.562797 -1.041873
v 2.281521 4.562797 -1.041873
v 2.281521 4.422864 -1.041873
v -5.150130 6.569643 -0.730321
v -5.150130 6.709577 -0.730321
v -3.384701 6.709577 -0.730321
v -3.384701 6.569643 -0.730321
v -5.150130 6.569643 -1.041873
v -5.150130 6.709577 -1.041873
v -3.384701 6.709577 -1.041873
v -3.384701 6.569643 -1.041873
v -2.293077 6.569643 -0.730321
v -2.293077 6.709577 -0.730321
v -0.527648 6.709577 -0.730321
v -0.527648 6.569643 -0.730321
v -2.293077 6.569643 -1.041873
v -2.293077 6.709577 -1.041873
v -0.527648 6.709577 -1.041873
v -0.527648 6.569643 -1.041873
v 0.516092 6.569643 -0.730321
v 0.516092 6.709577 -0.730321
v 2.281521 6.709577 -0.730321
v 2.281521 6.569643 -0.730321
v 0.516092 6.569643 -1.041873
v 0.516092 6.709577 -1.041873
v 2.281521 6.709577 -1.041873
v 2.281521 6.569643 -1.041873
v 10.871102 5.667613 -0.660891
v 10.871102 5.807546 -0.660891
v 12.636531 5.807546 -0.660891
v 12.636531 5.667613 -0.660891
v 10.871102 5.667613 -0.972443
v 10.871102 5.807546 -0.972443
v 12.636531 5.807546 -0.972443
v 12.636531 5.667613 -0.972443
v 8.646740 5.667613 -0.660891
v 8.646740 5.807546 -0.660891
v 10.412169 5.807546 -0.660891
v 10.412169 5.667613 -0.660891
v 8.646740 5.667613 -0.972443
v 8.646740 5.807546 -0.972443
v 10.412169 5.807546 -0.972443
v 10.412169 5.667613 -0.972443
v 7.601625 3.378349 -0.660891
v 7.601625 3.518282 -0.660891
v 13.333536 3.518282 -0.660891
v 13.333536 3.378349 -0.660891
v 7.601625 3.378349 -0.972443
v 7.601625 3.518282 -0.972443
v 13.333536 3.518282 -0.972443
v 13.333536 3.378349 -0.972443
v -6.068083 3.783574 -0.660891
v -6.068083 3.923507 -0.660891
v 13.428215 3.923507 -0.660891
v 13.428215 3.783574 -0.660891
v -6.068083 3.783574 -0.972443
v -6.068083 3.923507 -0.972443
v 13.428215 3.923507 -0.972443
v 13.428215 3.783574 -0.972443
v -5.373038 0.697911 -5.443695
v -5.373038 0.837844 -5.443695
v -3.607609 0.837844 -5.443695
v -3.607609 0.697911 -5.443695
v -5.373038 0.697911 -5.755247
v -5.373038 0.837844 -5.755247
v -3.607609 0.837844 -5.755247
v -3.607609 0.697911 -5.755247
v -2.515985 0.697911 -5.443695
v -2.515985 0.837844 -5.443695
v -0.750556 0.837844 -5.443695
v -0.750556 0.697911 -5.443695
v -2.515985 0.697911 -5.755247
v -2.515985 0.837844 -5.755247
v -0.750556 0.837844 -5.755247
v -0.750556 0.697911 -5.755247
v 0.293184 0.697911 -5.443695
v 0.293184 0.837844 -5.443695
v 2.058613 0.837844 -5.443695
v 2.058613 0.697911 -5.443695
v 0.293184 0.697911 -5.755247
v 0.293184 0.837844 -5.755247
v 2.058613 0.837844 -5.755247
v 2.058613 0.697911 -5.755247
v -5.373038 2.844691 -5.443695
v -5.373038 2.984624 -5.443695
v -3.607609 2.984624 -5.443695
v -3.607609 2.844691 -5.443695
v -5.373038 2.844691 -5.755247
v -5.373038 2.984624 -5.755247
v -3.607609 2.984624 -5.755247
v -3.607609 2.844691 -5.755247
v -2.515985 2.953143 -5.443695
v -2.515985 3.093076 -5.443695
v -0.750556 3.093076 -5.443695
v -0.750556 2.953143 -5.443695
v -2.515985 2.913377 -5.755247
v -2.515985 3.053311 -5.755247
v -0.750556 3.053311 -5.755247
v -0.750556 2.913377 -5.755247
v 0.293184 2.953143 -5.443695
v 0.293184 3.093076 -5.443695
v 2.058613 3.093076 -5.443695
v 2.058613 2.953143 -5.443695
v 0.293184 2.953143 -5.755247
v 0.293184 3.093076 -5.755247
v 2.058613 3.093076 -5.755247
v 2.058613 2.953143 -5.755247
v -5.373038 4.422864 -5.549606
v -5.373038 4.562797 -5.549606
v -3.607609 4.562797 -5.549606
v -3.607609 4.422864 -5.549606
v -5.373038 4.422864 -5.861158
v -5.373038 4.562797 -5.861158
v -3.607609 4.562797 -5.861158
v -3.607609 4.422864 -5.861158
v -2.515985 4.422864 -5.549606
v -2.515985 4.562797 -5.549606
v -0.750556 4.562797 -5.549606
v -0.750556 4.422864 -5.549606
v -2.515985 4.422864 -5.861158
v -2.515985 4.562797 -5.861158
v -0.750556 4.562797 -5.861158
v -0.750556 4.422864 -5.861158
v 0.293184 4.422864 -5.549606
v 0.293184 4.562797 -5.549606
v 2.058613 4.562797 -5.549606
v 2.058613 4.422864 -5.549606
v 0.293184 4.422864 -5.861158
v 0.293184 4.562797 -5.861158
v 2.058613 4.562797 -5.861158
v 2.058613 4.422864 -5.861158
v -5.373038 6.569643 -5.549606
v -5.373038 6.709577 -5.549606
v -3.607609 6.709577 -5.549606
v -3.607609 6.569643 -5.549606
v -5.373038 6.569643 -5.861158
v -5.373038 6.709577 -5.861158
v -3.607609 6.709577 -5.861158
v -3.607609 6.569643 -5.861158
v -2.515985 6.569643 -5.549606
v -2.515985 6.709577 -5.549606
v -0.750556 6.709577 -5.549606
v -0.750556 6.569643 -5.549606
v -2.515985 6.569643 -5.861158
v -2.515985 6.709577 -5.861158
v -0.750556 6.709577 -5.861158
v -0.750556 6.569643 -5.861158
v 0.293184 6.569643 -5.549606
v 0.293184 6.709577 -5.549606
v 2.058613 6.709577 -5.549606
v 2.058613 6.569643 -5.549606
v 0.293184 6.569643 -5.861158
v 0.293184 6.709577 -5.861158
v 2.058613 6.709577 -5.861158
v 2.058613 6.569643 -5.861158
v 3.931376 5.667613 -5.549606
v 3.931376 5.807546 -5.549606
v 5.696805 5.807546 -5.549606
v 5.696805 5.667613 -5.549606
v 3.931376 5.667613 -5.861158
v 3.931376 5.807546 -5.861158
v 5.696805 5.807546 -5.861158
v 5.696805 5.667613 -5.861158
v 10.871102 5.667613 -5.549606
v 10.871102 5.807546 -5.549606
v 12.636531 5.807546 -5.549606
v 12.636531 5.667613 -5.549606
v 10.871102 5.667613 -5.861158
v 10.871102 5.807546 -5.861158
v 12.636531 5.807546 -5.861158
v 12.636531 5.667613 -5.861158
v 8.646740 5.667613 -5.549606
v 8.646740 5.807546 -5.549606
v 10.412169 5.807546 -5.549606
v 10.412169 5.667613 -5.549606
v 8.646740 5.667613 -5.861158
v 8.646740 5.807546 -5.861158
v 10.412169 5.807546 -5.861158
v 10.412169 5.667613 -5.861158
v 7.601625 3.378349 -5.549606
v 7.601625 3.518282 -5.549606
v 13.333536 3.518282 -5.549606
v 13.333536 3.378349 -5.549606
v 7.601625 3.378349 -5.861158
v 7.601625 3.518282 -5.861158
v 13.333536 3.518282 -5.861158
v 13.333536 3.378349 -5.861158
v -6.068083 3.783574 -5.549606
v -6.068083 3.923507 -5.549606
v 13.428215 3.923507 -5.549606
v 13.428215 3.783574 -5.549606
v -6.068083 3.783574 -5.861158
v -6.068083 3.923507 -5.861158
v 13.428215 3.923507 -5.861158
v 13.428215 3.783574 -5.861158
v 13.019217 10.272014 -2.858025
v 13.019217 10.411947 -2.858025
v 13.923414 10.411947 -2.858025
v 13.923414 10.272014 -2.858025
v 13.019217 10.272014 -3.796435
v 13.019217 10.411947 -3.796435
v 13.923414 10.411947 -3.796435
v 13.923414 10.272014 -3.796435
v 6.992626 7.289398 -2.943230
v 6.992626 10.399045 -2.943230
v 7.732626 10.399045 -2.943230
v 7.732626 7.289398 -2.943230
v 6.992626 7.289398 -3.711230
v 6.992626 10.399045 -3.711230
v 7.732626 10.399045 -3.711230
v 7.732626 7.289398 -3.711230
v 6.910527 10.272014 -2.858025
v 6.910527 10.411947 -2.858025
v 7.814724 10.411947 -2.858025
v 7.814724 10.272014 -2.858025
v 6.910527 10.272014 -3.796435
v 6.910527 10.411947 -3.796435
v 7.814724 10.411947 -3.796435
v 7.814724 10.272014 -3.796435
v -6.026346 7.289398 -2.943230
v -6.026346 10.399045 -2.943230
v -5.286346 10.399045 -2.943230
v -5.286346 7.289398 -2.943230
v -6.026346 7.289398 -3.711230
v -6.026346 10.399045 -3.711230
v -5.286346 10.399045 -3.711230
v -5.286346 7.289398 -3.711230
v -6.108445 10.272014 -2.858025
v -6.108445 10.411947 -2.858025
v -5.204247 10.411947 -2.858025
v -5.204247 10.272014 -2.858025
v -6.108445 10.272014 -3.796435
v -6.108445 10.411947 -3.796435
v -5.204247 10.411947 -3.796435
v -5.204247 10.272014 -3.796435
v 1.829625 0.819153 -5.581980
v 1.829625 2.920224 -5.581980
v 1.865845 2.920224 -5.581980
v 1.865845 0.819153 -5.581980
v 1.829625 0.819153 -5.737518
v 1.829625 2.920224 -5.737518
v 1.865845 2.920224 -5.737518
v 1.865845 0.819153 -5.737518
v 1.128722 0.819153 -5.640451
v 1.128722 2.920224 -5.640451
v 1.164942 2.920224 -5.640451
v 1.164942 0.819153 -5.640451
v 1.128722 0.819153 -5.679046
v 1.128722 2.920224 -5.679046
v 1.164942 2.920224 -5.679046
v 1.164942 0.819153 -5.679046
v 0.450293 0.825236 -5.547576
v 0.450293 0.888225 -5.547576
v 1.843372 0.888225 -5.547576
v 1.843372 0.825236 -5.547576
v 0.450293 0.825236 -5.771921
v 0.450293 0.888225 -5.771921
v 1.843372 0.888225 -5.771921
v 1.843372 0.825236 -5.771921
v 0.450293 2.893923 -5.547576
v 0.450293 2.956912 -5.547576
v 1.843372 2.956912 -5.547576
v 1.843372 2.893923 -5.547576
v 0.450293 2.893923 -5.771921
v 0.450293 2.956912 -5.771921
v 1.843372 2.956912 -5.771921
v 1.843372 2.893923 -5.771921
v 1.505077 0.819153 -5.640451
v 1.505077 2.920224 -5.640451
v 1.541297 2.920224 -5.640451
v 1.541297 0.819153 -5.640451
v 1.505077 0.819153 -5.679046
v 1.505077 2.920224 -5.679046
v 1.541297 2.920224 -5.679046
v 1.541297 0.819153 -5.679046
v 0.743615 0.819153 -5.640451
v 0.743615 2.920224 -5.640451
v 0.779835 2.920224 -5.640451
v 0.779835 0.819153 -5.640451
v 0.743615 0.819153 -5.679046
v 0.743615 2.920224 -5.679046
v 0.779835 2.920224 -5.679046
v 0.779835 0.819153 -5.679046
v 0.450293 1.892590 -5.601748
v 0.450293 1.955579 -5.601748
v 1.843372 1.955579 -5.601748
v 1.843372 1.892590 -5.601748
v 0.450293 1.892590 -5.717749
v 0.450293 1.955579 -5.717749
v 1.843372 1.955579 -5.717749
v 1.843372 1.892590 -5.717749
v 0.450293 1.337360 -5.645365
v 0.450293 1.400350 -5.645365
v 1.843372 1.400350 -5.645365
v 1.843372 1.337360 -5.645365
v 0.450293 1.337360 -5.674133
v 0.450293 1.400350 -5.674133
v 1.843372 1.400350 -5.674133
v 1.843372 1.337360 -5.674133
v 0.453847 0.819153 -5.581980
v 0.453847 2.920224 -5.581980
v 0.490067 2.920224 -5.581980
v 0.490067 0.819153 -5.581980
v 0.453847 0.819153 -5.737518
v 0.453847 2.920224 -5.737518
v 0.490067 2.920224 -5.737518
v 0.490067 0.819153 -5.737518
v 0.450293 2.390445 -5.645365
v 0.450293 2.453434 -5.645365
v 1.843372 2.453434 -5.645365
v 1.843372 2.390445 -5.645365
v 0.450293 2.390445 -5.674133
v 0.450293 2.453434 -5.674133
v 1.843372 2.453434 -5.674133
v 1.843372 2.390445 -5.674133
v 0.656789 0.101339 -0.754758
v 0.656789 2.974896 -0.754758
v 2.210040 2.974896 -0.754758
v 2.210040 0.101339 -0.754758
v 0.656789 0.101339 -0.817358
v 0.656789 2.974896 -0.817358
v 2.210040 2.974896 -0.817358
v 2.210040 0.101339 -0.817358
v 4.203310 6.611395 -5.748946
v 4.203310 6.644904 -5.748946
v 5.385157 6.644904 -5.748946
v 5.385157 6.611395 -5.748946
v 4.203310 6.611395 -5.784409
v 4.203310 6.644904 -5.784409
v 5.385157 6.644904 -5.784409
v 5.385157 6.611395 -5.784409
v 4.203310 6.051174 -5.748946
v 4.203310 6.084683 -5.748946
v 5.385157 6.084683 -5.748946
v 5.385157 6.051174 -5.748946
v 4.203310 6.051174 -5.784409
v 4.203310 6.084683 -5.784409
v 5.385157 6.084683 -5.784409
v 5.385157 6.051174 -5.784409
v 4.203310 6.879236 -5.628402
v 4.203310 6.912745 -5.628402
v 5.385157 6.912745 -5.628402
v 5.385157 6.879236 -5.628402
v 4.203310 6.879236 -5.904954
v 4.203310 6.912745 -5.904954
v 5.385157 6.912745 -5.904954
v 5.385157 6.879236 -5.904954
v 5.373494 5.775496 -5.670811
v 5.373494 6.893228 -5.670811
v 5.404222 6.893228 -5.670811
v 5.404222 5.775496 -5.670811
v 5.373494 5.775496 -5.862545
v 5.373494 6.893228 -5.862545
v 5.404222 6.893228 -5.862545
v 5.404222 5.775496 -5.862545
v 4.778870 5.775496 -5.742889
v 4.778870 6.893228 -5.742889
v 4.809597 6.893228 -5.742889
v 4.809597 5.775496 -5.742889
v 4.778870 5.775496 -5.790466
v 4.778870 6.893228 -5.790466
v 4.809597 6.893228 -5.790466
v 4.809597 5.775496 -5.790466
v 4.203310 5.778733 -5.628402
v 4.203310 5.812242 -5.628402
v 5.385157 5.812242 -5.628402
v 5.385157 5.778733 -5.628402
v 4.203310 5.778733 -5.904954
v 4.203310 5.812242 -5.904954
v 5.385157 5.812242 -5.904954
v 5.385157 5.778733 -5.904954
v 5.098157 5.775496 -5.742889
v 5.098157 6.893228 -5.742889
v 5.128885 6.893228 -5.742889
v 5.128885 5.775496 -5.742889
v 5.098157 5.775496 -5.790466
v 5.098157 6.893228 -5.790466
v 5.128885 6.893228 -5.790466
v 5.128885 5.775496 -5.790466
v 4.452157 5.775496 -5.742889
v 4.452157 6.893228 -5.742889
v 4.482884 6.893228 -5.742889
v 4.482884 5.775496 -5.742889
v 4.452157 5.775496 -5.790466
v 4.452157 6.893228 -5.790466
v 4.482884 6.893228 -5.790466
v 4.482884 5.775496 -5.790466
v 4.203310 6.346546 -5.695180
v 4.203310 6.380055 -5.695180
v 5.385157 6.380055 -5.695180
v 5.385157 6.346546 -5.695180
v 4.203310 6.346546 -5.838175
v 4.203310 6.380055 -5.838175
v 5.385157 6.380055 -5.838175
v 5.385157 6.346546 -5.838175
v 4.206326 5.775496 -5.670811
v 4.206326 6.893228 -5.670811
v 4.237054 6.893228 -5.670811
v 4.237054 5.775496 -5.670811
v 4.206326 5.775496 -5.862545
v 4.206326 6.893228 -5.862545
v 4.237054 6.893228 -5.862545
v 4.237054 5.775496 -5.862545
v -2.153075 2.384301 -0.735541
v -2.153075 2.444636 -0.735541
v -0.759659 2.444636 -0.735541
v -0.759659 2.384301 -0.735541
v -2.153075 2.384301 -0.700078
v -2.153075 2.444636 -0.700078
v -0.759659 2.444636 -0.700078
v -0.759659 2.384301 -0.700078
v -2.153075 1.375599 -0.735541
v -2.153075 1.435934 -0.735541
v -0.759659 1.435934 -0.735541
v -0.759659 1.375599 -0.735541
v -2.153075 1.375599 -0.700078
v -2.153075 1.435934 -0.700078
v -0.759659 1.435934 -0.700078
v -0.759659 1.375599 -0.700078
v -2.153075 2.866561 -0.856086
v -2.153075 2.926895 -0.856086
v -0.759659 2.926895 -0.856086
v -0.759659 2.866561 -0.856086
v -2.153075 2.866561 -0.579533
v -2.153075 2.926895 -0.579533
v -0.759659 2.926895 -0.579533
v -0.759659 2.866561 -0.579533
v -0.773410 0.879231 -0.813677
v -0.773410 2.891754 -0.813677
v -0.737181 2.891754 -0.813677
v -0.737181 0.879231 -0.813677
v -0.773410 0.879231 -0.621942
v -0.773410 2.891754 -0.621942
v -0.737181 2.891754 -0.621942
v -0.737181 0.879231 -0.621942
v -1.474481 0.879231 -0.741598
v -1.474481 2.891754 -0.741598
v -1.438253 2.891754 -0.741598
v -1.438253 0.879231 -0.741598
v -1.474481 0.879231 -0.694021
v -1.474481 2.891754 -0.694021
v -1.438253 2.891754 -0.694021
v -1.438253 0.879231 -0.694021
v -2.153075 0.885058 -0.856086
v -2.153075 0.945392 -0.856086
v -0.759659 0.945392 -0.856086
v -0.759659 0.885058 -0.856086
v -2.153075 0.885058 -0.579533
v -2.153075 0.945392 -0.579533
v -0.759659 0.945392 -0.579533
v -0.759659 0.885058 -0.579533
v -1.098036 0.879231 -0.741598
v -1.098036 2.891754 -0.741598
v -1.061807 2.891754 -0.741598
v -1.061807 0.879231 -0.741598
v -1.098036 0.879231 -0.694021
v -1.098036 2.891754 -0.694021
v -1.061807 2.891754 -0.694021
v -1.061807 0.879231 -0.694021
v -1.859681 0.879231 -0.741598
v -1.859681 2.891754 -0.741598
v -1.823452 2.891754 -0.741598
v -1.823452 0.879231 -0.741598
v -1.859681 0.879231 -0.694021
v -1.859681 2.891754 -0.694021
v -1.823452 2.891754 -0.694021
v -1.823452 0.879231 -0.694021
v -2.153075 1.907429 -0.789307
v -2.153075 1.967764 -0.789307
v -0.759659 1.967764 -0.789307
v -0.759659 1.907429 -0.789307
v -2.153075 1.907429 -0.646312
v -2.153075 1.967764 -0.646312
v -0.759659 1.967764 -0.646312
v -0.759659 1.907429 -0.646312
v -2.149520 0.879231 -0.813677
v -2.149520 2.891754 -0.813677
v -2.113291 2.891754 -0.813677
v -2.113291 0.879231 -0.813677
v -2.149520 0.879231 -0.621942
v -2.149520 2.891754 -0.621942
v -2.113291 2.891754 -0.621942
v -2.113291 0.879231 -0.621942
v 0.597647 6.050775 -0.735541
v 0.597647 6.111109 -0.735541
v 1.991062 6.111109 -0.735541
v 1.991062 6.050775 -0.735541
v 0.597647 6.050775 -0.700078
v 0.597647 6.111109 -0.700078
v 1.991062 6.111109 -0.700078
v 1.991062 6.050775 -0.700078
v 0.597647 5.042072 -0.735541
v 0.597647 5.102407 -0.735541
v 1.991062 5.102407 -0.735541
v 1.991062 5.042072 -0.735541
v 0.597647 5.042072 -0.700078
v 0.597647 5.102407 -0.700078
v 1.991062 5.102407 -0.700078
v 1.991062 5.042072 -0.700078
v 0.597647 6.533033 -0.856086
v 0.597647 6.593368 -0.856086
v 1.991062 6.593368 -0.856086
v 1.991062 6.533033 -0.856086
v 0.597647 6.533033 -0.579533
v 0.597647 6.593368 -0.579533
v 1.991062 6.593368 -0.579533
v 1.991062 6.533033 -0.579533
v 1.977312 4.545704 -0.813677
v 1.977312 6.558227 -0.813677
v 2.013541 6.558227 -0.813677
v 2.013541 4.545704 -0.813677
v 1.977312 4.545704 -0.621942
v 1.977312 6.558227 -0.621942
v 2.013541 6.558227 -0.621942
v 2.013541 4.545704 -0.621942
v 1.276240 4.545704 -0.741598
v 1.276240 6.558227 -0.741598
v 1.312469 6.558227 -0.741598
v 1.312469 4.545704 -0.741598
v 1.276240 4.545704 -0.694021
v 1.276240 6.558227 -0.694021
v 1.312469 6.558227 -0.694021
v 1.312469 4.545704 -0.694021
v 0.597647 4.551530 -0.856086
v 0.597647 4.611865 -0.856086
v 1.991062 4.611865 -0.856086
v 1.991062 4.551530 -0.856086
v 0.597647 4.551530 -0.579533
v 0.597647 4.611865 -0.579533
v 1.991062 4.611865 -0.579533
v 1.991062 4.551530 -0.579533
v 1.652686 4.545704 -0.741598
v 1.652686 6.558227 -0.741598
v 1.688914 6.558227 -0.741598
v 1.688914 4.545704 -0.741598
v 1.652686 4.545704 -0.694021
v 1.652686 6.558227 -0.694021
v 1.688914 6.558227 -0.694021
v 1.688914 4.545704 -0.694021
v 0.891041 4.545704 -0.741598
v 0.891041 6.558227 -0.741598
v 0.927269 6.558227 -0.741598
v 0.927269 4.545704 -0.741598
v 0.891041 4.545704 -0.694021
v 0.891041 6.558227 -0.694021
v 0.927269 6.558227 -0.694021
v 0.927269 4.545704 -0.694021
v 0.597647 5.573902 -0.789307
v 0.597647 5.634236 -0.789307
v 1.991062 5.634236 -0.789307
v 1.991062 5.573902 -0.789307
v 0.597647 5.573902 -0.646312
v 0.597647 5.634236 -0.646312
v 1.991062 5.634236 -0.646312
v 1.991062 5.573902 -0.646312
v 0.601202 4.545704 -0.813677
v 0.601202 6.558227 -0.813677
v 0.637431 6.558227 -0.813677
v 0.637431 4.545704 -0.813677
v 0.601202 4.545704 -0.621942
v 0.601202 6.558227 -0.621942
v 0.637431 6.558227 -0.621942
v 0.637431 4.545704 -0.621942
v 5.458147 5.391597 -0.735541
v 5.458147 5.428840 -0.735541
v 6.688297 5.428840 -0.735541
v 6.688297 5.391597 -0.735541
v 5.458147 5.391597 -0.700078
v 5.458147 5.428840 -0.700078
v 6.688297 5.428840 -0.700078
v 6.688297 5.391597 -0.700078
v 5.458147 4.768941 -0.735541
v 5.458147 4.806184 -0.735541
v 6.688297 4.806184 -0.735541
v 6.688297 4.768941 -0.735541
v 5.458147 4.768941 -0.700078
v 5.458147 4.806184 -0.700078
v 6.688297 4.806184 -0.700078
v 6.688297 4.768941 -0.700078
v 5.458147 5.689288 -0.856086
v 5.458147 5.726531 -0.856086
v 6.688297 5.726531 -0.856086
v 6.688297 5.689288 -0.856086
v 5.458147 5.689288 -0.579533
v 5.458147 5.726531 -0.579533
v 6.688297 5.726531 -0.579533
v 6.688297 5.689288 -0.579533
v 6.676158 4.462541 -0.813677
v 6.676158 5.704839 -0.813677
v 6.708142 5.704839 -0.813677
v 6.708142 4.462541 -0.813677
v 6.676158 4.462541 -0.621942
v 6.676158 5.704839 -0.621942
v 6.708142 5.704839 -0.621942
v 6.708142 4.462541 -0.621942
v 6.057230 4.462541 -0.741598
v 6.057230 5.704839 -0.741598
v 6.089214 5.704839 -0.741598
v 6.089214 4.462541 -0.741598
v 6.057230 4.462541 -0.694021
v 6.057230 5.704839 -0.694021
v 6.089214 5.704839 -0.694021
v 6.089214 4.462541 -0.694021
v 5.458147 4.466137 -0.856086
v 5.458147 4.503381 -0.856086
v 6.688297 4.503381 -0.856086
v 6.688297 4.466137 -0.856086
v 5.458147 4.466137 -0.579533
v 5.458147 4.503381 -0.579533
v 6.688297 4.503381 -0.579533
v 6.688297 4.466137 -0.579533
v 6.389567 4.462541 -0.741598
v 6.389567 5.704839 -0.741598
v 6.421551 5.704839 -0.741598
v 6.421551 4.462541 -0.741598
v 6.389567 4.462541 -0.694021
v 6.389567 5.704839 -0.694021
v 6.421551 5.704839 -0.694021
v 6.421551 4.462541 -0.694021
v 5.717163 4.462541 -0.741598
v 5.717163 5.704839 -0.741598
v 5.749147 5.704839 -0.741598
v 5.749147 4.462541 -0.741598
v 5.717163 4.462541 -0.694021
v 5.717163 5.704839 -0.694021
v 5.749147 5.704839 -0.694021
v 5.749147 4.462541 -0.694021
v 5.458147 5.097231 -0.789307
v 5.458147 5.134474 -0.789307
v 6.688297 5.134474 -0.789307
v 6.688297 5.097231 -0.789307
v 5.458147 5.097231 -0.646312
v 5.458147 5.134474 -0.646312
v 6.688297 5.134474 -0.646312
v 6.688297 5.097231 -0.646312
v 5.461285 4.462541 -0.813677
v 5.461285 5.704839 -0.813677
v 5.493269 5.704839 -0.813677
v 5.493269 4.462541 -0.813677
v 5.461285 4.462541 -0.621942
v 5.461285 5.704839 -0.621942
v 5.493269 5.704839 -0.621942
v 5.493269 4.462541 -0.621942
v 5.267504 2.266998 -0.735541
v 5.267504 2.317463 -0.735541
v 6.877649 2.317463 -0.735541
v 6.877649 2.266998 -0.735541
v 5.267504 2.266998 -0.700078
v 5.267504 2.317463 -0.700078
v 6.877649 2.317463 -0.700078
v 6.877649 2.266998 -0.700078
v 5.267504 1.423290 -0.735541
v 5.267504 1.473756 -0.735541
v 6.877649 1.473756 -0.735541
v 6.877649 1.423290 -0.735541
v 5.267504 1.423290 -0.700078
v 5.267504 1.473756 -0.700078
v 6.877649 1.473756 -0.700078
v 6.877649 1.423290 -0.700078
v 5.267504 2.670373 -0.856086
v 5.267504 2.720838 -0.856086
v 6.877649 2.720838 -0.856086
v 6.877649 2.670373 -0.856086
v 5.267504 2.670373 -0.579533
v 5.267504 2.720838 -0.579533
v 6.877649 2.720838 -0.579533
v 6.877649 2.670373 -0.579533
v 6.861759 1.008114 -0.813677
v 6.861759 2.691445 -0.813677
v 6.903623 2.691445 -0.813677
v 6.903623 1.008114 -0.813677
v 6.861759 1.008114 -0.621942
v 6.861759 2.691445 -0.621942
v 6.903623 2.691445 -0.621942
v 6.903623 1.008114 -0.621942
v 6.051644 1.008114 -0.741598
v 6.051644 2.691445 -0.741598
v 6.093508 2.691445 -0.741598
v 6.093508 1.008114 -0.741598
v 6.051644 1.008114 -0.694021
v 6.051644 2.691445 -0.694021
v 6.093508 2.691445 -0.694021
v 6.093508 1.008114 -0.694021
v 5.267504 1.012988 -0.856086
v 5.267504 1.063453 -0.856086
v 6.877649 1.063453 -0.856086
v 6.877649 1.012988 -0.856086
v 5.267504 1.012988 -0.579533
v 5.267504 1.063453 -0.579533
v 6.877649 1.063453 -0.579533
v 6.877649 1.012988 -0.579533
v 6.486641 1.008114 -0.741598
v 6.486641 2.691445 -0.741598
v 6.528505 2.691445 -0.741598
v 6.528505 1.008114 -0.741598
v 6.486641 1.008114 -0.694021
v 6.486641 2.691445 -0.694021
v 6.528505 2.691445 -0.694021
v 6.528505 1.008114 -0.694021
v 5.606531 1.008114 -0.741598
v 5.606531 2.691445 -0.741598
v 5.648395 2.691445 -0.741598
v 5.648395 1.008114 -0.741598
v 5.606531 1.008114 -0.694021
v 5.606531 2.691445 -0.694021
v 5.648395 2.691445 -0.694021
v 5.648395 1.008114 -0.694021
v 5.267504 1.868128 -0.789307
v 5.267504 1.918593 -0.789307
v 6.877649 1.918593 -0.789307
v 6.877649 1.868128 -0.789307
v 5.267504 1.868128 -0.646312
v 5.267504 1.918593 -0.646312
v 6.877649 1.918593 -0.646312
v 6.877649 1.868128 -0.646312
v 5.271612 1.008114 -0.813677
v 5.271612 2.691445 -0.813677
v 5.313476 2.691445 -0.813677
v 5.313476 1.008114 -0.813677
v 5.271612 1.008114 -0.621942
v 5.271612 2.691445 -0.621942
v 5.313476 2.691445 -0.621942
v 5.313476 1.008114 -0.621942
v 9.128548 7.098228 -5.924109
v 9.128548 8.025704 -5.924109
v 10.032744 8.025704 -5.924109
v 10.032744 7.098228 -5.924109
v 9.128548 7.098228 -5.986708
v 9.128548 8.025704 -5.986708
v 10.032744 8.025704 -5.986708
v 10.032744 7.098228 -5.986708
v 13.832188 7.003590 -5.665120
v 7.562047 7.007090 -5.635019
v 7.344793 2.789787 -5.602706
v 7.489426 7.001050 -4.769208
v 7.489426 7.001050 -5.602706
v 7.345299 2.805717 -0.770241
v 7.489426 7.001050 -1.529164
v 7.489426 7.001050 -0.770222
v 7.420991 2.629497 -0.708267
v 8.623174 7.001050 -0.708267
v 7.569658 7.001050 -0.708267
v 13.828009 2.653537 -0.708267
v 13.825226 7.001050 -0.708267
v 12.731956 7.001050 -0.708267
v 10.647856 7.001050 -0.708267
v 13.905426 2.524927 -0.770229
v 13.905426 2.524927 -1.529164
v 13.905426 7.001050 -1.529164
v 13.905426 7.001050 -0.770222
v 13.905426 2.674635 -4.769208
v 13.905426 7.001050 -4.769208
v 13.905426 2.674635 -5.602706
v 13.905426 7.001050 -5.602706
v 9.061667 1.275722 -0.708267
v 9.169825 2.138282 -0.708267
v 12.665614 0.216222 -5.685143
v 12.548282 1.859933 -5.685143
v 13.823743 2.793445 -5.665956
v 8.737947 0.080622 -5.685143
v 8.741765 -1.964690 -5.703172
v 7.364106 -1.945690 -5.703172
v 7.422395 2.728047 -5.665820
v 9.091614 0.075632 -5.625982
v 9.105280 0.080212 -5.522629
v 9.081036 -1.964690 -5.511161
v 9.081036 -1.964690 -5.652598
v 7.364106 -1.945420 -0.655755
v 8.981499 -1.962340 -0.655755
v 7.283906 -1.944580 -5.641211
v 7.283906 -1.944580 -0.717722
v 14.030827 -1.660510 -5.638541
v 14.035062 -1.934220 -0.719698
v 14.040146 -1.944580 -5.641217
v 12.383223 1.275722 -0.708267
v 12.460535 -1.964180 -0.655755
v 13.959914 -1.945580 -0.655755
v 12.076113 1.245402 -0.832208
v 12.080147 -1.958980 -0.820778
v 12.080147 -1.962180 -0.694297
v 12.086322 1.245452 -0.759907
v 13.959922 -1.945770 -5.703172
v 12.684349 -1.964690 -5.703172
v 8.867503 1.860183 -5.685143
v 9.074748 1.802733 -5.698476
v 8.978603 0.210282 -5.698997
v 9.253963 2.734363 -5.685143
v 9.448849 2.620323 -5.698742
v 9.829093 3.155908 -5.685143
v 9.994432 2.962918 -5.699356
v 10.545113 3.454874 -5.685143
v 10.574344 3.141164 -5.700644
v 10.845119 3.454874 -5.685143
v 10.815369 3.141244 -5.700638
v 11.604689 3.099588 -5.685143
v 11.419842 2.937328 -5.699182
v 12.146456 2.712223 -5.685143
v 11.945354 2.597233 -5.698873
v 12.313504 1.796443 -5.699021
v 12.427645 0.216032 -5.698947
v 8.978989 -1.964690 -5.723264
v 12.443437 -1.964690 -5.723357
v 9.247803 1.252152 -0.690685
v 9.330498 2.080122 -0.691304
v 9.597226 2.593304 -0.692686
v 9.496816 2.696994 -0.708267
v 10.014565 2.906397 -0.690895
v 9.917195 3.061977 -0.708267
v 10.568224 3.286013 -0.708267
v 10.589756 3.082073 -0.689855
v 10.800756 3.081783 -0.689830
v 10.822709 3.286013 -0.708267
v 11.419219 2.885277 -0.691168
v 11.531033 3.019267 -0.708267
v 11.807234 2.556004 -0.692314
v 11.913114 2.662054 -0.708267
v 12.129341 2.082432 -0.692704
v 12.258543 2.138082 -0.708267
v 12.199203 1.256262 -0.690747
v 9.257580 -1.962340 -0.625923
v 12.181832 -1.964180 -0.625849
v 10.675169 7.001050 -5.664661
v 9.189073 1.773103 -5.626249
v 9.204535 1.771523 -5.522648
v 9.557199 2.560393 -5.626621
v 9.572966 2.559832 -5.522648
v 10.083300 2.862958 -5.627327
v 10.098640 2.850078 -5.522648
v 10.593015 2.996854 -5.628325
v 10.601705 2.978804 -5.522648
v 10.796548 2.996824 -5.628325
v 10.787967 2.978804 -5.522648
v 11.322576 2.843028 -5.627463
v 11.312810 2.822538 -5.522648
v 11.840910 2.538373 -5.626398
v 11.830821 2.533713 -5.522648
v 12.201810 1.769813 -5.626032
v 12.190068 1.771323 -5.522648
v 12.313104 0.215892 -5.626119
v 12.297721 0.215812 -5.522629
v 9.359329 1.242482 -0.760068
v 9.368320 1.245402 -0.832208
v 9.451182 2.042382 -0.832177
v 9.440868 2.043272 -0.759696
v 9.698993 2.505354 -0.832177
v 9.688357 2.508094 -0.759213
v 10.099558 2.788947 -0.832177
v 10.089032 2.796887 -0.758377
v 10.616228 2.929463 -0.832177
v 10.609984 2.940753 -0.757051
v 10.774229 2.929463 -0.832177
v 10.780394 2.940733 -0.757051
v 11.330036 2.768067 -0.832177
v 11.336592 2.780927 -0.758277
v 11.713753 2.470494 -0.832177
v 11.720377 2.473244 -0.759424
v 12.014623 2.042232 -0.832177
v 12.022306 2.041142 -0.759913
v 12.339545 -1.964690 -5.652611
v 12.336281 -1.964690 -5.511446
v 9.359241 -1.960360 -0.694297
v 9.359241 -1.957140 -0.823002
v 9.549724 1.237962 -4.849910
v 9.558186 1.240792 -4.700215
v 9.569790 -1.962250 -4.725809
v 9.569790 -1.962250 -4.898136
v 9.417651 2.039162 -4.830896
v 9.635073 1.978882 -4.850078
v 9.326720 1.239402 -4.830896
v 9.688871 2.652672 -4.830896
v 9.883645 2.533042 -4.850456
v 10.092509 2.823767 -4.830896
v 10.247144 2.765234 -4.850976
v 10.595029 2.953703 -4.830896
v 10.624100 2.791401 -4.852042
v 10.805578 2.953703 -4.830896
v 10.771832 2.791381 -4.852042
v 11.338656 2.784287 -4.830896
v 11.145802 2.764714 -4.850982
v 11.718885 2.637132 -4.830896
v 11.509836 2.517612 -4.850468
v 12.000893 2.038982 -4.830896
v 11.764030 1.974922 -4.850096
v 12.083242 1.239402 -4.830896
v 11.844062 1.239202 -4.849923
v 9.337202 -1.962250 -4.869401
v 12.095352 -1.962250 -4.869401
v 11.845328 -1.962250 -4.898136
v 9.644632 1.977912 -4.700308
v 9.893373 2.530182 -4.700494
v 10.256573 2.757314 -4.700754
v 10.629422 2.780351 -4.701287
v 10.766576 2.780341 -4.701287
v 11.139808 2.752135 -4.700760
v 11.503605 2.514732 -4.700500
v 11.756763 1.975862 -4.700314
v 11.834550 1.239152 -4.700221
v 11.845328 -1.962250 -4.725951
v 12.082705 -1.963170 -4.677682
v 12.067932 1.242092 -4.674436
v 9.204535 1.771523 -4.834991
v 9.105280 0.080212 -4.834991
v 9.346056 1.239752 -4.674436
v 9.433450 2.034582 -4.674454
v 9.572966 2.555743 -4.834998
v 9.695816 2.645662 -4.674454
v 10.098640 2.850068 -4.834998
v 10.101867 2.813537 -4.674454
v 10.601705 2.978804 -4.834991
v 10.596052 2.934513 -4.674454
v 10.787967 2.978804 -4.834998
v 10.804583 2.934513 -4.674454
v 11.312810 2.822538 -4.834998
v 11.333904 2.770347 -4.674454
v 11.830821 2.533713 -4.834998
v 11.709357 2.628992 -4.674454
v 12.190068 1.771323 -4.834998
v 11.986320 2.034962 -4.674454
v 12.297721 0.215812 -4.834991
v 9.360877 -1.962970 -4.677397
v 9.085952 -1.966250 -4.830965
v 12.339064 -1.968350 -4.830971
v -6.120834 0.360515 -2.994375
v -6.120834 4.412050 -3.008312
v -6.120834 4.412050 -5.769517
v -6.120834 0.360515 -5.769517
v 7.399803 0.360515 -0.732893
v 7.399803 0.360515 -2.994375
v 7.399803 4.361916 -2.970755
v 7.399803 4.369808 -0.732893
v -3.741986 0.820255 -5.701047
v -3.741986 2.843672 -5.701047
v -2.393463 2.884855 -5.641227
v -2.393463 0.855772 -5.641227
v 7.399803 0.360515 -5.657863
v 7.399803 -1.898899 -2.994375
v 7.399803 -1.898899 -5.533749
v 7.399803 -1.898899 -0.732893
v 5.306445 -0.036867 -0.732893
v -2.896031 -0.412448 -0.866243
v -2.896031 -1.898899 -0.866243
v 5.306445 -1.822580 -0.732893
v -6.120834 0.360515 -0.732893
v -6.120834 -1.898899 -0.732893
v -6.120834 -1.898899 -2.994375
v -6.120834 -1.898899 -5.769517
v 0.248780 0.360515 -5.568617
v 0.248780 -1.898899 -5.568617
v 0.456842 0.801804 -5.638497
v 7.399803 4.369808 -5.645404
v -6.120834 4.412050 -0.732893
v 5.220675 3.036880 -5.769517
v 5.220675 4.412050 -5.769517
v 5.220675 2.595630 -5.769517
v 5.220675 2.216620 -5.769517
v 5.220675 1.832470 -5.769517
v 5.220675 1.415170 -5.769517
v 5.220675 0.962692 -5.769517
v 5.220675 0.360515 -5.769517
v 5.220675 4.412050 -0.732893
v 5.220675 -1.898899 -5.769517
v 0.248780 4.453656 -5.568617
v 1.872992 2.963150 -5.672847
v 0.452402 2.947770 -5.602027
v 1.874852 1.929800 -5.681465
v 1.874442 2.156790 -5.679567
v 0.248780 3.020850 -5.608109
v 1.877802 0.801804 -5.695107
v 1.886062 2.959510 -5.322047
v 0.465472 2.944130 -5.313297
v 1.875262 1.702810 -5.683357
v 1.888312 1.711480 -5.323338
v 1.887502 2.157990 -5.322877
v 0.469912 0.798160 -5.317808
v 1.890872 0.798160 -5.324798
v 0.452712 2.760050 -5.604605
v 0.466092 2.575730 -5.313928
v 0.453032 2.572320 -5.607177
v -5.285569 0.820255 -5.714558
v -0.907580 0.855772 -5.633997
v -5.285569 2.868026 -5.714558
v -0.907580 2.939318 -5.633997
v 0.248780 1.075948 -5.623596
v 0.248780 1.412120 -5.608109
v 0.248780 1.828160 -5.608109
v 0.248780 2.233120 -5.608109
v 0.248780 2.608460 -5.608109
v -5.306833 2.868026 -5.502597
v -5.306833 0.820255 -5.502597
v -3.763249 2.843672 -5.489078
v -3.763249 0.820255 -5.489078
v -2.404873 0.855772 -5.429207
v -0.918991 0.855772 -5.421968
v -2.404873 2.884855 -5.429207
v -0.918991 2.939318 -5.421968
v -3.602092 0.877887 -0.809223
v -4.950510 0.877887 -0.801663
v -2.896031 4.477139 -0.866243
v -3.602092 2.964819 -0.809223
v -4.950510 2.989769 -0.801663
v 2.231250 0.050593 -0.791743
v 0.650535 0.050593 -0.799143
v 2.231250 2.969553 -0.791743
v 0.650535 2.978800 -0.799143
v -3.611314 0.877887 -1.039673
v -4.959732 0.877887 -1.032123
v -3.611314 2.964819 -1.039673
v -4.959732 2.989769 -1.032123
v 2.238333 0.050593 -1.022193
v 0.657643 0.050593 -1.029603
v 2.238333 2.969553 -1.022193
v 0.657643 2.978800 -1.029603
v 1.873352 2.759080 -5.674555
v 1.886802 2.547300 -5.322477
v 1.873722 2.555010 -5.676258
v 1.874082 2.355900 -5.677915
v 1.877282 0.956726 -5.690204
v 1.876762 1.082292 -5.690278
v 1.889822 1.083932 -5.324197
v 1.888952 1.354460 -5.323698
v 1.875562 1.535510 -5.684745
v 1.875862 1.368200 -5.686138
v 1.876312 1.224892 -5.688215
v 0.466802 2.147450 -5.314658
v 0.453732 2.149490 -5.612988
v 0.453382 2.360910 -5.610085
v 0.467502 1.733140 -5.315358
v 0.454422 1.740530 -5.618598
v 0.454082 1.945010 -5.615795
v 0.468162 1.332990 -5.316038
v 0.455092 1.337040 -5.624137
v 0.454752 1.538780 -5.621375
v 0.468972 1.061416 -5.316857
v 0.455892 1.070213 -5.630697
v 0.455492 1.203262 -5.627415
v 0.456372 0.950686 -5.634595
v -6.120834 4.602907 -2.994375
v -6.120834 7.058796 -3.008312
v -6.120834 7.058796 -5.769517
v -6.120834 4.482317 -5.769517
v 7.399803 4.602907 -0.732893
v 7.399803 4.602907 -2.994375
v 7.399803 7.008662 -2.970755
v 7.399803 7.016554 -0.732893
v -3.741986 4.617851 -5.701047
v -3.741986 6.493396 -5.701047
v -2.393463 6.534578 -5.641227
v -2.393463 4.653368 -5.641227
v 7.399803 4.602907 -5.624013
v 7.399803 4.359312 -2.994375
v 7.399803 4.359312 -5.657863
v 7.399803 4.359312 -0.732893
v 5.306445 4.544200 -0.732893
v -2.896031 4.602907 -0.866243
v -2.896031 4.359312 -0.866243
v 5.306445 4.435630 -0.732893
v -6.120834 4.602907 -0.732893
v -6.120834 4.359312 -0.732893
v -6.120834 4.359312 -2.994375
v -6.120834 4.359312 -5.769517
v 0.248780 4.602907 -5.568617
v 0.248780 4.359312 -5.568617
v 0.456842 4.599401 -5.638497
v 7.399803 7.016554 -5.585359
v -6.120834 7.058796 -0.732893
v 5.220675 6.686604 -5.769517
v 5.220675 7.058796 -5.769517
v 5.220675 6.245353 -5.769517
v 5.220675 6.021349 -5.769517
v 5.220675 5.837794 -5.769517
v 5.220675 5.657562 -5.769517
v 5.220675 5.205084 -5.769517
v 5.220675 4.602907 -5.769517
v 5.220675 7.058796 -0.732893
v 5.220675 4.359312 -5.769517
v 0.248780 7.100402 -5.568617
v 1.872992 6.612873 -5.672847
v 0.452402 6.597493 -5.602027
v 1.874852 5.935124 -5.681465
v 1.874442 5.961519 -5.679567
v 0.248780 6.670573 -5.568617
v 1.877802 4.599401 -5.695107
v 1.886062 6.609233 -5.322047
v 0.465472 6.593853 -5.313297
v 1.875262 5.708134 -5.683357
v 1.888312 5.716805 -5.323338
v 1.887502 5.962719 -5.322877
v 0.469912 4.595757 -5.317808
v 1.890872 4.595757 -5.324798
v 0.452712 6.409773 -5.604605
v 0.466092 6.225453 -5.313928
v 0.453032 6.222043 -5.607177
v -5.285569 4.617851 -5.714558
v -0.907580 4.653368 -5.633997
v -5.285569 6.517749 -5.714558
v -0.907580 6.589041 -5.633997
v 0.248780 5.213388 -5.468975
v 0.248780 5.654512 -5.568617
v 0.248780 5.833485 -5.568617
v 0.248780 6.037849 -5.568617
v 0.248780 6.258183 -5.568617
v -5.306833 6.517749 -5.502597
v -5.306833 4.617851 -5.502597
v -3.763249 6.493396 -5.489078
v -3.763249 4.617851 -5.489078
v -2.404873 4.653368 -5.429207
v -0.918991 4.653368 -5.421968
v -2.404873 6.534578 -5.429207
v -0.918991 6.589041 -5.421968
v -3.602092 4.675483 -0.809223
v -4.950510 4.675483 -0.801663
v -2.896031 7.123885 -0.866243
v -3.602092 6.614542 -0.809223
v -4.950510 6.639492 -0.801663
v -0.819001 4.619383 -0.791743
v -2.132494 4.619383 -0.799143
v -0.819001 6.574770 -0.791743
v -2.132494 6.628523 -0.799143
v -3.611314 4.675483 -1.039673
v -4.959732 4.675483 -1.032123
v -3.611314 6.614542 -1.039673
v -4.959732 6.639492 -1.032123
v -0.811918 4.619383 -1.022193
v -2.125386 4.619383 -1.029603
v -0.811918 6.574770 -1.022193
v -2.125386 6.628523 -1.029603
v 1.873352 6.408803 -5.674555
v 1.886802 6.197023 -5.322477
v 1.873722 6.204733 -5.676258
v 1.874082 6.005623 -5.677915
v 1.877282 5.094165 -5.690204
v 1.876762 5.219732 -5.690278
v 1.889822 5.221372 -5.324197
v 1.888952 5.596852 -5.323698
v 1.863532 5.777902 -5.684745
v 1.875862 5.610592 -5.686138
v 1.876312 5.362332 -5.688215
v 0.466802 5.952179 -5.314658
v 0.453732 5.954219 -5.612988
v 0.453382 6.010633 -5.610085
v 0.467502 5.738464 -5.315358
v 0.454422 5.745854 -5.618598
v 0.454082 5.950334 -5.615795
v 0.468162 5.575382 -5.316038
v 0.455092 5.579432 -5.624137
v 0.454752 5.781172 -5.621375
v 0.468972 5.198856 -5.316857
v 0.455892 5.207653 -5.630697
v 0.455492 5.340702 -5.627415
v 0.456372 5.088125 -5.634595
f 3// 4// 1// 2// 
f 5// 6// 3// 2// 
f 7// 8// 6// 5// 
f 9// 10// 8// 7// 
f 11// 12// 10// 9// 
f 15// 14// 13// 16// 
f 20// 16// 13// 17// 
f 17// 13// 14// 18// 
f 18// 14// 15// 19// 
f 19// 15// 16// 20// 
f 20// 17// 18// 19// 
f 26// 22// 21// 25// 
f 24// 21// 22// 23// 
f 27// 23// 22// 26// 
f 28// 24// 23// 27// 
f 25// 21// 24// 28// 
f 27// 26// 25// 28// 
f 34// 30// 29// 33// 
f 32// 29// 30// 31// 
f 35// 31// 30// 34// 
f 36// 32// 31// 35// 
f 33// 29// 32// 36// 
f 35// 34// 33// 36// 
f 42// 38// 37// 41// 
f 40// 37// 38// 39// 
f 43// 39// 38// 42// 
f 44// 40// 39// 43// 
f 41// 37// 40// 44// 
f 43// 42// 41// 44// 
f 50// 46// 45// 49// 
f 48// 45// 46// 47// 
f 51// 47// 46// 50// 
f 52// 48// 47// 51// 
f 49// 45// 48// 52// 
f 51// 50// 49// 52// 
f 55// 54// 53// 56// 
f 60// 56// 53// 57// 
f 57// 53// 54// 58// 
f 58// 54// 55// 59// 
f 59// 55// 56// 60// 
f 60// 57// 58// 59// 
f 63// 62// 61// 64// 
f 68// 64// 61// 65// 
f 65// 61// 62// 66// 
f 66// 62// 63// 67// 
f 67// 63// 64// 68// 
f 68// 65// 66// 67// 
f 71// 70// 69// 72// 
f 76// 72// 69// 73// 
f 73// 69// 70// 74// 
f 74// 70// 71// 75// 
f 75// 71// 72// 76// 
f 76// 73// 74// 75// 
f 79// 78// 77// 80// 
f 84// 80// 77// 81// 
f 81// 77// 78// 82// 
f 82// 78// 79// 83// 
f 83// 79// 80// 84// 
f 84// 81// 82// 83// 
f 87// 86// 85// 88// 
f 92// 88// 85// 89// 
f 89// 85// 86// 90// 
f 90// 86// 87// 91// 
f 91// 87// 88// 92// 
f 92// 89// 90// 91// 
f 95// 94// 93// 96// 
f 100// 96// 93// 97// 
f 97// 93// 94// 98// 
f 98// 94// 95// 99// 
f 99// 95// 96// 100// 
f 100// 97// 98// 99// 
f 103// 102// 101// 104// 
f 108// 104// 101// 105// 
f 105// 101// 102// 106// 
f 106// 102// 103// 107// 
f 107// 103// 104// 108// 
f 108// 105// 106// 107// 
f 111// 110// 109// 112// 
f 116// 112// 109// 113// 
f 113// 109// 110// 114// 
f 114// 110// 111// 115// 
f 115// 111// 112// 116// 
f 116// 113// 114// 115// 
f 119// 118// 117// 120// 
f 124// 120// 117// 121// 
f 121// 117// 118// 122// 
f 122// 118// 119// 123// 
f 123// 119// 120// 124// 
f 124// 121// 122// 123// 
f 127// 126// 125// 128// 
f 132// 128// 125// 129// 
f 129// 125// 126// 130// 
f 130// 126// 127// 131// 
f 131// 127// 128// 132// 
f 132// 129// 130// 131// 
f 135// 134// 133// 136// 
f 140// 136// 133// 137// 
f 137// 133// 134// 138// 
f 138// 134// 135// 139// 
f 139// 135// 136// 140// 
f 140// 137// 138// 139// 
f 143// 142// 141// 144// 
f 148// 144// 141// 145// 
f 145// 141// 142// 146// 
f 146// 142// 143// 147// 
f 147// 143// 144// 148// 
f 148// 145// 146// 147// 
f 151// 150// 149// 152// 
f 156// 152// 149// 153// 
f 153// 149// 150// 154// 
f 154// 150// 151// 155// 
f 155// 151// 152// 156// 
f 156// 153// 154// 155// 
f 159// 158// 157// 160// 
f 164// 160// 157// 161// 
f 161// 157// 158// 162// 
f 162// 158// 159// 163// 
f 163// 159// 160// 164// 
f 164// 161// 162// 163// 
f 167// 166// 165// 168// 
f 172// 168// 165// 169// 
f 169// 165// 166// 170// 
f 170// 166// 167// 171// 
f 171// 167// 168// 172// 
f 172// 169// 170// 171// 
f 175// 174// 173// 176// 
f 180// 176// 173// 177// 
f 177// 173// 174// 178// 
f 178// 174// 175// 179// 
f 179// 175// 176// 180// 
f 180// 177// 178// 179// 
f 183// 182// 181// 184// 
f 188// 184// 181// 185// 
f 185// 181// 182// 186// 
f 186// 182// 183// 187// 
f 187// 183// 184// 188// 
f 188// 185// 186// 187// 
f 191// 190// 189// 192// 
f 196// 192// 189// 193// 
f 193// 189// 190// 194// 
f 194// 190// 191// 195// 
f 195// 191// 192// 196// 
f 196// 193// 194// 195// 
f 199// 198// 197// 200// 
f 204// 200// 197// 201// 
f 201// 197// 198// 202// 
f 202// 198// 199// 203// 
f 203// 199// 200// 204// 
f 204// 201// 202// 203// 
f 207// 206// 205// 208// 
f 212// 208// 205// 209// 
f 209// 205// 206// 210// 
f 210// 206// 207// 211// 
f 211// 207// 208// 212// 
f 212// 209// 210// 211// 
f 215// 214// 213// 216// 
f 220// 216// 213// 217// 
f 217// 213// 214// 218// 
f 218// 214// 215// 219// 
f 219// 215// 216// 220// 
f 220// 217// 218// 219// 
f 223// 222// 221// 224// 
f 228// 224// 221// 225// 
f 225// 221// 222// 226// 
f 226// 222// 223// 227// 
f 227// 223// 224// 228// 
f 228// 225// 226// 227// 
f 234// 230// 229// 233// 
f 232// 229// 230// 231// 
f 235// 231// 230// 234// 
f 236// 232// 231// 235// 
f 233// 229// 232// 236// 
f 235// 234// 233// 236// 
f 242// 238// 237// 241// 
f 240// 237// 238// 239// 
f 243// 239// 238// 242// 
f 244// 240// 239// 243// 
f 241// 237// 240// 244// 
f 243// 242// 241// 244// 
f 250// 246// 245// 249// 
f 248// 245// 246// 247// 
f 251// 247// 246// 250// 
f 252// 248// 247// 251// 
f 249// 245// 248// 252// 
f 251// 250// 249// 252// 
f 258// 254// 253// 257// 
f 256// 253// 254// 255// 
f 259// 255// 254// 258// 
f 260// 256// 255// 259// 
f 257// 253// 256// 260// 
f 259// 258// 257// 260// 
f 266// 262// 261// 265// 
f 264// 261// 262// 263// 
f 267// 263// 262// 266// 
f 268// 264// 263// 267// 
f 265// 261// 264// 268// 
f 267// 266// 265// 268// 
f 274// 270// 269// 273// 
f 272// 269// 270// 271// 
f 275// 271// 270// 274// 
f 276// 272// 271// 275// 
f 273// 269// 272// 276// 
f 275// 274// 273// 276// 
f 282// 278// 277// 281// 
f 280// 277// 278// 279// 
f 283// 279// 278// 282// 
f 284// 280// 279// 283// 
f 281// 277// 280// 284// 
f 283// 282// 281// 284// 
f 290// 286// 285// 289// 
f 288// 285// 286// 287// 
f 291// 287// 286// 290// 
f 292// 288// 287// 291// 
f 289// 285// 288// 292// 
f 291// 290// 289// 292// 
f 298// 294// 293// 297// 
f 296// 293// 294// 295// 
f 299// 295// 294// 298// 
f 300// 296// 295// 299// 
f 297// 293// 296// 300// 
f 299// 298// 297// 300// 
f 306// 302// 301// 305// 
f 304// 301// 302// 303// 
f 307// 303// 302// 306// 
f 308// 304// 303// 307// 
f 305// 301// 304// 308// 
f 307// 306// 305// 308// 
f 314// 310// 309// 313// 
f 312// 309// 310// 311// 
f 315// 311// 310// 314// 
f 316// 312// 311// 315// 
f 313// 309// 312// 316// 
f 315// 314// 313// 316// 
f 322// 318// 317// 321// 
f 320// 317// 318// 319// 
f 323// 319// 318// 322// 
f 324// 320// 319// 323// 
f 321// 317// 320// 324// 
f 323// 322// 321// 324// 
f 330// 326// 325// 329// 
f 328// 325// 326// 327// 
f 331// 327// 326// 330// 
f 332// 328// 327// 331// 
f 329// 325// 328// 332// 
f 331// 330// 329// 332// 
f 338// 334// 333// 337// 
f 336// 333// 334// 335// 
f 339// 335// 334// 338// 
f 340// 336// 335// 339// 
f 337// 333// 336// 340// 
f 339// 338// 337// 340// 
f 346// 342// 341// 345// 
f 344// 341// 342// 343// 
f 347// 343// 342// 346// 
f 348// 344// 343// 347// 
f 345// 341// 344// 348// 
f 347// 346// 345// 348// 
f 354// 350// 349// 353// 
f 352// 349// 350// 351// 
f 355// 351// 350// 354// 
f 356// 352// 351// 355// 
f 353// 349// 352// 356// 
f 355// 354// 353// 356// 
f 362// 358// 357// 361// 
f 360// 357// 358// 359// 
f 363// 359// 358// 362// 
f 364// 360// 359// 363// 
f 361// 357// 360// 364// 
f 363// 362// 361// 364// 
f 370// 366// 365// 369// 
f 368// 365// 366// 367// 
f 371// 367// 366// 370// 
f 372// 368// 367// 371// 
f 369// 365// 368// 372// 
f 371// 370// 369// 372// 
f 378// 374// 373// 377// 
f 376// 373// 374// 375// 
f 379// 375// 374// 378// 
f 380// 376// 375// 379// 
f 377// 373// 376// 380// 
f 379// 378// 377// 380// 
f 386// 382// 381// 385// 
f 384// 381// 382// 383// 
f 387// 383// 382// 386// 
f 388// 384// 383// 387// 
f 385// 381// 384// 388// 
f 387// 386// 385// 388// 
f 394// 390// 389// 393// 
f 392// 389// 390// 391// 
f 395// 391// 390// 394// 
f 396// 392// 391// 395// 
f 393// 389// 392// 396// 
f 395// 394// 393// 396// 
f 402// 398// 397// 401// 
f 400// 397// 398// 399// 
f 403// 399// 398// 402// 
f 404// 400// 399// 403// 
f 401// 397// 400// 404// 
f 403// 402// 401// 404// 
f 407// 406// 405// 408// 
f 412// 408// 405// 409// 
f 409// 405// 406// 410// 
f 410// 406// 407// 411// 
f 411// 407// 408// 412// 
f 412// 409// 410// 411// 
f 417// 420// 416// 413// 
f 413// 416// 434// 414// 
f 414// 418// 417// 413// 
f 422// 426// 414// 423// 
f 426// 419// 418// 414// 
f 433// 436// 414// 434// 
f 414// 436// 415// 
f 415// 423// 414// 
f 415// 427// 423// 
f 415// 436// 416// 
f 416// 420// 419// 415// 
f 416// 436// 435// 434// 
f 419// 420// 417// 418// 
f 419// 427// 415// 
f 421// 425// 426// 422// 
f 421// 429// 425// 
f 421// 424// 431// 430// 
f 421// 432// 429// 
f 423// 424// 421// 422// 
f 423// 428// 424// 
f 424// 432// 431// 
f 428// 427// 426// 425// 
f 425// 429// 428// 
f 426// 427// 419// 
f 427// 428// 423// 
f 428// 429// 424// 
f 429// 432// 424// 
f 430// 432// 421// 
f 431// 432// 430// 
f 437// 440// 436// 433// 
f 434// 438// 437// 433// 
f 434// 435// 439// 438// 
f 436// 440// 439// 435// 
f 439// 440// 437// 438// 
f 446// 442// 441// 445// 
f 444// 441// 442// 443// 
f 447// 443// 442// 446// 
f 448// 444// 443// 447// 
f 445// 441// 444// 448// 
f 447// 446// 445// 448// 
f 451// 450// 449// 452// 
f 456// 452// 449// 453// 
f 453// 449// 450// 454// 
f 454// 450// 451// 455// 
f 455// 451// 452// 456// 
f 456// 453// 454// 455// 
f 459// 458// 457// 460// 
f 464// 460// 457// 461// 
f 461// 457// 458// 462// 
f 462// 458// 459// 463// 
f 463// 459// 460// 464// 
f 464// 461// 462// 463// 
f 467// 466// 465// 468// 
f 472// 468// 465// 469// 
f 469// 465// 466// 470// 
f 470// 466// 467// 471// 
f 471// 467// 468// 472// 
f 472// 469// 470// 471// 
f 475// 474// 473// 476// 
f 480// 476// 473// 477// 
f 477// 473// 474// 478// 
f 478// 474// 475// 479// 
f 479// 475// 476// 480// 
f 480// 477// 478// 479// 
f 483// 482// 481// 484// 
f 488// 484// 481// 485// 
f 485// 481// 482// 486// 
f 486// 482// 483// 487// 
f 487// 483// 484// 488// 
f 488// 485// 486// 487// 
f 491// 490// 489// 492// 
f 496// 492// 489// 493// 
f 493// 489// 490// 494// 
f 494// 490// 491// 495// 
f 495// 491// 492// 496// 
f 496// 493// 494// 495// 
f 499// 498// 497// 500// 
f 504// 500// 497// 501// 
f 501// 497// 498// 502// 
f 502// 498// 499// 503// 
f 503// 499// 500// 504// 
f 504// 501// 502// 503// 
f 507// 506// 505// 508// 
f 512// 508// 505// 509// 
f 509// 505// 506// 510// 
f 510// 506// 507// 511// 
f 511// 507// 508// 512// 
f 512// 509// 510// 511// 
f 515// 514// 513// 516// 
f 520// 516// 513// 517// 
f 517// 513// 514// 518// 
f 518// 514// 515// 519// 
f 519// 515// 516// 520// 
f 520// 517// 518// 519// 
f 523// 522// 521// 524// 
f 528// 524// 521// 525// 
f 525// 521// 522// 526// 
f 526// 522// 523// 527// 
f 527// 523// 524// 528// 
f 528// 525// 526// 527// 
f 531// 530// 529// 532// 
f 536// 532// 529// 533// 
f 533// 529// 530// 534// 
f 534// 530// 531// 535// 
f 535// 531// 532// 536// 
f 536// 533// 534// 535// 
f 539// 538// 537// 540// 
f 544// 540// 537// 541// 
f 541// 537// 538// 542// 
f 542// 538// 539// 543// 
f 543// 539// 540// 544// 
f 544// 541// 542// 543// 
f 547// 546// 545// 548// 
f 552// 548// 545// 549// 
f 549// 545// 546// 550// 
f 550// 546// 547// 551// 
f 551// 547// 548// 552// 
f 552// 549// 550// 551// 
f 555// 554// 553// 556// 
f 560// 556// 553// 557// 
f 557// 553// 554// 558// 
f 558// 554// 555// 559// 
f 559// 555// 556// 560// 
f 560// 557// 558// 559// 
f 563// 562// 561// 564// 
f 568// 564// 561// 565// 
f 565// 561// 562// 566// 
f 566// 562// 563// 567// 
f 567// 563// 564// 568// 
f 568// 565// 566// 567// 
f 571// 570// 569// 572// 
f 576// 572// 569// 573// 
f 573// 569// 570// 574// 
f 574// 570// 571// 575// 
f 575// 571// 572// 576// 
f 576// 573// 574// 575// 
f 579// 578// 577// 580// 
f 584// 580// 577// 581// 
f 581// 577// 578// 582// 
f 582// 578// 579// 583// 
f 583// 579// 580// 584// 
f 584// 581// 582// 583// 
f 587// 586// 585// 588// 
f 592// 588// 585// 589// 
f 589// 585// 586// 590// 
f 590// 586// 587// 591// 
f 591// 587// 588// 592// 
f 592// 589// 590// 591// 
f 595// 594// 593// 596// 
f 600// 596// 593// 597// 
f 597// 593// 594// 598// 
f 598// 594// 595// 599// 
f 599// 595// 596// 600// 
f 600// 597// 598// 599// 
f 603// 602// 601// 604// 
f 608// 604// 601// 605// 
f 605// 601// 602// 606// 
f 606// 602// 603// 607// 
f 607// 603// 604// 608// 
f 608// 605// 606// 607// 
f 611// 610// 609// 612// 
f 616// 612// 609// 613// 
f 613// 609// 610// 614// 
f 614// 610// 611// 615// 
f 615// 611// 612// 616// 
f 616// 613// 614// 615// 
f 619// 618// 617// 620// 
f 624// 620// 617// 621// 
f 621// 617// 618// 622// 
f 622// 618// 619// 623// 
f 623// 619// 620// 624// 
f 624// 621// 622// 623// 
f 627// 626// 625// 628// 
f 632// 628// 625// 629// 
f 629// 625// 626// 630// 
f 630// 626// 627// 631// 
f 631// 627// 628// 632// 
f 632// 629// 630// 631// 
f 635// 634// 633// 636// 
f 640// 636// 633// 637// 
f 637// 633// 634// 638// 
f 638// 634// 635// 639// 
f 639// 635// 636// 640// 
f 640// 637// 638// 639// 
f 643// 642// 641// 644// 
f 648// 644// 641// 645// 
f 645// 641// 642// 646// 
f 646// 642// 643// 647// 
f 647// 643// 644// 648// 
f 648// 645// 646// 647// 
f 651// 650// 649// 652// 
f 656// 652// 649// 653// 
f 653// 649// 650// 654// 
f 654// 650// 651// 655// 
f 655// 651// 652// 656// 
f 656// 653// 654// 655// 
f 659// 658// 657// 660// 
f 664// 660// 657// 661// 
f 661// 657// 658// 662// 
f 662// 658// 659// 663// 
f 663// 659// 660// 664// 
f 664// 661// 662// 663// 
f 667// 666// 665// 668// 
f 672// 668// 665// 669// 
f 669// 665// 666// 670// 
f 670// 666// 667// 671// 
f 671// 667// 668// 672// 
f 672// 669// 670// 671// 
f 675// 674// 673// 676// 
f 680// 676// 673// 677// 
f 677// 673// 674// 678// 
f 678// 674// 675// 679// 
f 679// 675// 676// 680// 
f 680// 677// 678// 679// 
f 683// 682// 681// 684// 
f 688// 684// 681// 685// 
f 685// 681// 682// 686// 
f 686// 682// 683// 687// 
f 687// 683// 684// 688// 
f 688// 685// 686// 687// 
f 691// 690// 689// 692// 
f 696// 692// 689// 693// 
f 693// 689// 690// 694// 
f 694// 690// 691// 695// 
f 695// 691// 692// 696// 
f 696// 693// 694// 695// 
f 699// 698// 697// 700// 
f 704// 700// 697// 701// 
f 701// 697// 698// 702// 
f 702// 698// 699// 703// 
f 703// 699// 700// 704// 
f 704// 701// 702// 703// 
f 707// 706// 705// 708// 
f 712// 708// 705// 709// 
f 709// 705// 706// 710// 
f 710// 706// 707// 711// 
f 711// 707// 708// 712// 
f 712// 709// 710// 711// 
f 715// 714// 713// 716// 
f 720// 716// 713// 717// 
f 717// 713// 714// 718// 
f 718// 714// 715// 719// 
f 719// 715// 716// 720// 
f 720// 717// 718// 719// 
f 723// 722// 721// 724// 
f 728// 724// 721// 725// 
f 725// 721// 722// 726// 
f 726// 722// 723// 727// 
f 727// 723// 724// 728// 
f 728// 725// 726// 727// 
f 731// 730// 729// 732// 
f 736// 732// 729// 733// 
f 733// 729// 730// 734// 
f 734// 730// 731// 735// 
f 735// 731// 732// 736// 
f 736// 733// 734// 735// 
f 739// 738// 737// 740// 
f 744// 740// 737// 741// 
f 741// 737// 738// 742// 
f 742// 738// 739// 743// 
f 743// 739// 740// 744// 
f 744// 741// 742// 743// 
f 747// 746// 745// 748// 
f 752// 748// 745// 749// 
f 749// 745// 746// 750// 
f 750// 746// 747// 751// 
f 751// 747// 748// 752// 
f 752// 749// 750// 751// 
f 755// 754// 753// 756// 
f 760// 756// 753// 757// 
f 757// 753// 754// 758// 
f 758// 754// 755// 759// 
f 759// 755// 756// 760// 
f 760// 757// 758// 759// 
f 763// 762// 761// 764// 
f 768// 764// 761// 765// 
f 765// 761// 762// 766// 
f 766// 762// 763// 767// 
f 767// 763// 764// 768// 
f 768// 765// 766// 767// 
f 771// 770// 769// 772// 
f 776// 772// 769// 773// 
f 773// 769// 770// 774// 
f 774// 770// 771// 775// 
f 775// 771// 772// 776// 
f 776// 773// 774// 775// 
f 779// 778// 777// 780// 
f 784// 780// 777// 781// 
f 781// 777// 778// 782// 
f 782// 778// 779// 783// 
f 783// 779// 780// 784// 
f 784// 781// 782// 783// 
f 787// 786// 785// 788// 
f 792// 788// 785// 789// 
f 789// 785// 786// 790// 
f 790// 786// 787// 791// 
f 791// 787// 788// 792// 
f 792// 789// 790// 791// 
f 795// 794// 793// 796// 
f 800// 796// 793// 797// 
f 797// 793// 794// 798// 
f 798// 794// 795// 799// 
f 799// 795// 796// 800// 
f 800// 797// 798// 799// 
f 803// 802// 801// 804// 
f 808// 804// 801// 805// 
f 805// 801// 802// 806// 
f 806// 802// 803// 807// 
f 807// 803// 804// 808// 
f 808// 805// 806// 807// 
f 811// 810// 809// 812// 
f 816// 812// 809// 813// 
f 813// 809// 810// 814// 
f 814// 810// 811// 815// 
f 815// 811// 812// 816// 
f 816// 813// 814// 815// 
f 819// 818// 817// 820// 
f 824// 820// 817// 821// 
f 821// 817// 818// 822// 
f 822// 818// 819// 823// 
f 823// 819// 820// 824// 
f 824// 821// 822// 823// 
f 827// 826// 825// 828// 
f 832// 828// 825// 829// 
f 829// 825// 826// 830// 
f 830// 826// 827// 831// 
f 831// 827// 828// 832// 
f 832// 829// 830// 831// 
f 835// 834// 833// 836// 
f 840// 836// 833// 837// 
f 837// 833// 834// 838// 
f 838// 834// 835// 839// 
f 839// 835// 836// 840// 
f 840// 837// 838// 839// 
f 843// 842// 841// 844// 
f 848// 844// 841// 845// 
f 845// 841// 842// 846// 
f 846// 842// 843// 847// 
f 847// 843// 844// 848// 
f 848// 845// 846// 847// 
f 851// 850// 849// 852// 
f 856// 852// 849// 853// 
f 853// 849// 850// 854// 
f 854// 850// 851// 855// 
f 855// 851// 852// 856// 
f 856// 853// 854// 855// 
f 859// 858// 857// 860// 
f 864// 860// 857// 861// 
f 861// 857// 858// 862// 
f 862// 858// 859// 863// 
f 863// 859// 860// 864// 
f 864// 861// 862// 863// 
f 867// 866// 865// 868// 
f 872// 868// 865// 869// 
f 869// 865// 866// 870// 
f 870// 866// 867// 871// 
f 871// 867// 868// 872// 
f 872// 869// 870// 871// 
f 875// 874// 873// 876// 
f 880// 876// 873// 877// 
f 877// 873// 874// 878// 
f 878// 874// 875// 879// 
f 879// 875// 876// 880// 
f 880// 877// 878// 879// 
f 883// 882// 881// 884// 
f 888// 884// 881// 885// 
f 885// 881// 882// 886// 
f 886// 882// 883// 887// 
f 887// 883// 884// 888// 
f 888// 885// 886// 887// 
f 891// 890// 889// 892// 
f 896// 892// 889// 893// 
f 893// 889// 890// 894// 
f 894// 890// 891// 895// 
f 895// 891// 892// 896// 
f 896// 893// 894// 895// 
f 899// 898// 897// 900// 
f 904// 900// 897// 901// 
f 901// 897// 898// 902// 
f 902// 898// 899// 903// 
f 903// 899// 900// 904// 
f 904// 901// 902// 903// 
f 907// 906// 905// 908// 
f 912// 908// 905// 909// 
f 909// 905// 906// 910// 
f 910// 906// 907// 911// 
f 911// 907// 908// 912// 
f 912// 909// 910// 911// 
f 915// 914// 913// 916// 
f 920// 916// 913// 917// 
f 917// 913// 914// 918// 
f 918// 914// 915// 919// 
f 919// 915// 916// 920// 
f 920// 917// 918// 919// 
f 923// 922// 921// 924// 
f 928// 924// 921// 925// 
f 925// 921// 922// 926// 
f 926// 922// 923// 927// 
f 927// 923// 924// 928// 
f 928// 925// 926// 927// 
f 931// 930// 929// 932// 
f 936// 932// 929// 933// 
f 933// 929// 930// 934// 
f 934// 930// 931// 935// 
f 935// 931// 932// 936// 
f 936// 933// 934// 935// 
f 939// 938// 937// 940// 
f 944// 940// 937// 941// 
f 941// 937// 938// 942// 
f 942// 938// 939// 943// 
f 943// 939// 940// 944// 
f 944// 941// 942// 943// 
f 947// 946// 945// 948// 
f 952// 948// 945// 949// 
f 949// 945// 946// 950// 
f 950// 946// 947// 951// 
f 951// 947// 948// 952// 
f 952// 949// 950// 951// 
f 955// 954// 953// 956// 
f 960// 956// 953// 957// 
f 957// 953// 954// 958// 
f 958// 954// 955// 959// 
f 959// 955// 956// 960// 
f 960// 957// 958// 959// 
f 963// 962// 961// 964// 
f 968// 964// 961// 965// 
f 965// 961// 962// 966// 
f 966// 962// 963// 967// 
f 967// 963// 964// 968// 
f 968// 965// 966// 967// 
f 971// 970// 969// 972// 
f 976// 972// 969// 973// 
f 973// 969// 970// 974// 
f 974// 970// 971// 975// 
f 975// 971// 972// 976// 
f 976// 973// 974// 975// 
f 979// 978// 977// 980// 
f 984// 980// 977// 981// 
f 981// 977// 978// 982// 
f 982// 978// 979// 983// 
f 983// 979// 980// 984// 
f 984// 981// 982// 983// 
f 987// 986// 985// 988// 
f 992// 988// 985// 989// 
f 989// 985// 986// 990// 
f 990// 986// 987// 991// 
f 991// 987// 988// 992// 
f 992// 989// 990// 991// 
f 995// 994// 993// 996// 
f 1000// 996// 993// 997// 
f 997// 993// 994// 998// 
f 998// 994// 995// 999// 
f 999// 995// 996// 1000// 
f 1000// 997// 998// 999// 
f 1003// 1002// 1001// 1004// 
f 1008// 1004// 1001// 1005// 
f 1005// 1001// 1002// 1006// 
f 1006// 1002// 1003// 1007// 
f 1007// 1003// 1004// 1008// 
f 1008// 1005// 1006// 1007// 
f 1011// 1010// 1009// 1012// 
f 1016// 1012// 1009// 1013// 
f 1013// 1009// 1010// 1014// 
f 1014// 1010// 1011// 1015// 
f 1015// 1011// 1012// 1016// 
f 1016// 1013// 1014// 1015// 
f 1019// 1018// 1017// 1020// 
f 1024// 1020// 1017// 1021// 
f 1021// 1017// 1018// 1022// 
f 1022// 1018// 1019// 1023// 
f 1023// 1019// 1020// 1024// 
f 1024// 1021// 1022// 1023// 
f 1027// 1026// 1025// 1028// 
f 1032// 1028// 1025// 1029// 
f 1029// 1025// 1026// 1030// 
f 1030// 1026// 1027// 1031// 
f 1031// 1027// 1028// 1032// 
f 1032// 1029// 1030// 1031// 
f 1035// 1034// 1033// 1036// 
f 1040// 1036// 1033// 1037// 
f 1037// 1033// 1034// 1038// 
f 1038// 1034// 1035// 1039// 
f 1039// 1035// 1036// 1040// 
f 1040// 1037// 1038// 1039// 
f 1043// 1042// 1041// 1044// 
f 1048// 1044// 1041// 1045// 
f 1045// 1041// 1042// 1046// 
f 1046// 1042// 1043// 1047// 
f 1047// 1043// 1044// 1048// 
f 1048// 1045// 1046// 1047// 
f 1051// 1050// 1049// 1052// 
f 1056// 1052// 1049// 1053// 
f 1053// 1049// 1050// 1054// 
f 1054// 1050// 1051// 1055// 
f 1055// 1051// 1052// 1056// 
f 1056// 1053// 1054// 1055// 
f 1059// 1058// 1057// 1060// 
f 1064// 1060// 1057// 1061// 
f 1061// 1057// 1058// 1062// 
f 1062// 1058// 1059// 1063// 
f 1063// 1059// 1060// 1064// 
f 1064// 1061// 1062// 1063// 
f 1067// 1066// 1065// 1068// 
f 1072// 1068// 1065// 1069// 
f 1069// 1065// 1066// 1070// 
f 1070// 1066// 1067// 1071// 
f 1071// 1067// 1068// 1072// 
f 1072// 1069// 1070// 1071// 
f 1075// 1074// 1073// 1076// 
f 1080// 1076// 1073// 1077// 
f 1077// 1073// 1074// 1078// 
f 1078// 1074// 1075// 1079// 
f 1079// 1075// 1076// 1080// 
f 1080// 1077// 1078// 1079// 
f 1083// 1082// 1081// 1084// 
f 1088// 1084// 1081// 1085// 
f 1085// 1081// 1082// 1086// 
f 1086// 1082// 1083// 1087// 
f 1087// 1083// 1084// 1088// 
f 1088// 1085// 1086// 1087// 
f 1093// 1094// 1090// 1089// 
f 1089// 1090// 1110// 1092// 
f 1090// 1099// 1091// 
f 1098// 1099// 1090// 1102// 
f 1109// 1110// 1090// 1112// 
f 1095// 1096// 1092// 1091// 
f 1091// 1103// 1095// 
f 1091// 1112// 1090// 
f 1092// 1096// 1093// 1089// 
f 1092// 1112// 1091// 
f 1093// 1096// 1095// 1094// 
f 1094// 1095// 1102// 1090// 
f 1095// 1103// 1102// 
f 1097// 1100// 1099// 1098// 
f 1097// 1098// 1102// 1101// 
f 1097// 1106// 1107// 1100// 
f 1097// 1108// 1106// 
f 1099// 1103// 1091// 
f 1099// 1100// 1104// 1103// 
f 1100// 1108// 1105// 1104// 
f 1105// 1108// 1097// 1101// 
f 1102// 1103// 1104// 1101// 
f 1104// 1105// 1101// 
f 1106// 1108// 1107// 
f 1107// 1108// 1100// 
f 1113// 1114// 1110// 1109// 
f 1111// 1112// 1092// 1110// 
f 1110// 1114// 1115// 1111// 
f 1115// 1116// 1112// 1111// 
f 1112// 1116// 1113// 1109// 
f 1113// 1116// 1115// 1114// 
f 1119// 1118// 1117// 1120// 
f 1124// 1120// 1117// 1121// 
f 1121// 1117// 1118// 1122// 
f 1122// 1118// 1119// 1123// 
f 1123// 1119// 1120// 1124// 
f 1124// 1121// 1122// 1123// 
f 1127// 1126// 1125// 1128// 
f 1132// 1128// 1125// 1129// 
f 1129// 1125// 1126// 1130// 
f 1130// 1126// 1127// 1131// 
f 1131// 1127// 1128// 1132// 
f 1132// 1129// 1130// 1131// 
f 1135// 1134// 1133// 1136// 
f 1140// 1136// 1133// 1137// 
f 1137// 1133// 1134// 1138// 
f 1138// 1134// 1135// 1139// 
f 1139// 1135// 1136// 1140// 
f 1140// 1137// 1138// 1139// 
f 1143// 1142// 1141// 1144// 
f 1148// 1144// 1141// 1145// 
f 1145// 1141// 1142// 1146// 
f 1146// 1142// 1143// 1147// 
f 1147// 1143// 1144// 1148// 
f 1148// 1145// 1146// 1147// 
f 1151// 1150// 1149// 1152// 
f 1156// 1152// 1149// 1153// 
f 1153// 1149// 1150// 1154// 
f 1154// 1150// 1151// 1155// 
f 1155// 1151// 1152// 1156// 
f 1156// 1153// 1154// 1155// 
f 1159// 1158// 1157// 1160// 
f 1164// 1160// 1157// 1161// 
f 1161// 1157// 1158// 1162// 
f 1162// 1158// 1159// 1163// 
f 1163// 1159// 1160// 1164// 
f 1164// 1161// 1162// 1163// 
f 1167// 1166// 1165// 1168// 
f 1172// 1168// 1165// 1169// 
f 1169// 1165// 1166// 1170// 
f 1170// 1166// 1167// 1171// 
f 1171// 1167// 1168// 1172// 
f 1172// 1169// 1170// 1171// 
f 1175// 1174// 1173// 1176// 
f 1180// 1176// 1173// 1177// 
f 1177// 1173// 1174// 1178// 
f 1178// 1174// 1175// 1179// 
f 1179// 1175// 1176// 1180// 
f 1180// 1177// 1178// 1179// 
f 1183// 1182// 1181// 1184// 
f 1188// 1184// 1181// 1185// 
f 1185// 1181// 1182// 1186// 
f 1186// 1182// 1183// 1187// 
f 1187// 1183// 1184// 1188// 
f 1188// 1185// 1186// 1187// 
f 1191// 1190// 1189// 1192// 
f 1196// 1192// 1189// 1193// 
f 1193// 1189// 1190// 1194// 
f 1194// 1190// 1191// 1195// 
f 1195// 1191// 1192// 1196// 
f 1196// 1193// 1194// 1195// 
f 1199// 1198// 1197// 1200// 
f 1204// 1200// 1197// 1201// 
f 1201// 1197// 1198// 1202// 
f 1202// 1198// 1199// 1203// 
f 1203// 1199// 1200// 1204// 
f 1204// 1201// 1202// 1203// 
f 1207// 1206// 1205// 1208// 
f 1212// 1208// 1205// 1209// 
f 1209// 1205// 1206// 1210// 
f 1210// 1206// 1207// 1211// 
f 1211// 1207// 1208// 1212// 
f 1212// 1209// 1210// 1211// 
f 1215// 1214// 1213// 1216// 
f 1220// 1216// 1213// 1217// 
f 1217// 1213// 1214// 1218// 
f 1218// 1214// 1215// 1219// 
f 1219// 1215// 1216// 1220// 
f 1220// 1217// 1218// 1219// 
f 1223// 1222// 1221// 1224// 
f 1228// 1224// 1221// 1225// 
f 1225// 1221// 1222// 1226// 
f 1226// 1222// 1223// 1227// 
f 1227// 1223// 1224// 1228// 
f 1228// 1225// 1226// 1227// 
f 1231// 1230// 1229// 1232// 
f 1236// 1232// 1229// 1233// 
f 1233// 1229// 1230// 1234// 
f 1234// 1230// 1231// 1235// 
f 1235// 1231// 1232// 1236// 
f 1236// 1233// 1234// 1235// 
f 1239// 1238// 1237// 1240// 
f 1244// 1240// 1237// 1241// 
f 1241// 1237// 1238// 1242// 
f 1242// 1238// 1239// 1243// 
f 1243// 1239// 1240// 1244// 
f 1244// 1241// 1242// 1243// 
f 1247// 1246// 1245// 1248// 
f 1252// 1248// 1245// 1249// 
f 1249// 1245// 1246// 1250// 
f 1250// 1246// 1247// 1251// 
f 1251// 1247// 1248// 1252// 
f 1252// 1249// 1250// 1251// 
f 1255// 1254// 1253// 1256// 
f 1260// 1256// 1253// 1257// 
f 1257// 1253// 1254// 1258// 
f 1258// 1254// 1255// 1259// 
f 1259// 1255// 1256// 1260// 
f 1260// 1257// 1258// 1259// 
f 1263// 1262// 1261// 1264// 
f 1268// 1264// 1261// 1265// 
f 1265// 1261// 1262// 1266// 
f 1266// 1262// 1263// 1267// 
f 1267// 1263// 1264// 1268// 
f 1268// 1265// 1266// 1267// 
f 1271// 1270// 1269// 1272// 
f 1276// 1272// 1269// 1273// 
f 1273// 1269// 1270// 1274// 
f 1274// 1270// 1271// 1275// 
f 1275// 1271// 1272// 1276// 
f 1276// 1273// 1274// 1275// 
f 1279// 1278// 1277// 1280// 
f 1284// 1280// 1277// 1281// 
f 1281// 1277// 1278// 1282// 
f 1282// 1278// 1279// 1283// 
f 1283// 1279// 1280// 1284// 
f 1284// 1281// 1282// 1283// 
f 1287// 1286// 1285// 1288// 
f 1292// 1288// 1285// 1289// 
f 1289// 1285// 1286// 1290// 
f 1290// 1286// 1287// 1291// 
f 1291// 1287// 1288// 1292// 
f 1292// 1289// 1290// 1291// 
f 1295// 1294// 1293// 1296// 
f 1300// 1296// 1293// 1297// 
f 1297// 1293// 1294// 1298// 
f 1298// 1294// 1295// 1299// 
f 1299// 1295// 1296// 1300// 
f 1300// 1297// 1298// 1299// 
f 1303// 1302// 1301// 1304// 
f 1308// 1304// 1301// 1305// 
f 1305// 1301// 1302// 1306// 
f 1306// 1302// 1303// 1307// 
f 1307// 1303// 1304// 1308// 
f 1308// 1305// 1306// 1307// 
f 1311// 1310// 1309// 1312// 
f 1316// 1312// 1309// 1313// 
f 1313// 1309// 1310// 1314// 
f 1314// 1310// 1311// 1315// 
f 1315// 1311// 1312// 1316// 
f 1316// 1313// 1314// 1315// 
f 1319// 1318// 1317// 1320// 
f 1324// 1320// 1317// 1321// 
f 1321// 1317// 1318// 1322// 
f 1322// 1318// 1319// 1323// 
f 1323// 1319// 1320// 1324// 
f 1324// 1321// 1322// 1323// 
f 1327// 1326// 1325// 1328// 
f 1332// 1328// 1325// 1329// 
f 1329// 1325// 1326// 1330// 
f 1330// 1326// 1327// 1331// 
f 1331// 1327// 1328// 1332// 
f 1332// 1329// 1330// 1331// 
f 1335// 1334// 1333// 1336// 
f 1340// 1336// 1333// 1337// 
f 1337// 1333// 1334// 1338// 
f 1338// 1334// 1335// 1339// 
f 1339// 1335// 1336// 1340// 
f 1340// 1337// 1338// 1339// 
f 1343// 1342// 1341// 1344// 
f 1348// 1344// 1341// 1345// 
f 1345// 1341// 1342// 1346// 
f 1346// 1342// 1343// 1347// 
f 1347// 1343// 1344// 1348// 
f 1348// 1345// 1346// 1347// 
f 1351// 1350// 1349// 1352// 
f 1356// 1352// 1349// 1353// 
f 1353// 1349// 1350// 1354// 
f 1354// 1350// 1351// 1355// 
f 1355// 1351// 1352// 1356// 
f 1356// 1353// 1354// 1355// 
f 1359// 1358// 1357// 1360// 
f 1364// 1360// 1357// 1361// 
f 1361// 1357// 1358// 1362// 
f 1362// 1358// 1359// 1363// 
f 1363// 1359// 1360// 1364// 
f 1364// 1361// 1362// 1363// 
f 1367// 1366// 1365// 1368// 
f 1372// 1368// 1365// 1369// 
f 1369// 1365// 1366// 1370// 
f 1370// 1366// 1367// 1371// 
f 1371// 1367// 1368// 1372// 
f 1372// 1369// 1370// 1371// 
f 1375// 1374// 1373// 1376// 
f 1380// 1376// 1373// 1377// 
f 1377// 1373// 1374// 1378// 
f 1378// 1374// 1375// 1379// 
f 1379// 1375// 1376// 1380// 
f 1380// 1377// 1378// 1379// 
f 1383// 1382// 1381// 1384// 
f 1388// 1384// 1381// 1385// 
f 1385// 1381// 1382// 1386// 
f 1386// 1382// 1383// 1387// 
f 1387// 1383// 1384// 1388// 
f 1388// 1385// 1386// 1387// 
f 1391// 1390// 1389// 1392// 
f 1396// 1392// 1389// 1393// 
f 1393// 1389// 1390// 1394// 
f 1394// 1390// 1391// 1395// 
f 1395// 1391// 1392// 1396// 
f 1396// 1393// 1394// 1395// 
f 1399// 1398// 1397// 1400// 
f 1404// 1400// 1397// 1401// 
f 1401// 1397// 1398// 1402// 
f 1402// 1398// 1399// 1403// 
f 1403// 1399// 1400// 1404// 
f 1404// 1401// 1402// 1403// 
f 1407// 1406// 1405// 1408// 
f 1412// 1408// 1405// 1409// 
f 1409// 1405// 1406// 1410// 
f 1410// 1406// 1407// 1411// 
f 1411// 1407// 1408// 1412// 
f 1412// 1409// 1410// 1411// 
f 1415// 1414// 1413// 1416// 
f 1420// 1416// 1413// 1417// 
f 1417// 1413// 1414// 1418// 
f 1418// 1414// 1415// 1419// 
f 1419// 1415// 1416// 1420// 
f 1420// 1417// 1418// 1419// 
f 1423// 1422// 1421// 1424// 
f 1428// 1424// 1421// 1425// 
f 1425// 1421// 1422// 1426// 
f 1426// 1422// 1423// 1427// 
f 1427// 1423// 1424// 1428// 
f 1428// 1425// 1426// 1427// 
f 1431// 1430// 1429// 1432// 
f 1436// 1432// 1429// 1433// 
f 1433// 1429// 1430// 1434// 
f 1434// 1430// 1431// 1435// 
f 1435// 1431// 1432// 1436// 
f 1436// 1433// 1434// 1435// 
f 1439// 1438// 1437// 1440// 
f 1444// 1440// 1437// 1441// 
f 1441// 1437// 1438// 1442// 
f 1442// 1438// 1439// 1443// 
f 1443// 1439// 1440// 1444// 
f 1444// 1441// 1442// 1443// 
f 1447// 1446// 1445// 1448// 
f 1452// 1448// 1445// 1449// 
f 1449// 1445// 1446// 1450// 
f 1450// 1446// 1447// 1451// 
f 1451// 1447// 1448// 1452// 
f 1452// 1449// 1450// 1451// 
f 1455// 1454// 1453// 1456// 
f 1460// 1456// 1453// 1457// 
f 1457// 1453// 1454// 1458// 
f 1458// 1454// 1455// 1459// 
f 1459// 1455// 1456// 1460// 
f 1460// 1457// 1458// 1459// 
f 1463// 1462// 1461// 1464// 
f 1468// 1464// 1461// 1465// 
f 1465// 1461// 1462// 1466// 
f 1466// 1462// 1463// 1467// 
f 1467// 1463// 1464// 1468// 
f 1468// 1465// 1466// 1467// 
f 1471// 1470// 1469// 1472// 
f 1476// 1472// 1469// 1473// 
f 1473// 1469// 1470// 1474// 
f 1474// 1470// 1471// 1475// 
f 1475// 1471// 1472// 1476// 
f 1476// 1473// 1474// 1475// 
f 1479// 1478// 1477// 1480// 
f 1484// 1480// 1477// 1481// 
f 1481// 1477// 1478// 1482// 
f 1482// 1478// 1479// 1483// 
f 1483// 1479// 1480// 1484// 
f 1484// 1481// 1482// 1483// 
f 1487// 1486// 1485// 1488// 
f 1492// 1488// 1485// 1489// 
f 1489// 1485// 1486// 1490// 
f 1490// 1486// 1487// 1491// 
f 1491// 1487// 1488// 1492// 
f 1492// 1489// 1490// 1491// 
f 1495// 1494// 1493// 1496// 
f 1500// 1496// 1493// 1497// 
f 1497// 1493// 1494// 1498// 
f 1498// 1494// 1495// 1499// 
f 1499// 1495// 1496// 1500// 
f 1500// 1497// 1498// 1499// 
f 1503// 1502// 1501// 1504// 
f 1508// 1504// 1501// 1505// 
f 1505// 1501// 1502// 1506// 
f 1506// 1502// 1503// 1507// 
f 1507// 1503// 1504// 1508// 
f 1508// 1505// 1506// 1507// 
f 1511// 1510// 1509// 1512// 
f 1516// 1512// 1509// 1513// 
f 1513// 1509// 1510// 1514// 
f 1514// 1510// 1511// 1515// 
f 1515// 1511// 1512// 1516// 
f 1516// 1513// 1514// 1515// 
f 1519// 1518// 1517// 1520// 
f 1524// 1520// 1517// 1521// 
f 1521// 1517// 1518// 1522// 
f 1522// 1518// 1519// 1523// 
f 1523// 1519// 1520// 1524// 
f 1524// 1521// 1522// 1523// 
f 1527// 1526// 1525// 1528// 
f 1532// 1528// 1525// 1529// 
f 1529// 1525// 1526// 1530// 
f 1530// 1526// 1527// 1531// 
f 1531// 1527// 1528// 1532// 
f 1532// 1529// 1530// 1531// 
f 1535// 1534// 1533// 1536// 
f 1540// 1536// 1533// 1537// 
f 1537// 1533// 1534// 1538// 
f 1538// 1534// 1535// 1539// 
f 1539// 1535// 1536// 1540// 
f 1540// 1537// 1538// 1539// 
f 1543// 1542// 1541// 1544// 
f 1548// 1544// 1541// 1545// 
f 1545// 1541// 1542// 1546// 
f 1546// 1542// 1543// 1547// 
f 1547// 1543// 1544// 1548// 
f 1548// 1545// 1546// 1547// 
f 1551// 1550// 1549// 1552// 
f 1556// 1552// 1549// 1553// 
f 1553// 1549// 1550// 1554// 
f 1554// 1550// 1551// 1555// 
f 1555// 1551// 1552// 1556// 
f 1556// 1553// 1554// 1555// 
f 1559// 1558// 1557// 1560// 
f 1564// 1560// 1557// 1561// 
f 1561// 1557// 1558// 1562// 
f 1562// 1558// 1559// 1563// 
f 1563// 1559// 1560// 1564// 
f 1564// 1561// 1562// 1563// 
f 1567// 1566// 1565// 1568// 
f 1572// 1568// 1565// 1569// 
f 1569// 1565// 1566// 1570// 
f 1570// 1566// 1567// 1571// 
f 1571// 1567// 1568// 1572// 
f 1572// 1569// 1570// 1571// 
f 1575// 1574// 1573// 1576// 
f 1580// 1576// 1573// 1577// 
f 1577// 1573// 1574// 1578// 
f 1578// 1574// 1575// 1579// 
f 1579// 1575// 1576// 1580// 
f 1580// 1577// 1578// 1579// 
f 1583// 1582// 1581// 1584// 
f 1588// 1584// 1581// 1585// 
f 1585// 1581// 1582// 1586// 
f 1586// 1582// 1583// 1587// 
f 1587// 1583// 1584// 1588// 
f 1588// 1585// 1586// 1587// 
f 1591// 1590// 1589// 1592// 
f 1596// 1592// 1589// 1593// 
f 1593// 1589// 1590// 1594// 
f 1594// 1590// 1591// 1595// 
f 1595// 1591// 1592// 1596// 
f 1596// 1593// 1594// 1595// 
f 1602// 1598// 1597// 1601// 
f 1600// 1597// 1598// 1599// 
f 1603// 1599// 1598// 1602// 
f 1604// 1600// 1599// 1603// 
f 1601// 1597// 1600// 1604// 
f 1603// 1602// 1601// 1604// 
f 1610// 1606// 1605// 1609// 
f 1608// 1605// 1606// 1607// 
f 1611// 1607// 1606// 1610// 
f 1612// 1608// 1607// 1611// 
f 1609// 1605// 1608// 1612// 
f 1611// 1610// 1609// 1612// 
f 1618// 1614// 1613// 1617// 
f 1616// 1613// 1614// 1615// 
f 1619// 1615// 1614// 1618// 
f 1620// 1616// 1615// 1619// 
f 1617// 1613// 1616// 1620// 
f 1619// 1618// 1617// 1620// 
f 1626// 1622// 1621// 1625// 
f 1624// 1621// 1622// 1623// 
f 1627// 1623// 1622// 1626// 
f 1628// 1624// 1623// 1627// 
f 1625// 1621// 1624// 1628// 
f 1627// 1626// 1625// 1628// 
f 1634// 1630// 1629// 1633// 
f 1632// 1629// 1630// 1631// 
f 1635// 1631// 1630// 1634// 
f 1636// 1632// 1631// 1635// 
f 1633// 1629// 1632// 1636// 
f 1635// 1634// 1633// 1636// 
f 1642// 1638// 1637// 1641// 
f 1640// 1637// 1638// 1639// 
f 1643// 1639// 1638// 1642// 
f 1644// 1640// 1639// 1643// 
f 1641// 1637// 1640// 1644// 
f 1643// 1642// 1641// 1644// 
f 1650// 1646// 1645// 1649// 
f 1648// 1645// 1646// 1647// 
f 1651// 1647// 1646// 1650// 
f 1652// 1648// 1647// 1651// 
f 1649// 1645// 1648// 1652// 
f 1651// 1650// 1649// 1652// 
f 1658// 1654// 1653// 1657// 
f 1656// 1653// 1654// 1655// 
f 1659// 1655// 1654// 1658// 
f 1660// 1656// 1655// 1659// 
f 1657// 1653// 1656// 1660// 
f 1659// 1658// 1657// 1660// 
f 1666// 1662// 1661// 1665// 
f 1664// 1661// 1662// 1663// 
f 1667// 1663// 1662// 1666// 
f 1668// 1664// 1663// 1667// 
f 1665// 1661// 1664// 1668// 
f 1667// 1666// 1665// 1668// 
f 1674// 1670// 1669// 1673// 
f 1672// 1669// 1670// 1671// 
f 1675// 1671// 1670// 1674// 
f 1676// 1672// 1671// 1675// 
f 1673// 1669// 1672// 1676// 
f 1675// 1674// 1673// 1676// 
f 1682// 1678// 1677// 1681// 
f 1680// 1677// 1678// 1679// 
f 1683// 1679// 1678// 1682// 
f 1684// 1680// 1679// 1683// 
f 1681// 1677// 1680// 1684// 
f 1683// 1682// 1681// 1684// 
f 1690// 1686// 1685// 1689// 
f 1688// 1685// 1686// 1687// 
f 1691// 1687// 1686// 1690// 
f 1692// 1688// 1687// 1691// 
f 1689// 1685// 1688// 1692// 
f 1691// 1690// 1689// 1692// 
f 1698// 1694// 1693// 1697// 
f 1696// 1693// 1694// 1695// 
f 1699// 1695// 1694// 1698// 
f 1700// 1696// 1695// 1699// 
f 1697// 1693// 1696// 1700// 
f 1699// 1698// 1697// 1700// 
f 1706// 1702// 1701// 1705// 
f 1704// 1701// 1702// 1703// 
f 1707// 1703// 1702// 1706// 
f 1708// 1704// 1703// 1707// 
f 1705// 1701// 1704// 1708// 
f 1707// 1706// 1705// 1708// 
f 1714// 1710// 1709// 1713// 
f 1712// 1709// 1710// 1711// 
f 1715// 1711// 1710// 1714// 
f 1716// 1712// 1711// 1715// 
f 1713// 1709// 1712// 1716// 
f 1715// 1714// 1713// 1716// 
f 1722// 1718// 1717// 1721// 
f 1720// 1717// 1718// 1719// 
f 1723// 1719// 1718// 1722// 
f 1724// 1720// 1719// 1723// 
f 1721// 1717// 1720// 1724// 
f 1723// 1722// 1721// 1724// 
f 1730// 1726// 1725// 1729// 
f 1728// 1725// 1726// 1727// 
f 1731// 1727// 1726// 1730// 
f 1732// 1728// 1727// 1731// 
f 1729// 1725// 1728// 1732// 
f 1731// 1730// 1729// 1732// 
f 1738// 1734// 1733// 1737// 
f 1736// 1733// 1734// 1735// 
f 1739// 1735// 1734// 1738// 
f 1740// 1736// 1735// 1739// 
f 1737// 1733// 1736// 1740// 
f 1739// 1738// 1737// 1740// 
f 1746// 1742// 1741// 1745// 
f 1744// 1741// 1742// 1743// 
f 1747// 1743// 1742// 1746// 
f 1748// 1744// 1743// 1747// 
f 1745// 1741// 1744// 1748// 
f 1747// 1746// 1745// 1748// 
f 1754// 1750// 1749// 1753// 
f 1752// 1749// 1750// 1751// 
f 1755// 1751// 1750// 1754// 
f 1756// 1752// 1751// 1755// 
f 1753// 1749// 1752// 1756// 
f 1755// 1754// 1753// 1756// 
f 1762// 1758// 1757// 1761// 
f 1760// 1757// 1758// 1759// 
f 1763// 1759// 1758// 1762// 
f 1764// 1760// 1759// 1763// 
f 1761// 1757// 1760// 1764// 
f 1763// 1762// 1761// 1764// 
f 1770// 1766// 1765// 1769// 
f 1768// 1765// 1766// 1767// 
f 1771// 1767// 1766// 1770// 
f 1772// 1768// 1767// 1771// 
f 1769// 1765// 1768// 1772// 
f 1771// 1770// 1769// 1772// 
f 1778// 1774// 1773// 1777// 
f 1776// 1773// 1774// 1775// 
f 1779// 1775// 1774// 1778// 
f 1780// 1776// 1775// 1779// 
f 1777// 1773// 1776// 1780// 
f 1779// 1778// 1777// 1780// 
f 1786// 1782// 1781// 1785// 
f 1784// 1781// 1782// 1783// 
f 1787// 1783// 1782// 1786// 
f 1788// 1784// 1783// 1787// 
f 1785// 1781// 1784// 1788// 
f 1787// 1786// 1785// 1788// 
f 1794// 1790// 1789// 1793// 
f 1792// 1789// 1790// 1791// 
f 1795// 1791// 1790// 1794// 
f 1796// 1792// 1791// 1795// 
f 1793// 1789// 1792// 1796// 
f 1795// 1794// 1793// 1796// 
f 1802// 1798// 1797// 1801// 
f 1800// 1797// 1798// 1799// 
f 1803// 1799// 1798// 1802// 
f 1804// 1800// 1799// 1803// 
f 1801// 1797// 1800// 1804// 
f 1803// 1802// 1801// 1804// 
f 1810// 1806// 1805// 1809// 
f 1808// 1805// 1806// 1807// 
f 1811// 1807// 1806// 1810// 
f 1812// 1808// 1807// 1811// 
f 1809// 1805// 1808// 1812// 
f 1811// 1810// 1809// 1812// 
f 1818// 1814// 1813// 1817// 
f 1816// 1813// 1814// 1815// 
f 1819// 1815// 1814// 1818// 
f 1820// 1816// 1815// 1819// 
f 1817// 1813// 1816// 1820// 
f 1819// 1818// 1817// 1820// 
f 1826// 1822// 1821// 1825// 
f 1824// 1821// 1822// 1823// 
f 1827// 1823// 1822// 1826// 
f 1828// 1824// 1823// 1827// 
f 1825// 1821// 1824// 1828// 
f 1827// 1826// 1825// 1828// 
f 1834// 1830// 1829// 1833// 
f 1832// 1829// 1830// 1831// 
f 1835// 1831// 1830// 1834// 
f 1836// 1832// 1831// 1835// 
f 1833// 1829// 1832// 1836// 
f 1835// 1834// 1833// 1836// 
f 1842// 1838// 1837// 1841// 
f 1840// 1837// 1838// 1839// 
f 1843// 1839// 1838// 1842// 
f 1844// 1840// 1839// 1843// 
f 1841// 1837// 1840// 1844// 
f 1843// 1842// 1841// 1844// 
f 1850// 1846// 1845// 1849// 
f 1848// 1845// 1846// 1847// 
f 1851// 1847// 1846// 1850// 
f 1852// 1848// 1847// 1851// 
f 1849// 1845// 1848// 1852// 
f 1851// 1850// 1849// 1852// 
f 1858// 1854// 1853// 1857// 
f 1856// 1853// 1854// 1855// 
f 1859// 1855// 1854// 1858// 
f 1860// 1856// 1855// 1859// 
f 1857// 1853// 1856// 1860// 
f 1859// 1858// 1857// 1860// 
f 1866// 1862// 1861// 1865// 
f 1864// 1861// 1862// 1863// 
f 1867// 1863// 1862// 1866// 
f 1868// 1864// 1863// 1867// 
f 1865// 1861// 1864// 1868// 
f 1867// 1866// 1865// 1868// 
f 1874// 1870// 1869// 1873// 
f 1872// 1869// 1870// 1871// 
f 1875// 1871// 1870// 1874// 
f 1876// 1872// 1871// 1875// 
f 1873// 1869// 1872// 1876// 
f 1875// 1874// 1873// 1876// 
f 1882// 1878// 1877// 1881// 
f 1880// 1877// 1878// 1879// 
f 1883// 1879// 1878// 1882// 
f 1884// 1880// 1879// 1883// 
f 1881// 1877// 1880// 1884// 
f 1883// 1882// 1881// 1884// 
f 1890// 1886// 1885// 1889// 
f 1888// 1885// 1886// 1887// 
f 1891// 1887// 1886// 1890// 
f 1892// 1888// 1887// 1891// 
f 1889// 1885// 1888// 1892// 
f 1891// 1890// 1889// 1892// 
f 1898// 1894// 1893// 1897// 
f 1896// 1893// 1894// 1895// 
f 1899// 1895// 1894// 1898// 
f 1900// 1896// 1895// 1899// 
f 1897// 1893// 1896// 1900// 
f 1899// 1898// 1897// 1900// 
f 1906// 1902// 1901// 1905// 
f 1904// 1901// 1902// 1903// 
f 1907// 1903// 1902// 1906// 
f 1908// 1904// 1903// 1907// 
f 1905// 1901// 1904// 1908// 
f 1907// 1906// 1905// 1908// 
f 1914// 1910// 1909// 1913// 
f 1912// 1909// 1910// 1911// 
f 1915// 1911// 1910// 1914// 
f 1916// 1912// 1911// 1915// 
f 1913// 1909// 1912// 1916// 
f 1915// 1914// 1913// 1916// 
f 1919// 1918// 1917// 1920// 
f 1924// 1920// 1917// 1921// 
f 1921// 1917// 1918// 1922// 
f 1922// 1918// 1919// 1923// 
f 1923// 1919// 1920// 1924// 
f 1924// 1921// 1922// 1923// 
f 1946// 1952// 1925// 1947// 
f 1951// 1990// 1925// 1952// 
f 1986// 2015// 1925// 1988// 
f 1925// 1990// 1988// 
f 1925// 2015// 1926// 
f 1925// 1926// 1929// 
f 1925// 1929// 1928// 
f 1925// 1928// 1931// 
f 1926// 1956// 1929// 
f 1926// 1980// 1977// 1956// 
f 1982// 1981// 1980// 1926// 
f 1926// 2015// 1984// 1982// 
f 1927// 1930// 1931// 1928// 
f 1955// 1963// 1927// 1956// 
f 1927// 1963// 1964// 1930// 
f 1928// 1929// 1927// 
f 1929// 1956// 1927// 
f 1930// 1932// 1931// 
f 1930// 1933// 1935// 1932// 
f 1964// 1961// 1933// 1930// 
f 1934// 1935// 1933// 1949// 
f 1933// 1961// 1962// 1948// 
f 2001// 2002// 1939// 1934// 
f 1936// 1940// 1943// 1937// 
f 1936// 1970// 1940// 
f 1936// 2011// 1968// 
f 1938// 2011// 1936// 1937// 
f 1939// 2005// 2007// 1938// 
f 1940// 1966// 1941// 
f 1940// 1970// 1966// 
f 1942// 1943// 1940// 1941// 
f 1941// 1944// 1945// 1942// 
f 1966// 1965// 1944// 1941// 
f 1944// 1946// 1947// 1945// 
f 1944// 1965// 1946// 
f 1946// 1965// 1952// 
f 1948// 1997// 1949// 1933// 
f 1948// 1962// 2013// 1996// 
f 1949// 1998// 1999// 1934// 
f 1950// 1993// 1992// 1951// 
f 1950// 1976// 1995// 1993// 
f 1951// 1952// 1950// 
f 1951// 1992// 1991// 1990// 
f 1952// 1975// 1976// 1950// 
f 1979// 1994// 1954// 1953// 
f 1955// 1956// 1953// 1954// 
f 1956// 1977// 1953// 
f 1978// 2016// 1957// 1979// 
f 2016// 2017// 1958// 1957// 
f 1959// 1960// 1957// 1958// 
f 2095// 2114// 1959// 1958// 
f 1960// 1994// 1979// 1957// 
f 1965// 1967// 1975// 1952// 
f 1966// 1967// 1965// 
f 1968// 1969// 1970// 1936// 
f 2012// 2014// 1969// 1968// 
f 1971// 1974// 2051// 2050// 
f 1971// 2093// 2092// 1972// 
f 1971// 2050// 2111// 2093// 
f 1973// 1974// 1971// 1972// 
f 1973// 2014// 2012// 1974// 
f 2010// 2051// 1974// 2012// 
f 1977// 1978// 1979// 1953// 
f 1980// 1981// 1978// 1977// 
f 1981// 2018// 2016// 1978// 
f 1982// 1983// 1981// 
f 1984// 1985// 1983// 1982// 
f 1983// 2018// 1981// 
f 1983// 2020// 2018// 
f 1986// 1987// 1985// 1984// 
f 1984// 2015// 1986// 
f 1985// 2022// 2020// 1983// 
f 1988// 1989// 1987// 1986// 
f 1987// 2024// 2022// 1985// 
f 1990// 1991// 1989// 1988// 
f 1989// 2026// 2024// 1987// 
f 1991// 2028// 2026// 1989// 
f 1992// 2030// 2028// 1991// 
f 1993// 2032// 2030// 1992// 
f 1995// 2052// 2032// 1993// 
f 1996// 1997// 1948// 
f 1996// 2037// 1997// 
f 1997// 1998// 1949// 
f 1997// 2039// 1998// 
f 2000// 2001// 1999// 1998// 
f 1998// 2039// 2041// 2000// 
f 1999// 2001// 1934// 
f 2000// 2003// 2002// 2001// 
f 2000// 2041// 2043// 2003// 
f 2002// 2005// 1939// 
f 2004// 2005// 2002// 2003// 
f 2003// 2043// 2045// 2004// 
f 2006// 2007// 2005// 2004// 
f 2004// 2045// 2047// 2006// 
f 2008// 2009// 2007// 2006// 
f 2006// 2047// 2049// 2008// 
f 2009// 2011// 1938// 2007// 
f 2010// 2011// 2009// 2008// 
f 2008// 2049// 2051// 2010// 
f 2012// 1968// 2011// 2010// 
f 2013// 2054// 2034// 1996// 
f 2018// 2019// 2017// 2016// 
f 2094// 2095// 1958// 2017// 
f 2017// 2019// 2098// 2094// 
f 2018// 2020// 2019// 
f 2019// 2021// 2100// 2098// 
f 2020// 2021// 2019// 
f 2022// 2023// 2021// 2020// 
f 2021// 2023// 2102// 2100// 
f 2024// 2025// 2023// 2022// 
f 2023// 2025// 2104// 2102// 
f 2026// 2027// 2025// 2024// 
f 2025// 2027// 2106// 2104// 
f 2028// 2029// 2027// 2026// 
f 2027// 2029// 2108// 2106// 
f 2030// 2031// 2029// 2028// 
f 2029// 2031// 2110// 2108// 
f 2032// 2033// 2031// 2030// 
f 2031// 2033// 2112// 2110// 
f 2052// 2053// 2033// 2032// 
f 2033// 2053// 2115// 2112// 
f 2034// 2037// 1996// 
f 2054// 2055// 2035// 2034// 
f 2036// 2037// 2034// 2035// 
f 2096// 2097// 2036// 2035// 
f 2035// 2055// 2113// 2096// 
f 2038// 2039// 2037// 2036// 
f 2097// 2099// 2038// 2036// 
f 2037// 2039// 1997// 
f 2040// 2041// 2039// 2038// 
f 2038// 2099// 2040// 
f 2042// 2043// 2041// 2040// 
f 2101// 2103// 2042// 2040// 
f 2044// 2045// 2043// 2042// 
f 2103// 2105// 2044// 2042// 
f 2046// 2047// 2045// 2044// 
f 2105// 2107// 2046// 2044// 
f 2048// 2049// 2047// 2046// 
f 2046// 2107// 2048// 
f 2050// 2051// 2049// 2048// 
f 2048// 2109// 2050// 
f 2061// 2082// 2057// 2056// 
f 2060// 2061// 2056// 2062// 
f 2056// 2059// 2079// 2062// 
f 2058// 2059// 2056// 2057// 
f 2096// 2113// 2058// 2057// 
f 2063// 2064// 2061// 2060// 
f 2094// 2098// 2063// 2060// 
f 2060// 2062// 2095// 2094// 
f 2062// 2114// 2095// 
f 2063// 2065// 2064// 
f 2063// 2098// 2065// 
f 2064// 2083// 2082// 2061// 
f 2065// 2066// 2064// 
f 2067// 2068// 2066// 2065// 
f 2100// 2102// 2067// 2065// 
f 2066// 2084// 2083// 2064// 
f 2069// 2070// 2068// 2067// 
f 2102// 2104// 2069// 2067// 
f 2068// 2085// 2084// 2066// 
f 2068// 2070// 2086// 2085// 
f 2069// 2071// 2070// 
f 2069// 2106// 2071// 
f 2070// 2072// 2087// 2086// 
f 2071// 2072// 2070// 
f 2073// 2074// 2072// 2071// 
f 2071// 2108// 2073// 
f 2072// 2074// 2088// 2087// 
f 2075// 2076// 2074// 2073// 
f 2073// 2110// 2075// 
f 2074// 2076// 2089// 2088// 
f 2077// 2078// 2076// 2075// 
f 2075// 2110// 2112// 2077// 
f 2076// 2078// 2090// 2089// 
f 2077// 2080// 2081// 2078// 
f 2077// 2115// 2080// 
f 2078// 2081// 2091// 2090// 
f 2079// 2114// 2062// 
f 2082// 2097// 2096// 2057// 
f 2083// 2099// 2097// 2082// 
f 2084// 2101// 2099// 2083// 
f 2085// 2101// 2084// 
f 2085// 2103// 2101// 
f 2085// 2086// 2105// 2103// 
f 2086// 2107// 2105// 
f 2087// 2107// 2086// 
f 2087// 2109// 2107// 
f 2088// 2109// 2087// 
f 2088// 2089// 2111// 2109// 
f 2093// 2111// 2089// 2090// 
f 2092// 2093// 2090// 2091// 
f 2098// 2100// 2065// 
f 2099// 2101// 2040// 
f 2104// 2106// 2069// 
f 2106// 2108// 2071// 
f 2107// 2109// 2048// 
f 2108// 2110// 2073// 
f 2109// 2111// 2050// 
f 2112// 2115// 2077// 
f 2136// 2144// 2117// 2116// 
f 2138// 2137// 2136// 2116// 
f 2116// 2119// 2139// 2138// 
f 2118// 2119// 2116// 2117// 
f 2118// 2175// 2126// 2125// 
f 2118// 2125// 2174// 2119// 
f 2119// 2140// 2141// 2139// 
f 2119// 2174// 2172// 2140// 
f 2131// 2129// 2121// 2120// 
f 2132// 2135// 2131// 2120// 
f 2120// 2123// 2153// 2132// 
f 2122// 2123// 2120// 2121// 
f 2129// 2130// 2128// 2121// 
f 2121// 2128// 2143// 2122// 
f 2184// 2183// 2125// 2124// 
f 2126// 2127// 2124// 2125// 
f 2183// 2181// 2174// 2125// 
f 2187// 2185// 2127// 2126// 
f 2126// 2175// 2188// 2187// 
f 2127// 2140// 2124// 
f 2127// 2173// 2140// 
f 2185// 2186// 2173// 2127// 
f 2152// 2151// 2143// 2128// 
f 2128// 2130// 2154// 2152// 
f 2194// 2195// 2133// 2132// 
f 2132// 2153// 2196// 2194// 
f 2134// 2135// 2132// 2133// 
f 2133// 2136// 2137// 2134// 
f 2133// 2192// 2189// 2136// 
f 2195// 2197// 2191// 2133// 
f 2190// 2193// 2144// 2136// 
f 2140// 2229// 2142// 2141// 
f 2140// 2172// 2124// 
f 2142// 2161// 2154// 2141// 
f 2167// 2168// 2161// 2142// 
f 2142// 2229// 2226// 2167// 
f 2145// 2146// 2143// 2147// 
f 2143// 2149// 2148// 2147// 
f 2143// 2151// 2150// 2149// 
f 2193// 2192// 2191// 2144// 
f 2156// 2155// 2146// 2145// 
f 2145// 2147// 2206// 2156// 
f 2147// 2208// 2206// 
f 2147// 2148// 2209// 2208// 
f 2158// 2159// 2148// 2149// 
f 2149// 2164// 2158// 
f 2149// 2150// 2214// 2164// 
f 2150// 2215// 2214// 
f 2150// 2151// 2216// 2215// 
f 2152// 2161// 2210// 2151// 
f 2153// 2191// 2197// 2196// 
f 2154// 2161// 2152// 
f 2155// 2173// 2175// 2118// 
f 2156// 2157// 2155// 
f 2162// 2163// 2157// 2156// 
f 2156// 2206// 2162// 
f 2160// 2173// 2155// 2157// 
f 2169// 2180// 2160// 2157// 
f 2165// 2166// 2159// 2158// 
f 2159// 2209// 2148// 
f 2160// 2180// 2173// 
f 2161// 2168// 2212// 2210// 
f 2163// 2170// 2169// 2157// 
f 2164// 2165// 2158// 
f 2164// 2214// 2213// 2165// 
f 2166// 2207// 2209// 2159// 
f 2170// 2171// 2169// 
f 2217// 2219// 2171// 2170// 
f 2171// 2180// 2169// 
f 2219// 2179// 2180// 2171// 
f 2182// 2184// 2124// 2172// 
f 2176// 2229// 2140// 2173// 
f 2173// 2178// 2177// 2176// 
f 2173// 2180// 2179// 2178// 
f 2186// 2188// 2175// 2173// 
f 2181// 2182// 2172// 2174// 
f 2176// 2177// 2228// 2227// 
f 2177// 2225// 2224// 
f 2178// 2222// 2221// 
f 2178// 2221// 2225// 2177// 
f 2179// 2219// 2218// 
f 2179// 2218// 2222// 2178// 
f 2189// 2190// 2136// 
f 2198// 2199// 2190// 2189// 
f 2189// 2192// 2200// 2198// 
f 2199// 2201// 2193// 2190// 
f 2191// 2192// 2133// 
f 2192// 2193// 2201// 2200// 
f 2202// 2203// 2195// 2194// 
f 2194// 2196// 2204// 2202// 
f 2203// 2205// 2197// 2195// 
f 2196// 2197// 2205// 2204// 
f 2206// 2208// 2207// 2162// 
f 2208// 2209// 2207// 
f 2210// 2211// 2151// 
f 2210// 2212// 2211// 
f 2211// 2216// 2151// 
f 2212// 2213// 2216// 2211// 
f 2214// 2215// 2213// 
f 2215// 2216// 2213// 
f 2220// 2222// 2218// 2217// 
f 2218// 2219// 2217// 
f 2220// 2225// 2221// 
f 2221// 2222// 2220// 
f 2223// 2224// 2225// 2220// 
f 2223// 2228// 2224// 
f 2224// 2228// 2177// 
f 2226// 2227// 2228// 2223// 
f 2226// 2229// 2227// 
f 2227// 2229// 2176// 
f 2250// 2258// 2231// 2230// 
f 2252// 2251// 2250// 2230// 
f 2230// 2233// 2253// 2252// 
f 2232// 2233// 2230// 2231// 
f 2239// 2288// 2232// 2240// 
f 2288// 2286// 2233// 2232// 
f 2232// 2289// 2240// 
f 2233// 2254// 2255// 2253// 
f 2233// 2286// 2254// 
f 2245// 2243// 2235// 2234// 
f 2246// 2249// 2245// 2234// 
f 2234// 2237// 2267// 2246// 
f 2236// 2237// 2234// 2235// 
f 2243// 2244// 2242// 2235// 
f 2235// 2242// 2257// 2236// 
f 2298// 2297// 2239// 2238// 
f 2240// 2241// 2238// 2239// 
f 2297// 2295// 2288// 2239// 
f 2301// 2299// 2241// 2240// 
f 2240// 2289// 2302// 2301// 
f 2241// 2254// 2238// 
f 2241// 2287// 2254// 
f 2299// 2300// 2287// 2241// 
f 2266// 2265// 2257// 2242// 
f 2242// 2244// 2268// 2266// 
f 2246// 2308// 2247// 
f 2246// 2267// 2310// 2308// 
f 2248// 2249// 2246// 2247// 
f 2247// 2250// 2251// 2248// 
f 2247// 2303// 2250// 
f 2247// 2305// 2306// 2303// 
f 2309// 2311// 2305// 2247// 
f 2304// 2307// 2258// 2250// 
f 2254// 2256// 2255// 
f 2254// 2286// 2238// 
f 2254// 2343// 2256// 
f 2256// 2268// 2255// 
f 2256// 2275// 2268// 
f 2281// 2282// 2275// 2256// 
f 2256// 2343// 2340// 2281// 
f 2259// 2260// 2257// 2261// 
f 2257// 2263// 2262// 2261// 
f 2257// 2265// 2264// 2263// 
f 2307// 2306// 2305// 2258// 
f 2270// 2269// 2260// 2259// 
f 2259// 2261// 2320// 2270// 
f 2261// 2322// 2320// 
f 2261// 2262// 2323// 2322// 
f 2272// 2273// 2262// 2263// 
f 2263// 2278// 2272// 
f 2263// 2328// 2278// 
f 2264// 2329// 2328// 2263// 
f 2264// 2265// 2330// 2329// 
f 2266// 2275// 2324// 2265// 
f 2267// 2305// 2311// 2310// 
f 2268// 2275// 2266// 
f 2269// 2287// 2289// 2232// 
f 2271// 2274// 2269// 2270// 
f 2276// 2277// 2271// 2270// 
f 2270// 2320// 2276// 
f 2283// 2294// 2274// 2271// 
f 2279// 2280// 2273// 2272// 
f 2273// 2323// 2262// 
f 2274// 2287// 2269// 
f 2294// 2293// 2287// 2274// 
f 2275// 2282// 2326// 2324// 
f 2277// 2284// 2283// 2271// 
f 2278// 2279// 2272// 
f 2278// 2327// 2279// 
f 2278// 2328// 2327// 
f 2280// 2323// 2273// 
f 2284// 2285// 2283// 
f 2331// 2333// 2285// 2284// 
f 2285// 2294// 2283// 
f 2333// 2293// 2294// 2285// 
f 2296// 2298// 2238// 2286// 
f 2287// 2290// 2254// 
f 2287// 2291// 2290// 
f 2287// 2293// 2292// 2291// 
f 2300// 2302// 2289// 2287// 
f 2295// 2296// 2286// 2288// 
f 2341// 2343// 2290// 2342// 
f 2290// 2343// 2254// 
f 2291// 2292// 2339// 2338// 
f 2291// 2342// 2290// 
f 2292// 2293// 2336// 2335// 
f 2293// 2333// 2332// 
f 2303// 2304// 2250// 
f 2312// 2313// 2304// 2303// 
f 2303// 2306// 2314// 2312// 
f 2313// 2315// 2307// 2304// 
f 2306// 2307// 2315// 2314// 
f 2308// 2309// 2247// 
f 2316// 2317// 2309// 2308// 
f 2308// 2310// 2318// 2316// 
f 2317// 2319// 2311// 2309// 
f 2310// 2311// 2319// 2318// 
f 2320// 2322// 2321// 2276// 
f 2321// 2322// 2323// 2280// 
f 2324// 2325// 2265// 
f 2324// 2326// 2325// 
f 2325// 2330// 2265// 
f 2326// 2330// 2325// 
f 2327// 2329// 2330// 2326// 
f 2328// 2329// 2327// 
f 2334// 2336// 2332// 2331// 
f 2332// 2333// 2331// 
f 2332// 2336// 2293// 
f 2334// 2339// 2335// 
f 2335// 2336// 2334// 
f 2335// 2339// 2292// 
f 2337// 2338// 2339// 2334// 
f 2337// 2340// 2342// 2338// 
f 2338// 2342// 2291// 
f 2341// 2342// 2340// 2343// 
