#
# Exported by OpenBRF -- marco tarini
#
s G1
newmtl G1
Ka 0.8 0.8 0.8
Kd 0.2 0.2 0.2
usemtl G1
v 8.94845 -0.147996 -4.94834
v 9.06871 1.85892 -4.96033
v 12.2995 1.85788 -4.96035
v 12.4467 -0.147996 -4.94853
v 9.41696 2.55711 -4.96047
v 11.9617 2.5559 -4.96047
v 9.71666 2.8413 -4.96071
v 11.6567 2.83227 -4.96073
v 10.1542 3.10402 -4.96108
v 11.2184 3.10107 -4.96108
v 10.6034 3.18605 -4.9618
v 10.7687 3.18605 -4.9618
v 4.21876 5.78817 -5.76056
v 4.21876 6.91049 -5.76056
v 5.38457 6.91049 -5.76056
v 5.38457 5.78817 -5.76056
v 4.21876 5.78817 -5.76644
v 4.21876 6.91049 -5.76644
v 5.38457 6.91049 -5.76644
v 5.38457 5.78817 -5.76644
v -2.13486 0.902052 -0.723928
v -2.13486 2.92284 -0.723928
v -0.760346 2.92284 -0.723928
v -0.760346 0.902052 -0.723928
v -2.13486 0.902052 -0.718044
v -2.13486 2.92284 -0.718044
v -0.760346 2.92284 -0.718044
v -0.760346 0.902052 -0.718044
v 0.615858 4.56852 -0.723928
v 0.615858 6.58931 -0.723928
v 1.99038 6.58931 -0.723928
v 1.99038 4.56852 -0.723928
v 0.615858 4.56852 -0.718044
v 0.615858 6.58931 -0.718044
v 1.99038 6.58931 -0.718044
v 1.99038 4.56852 -0.718044
v 5.47422 4.47663 -0.723928
v 5.47422 5.72403 -0.723928
v 6.68769 5.72403 -0.723928
v 6.68769 4.47663 -0.723928
v 5.47422 4.47663 -0.718044
v 5.47422 5.72403 -0.718044
v 6.68769 5.72403 -0.718044
v 6.68769 4.47663 -0.718044
v 5.28855 1.0272 -0.723928
v 5.28855 2.71744 -0.723928
v 6.87685 2.71744 -0.723928
v 6.87685 1.0272 -0.723928
v 5.28855 1.0272 -0.718044
v 5.28855 2.71744 -0.718044
v 6.87685 2.71744 -0.718044
v 6.87685 1.0272 -0.718044
v 11.1952 5.18493 -5.70744
v 11.1952 5.2354 -5.70744
v 12.4382 5.2354 -5.70744
v 12.4382 5.18493 -5.70744
v 11.1952 5.18493 -5.7429
v 11.1952 5.2354 -5.7429
v 12.4382 5.2354 -5.7429
v 12.4382 5.18493 -5.7429
v 11.1952 4.34123 -5.70744
v 11.1952 4.39169 -5.70744
v 12.4382 4.39169 -5.70744
v 12.4382 4.34123 -5.70744
v 11.1952 4.34123 -5.7429
v 11.1952 4.39169 -5.7429
v 12.4382 4.39169 -5.7429
v 12.4382 4.34123 -5.7429
v 11.1952 5.58831 -5.58689
v 11.1952 5.63877 -5.58689
v 12.4382 5.63877 -5.58689
v 12.4382 5.58831 -5.58689
v 11.1952 5.58831 -5.86344
v 11.1952 5.63877 -5.86344
v 12.4382 5.63877 -5.86344
v 12.4382 5.58831 -5.86344
v 12.4259 3.91194 -5.6293
v 12.4259 5.60938 -5.6293
v 12.4583 5.60938 -5.6293
v 12.4583 3.91194 -5.6293
v 12.4259 3.91194 -5.82103
v 12.4259 5.60938 -5.82103
v 12.4583 5.60938 -5.82103
v 12.4583 3.91194 -5.82103
v 11.8005 3.92605 -5.70138
v 11.8005 5.60938 -5.70138
v 11.8329 5.60938 -5.70138
v 11.8329 3.92605 -5.70138
v 11.8005 3.92605 -5.74896
v 11.8005 5.60938 -5.74896
v 11.8329 5.60938 -5.74896
v 11.8329 3.92605 -5.74896
v 11.1952 3.93092 -5.58689
v 11.1952 3.98139 -5.58689
v 12.4382 3.98139 -5.58689
v 12.4382 3.91682 -5.58689
v 11.1952 3.93092 -5.86344
v 11.1952 3.98139 -5.86344
v 12.4382 3.96728 -5.86344
v 12.4382 3.91682 -5.86344
v 12.1364 3.91194 -5.70138
v 12.1364 5.60938 -5.70138
v 12.1687 5.60938 -5.70138
v 12.1687 3.91194 -5.70138
v 12.1364 3.91194 -5.74896
v 12.1364 5.60938 -5.74896
v 12.1687 5.60938 -5.74896
v 12.1687 3.91194 -5.74896
v 11.4569 3.92605 -5.70138
v 11.4569 5.60938 -5.70138
v 11.4892 5.60938 -5.70138
v 11.4892 3.92605 -5.70138
v 11.4569 3.92605 -5.74896
v 11.4569 5.60938 -5.74896
v 11.4892 5.60938 -5.74896
v 11.4892 3.92605 -5.74896
v 11.1952 4.78606 -5.65367
v 11.1952 4.83653 -5.65367
v 12.4382 4.83653 -5.65367
v 12.4382 4.78606 -5.65367
v 11.1952 4.78606 -5.79666
v 11.1952 4.83653 -5.79666
v 12.4382 4.83653 -5.79666
v 12.4382 4.78606 -5.79666
v 11.1984 3.92605 -5.6293
v 11.1984 5.60938 -5.6293
v 11.2307 5.60938 -5.6293
v 11.2307 3.92605 -5.6293
v 11.1984 3.92605 -5.82103
v 11.1984 5.60938 -5.82103
v 11.2307 5.60938 -5.82103
v 11.2307 3.92605 -5.82103
v 11.2114 3.94514 -5.71905
v 11.2114 5.63538 -5.71905
v 12.4376 5.63538 -5.71905
v 12.4376 3.93103 -5.71905
v 11.2114 3.94514 -5.72493
v 11.2114 5.63538 -5.72493
v 12.4376 5.63538 -5.72493
v 12.4376 3.93103 -5.72493
v 8.87444 5.18493 -5.70744
v 8.87444 5.2354 -5.70744
v 10.1175 5.2354 -5.70744
v 10.1175 5.18493 -5.70744
v 8.87444 5.18493 -5.7429
v 8.87444 5.2354 -5.7429
v 10.1175 5.2354 -5.7429
v 10.1175 5.18493 -5.7429
v 8.87444 4.34123 -5.70744
v 8.87444 4.39169 -5.70744
v 10.1175 4.39169 -5.70744
v 10.1175 4.34123 -5.70744
v 8.87444 4.34123 -5.7429
v 8.87444 4.39169 -5.7429
v 10.1175 4.39169 -5.7429
v 10.1175 4.34123 -5.7429
v 8.87444 5.58831 -5.58689
v 8.87444 5.63877 -5.58689
v 10.1175 5.63877 -5.58689
v 10.1175 5.58831 -5.58689
v 8.87444 5.58831 -5.86344
v 8.87444 5.63877 -5.86344
v 10.1175 5.63877 -5.86344
v 10.1175 5.58831 -5.86344
v 10.1052 3.92605 -5.6293
v 10.1052 5.60938 -5.6293
v 10.1375 5.60938 -5.6293
v 10.1375 3.92605 -5.6293
v 10.1052 3.92605 -5.82103
v 10.1052 5.60938 -5.82103
v 10.1375 5.60938 -5.82103
v 10.1375 3.92605 -5.82103
v 9.4798 3.92605 -5.70138
v 9.4798 5.60938 -5.70138
v 9.51212 5.60938 -5.70138
v 9.51212 3.92605 -5.70138
v 9.4798 3.92605 -5.74896
v 9.4798 5.60938 -5.74896
v 9.51212 5.60938 -5.74896
v 9.51212 3.92605 -5.74896
v 8.87444 3.93092 -5.58689
v 8.87444 3.98139 -5.58689
v 10.1175 3.98139 -5.58689
v 10.1175 3.93092 -5.58689
v 8.87444 3.93092 -5.86344
v 8.87444 3.98139 -5.86344
v 10.1175 3.98139 -5.86344
v 10.1175 3.93092 -5.86344
v 9.81562 3.92605 -5.70138
v 9.81562 5.60938 -5.70138
v 9.84794 5.60938 -5.70138
v 9.84794 3.92605 -5.70138
v 9.81562 3.92605 -5.74896
v 9.81562 5.60938 -5.74896
v 9.84794 5.60938 -5.74896
v 9.84794 3.92605 -5.74896
v 9.13617 3.92605 -5.70138
v 9.13617 5.60938 -5.70138
v 9.16849 5.60938 -5.70138
v 9.16849 3.92605 -5.70138
v 9.13617 3.92605 -5.74896
v 9.13617 5.60938 -5.74896
v 9.16849 5.60938 -5.74896
v 9.16849 3.92605 -5.74896
v 8.87444 4.78606 -5.65367
v 8.87444 4.83653 -5.65367
v 10.1175 4.83653 -5.65367
v 10.1175 4.78606 -5.65367
v 8.87444 4.78606 -5.79666
v 8.87444 4.83653 -5.79666
v 10.1175 4.83653 -5.79666
v 10.1175 4.78606 -5.79666
v 8.87761 3.92605 -5.6293
v 8.87761 5.60938 -5.6293
v 8.90993 5.60938 -5.6293
v 8.90993 3.92605 -5.6293
v 8.87761 3.92605 -5.82103
v 8.87761 5.60938 -5.82103
v 8.90993 5.60938 -5.82103
v 8.90993 3.92605 -5.82103
v 8.89069 3.94514 -5.71905
v 8.89069 5.63538 -5.71905
v 10.1169 5.63538 -5.71905
v 10.1169 3.94514 -5.71905
v 8.89069 3.94514 -5.72493
v 8.89069 5.63538 -5.72493
v 10.1169 5.63538 -5.72493
v 10.1169 3.94514 -5.72493
v 11.1952 5.18493 -0.714033
v 11.1952 5.2354 -0.714033
v 12.4382 5.2354 -0.714033
v 12.4382 5.18493 -0.714033
v 11.1952 5.18493 -0.67857
v 11.1952 5.2354 -0.67857
v 12.4382 5.2354 -0.67857
v 12.4382 5.18493 -0.67857
v 11.1952 4.34123 -0.714033
v 11.1952 4.39169 -0.714033
v 12.4382 4.39169 -0.714033
v 12.4382 4.34123 -0.714033
v 11.1952 4.34123 -0.67857
v 11.1952 4.39169 -0.67857
v 12.4382 4.39169 -0.67857
v 12.4382 4.34123 -0.67857
v 11.1952 5.58831 -0.834578
v 11.1952 5.63877 -0.834578
v 12.4382 5.63877 -0.834578
v 12.4382 5.58831 -0.834578
v 11.1952 5.58831 -0.558025
v 11.1952 5.63877 -0.558025
v 12.4382 5.63877 -0.558025
v 12.4382 5.58831 -0.558025
v 12.4259 3.92605 -0.792169
v 12.4259 5.60938 -0.792169
v 12.4583 5.60938 -0.792169
v 12.4583 3.92605 -0.792169
v 12.4259 3.92605 -0.600434
v 12.4259 5.60938 -0.600434
v 12.4583 5.60938 -0.600434
v 12.4583 3.92605 -0.600434
v 11.8005 3.92605 -0.72009
v 11.8005 5.60938 -0.72009
v 11.8329 5.60938 -0.72009
v 11.8329 3.92605 -0.72009
v 11.8005 3.92605 -0.672513
v 11.8005 5.60938 -0.672513
v 11.8329 5.60938 -0.672513
v 11.8329 3.92605 -0.672513
v 11.1952 3.93092 -0.834578
v 11.1952 3.98139 -0.834578
v 12.4382 3.98139 -0.834578
v 12.4382 3.93092 -0.834578
v 11.1952 3.93092 -0.558025
v 11.1952 3.98139 -0.558025
v 12.4382 3.98139 -0.558025
v 12.4382 3.93092 -0.558025
v 12.1364 3.92605 -0.72009
v 12.1364 5.60938 -0.72009
v 12.1687 5.60938 -0.72009
v 12.1687 3.92605 -0.72009
v 12.1364 3.92605 -0.672513
v 12.1364 5.60938 -0.672513
v 12.1687 5.60938 -0.672513
v 12.1687 3.92605 -0.672513
v 11.4569 3.92605 -0.72009
v 11.4569 5.60938 -0.72009
v 11.4892 5.60938 -0.72009
v 11.4892 3.92605 -0.72009
v 11.4569 3.92605 -0.672513
v 11.4569 5.60938 -0.672513
v 11.4892 5.60938 -0.672513
v 11.4892 3.92605 -0.672513
v 11.1952 4.78606 -0.767799
v 11.1952 4.83653 -0.767799
v 12.4382 4.83653 -0.767799
v 12.4382 4.78606 -0.767799
v 11.1952 4.78606 -0.624804
v 11.1952 4.83653 -0.624804
v 12.4382 4.83653 -0.624804
v 12.4382 4.78606 -0.624804
v 11.1984 3.92605 -0.792169
v 11.1984 5.60938 -0.792169
v 11.2307 5.60938 -0.792169
v 11.2307 3.92605 -0.792169
v 11.1984 3.92605 -0.600434
v 11.1984 5.60938 -0.600434
v 11.2307 5.60938 -0.600434
v 11.2307 3.92605 -0.600434
v 11.2114 3.94514 -0.70242
v 11.2114 5.63538 -0.70242
v 12.4376 5.63538 -0.70242
v 12.4376 3.94514 -0.70242
v 11.2114 3.94514 -0.696536
v 11.2114 5.63538 -0.696536
v 12.4376 5.63538 -0.696536
v 12.4376 3.94514 -0.696536
v 8.87444 5.18493 -0.714033
v 8.87444 5.2354 -0.714033
v 10.1175 5.2354 -0.714033
v 10.1175 5.18493 -0.714033
v 8.87444 5.18493 -0.67857
v 8.87444 5.2354 -0.67857
v 10.1175 5.2354 -0.67857
v 10.1175 5.18493 -0.67857
v 8.87444 4.34123 -0.714033
v 8.87444 4.39169 -0.714033
v 10.1175 4.39169 -0.714033
v 10.1175 4.34123 -0.714033
v 8.87444 4.34123 -0.67857
v 8.87444 4.39169 -0.67857
v 10.1175 4.39169 -0.67857
v 10.1175 4.34123 -0.67857
v 8.87444 5.58831 -0.834578
v 8.87444 5.63877 -0.834578
v 10.1175 5.63877 -0.834578
v 10.1175 5.58831 -0.834578
v 8.87444 5.58831 -0.558025
v 8.87444 5.63877 -0.558025
v 10.1175 5.63877 -0.558025
v 10.1175 5.58831 -0.558025
v 10.1052 3.92605 -0.792169
v 10.1052 5.60938 -0.792169
v 10.1375 5.60938 -0.792169
v 10.1375 3.92605 -0.792169
v 10.1052 3.92605 -0.600434
v 10.1052 5.60938 -0.600434
v 10.1375 5.60938 -0.600434
v 10.1375 3.92605 -0.600434
v 9.4798 3.92605 -0.72009
v 9.4798 5.60938 -0.72009
v 9.51212 5.60938 -0.72009
v 9.51212 3.92605 -0.72009
v 9.4798 3.92605 -0.672513
v 9.4798 5.60938 -0.672513
v 9.51212 5.60938 -0.672513
v 9.51212 3.92605 -0.672513
v 8.87444 3.93092 -0.834578
v 8.87444 3.98139 -0.834578
v 10.1175 3.98139 -0.834578
v 10.1175 3.93092 -0.834578
v 8.87444 3.93092 -0.558025
v 8.87444 3.98139 -0.558025
v 10.1175 3.98139 -0.558025
v 10.1175 3.93092 -0.558025
v 9.81562 3.92605 -0.72009
v 9.81562 5.60938 -0.72009
v 9.84794 5.60938 -0.72009
v 9.84794 3.92605 -0.72009
v 9.81562 3.92605 -0.672513
v 9.81562 5.60938 -0.672513
v 9.84794 5.60938 -0.672513
v 9.84794 3.92605 -0.672513
v 9.13617 3.92605 -0.72009
v 9.13617 5.60938 -0.72009
v 9.16849 5.60938 -0.72009
v 9.16849 3.92605 -0.72009
v 9.13617 3.92605 -0.672513
v 9.13617 5.60938 -0.672513
v 9.16849 5.60938 -0.672513
v 9.16849 3.92605 -0.672513
v 8.87444 4.78606 -0.767799
v 8.87444 4.83653 -0.767799
v 10.1175 4.83653 -0.767799
v 10.1175 4.78606 -0.767799
v 8.87444 4.78606 -0.624804
v 8.87444 4.83653 -0.624804
v 10.1175 4.83653 -0.624804
v 10.1175 4.78606 -0.624804
v 8.87761 3.92605 -0.792169
v 8.87761 5.60938 -0.792169
v 8.90993 5.60938 -0.792169
v 8.90993 3.92605 -0.792169
v 8.87761 3.92605 -0.600434
v 8.87761 5.60938 -0.600434
v 8.90993 5.60938 -0.600434
v 8.90993 3.92605 -0.600434
v 8.89069 3.94514 -0.70242
v 8.89069 5.63538 -0.70242
v 10.1169 5.63538 -0.70242
v 10.1169 3.94514 -0.70242
v 8.89069 3.94514 -0.696536
v 8.89069 5.63538 -0.696536
v 10.1169 5.63538 -0.696536
v 10.1169 3.94514 -0.696536
v -6.68284 6.96352 -0.575806
v -2.89879 10.0168 -3.23733
v 10.4621 10.0168 -3.23733
v 14.2462 6.96352 -0.575806
v -6.68284 6.96352 -5.98926
v -2.89879 10.0168 -3.32774
v 10.4621 10.0168 -3.32774
v 14.2462 6.96352 -5.98926
v 0.878242 6.98737 -0.586887
v 0.878242 8.11729 -0.622002
v 1.98385 8.11729 -0.622002
v 1.98385 6.98737 -0.586887
v 0.878242 6.93797 -2.17648
v 0.878242 8.06789 -2.21159
v 1.98385 8.06789 -2.21159
v 1.98385 6.93797 -2.17648
v 2.03777 8.76833 -2.24154
v 2.03777 8.06699 -2.24064
v 0.824326 8.06699 -2.24064
v 0.824326 8.76833 -2.24154
v 2.03777 8.14724 -0.593861
v 2.03777 8.11819 -0.592958
v 0.824326 8.11819 -0.592958
v 0.824326 8.14724 -0.593861
v 1.43105 8.87226 -0.539106
v 2.03777 8.54393 -3.17586
v 0.824326 8.54393 -3.17586
v 1.43105 8.84798 -2.60008
v 1.07946 7.91617 -0.615751
v 1.07946 7.18849 -0.593137
v 1.78263 7.18849 -0.593137
v 1.78263 7.91617 -0.615751
v 1.07946 7.89654 -1.24719
v 1.07946 7.16887 -1.22458
v 1.78263 7.16887 -1.22458
v 1.78263 7.89654 -1.24719
v 0.955277 7.09823 -0.645482
v 0.955277 8.0257 -0.645482
v 1.85947 8.0257 -0.645482
v 1.85947 7.09823 -0.645482
v 0.955277 7.09823 -0.582882
v 0.955277 8.0257 -0.582882
v 1.85947 8.0257 -0.582882
v 1.85947 7.09823 -0.582882
v -2.39541 6.06942 -5.64536
v -2.39541 6.1266 -5.64536
v -0.92449 6.1266 -5.64536
v -0.92449 6.06942 -5.64536
v -2.39541 6.06942 -5.67413
v -2.39541 6.1266 -5.67413
v -0.92449 6.1266 -5.67413
v -0.92449 6.06942 -5.67413
v -2.39541 5.11351 -5.64536
v -2.39541 5.17069 -5.64536
v -0.92449 5.17069 -5.64536
v -0.92449 5.11351 -5.64536
v -2.39541 5.11351 -5.67413
v -2.39541 5.17069 -5.67413
v -0.92449 5.17069 -5.67413
v -0.92449 5.11351 -5.67413
v -2.39541 6.52644 -5.54758
v -2.39541 6.58361 -5.54758
v -0.92449 6.58361 -5.54758
v -0.92449 6.52644 -5.54758
v -2.39541 6.52644 -5.77192
v -2.39541 6.58361 -5.77192
v -0.92449 6.58361 -5.77192
v -0.92449 6.52644 -5.77192
v -0.939006 4.64312 -5.58198
v -0.939006 6.55031 -5.58198
v -0.900762 6.55031 -5.58198
v -0.900762 4.64312 -5.58198
v -0.939006 4.64312 -5.73752
v -0.939006 6.55031 -5.73752
v -0.900762 6.55031 -5.73752
v -0.900762 4.64312 -5.73752
v -1.67907 4.64312 -5.64045
v -1.67907 6.55031 -5.64045
v -1.64083 6.55031 -5.64045
v -1.64083 4.64312 -5.64045
v -1.67907 4.64312 -5.67905
v -1.67907 6.55031 -5.67905
v -1.64083 6.55031 -5.67905
v -1.64083 4.64312 -5.67905
v -2.39541 4.64864 -5.54758
v -2.39541 4.70582 -5.54758
v -0.92449 4.70582 -5.54758
v -0.92449 4.64864 -5.54758
v -2.39541 4.64864 -5.77192
v -2.39541 4.70582 -5.77192
v -0.92449 4.70582 -5.77192
v -0.92449 4.64864 -5.77192
v -1.28169 4.64312 -5.64045
v -1.28169 6.55031 -5.64045
v -1.24344 6.55031 -5.64045
v -1.24344 4.64312 -5.64045
v -1.28169 4.64312 -5.67905
v -1.28169 6.55031 -5.67905
v -1.24344 6.55031 -5.67905
v -1.24344 4.64312 -5.67905
v -2.0857 4.64312 -5.64045
v -2.0857 6.55031 -5.64045
v -2.04745 6.55031 -5.64045
v -2.04745 4.64312 -5.64045
v -2.0857 4.64312 -5.67905
v -2.0857 6.55031 -5.67905
v -2.04745 6.55031 -5.67905
v -2.04745 4.64312 -5.67905
v -2.39541 5.61751 -5.60175
v -2.39541 5.67468 -5.60175
v -0.92449 5.67468 -5.60175
v -0.92449 5.61751 -5.60175
v -2.39541 5.61751 -5.71775
v -2.39541 5.67468 -5.71775
v -0.92449 5.67468 -5.71775
v -0.92449 5.61751 -5.71775
v -2.39166 4.64312 -5.58198
v -2.39166 6.55031 -5.58198
v -2.35341 6.55031 -5.58198
v -2.35341 4.64312 -5.58198
v -2.39166 4.64312 -5.73752
v -2.39166 6.55031 -5.73752
v -2.35341 6.55031 -5.73752
v -2.35341 4.64312 -5.73752
v -3.78075 4.56508 -5.58198
v -3.78075 6.47227 -5.58198
v -3.74128 6.47227 -5.58198
v -3.74128 4.56508 -5.58198
v -3.78075 4.56508 -5.73752
v -3.78075 6.47227 -5.73752
v -3.74128 6.47227 -5.73752
v -3.74128 4.56508 -5.73752
v -4.5445 4.56508 -5.64045
v -4.5445 6.47227 -5.64045
v -4.50503 6.47227 -5.64045
v -4.50503 4.56508 -5.64045
v -4.5445 4.56508 -5.67905
v -4.5445 6.47227 -5.67905
v -4.50503 6.47227 -5.67905
v -4.50503 4.56508 -5.67905
v -5.28376 4.5706 -5.54758
v -5.28376 4.62778 -5.54758
v -3.76577 4.62778 -5.54758
v -3.76577 4.5706 -5.54758
v -5.28376 4.5706 -5.77192
v -5.28376 4.62778 -5.77192
v -3.76577 4.62778 -5.77192
v -3.76577 4.5706 -5.77192
v -5.28376 6.44839 -5.54758
v -5.28376 6.50557 -5.54758
v -3.76577 6.50557 -5.54758
v -3.76577 6.44839 -5.54758
v -5.28376 6.44839 -5.77192
v -5.28376 6.50557 -5.77192
v -3.76577 6.50557 -5.77192
v -3.76577 6.44839 -5.77192
v -4.1344 4.56508 -5.64045
v -4.1344 6.47227 -5.64045
v -4.09493 6.47227 -5.64045
v -4.09493 4.56508 -5.64045
v -4.1344 4.56508 -5.67905
v -4.1344 6.47227 -5.67905
v -4.09493 6.47227 -5.67905
v -4.09493 4.56508 -5.67905
v -4.96414 4.56508 -5.64045
v -4.96414 6.47227 -5.64045
v -4.92467 6.47227 -5.64045
v -4.92467 4.56508 -5.64045
v -4.96414 4.56508 -5.67905
v -4.96414 6.47227 -5.67905
v -4.92467 6.47227 -5.67905
v -4.92467 4.56508 -5.67905
v -5.28376 5.53946 -5.60175
v -5.28376 5.59664 -5.60175
v -3.76577 5.59664 -5.60175
v -3.76577 5.53946 -5.60175
v -5.28376 5.53946 -5.71775
v -5.28376 5.59664 -5.71775
v -3.76577 5.59664 -5.71775
v -3.76577 5.53946 -5.71775
v -5.28376 5.03547 -5.64536
v -5.28376 5.09265 -5.64536
v -3.76577 5.09265 -5.64536
v -3.76577 5.03547 -5.64536
v -5.28376 5.03547 -5.67413
v -5.28376 5.09265 -5.67413
v -3.76577 5.09265 -5.67413
v -3.76577 5.03547 -5.67413
v -5.27989 4.56508 -5.58198
v -5.27989 6.47227 -5.58198
v -5.24042 6.47227 -5.58198
v -5.24042 4.56508 -5.58198
v -5.27989 4.56508 -5.73752
v -5.27989 6.47227 -5.73752
v -5.24042 6.47227 -5.73752
v -5.24042 4.56508 -5.73752
v -5.28376 5.99138 -5.64536
v -5.28376 6.04855 -5.64536
v -3.76577 6.04855 -5.64536
v -3.76577 5.99138 -5.64536
v -5.28376 5.99138 -5.67413
v -5.28376 6.04855 -5.67413
v -3.76577 6.04855 -5.67413
v -3.76577 5.99138 -5.67413
v -3.78075 0.819954 -5.58198
v -3.78075 2.81487 -5.58198
v -3.74128 2.81487 -5.58198
v -3.74128 0.819954 -5.58198
v -3.78075 0.819954 -5.73752
v -3.78075 2.81487 -5.73752
v -3.74128 2.81487 -5.73752
v -3.74128 0.819954 -5.73752
v -4.5445 0.819954 -5.64045
v -4.5445 2.81487 -5.64045
v -4.50503 2.81487 -5.64045
v -4.50503 0.819954 -5.64045
v -4.5445 0.819954 -5.67905
v -4.5445 2.81487 -5.67905
v -4.50503 2.81487 -5.67905
v -4.50503 0.819954 -5.67905
v -5.28376 0.825729 -5.54758
v -5.28376 0.885536 -5.54758
v -3.76577 0.885536 -5.54758
v -3.76577 0.825729 -5.54758
v -5.28376 0.825729 -5.77192
v -5.28376 0.885536 -5.77192
v -3.76577 0.885536 -5.77192
v -3.76577 0.825729 -5.77192
v -5.28376 2.7899 -5.54758
v -5.28376 2.84971 -5.54758
v -3.76577 2.84971 -5.54758
v -3.76577 2.7899 -5.54758
v -5.28376 2.7899 -5.77192
v -5.28376 2.84971 -5.77192
v -3.76577 2.84971 -5.77192
v -3.76577 2.7899 -5.77192
v -4.1344 0.819954 -5.64045
v -4.1344 2.81487 -5.64045
v -4.09493 2.81487 -5.64045
v -4.09493 0.819954 -5.64045
v -4.1344 0.819954 -5.67905
v -4.1344 2.81487 -5.67905
v -4.09493 2.81487 -5.67905
v -4.09493 0.819954 -5.67905
v -4.96414 0.819954 -5.64045
v -4.96414 2.81487 -5.64045
v -4.92467 2.81487 -5.64045
v -4.92467 0.819954 -5.64045
v -4.96414 0.819954 -5.67905
v -4.96414 2.81487 -5.67905
v -4.92467 2.81487 -5.67905
v -4.92467 0.819954 -5.67905
v -5.28376 1.83916 -5.60175
v -5.28376 1.89896 -5.60175
v -3.76577 1.89896 -5.60175
v -3.76577 1.83916 -5.60175
v -5.28376 1.83916 -5.71775
v -5.28376 1.89896 -5.71775
v -3.76577 1.89896 -5.71775
v -3.76577 1.83916 -5.71775
v -5.28376 1.31198 -5.64536
v -5.28376 1.37179 -5.64536
v -3.76577 1.37179 -5.64536
v -3.76577 1.31198 -5.64536
v -5.28376 1.31198 -5.67413
v -5.28376 1.37179 -5.67413
v -3.76577 1.37179 -5.67413
v -3.76577 1.31198 -5.67413
v -5.27989 0.819954 -5.58198
v -5.27989 2.81487 -5.58198
v -5.24042 2.81487 -5.58198
v -5.24042 0.819954 -5.58198
v -5.27989 0.819954 -5.73752
v -5.27989 2.81487 -5.73752
v -5.24042 2.81487 -5.73752
v -5.24042 0.819954 -5.73752
v -5.28376 2.31186 -5.64536
v -5.28376 2.37167 -5.64536
v -3.76577 2.37167 -5.64536
v -3.76577 2.31186 -5.64536
v -5.28376 2.31186 -5.67413
v -5.28376 2.37167 -5.67413
v -3.76577 2.37167 -5.67413
v -3.76577 2.31186 -5.67413
v -0.91176 0.864449 -5.58198
v -0.91176 2.89927 -5.58198
v -0.872292 2.89927 -5.58198
v -0.872292 0.864449 -5.58198
v -0.91176 0.864449 -5.73752
v -0.91176 2.89927 -5.73752
v -0.872292 2.89927 -5.73752
v -0.872292 0.864449 -5.73752
v -1.67551 0.864449 -5.64045
v -1.67551 2.89927 -5.64045
v -1.63604 2.89927 -5.64045
v -1.63604 0.864449 -5.64045
v -1.67551 0.864449 -5.67905
v -1.67551 2.89927 -5.67905
v -1.63604 2.89927 -5.67905
v -1.63604 0.864449 -5.67905
v -2.41477 0.87034 -5.54758
v -2.41477 0.931343 -5.54758
v -0.89678 0.931343 -5.54758
v -0.89678 0.87034 -5.54758
v -2.41477 0.87034 -5.77192
v -2.41477 0.931343 -5.77192
v -0.89678 0.931343 -5.77192
v -0.89678 0.87034 -5.77192
v -2.41477 2.87379 -5.54758
v -2.41477 2.9348 -5.54758
v -0.89678 2.9348 -5.54758
v -0.89678 2.87379 -5.54758
v -2.41477 2.87379 -5.77192
v -2.41477 2.9348 -5.77192
v -0.89678 2.9348 -5.77192
v -0.89678 2.87379 -5.77192
v -1.26541 0.864449 -5.64045
v -1.26541 2.89927 -5.64045
v -1.22594 2.89927 -5.64045
v -1.22594 0.864449 -5.64045
v -1.26541 0.864449 -5.67905
v -1.26541 2.89927 -5.67905
v -1.22594 2.89927 -5.67905
v -1.22594 0.864449 -5.67905
v -2.09515 0.864449 -5.64045
v -2.09515 2.89927 -5.64045
v -2.05568 2.89927 -5.64045
v -2.05568 0.864449 -5.64045
v -2.09515 0.864449 -5.67905
v -2.09515 2.89927 -5.67905
v -2.05568 2.89927 -5.67905
v -2.05568 0.864449 -5.67905
v -2.41477 1.90404 -5.60175
v -2.41477 1.96504 -5.60175
v -0.89678 1.96504 -5.60175
v -0.89678 1.90404 -5.60175
v -2.41477 1.90404 -5.71775
v -2.41477 1.96504 -5.71775
v -0.89678 1.96504 -5.71775
v -0.89678 1.90404 -5.71775
v -2.41477 1.36632 -5.64536
v -2.41477 1.42732 -5.64536
v -0.89678 1.42732 -5.64536
v -0.89678 1.36632 -5.64536
v -2.41477 1.36632 -5.67413
v -2.41477 1.42732 -5.67413
v -0.89678 1.42732 -5.67413
v -0.89678 1.36632 -5.67413
v -2.4109 0.864449 -5.58198
v -2.4109 2.89927 -5.58198
v -2.37143 2.89927 -5.58198
v -2.37143 0.864449 -5.58198
v -2.4109 0.864449 -5.73752
v -2.4109 2.89927 -5.73752
v -2.37143 2.89927 -5.73752
v -2.37143 0.864449 -5.73752
v -2.41477 2.38619 -5.64536
v -2.41477 2.44719 -5.64536
v -0.89678 2.44719 -5.64536
v -0.89678 2.38619 -5.64536
v -2.41477 2.38619 -5.67413
v -2.41477 2.44719 -5.67413
v -0.89678 2.44719 -5.67413
v -0.89678 2.38619 -5.67413
v 1.82962 4.56352 -5.58198
v 1.82962 6.59736 -5.58198
v 1.86584 6.59736 -5.58198
v 1.86584 4.56352 -5.58198
v 1.82962 4.56352 -5.73752
v 1.82962 6.59736 -5.73752
v 1.86584 6.59736 -5.73752
v 1.86584 4.56352 -5.73752
v 1.12872 4.56352 -5.64045
v 1.12872 6.59736 -5.64045
v 1.16494 6.59736 -5.64045
v 1.16494 4.56352 -5.64045
v 1.12872 4.56352 -5.67905
v 1.12872 6.59736 -5.67905
v 1.16494 6.59736 -5.67905
v 1.16494 4.56352 -5.67905
v 0.450293 4.56941 -5.54758
v 0.450293 4.63039 -5.54758
v 1.84337 4.63039 -5.54758
v 1.84337 4.56941 -5.54758
v 0.450293 4.56941 -5.77192
v 0.450293 4.63039 -5.77192
v 1.84337 4.63039 -5.77192
v 1.84337 4.56941 -5.77192
v 0.450293 6.5719 -5.54758
v 0.450293 6.63288 -5.54758
v 1.84337 6.63288 -5.54758
v 1.84337 6.5719 -5.54758
v 0.450293 6.5719 -5.77192
v 0.450293 6.63288 -5.77192
v 1.84337 6.63288 -5.77192
v 1.84337 6.5719 -5.77192
v 1.50508 4.56352 -5.64045
v 1.50508 6.59736 -5.64045
v 1.5413 6.59736 -5.64045
v 1.5413 4.56352 -5.64045
v 1.50508 4.56352 -5.67905
v 1.50508 6.59736 -5.67905
v 1.5413 6.59736 -5.67905
v 1.5413 4.56352 -5.67905
v 0.743615 4.56352 -5.64045
v 0.743615 6.59736 -5.64045
v 0.779835 6.59736 -5.64045
v 0.779835 4.56352 -5.64045
v 0.743615 4.56352 -5.67905
v 0.743615 6.59736 -5.67905
v 0.779835 6.59736 -5.67905
v 0.779835 4.56352 -5.67905
v 0.450293 5.60261 -5.60175
v 0.450293 5.66359 -5.60175
v 1.84337 5.66359 -5.60175
v 1.84337 5.60261 -5.60175
v 0.450293 5.60261 -5.71775
v 0.450293 5.66359 -5.71775
v 1.84337 5.66359 -5.71775
v 1.84337 5.60261 -5.71775
v 0.450293 5.06515 -5.64536
v 0.450293 5.12612 -5.64536
v 1.84337 5.12612 -5.64536
v 1.84337 5.06515 -5.64536
v 0.450293 5.06515 -5.67413
v 0.450293 5.12612 -5.67413
v 1.84337 5.12612 -5.67413
v 1.84337 5.06515 -5.67413
v 0.453847 4.56352 -5.58198
v 0.453847 6.59736 -5.58198
v 0.490067 6.59736 -5.58198
v 0.490067 4.56352 -5.58198
v 0.453847 4.56352 -5.73752
v 0.453847 6.59736 -5.73752
v 0.490067 6.59736 -5.73752
v 0.490067 4.56352 -5.73752
v 0.450293 6.08454 -5.64536
v 0.450293 6.14551 -5.64536
v 1.84337 6.14551 -5.64536
v 1.84337 6.08454 -5.64536
v 0.450293 6.08454 -5.67413
v 0.450293 6.14551 -5.67413
v 1.84337 6.14551 -5.67413
v 1.84337 6.08454 -5.67413
v -0.859651 4.58003 -0.789226
v -0.859651 6.58132 -0.789226
v -0.82587 6.58132 -0.789226
v -0.82587 4.58003 -0.789226
v -0.859651 4.58003 -0.944764
v -0.859651 6.58132 -0.944764
v -0.82587 6.58132 -0.944764
v -0.82587 4.58003 -0.944764
v -1.51336 4.58003 -0.847697
v -1.51336 6.58132 -0.847697
v -1.47958 6.58132 -0.847697
v -1.47958 4.58003 -0.847697
v -1.51336 4.58003 -0.886292
v -1.51336 6.58132 -0.886292
v -1.47958 6.58132 -0.886292
v -1.47958 4.58003 -0.886292
v -2.14612 4.58582 -0.754823
v -2.14612 4.64582 -0.754823
v -0.84683 4.64582 -0.754823
v -0.84683 4.58582 -0.754823
v -2.14612 4.58582 -0.979167
v -2.14612 4.64582 -0.979167
v -0.84683 4.64582 -0.979167
v -0.84683 4.58582 -0.979167
v -2.14612 6.55627 -0.754823
v -2.14612 6.61627 -0.754823
v -0.84683 6.61627 -0.754823
v -0.84683 6.55627 -0.754823
v -2.14612 6.55627 -0.979167
v -2.14612 6.61627 -0.979167
v -0.84683 6.61627 -0.979167
v -0.84683 6.55627 -0.979167
v -1.16235 4.58003 -0.847697
v -1.16235 6.58132 -0.847697
v -1.12857 6.58132 -0.847697
v -1.12857 4.58003 -0.847697
v -1.16235 4.58003 -0.886292
v -1.16235 6.58132 -0.886292
v -1.12857 6.58132 -0.886292
v -1.12857 4.58003 -0.886292
v -1.87254 4.58003 -0.847697
v -1.87254 6.58132 -0.847697
v -1.83876 6.58132 -0.847697
v -1.83876 4.58003 -0.847697
v -1.87254 4.58003 -0.886292
v -1.87254 6.58132 -0.886292
v -1.83876 6.58132 -0.886292
v -1.83876 4.58003 -0.886292
v -2.14612 5.60249 -0.808995
v -2.14612 5.66249 -0.808995
v -0.84683 5.66249 -0.808995
v -0.84683 5.60249 -0.808995
v -2.14612 5.60249 -0.924995
v -2.14612 5.66249 -0.924995
v -0.84683 5.66249 -0.924995
v -0.84683 5.60249 -0.924995
v -2.14612 5.07362 -0.852611
v -2.14612 5.13362 -0.852611
v -0.84683 5.13362 -0.852611
v -0.84683 5.07362 -0.852611
v -2.14612 5.07362 -0.881379
v -2.14612 5.13362 -0.881379
v -0.84683 5.13362 -0.881379
v -0.84683 5.07362 -0.881379
v -2.1428 4.58003 -0.789226
v -2.1428 6.58132 -0.789226
v -2.10902 6.58132 -0.789226
v -2.10902 4.58003 -0.789226
v -2.1428 4.58003 -0.944764
v -2.1428 6.58132 -0.944764
v -2.10902 6.58132 -0.944764
v -2.10902 4.58003 -0.944764
v -2.14612 6.0767 -0.852611
v -2.14612 6.1367 -0.852611
v -0.84683 6.1367 -0.852611
v -0.84683 6.0767 -0.852611
v -2.14612 6.0767 -0.881379
v -2.14612 6.1367 -0.881379
v -0.84683 6.1367 -0.881379
v -0.84683 6.0767 -0.881379
v -3.64556 4.61946 -0.789226
v -3.64556 6.58874 -0.789226
v -3.61117 6.58874 -0.789226
v -3.61117 4.61946 -0.789226
v -3.64556 4.61946 -0.944764
v -3.64556 6.58874 -0.944764
v -3.61117 6.58874 -0.944764
v -3.61117 4.61946 -0.944764
v -4.31104 4.61946 -0.847697
v -4.31104 6.58874 -0.847697
v -4.27665 6.58874 -0.847697
v -4.27665 4.61946 -0.847697
v -4.31104 4.61946 -0.886292
v -4.31104 6.58874 -0.886292
v -4.27665 6.58874 -0.886292
v -4.27665 4.61946 -0.886292
v -4.95518 4.62516 -0.754823
v -4.95518 4.6842 -0.754823
v -3.63251 4.6842 -0.754823
v -3.63251 4.62516 -0.754823
v -4.95518 4.62516 -0.979167
v -4.95518 4.6842 -0.979167
v -3.63251 4.6842 -0.979167
v -3.63251 4.62516 -0.979167
v -4.95518 6.56409 -0.754823
v -4.95518 6.62312 -0.754823
v -3.63251 6.62312 -0.754823
v -3.63251 6.56409 -0.754823
v -4.95518 6.56409 -0.979167
v -4.95518 6.62312 -0.979167
v -3.63251 6.62312 -0.979167
v -3.63251 6.56409 -0.979167
v -3.95371 4.61946 -0.847697
v -3.95371 6.58874 -0.847697
v -3.91932 6.58874 -0.847697
v -3.91932 4.61946 -0.847697
v -3.95371 4.61946 -0.886292
v -3.95371 6.58874 -0.886292
v -3.91932 6.58874 -0.886292
v -3.91932 4.61946 -0.886292
v -4.67668 4.61946 -0.847697
v -4.67668 6.58874 -0.847697
v -4.64229 6.58874 -0.847697
v -4.64229 4.61946 -0.847697
v -4.67668 4.61946 -0.886292
v -4.67668 6.58874 -0.886292
v -4.64229 6.58874 -0.886292
v -4.64229 4.61946 -0.886292
v -4.95518 5.62557 -0.808995
v -4.95518 5.6846 -0.808995
v -3.63251 5.6846 -0.808995
v -3.63251 5.62557 -0.808995
v -4.95518 5.62557 -0.924995
v -4.95518 5.6846 -0.924995
v -3.63251 5.6846 -0.924995
v -3.63251 5.62557 -0.924995
v -4.95518 5.10516 -0.852611
v -4.95518 5.1642 -0.852611
v -3.63251 5.1642 -0.852611
v -3.63251 5.10516 -0.852611
v -4.95518 5.10516 -0.881379
v -4.95518 5.1642 -0.881379
v -3.63251 5.1642 -0.881379
v -3.63251 5.10516 -0.881379
v -4.95181 4.61946 -0.789226
v -4.95181 6.58874 -0.789226
v -4.91742 6.58874 -0.789226
v -4.91742 4.61946 -0.789226
v -4.95181 4.61946 -0.944764
v -4.95181 6.58874 -0.944764
v -4.91742 6.58874 -0.944764
v -4.91742 4.61946 -0.944764
v -4.95518 6.09219 -0.852611
v -4.95518 6.15123 -0.852611
v -3.63251 6.15123 -0.852611
v -3.63251 6.09219 -0.852611
v -4.95518 6.09219 -0.881379
v -4.95518 6.15123 -0.881379
v -3.63251 6.15123 -0.881379
v -3.63251 6.09219 -0.881379
v -3.64556 0.860653 -0.789226
v -3.64556 2.93233 -0.789226
v -3.61117 2.93233 -0.789226
v -3.61117 0.860653 -0.789226
v -3.64556 0.860653 -0.944764
v -3.64556 2.93233 -0.944764
v -3.61117 2.93233 -0.944764
v -3.61117 0.860653 -0.944764
v -4.31104 0.860653 -0.847697
v -4.31104 2.93233 -0.847697
v -4.27665 2.93233 -0.847697
v -4.27665 0.860653 -0.847697
v -4.31104 0.860653 -0.886292
v -4.31104 2.93233 -0.886292
v -4.27665 2.93233 -0.886292
v -4.27665 0.860653 -0.886292
v -4.95518 0.866651 -0.754823
v -4.95518 0.928759 -0.754823
v -3.63251 0.928759 -0.754823
v -3.63251 0.866651 -0.754823
v -4.95518 0.866651 -0.979167
v -4.95518 0.928759 -0.979167
v -3.63251 0.928759 -0.979167
v -3.63251 0.866651 -0.979167
v -4.95518 2.9064 -0.754823
v -4.95518 2.96851 -0.754823
v -3.63251 2.96851 -0.754823
v -3.63251 2.9064 -0.754823
v -4.95518 2.9064 -0.979167
v -4.95518 2.96851 -0.979167
v -3.63251 2.96851 -0.979167
v -3.63251 2.9064 -0.979167
v -3.95371 0.860653 -0.847697
v -3.95371 2.93233 -0.847697
v -3.91932 2.93233 -0.847697
v -3.91932 0.860653 -0.847697
v -3.95371 0.860653 -0.886292
v -3.95371 2.93233 -0.886292
v -3.91932 2.93233 -0.886292
v -3.91932 0.860653 -0.886292
v -4.67668 0.860653 -0.847697
v -4.67668 2.93233 -0.847697
v -4.64229 2.93233 -0.847697
v -4.64229 0.860653 -0.847697
v -4.67668 0.860653 -0.886292
v -4.67668 2.93233 -0.886292
v -4.64229 2.93233 -0.886292
v -4.64229 0.860653 -0.886292
v -4.95518 1.91907 -0.808995
v -4.95518 1.98118 -0.808995
v -3.63251 1.98118 -0.808995
v -3.63251 1.91907 -0.808995
v -4.95518 1.91907 -0.924995
v -4.95518 1.98118 -0.924995
v -3.63251 1.98118 -0.924995
v -3.63251 1.91907 -0.924995
v -4.95518 1.37161 -0.852611
v -4.95518 1.43372 -0.852611
v -3.63251 1.43372 -0.852611
v -3.63251 1.37161 -0.852611
v -4.95518 1.37161 -0.881379
v -4.95518 1.43372 -0.881379
v -3.63251 1.43372 -0.881379
v -3.63251 1.37161 -0.881379
v -4.95181 0.860653 -0.789226
v -4.95181 2.93233 -0.789226
v -4.91742 2.93233 -0.789226
v -4.91742 0.860653 -0.789226
v -4.95181 0.860653 -0.944764
v -4.95181 2.93233 -0.944764
v -4.91742 2.93233 -0.944764
v -4.91742 0.860653 -0.944764
v -4.95518 2.40996 -0.852611
v -4.95518 2.47207 -0.852611
v -3.63251 2.47207 -0.852611
v -3.63251 2.40996 -0.852611
v -4.95518 2.40996 -0.881379
v -4.95518 2.47207 -0.881379
v -3.63251 2.47207 -0.881379
v -3.63251 2.40996 -0.881379
v 9.05151 6.98737 -5.98075
v 9.05151 8.11729 -5.94564
v 10.1571 8.11729 -5.94564
v 10.1571 6.98737 -5.98075
v 9.05151 6.93797 -4.39116
v 9.05151 8.06789 -4.35605
v 10.1571 8.06789 -4.35605
v 10.1571 6.93797 -4.39116
v 10.211 8.76833 -4.3261
v 10.211 8.06699 -4.32701
v 8.9976 8.06699 -4.32701
v 8.9976 8.76833 -4.3261
v 10.211 8.14724 -5.97378
v 10.211 8.11819 -5.97468
v 8.9976 8.11819 -5.97468
v 8.9976 8.14724 -5.97378
v 9.60432 8.16246 -6.02854
v 10.211 8.54393 -3.39178
v 8.9976 8.54393 -3.39178
v 9.60432 8.84798 -3.96756
v 9.25273 7.91617 -5.95189
v 9.25273 7.18849 -5.9745
v 9.9559 7.18849 -5.9745
v 9.9559 7.91617 -5.95189
v 9.25273 7.89654 -5.32045
v 9.25273 7.16887 -5.34306
v 9.9559 7.16887 -5.34306
v 9.9559 7.89654 -5.32045
v 13.1013 7.2894 -2.94323
v 13.1013 10.399 -2.94323
v 13.8413 10.399 -2.94323
v 13.8413 7.2894 -2.94323
v 13.1013 7.2894 -3.71123
v 13.1013 10.399 -3.71123
v 13.8413 10.399 -3.71123
v 13.8413 7.2894 -3.71123
v 5.20146 2.75108 -0.62441
v 5.20146 2.89101 -0.62441
v 6.96689 2.89101 -0.62441
v 6.96689 2.75108 -0.62441
v 5.20146 2.75108 -0.935962
v 5.20146 2.89101 -0.935962
v 6.96689 2.89101 -0.935962
v 6.96689 2.75108 -0.935962
v -5.15013 0.697911 -0.62441
v -5.15013 0.837844 -0.62441
v -3.3847 0.837844 -0.62441
v -3.3847 0.697911 -0.62441
v -5.15013 0.697911 -0.935962
v -5.15013 0.837844 -0.935962
v -3.3847 0.837844 -0.935962
v -3.3847 0.697911 -0.935962
v -2.29308 0.697911 -0.62441
v -2.29308 0.837844 -0.62441
v -0.527648 0.837844 -0.62441
v -0.527648 0.697911 -0.62441
v -2.29308 0.697911 -0.935962
v -2.29308 0.837844 -0.935962
v -0.527648 0.837844 -0.935962
v -0.527648 0.697911 -0.935962
v -5.15013 2.84469 -0.62441
v -5.15013 2.98462 -0.62441
v -3.3847 2.98462 -0.62441
v -3.3847 2.84469 -0.62441
v -5.15013 2.84469 -0.935962
v -5.15013 2.98462 -0.935962
v -3.3847 2.98462 -0.935962
v -3.3847 2.84469 -0.935962
v -2.29308 2.95314 -0.62441
v -2.29308 3.09308 -0.62441
v -0.527648 3.09308 -0.62441
v -0.527648 2.95314 -0.62441
v -2.29308 2.91338 -0.935962
v -2.29308 3.05331 -0.935962
v -0.527648 3.05331 -0.935962
v -0.527648 2.91338 -0.935962
v 0.516092 2.95314 -0.62441
v 0.516092 3.09308 -0.62441
v 2.28152 3.09308 -0.62441
v 2.28152 2.95314 -0.62441
v 0.516092 2.95314 -0.935962
v 0.516092 3.09308 -0.935962
v 2.28152 3.09308 -0.935962
v 2.28152 2.95314 -0.935962
v -5.15013 4.42286 -0.730321
v -5.15013 4.5628 -0.730321
v -3.3847 4.5628 -0.730321
v -3.3847 4.42286 -0.730321
v -5.15013 4.42286 -1.04187
v -5.15013 4.5628 -1.04187
v -3.3847 4.5628 -1.04187
v -3.3847 4.42286 -1.04187
v -2.29308 4.42286 -0.730321
v -2.29308 4.5628 -0.730321
v -0.527648 4.5628 -0.730321
v -0.527648 4.42286 -0.730321
v -2.29308 4.42286 -1.04187
v -2.29308 4.5628 -1.04187
v -0.527648 4.5628 -1.04187
v -0.527648 4.42286 -1.04187
v 0.516092 4.42286 -0.730321
v 0.516092 4.5628 -0.730321
v 2.28152 4.5628 -0.730321
v 2.28152 4.42286 -0.730321
v 0.516092 4.42286 -1.04187
v 0.516092 4.5628 -1.04187
v 2.28152 4.5628 -1.04187
v 2.28152 4.42286 -1.04187
v -5.15013 6.56964 -0.730321
v -5.15013 6.70958 -0.730321
v -3.3847 6.70958 -0.730321
v -3.3847 6.56964 -0.730321
v -5.15013 6.56964 -1.04187
v -5.15013 6.70958 -1.04187
v -3.3847 6.70958 -1.04187
v -3.3847 6.56964 -1.04187
v -2.29308 6.56964 -0.730321
v -2.29308 6.70958 -0.730321
v -0.527648 6.70958 -0.730321
v -0.527648 6.56964 -0.730321
v -2.29308 6.56964 -1.04187
v -2.29308 6.70958 -1.04187
v -0.527648 6.70958 -1.04187
v -0.527648 6.56964 -1.04187
v 0.516092 6.56964 -0.730321
v 0.516092 6.70958 -0.730321
v 2.28152 6.70958 -0.730321
v 2.28152 6.56964 -0.730321
v 0.516092 6.56964 -1.04187
v 0.516092 6.70958 -1.04187
v 2.28152 6.70958 -1.04187
v 2.28152 6.56964 -1.04187
v 10.8711 5.66761 -0.660891
v 10.8711 5.80755 -0.660891
v 12.6365 5.80755 -0.660891
v 12.6365 5.66761 -0.660891
v 10.8711 5.66761 -0.972443
v 10.8711 5.80755 -0.972443
v 12.6365 5.80755 -0.972443
v 12.6365 5.66761 -0.972443
v 8.64674 5.66761 -0.660891
v 8.64674 5.80755 -0.660891
v 10.4122 5.80755 -0.660891
v 10.4122 5.66761 -0.660891
v 8.64674 5.66761 -0.972443
v 8.64674 5.80755 -0.972443
v 10.4122 5.80755 -0.972443
v 10.4122 5.66761 -0.972443
v 7.60162 3.37835 -0.660891
v 7.60162 3.51828 -0.660891
v 13.3335 3.51828 -0.660891
v 13.3335 3.37835 -0.660891
v 7.60162 3.37835 -0.972443
v 7.60162 3.51828 -0.972443
v 13.3335 3.51828 -0.972443
v 13.3335 3.37835 -0.972443
v -6.06808 3.78357 -0.660891
v -6.06808 3.92351 -0.660891
v 13.4282 3.92351 -0.660891
v 13.4282 3.78357 -0.660891
v -6.06808 3.78357 -0.972443
v -6.06808 3.92351 -0.972443
v 13.4282 3.92351 -0.972443
v 13.4282 3.78357 -0.972443
v -5.37304 0.697911 -5.4437
v -5.37304 0.837844 -5.4437
v -3.60761 0.837844 -5.4437
v -3.60761 0.697911 -5.4437
v -5.37304 0.697911 -5.75525
v -5.37304 0.837844 -5.75525
v -3.60761 0.837844 -5.75525
v -3.60761 0.697911 -5.75525
v -2.51599 0.697911 -5.4437
v -2.51599 0.837844 -5.4437
v -0.750556 0.837844 -5.4437
v -0.750556 0.697911 -5.4437
v -2.51599 0.697911 -5.75525
v -2.51599 0.837844 -5.75525
v -0.750556 0.837844 -5.75525
v -0.750556 0.697911 -5.75525
v 0.293184 0.697911 -5.4437
v 0.293184 0.837844 -5.4437
v 2.05861 0.837844 -5.4437
v 2.05861 0.697911 -5.4437
v 0.293184 0.697911 -5.75525
v 0.293184 0.837844 -5.75525
v 2.05861 0.837844 -5.75525
v 2.05861 0.697911 -5.75525
v -5.37304 2.84469 -5.4437
v -5.37304 2.98462 -5.4437
v -3.60761 2.98462 -5.4437
v -3.60761 2.84469 -5.4437
v -5.37304 2.84469 -5.75525
v -5.37304 2.98462 -5.75525
v -3.60761 2.98462 -5.75525
v -3.60761 2.84469 -5.75525
v -2.51599 2.95314 -5.4437
v -2.51599 3.09308 -5.4437
v -0.750556 3.09308 -5.4437
v -0.750556 2.95314 -5.4437
v -2.51599 2.91338 -5.75525
v -2.51599 3.05331 -5.75525
v -0.750556 3.05331 -5.75525
v -0.750556 2.91338 -5.75525
v 0.293184 2.95314 -5.4437
v 0.293184 3.09308 -5.4437
v 2.05861 3.09308 -5.4437
v 2.05861 2.95314 -5.4437
v 0.293184 2.95314 -5.75525
v 0.293184 3.09308 -5.75525
v 2.05861 3.09308 -5.75525
v 2.05861 2.95314 -5.75525
v -5.37304 4.42286 -5.54961
v -5.37304 4.5628 -5.54961
v -3.60761 4.5628 -5.54961
v -3.60761 4.42286 -5.54961
v -5.37304 4.42286 -5.86116
v -5.37304 4.5628 -5.86116
v -3.60761 4.5628 -5.86116
v -3.60761 4.42286 -5.86116
v -2.51599 4.42286 -5.54961
v -2.51599 4.5628 -5.54961
v -0.750556 4.5628 -5.54961
v -0.750556 4.42286 -5.54961
v -2.51599 4.42286 -5.86116
v -2.51599 4.5628 -5.86116
v -0.750556 4.5628 -5.86116
v -0.750556 4.42286 -5.86116
v 0.293184 4.42286 -5.54961
v 0.293184 4.5628 -5.54961
v 2.05861 4.5628 -5.54961
v 2.05861 4.42286 -5.54961
v 0.293184 4.42286 -5.86116
v 0.293184 4.5628 -5.86116
v 2.05861 4.5628 -5.86116
v 2.05861 4.42286 -5.86116
v -5.37304 6.56964 -5.54961
v -5.37304 6.70958 -5.54961
v -3.60761 6.70958 -5.54961
v -3.60761 6.56964 -5.54961
v -5.37304 6.56964 -5.86116
v -5.37304 6.70958 -5.86116
v -3.60761 6.70958 -5.86116
v -3.60761 6.56964 -5.86116
v -2.51599 6.56964 -5.54961
v -2.51599 6.70958 -5.54961
v -0.750556 6.70958 -5.54961
v -0.750556 6.56964 -5.54961
v -2.51599 6.56964 -5.86116
v -2.51599 6.70958 -5.86116
v -0.750556 6.70958 -5.86116
v -0.750556 6.56964 -5.86116
v 0.293184 6.56964 -5.54961
v 0.293184 6.70958 -5.54961
v 2.05861 6.70958 -5.54961
v 2.05861 6.56964 -5.54961
v 0.293184 6.56964 -5.86116
v 0.293184 6.70958 -5.86116
v 2.05861 6.70958 -5.86116
v 2.05861 6.56964 -5.86116
v 3.93138 5.66761 -5.54961
v 3.93138 5.80755 -5.54961
v 5.69681 5.80755 -5.54961
v 5.69681 5.66761 -5.54961
v 3.93138 5.66761 -5.86116
v 3.93138 5.80755 -5.86116
v 5.69681 5.80755 -5.86116
v 5.69681 5.66761 -5.86116
v 10.8711 5.66761 -5.54961
v 10.8711 5.80755 -5.54961
v 12.6365 5.80755 -5.54961
v 12.6365 5.66761 -5.54961
v 10.8711 5.66761 -5.86116
v 10.8711 5.80755 -5.86116
v 12.6365 5.80755 -5.86116
v 12.6365 5.66761 -5.86116
v 8.64674 5.66761 -5.54961
v 8.64674 5.80755 -5.54961
v 10.4122 5.80755 -5.54961
v 10.4122 5.66761 -5.54961
v 8.64674 5.66761 -5.86116
v 8.64674 5.80755 -5.86116
v 10.4122 5.80755 -5.86116
v 10.4122 5.66761 -5.86116
v 7.60162 3.37835 -5.54961
v 7.60162 3.51828 -5.54961
v 13.3335 3.51828 -5.54961
v 13.3335 3.37835 -5.54961
v 7.60162 3.37835 -5.86116
v 7.60162 3.51828 -5.86116
v 13.3335 3.51828 -5.86116
v 13.3335 3.37835 -5.86116
v -6.06808 3.78357 -5.54961
v -6.06808 3.92351 -5.54961
v 13.4282 3.92351 -5.54961
v 13.4282 3.78357 -5.54961
v -6.06808 3.78357 -5.86116
v -6.06808 3.92351 -5.86116
v 13.4282 3.92351 -5.86116
v 13.4282 3.78357 -5.86116
v 13.0192 10.272 -2.85802
v 13.0192 10.4119 -2.85802
v 13.9234 10.4119 -2.85802
v 13.9234 10.272 -2.85802
v 13.0192 10.272 -3.79643
v 13.0192 10.4119 -3.79643
v 13.9234 10.4119 -3.79643
v 13.9234 10.272 -3.79643
v 6.99263 7.2894 -2.94323
v 6.99263 10.399 -2.94323
v 7.73263 10.399 -2.94323
v 7.73263 7.2894 -2.94323
v 6.99263 7.2894 -3.71123
v 6.99263 10.399 -3.71123
v 7.73263 10.399 -3.71123
v 7.73263 7.2894 -3.71123
v 6.91053 10.272 -2.85802
v 6.91053 10.4119 -2.85802
v 7.81472 10.4119 -2.85802
v 7.81472 10.272 -2.85802
v 6.91053 10.272 -3.79643
v 6.91053 10.4119 -3.79643
v 7.81472 10.4119 -3.79643
v 7.81472 10.272 -3.79643
v -6.02635 7.2894 -2.94323
v -6.02635 10.399 -2.94323
v -5.28635 10.399 -2.94323
v -5.28635 7.2894 -2.94323
v -6.02635 7.2894 -3.71123
v -6.02635 10.399 -3.71123
v -5.28635 10.399 -3.71123
v -5.28635 7.2894 -3.71123
v -6.10844 10.272 -2.85802
v -6.10844 10.4119 -2.85802
v -5.20425 10.4119 -2.85802
v -5.20425 10.272 -2.85802
v -6.10844 10.272 -3.79643
v -6.10844 10.4119 -3.79643
v -5.20425 10.4119 -3.79643
v -5.20425 10.272 -3.79643
v 1.82962 0.819153 -5.58198
v 1.82962 2.92022 -5.58198
v 1.86584 2.92022 -5.58198
v 1.86584 0.819153 -5.58198
v 1.82962 0.819153 -5.73752
v 1.82962 2.92022 -5.73752
v 1.86584 2.92022 -5.73752
v 1.86584 0.819153 -5.73752
v 1.12872 0.819153 -5.64045
v 1.12872 2.92022 -5.64045
v 1.16494 2.92022 -5.64045
v 1.16494 0.819153 -5.64045
v 1.12872 0.819153 -5.67905
v 1.12872 2.92022 -5.67905
v 1.16494 2.92022 -5.67905
v 1.16494 0.819153 -5.67905
v 0.450293 0.825236 -5.54758
v 0.450293 0.888225 -5.54758
v 1.84337 0.888225 -5.54758
v 1.84337 0.825236 -5.54758
v 0.450293 0.825236 -5.77192
v 0.450293 0.888225 -5.77192
v 1.84337 0.888225 -5.77192
v 1.84337 0.825236 -5.77192
v 0.450293 2.89392 -5.54758
v 0.450293 2.95691 -5.54758
v 1.84337 2.95691 -5.54758
v 1.84337 2.89392 -5.54758
v 0.450293 2.89392 -5.77192
v 0.450293 2.95691 -5.77192
v 1.84337 2.95691 -5.77192
v 1.84337 2.89392 -5.77192
v 1.50508 0.819153 -5.64045
v 1.50508 2.92022 -5.64045
v 1.5413 2.92022 -5.64045
v 1.5413 0.819153 -5.64045
v 1.50508 0.819153 -5.67905
v 1.50508 2.92022 -5.67905
v 1.5413 2.92022 -5.67905
v 1.5413 0.819153 -5.67905
v 0.743615 0.819153 -5.64045
v 0.743615 2.92022 -5.64045
v 0.779835 2.92022 -5.64045
v 0.779835 0.819153 -5.64045
v 0.743615 0.819153 -5.67905
v 0.743615 2.92022 -5.67905
v 0.779835 2.92022 -5.67905
v 0.779835 0.819153 -5.67905
v 0.450293 1.89259 -5.60175
v 0.450293 1.95558 -5.60175
v 1.84337 1.95558 -5.60175
v 1.84337 1.89259 -5.60175
v 0.450293 1.89259 -5.71775
v 0.450293 1.95558 -5.71775
v 1.84337 1.95558 -5.71775
v 1.84337 1.89259 -5.71775
v 0.450293 1.33736 -5.64536
v 0.450293 1.40035 -5.64536
v 1.84337 1.40035 -5.64536
v 1.84337 1.33736 -5.64536
v 0.450293 1.33736 -5.67413
v 0.450293 1.40035 -5.67413
v 1.84337 1.40035 -5.67413
v 1.84337 1.33736 -5.67413
v 0.453847 0.819153 -5.58198
v 0.453847 2.92022 -5.58198
v 0.490067 2.92022 -5.58198
v 0.490067 0.819153 -5.58198
v 0.453847 0.819153 -5.73752
v 0.453847 2.92022 -5.73752
v 0.490067 2.92022 -5.73752
v 0.490067 0.819153 -5.73752
v 0.450293 2.39044 -5.64536
v 0.450293 2.45343 -5.64536
v 1.84337 2.45343 -5.64536
v 1.84337 2.39044 -5.64536
v 0.450293 2.39044 -5.67413
v 0.450293 2.45343 -5.67413
v 1.84337 2.45343 -5.67413
v 1.84337 2.39044 -5.67413
v 0.656789 0.101339 -0.754758
v 0.656789 2.9749 -0.754758
v 2.21004 2.9749 -0.754758
v 2.21004 0.101339 -0.754758
v 0.656789 0.101339 -0.817358
v 0.656789 2.9749 -0.817358
v 2.21004 2.9749 -0.817358
v 2.21004 0.101339 -0.817358
v 4.20331 6.61139 -5.74895
v 4.20331 6.6449 -5.74895
v 5.38516 6.6449 -5.74895
v 5.38516 6.61139 -5.74895
v 4.20331 6.61139 -5.78441
v 4.20331 6.6449 -5.78441
v 5.38516 6.6449 -5.78441
v 5.38516 6.61139 -5.78441
v 4.20331 6.05117 -5.74895
v 4.20331 6.08468 -5.74895
v 5.38516 6.08468 -5.74895
v 5.38516 6.05117 -5.74895
v 4.20331 6.05117 -5.78441
v 4.20331 6.08468 -5.78441
v 5.38516 6.08468 -5.78441
v 5.38516 6.05117 -5.78441
v 4.20331 6.87924 -5.6284
v 4.20331 6.91275 -5.6284
v 5.38516 6.91275 -5.6284
v 5.38516 6.87924 -5.6284
v 4.20331 6.87924 -5.90495
v 4.20331 6.91275 -5.90495
v 5.38516 6.91275 -5.90495
v 5.38516 6.87924 -5.90495
v 5.37349 5.7755 -5.67081
v 5.37349 6.89323 -5.67081
v 5.40422 6.89323 -5.67081
v 5.40422 5.7755 -5.67081
v 5.37349 5.7755 -5.86255
v 5.37349 6.89323 -5.86255
v 5.40422 6.89323 -5.86255
v 5.40422 5.7755 -5.86255
v 4.77887 5.7755 -5.74289
v 4.77887 6.89323 -5.74289
v 4.8096 6.89323 -5.74289
v 4.8096 5.7755 -5.74289
v 4.77887 5.7755 -5.79047
v 4.77887 6.89323 -5.79047
v 4.8096 6.89323 -5.79047
v 4.8096 5.7755 -5.79047
v 4.20331 5.77873 -5.6284
v 4.20331 5.81224 -5.6284
v 5.38516 5.81224 -5.6284
v 5.38516 5.77873 -5.6284
v 4.20331 5.77873 -5.90495
v 4.20331 5.81224 -5.90495
v 5.38516 5.81224 -5.90495
v 5.38516 5.77873 -5.90495
v 5.09816 5.7755 -5.74289
v 5.09816 6.89323 -5.74289
v 5.12889 6.89323 -5.74289
v 5.12889 5.7755 -5.74289
v 5.09816 5.7755 -5.79047
v 5.09816 6.89323 -5.79047
v 5.12889 6.89323 -5.79047
v 5.12889 5.7755 -5.79047
v 4.45216 5.7755 -5.74289
v 4.45216 6.89323 -5.74289
v 4.48288 6.89323 -5.74289
v 4.48288 5.7755 -5.74289
v 4.45216 5.7755 -5.79047
v 4.45216 6.89323 -5.79047
v 4.48288 6.89323 -5.79047
v 4.48288 5.7755 -5.79047
v 4.20331 6.34655 -5.69518
v 4.20331 6.38005 -5.69518
v 5.38516 6.38005 -5.69518
v 5.38516 6.34655 -5.69518
v 4.20331 6.34655 -5.83818
v 4.20331 6.38005 -5.83818
v 5.38516 6.38005 -5.83818
v 5.38516 6.34655 -5.83818
v 4.20633 5.7755 -5.67081
v 4.20633 6.89323 -5.67081
v 4.23705 6.89323 -5.67081
v 4.23705 5.7755 -5.67081
v 4.20633 5.7755 -5.86255
v 4.20633 6.89323 -5.86255
v 4.23705 6.89323 -5.86255
v 4.23705 5.7755 -5.86255
v -2.15307 2.3843 -0.735541
v -2.15307 2.44464 -0.735541
v -0.759659 2.44464 -0.735541
v -0.759659 2.3843 -0.735541
v -2.15307 2.3843 -0.700078
v -2.15307 2.44464 -0.700078
v -0.759659 2.44464 -0.700078
v -0.759659 2.3843 -0.700078
v -2.15307 1.3756 -0.735541
v -2.15307 1.43593 -0.735541
v -0.759659 1.43593 -0.735541
v -0.759659 1.3756 -0.735541
v -2.15307 1.3756 -0.700078
v -2.15307 1.43593 -0.700078
v -0.759659 1.43593 -0.700078
v -0.759659 1.3756 -0.700078
v -2.15307 2.86656 -0.856086
v -2.15307 2.9269 -0.856086
v -0.759659 2.9269 -0.856086
v -0.759659 2.86656 -0.856086
v -2.15307 2.86656 -0.579533
v -2.15307 2.9269 -0.579533
v -0.759659 2.9269 -0.579533
v -0.759659 2.86656 -0.579533
v -0.77341 0.879231 -0.813677
v -0.77341 2.89175 -0.813677
v -0.737181 2.89175 -0.813677
v -0.737181 0.879231 -0.813677
v -0.77341 0.879231 -0.621942
v -0.77341 2.89175 -0.621942
v -0.737181 2.89175 -0.621942
v -0.737181 0.879231 -0.621942
v -1.47448 0.879231 -0.741598
v -1.47448 2.89175 -0.741598
v -1.43825 2.89175 -0.741598
v -1.43825 0.879231 -0.741598
v -1.47448 0.879231 -0.694021
v -1.47448 2.89175 -0.694021
v -1.43825 2.89175 -0.694021
v -1.43825 0.879231 -0.694021
v -2.15307 0.885058 -0.856086
v -2.15307 0.945392 -0.856086
v -0.759659 0.945392 -0.856086
v -0.759659 0.885058 -0.856086
v -2.15307 0.885058 -0.579533
v -2.15307 0.945392 -0.579533
v -0.759659 0.945392 -0.579533
v -0.759659 0.885058 -0.579533
v -1.09804 0.879231 -0.741598
v -1.09804 2.89175 -0.741598
v -1.06181 2.89175 -0.741598
v -1.06181 0.879231 -0.741598
v -1.09804 0.879231 -0.694021
v -1.09804 2.89175 -0.694021
v -1.06181 2.89175 -0.694021
v -1.06181 0.879231 -0.694021
v -1.85968 0.879231 -0.741598
v -1.85968 2.89175 -0.741598
v -1.82345 2.89175 -0.741598
v -1.82345 0.879231 -0.741598
v -1.85968 0.879231 -0.694021
v -1.85968 2.89175 -0.694021
v -1.82345 2.89175 -0.694021
v -1.82345 0.879231 -0.694021
v -2.15307 1.90743 -0.789307
v -2.15307 1.96776 -0.789307
v -0.759659 1.96776 -0.789307
v -0.759659 1.90743 -0.789307
v -2.15307 1.90743 -0.646312
v -2.15307 1.96776 -0.646312
v -0.759659 1.96776 -0.646312
v -0.759659 1.90743 -0.646312
v -2.14952 0.879231 -0.813677
v -2.14952 2.89175 -0.813677
v -2.11329 2.89175 -0.813677
v -2.11329 0.879231 -0.813677
v -2.14952 0.879231 -0.621942
v -2.14952 2.89175 -0.621942
v -2.11329 2.89175 -0.621942
v -2.11329 0.879231 -0.621942
v 0.597647 6.05077 -0.735541
v 0.597647 6.11111 -0.735541
v 1.99106 6.11111 -0.735541
v 1.99106 6.05077 -0.735541
v 0.597647 6.05077 -0.700078
v 0.597647 6.11111 -0.700078
v 1.99106 6.11111 -0.700078
v 1.99106 6.05077 -0.700078
v 0.597647 5.04207 -0.735541
v 0.597647 5.10241 -0.735541
v 1.99106 5.10241 -0.735541
v 1.99106 5.04207 -0.735541
v 0.597647 5.04207 -0.700078
v 0.597647 5.10241 -0.700078
v 1.99106 5.10241 -0.700078
v 1.99106 5.04207 -0.700078
v 0.597647 6.53303 -0.856086
v 0.597647 6.59337 -0.856086
v 1.99106 6.59337 -0.856086
v 1.99106 6.53303 -0.856086
v 0.597647 6.53303 -0.579533
v 0.597647 6.59337 -0.579533
v 1.99106 6.59337 -0.579533
v 1.99106 6.53303 -0.579533
v 1.97731 4.5457 -0.813677
v 1.97731 6.55823 -0.813677
v 2.01354 6.55823 -0.813677
v 2.01354 4.5457 -0.813677
v 1.97731 4.5457 -0.621942
v 1.97731 6.55823 -0.621942
v 2.01354 6.55823 -0.621942
v 2.01354 4.5457 -0.621942
v 1.27624 4.5457 -0.741598
v 1.27624 6.55823 -0.741598
v 1.31247 6.55823 -0.741598
v 1.31247 4.5457 -0.741598
v 1.27624 4.5457 -0.694021
v 1.27624 6.55823 -0.694021
v 1.31247 6.55823 -0.694021
v 1.31247 4.5457 -0.694021
v 0.597647 4.55153 -0.856086
v 0.597647 4.61187 -0.856086
v 1.99106 4.61187 -0.856086
v 1.99106 4.55153 -0.856086
v 0.597647 4.55153 -0.579533
v 0.597647 4.61187 -0.579533
v 1.99106 4.61187 -0.579533
v 1.99106 4.55153 -0.579533
v 1.65269 4.5457 -0.741598
v 1.65269 6.55823 -0.741598
v 1.68891 6.55823 -0.741598
v 1.68891 4.5457 -0.741598
v 1.65269 4.5457 -0.694021
v 1.65269 6.55823 -0.694021
v 1.68891 6.55823 -0.694021
v 1.68891 4.5457 -0.694021
v 0.891041 4.5457 -0.741598
v 0.891041 6.55823 -0.741598
v 0.927269 6.55823 -0.741598
v 0.927269 4.5457 -0.741598
v 0.891041 4.5457 -0.694021
v 0.891041 6.55823 -0.694021
v 0.927269 6.55823 -0.694021
v 0.927269 4.5457 -0.694021
v 0.597647 5.5739 -0.789307
v 0.597647 5.63424 -0.789307
v 1.99106 5.63424 -0.789307
v 1.99106 5.5739 -0.789307
v 0.597647 5.5739 -0.646312
v 0.597647 5.63424 -0.646312
v 1.99106 5.63424 -0.646312
v 1.99106 5.5739 -0.646312
v 0.601202 4.5457 -0.813677
v 0.601202 6.55823 -0.813677
v 0.637431 6.55823 -0.813677
v 0.637431 4.5457 -0.813677
v 0.601202 4.5457 -0.621942
v 0.601202 6.55823 -0.621942
v 0.637431 6.55823 -0.621942
v 0.637431 4.5457 -0.621942
v 5.45815 5.3916 -0.735541
v 5.45815 5.42884 -0.735541
v 6.6883 5.42884 -0.735541
v 6.6883 5.3916 -0.735541
v 5.45815 5.3916 -0.700078
v 5.45815 5.42884 -0.700078
v 6.6883 5.42884 -0.700078
v 6.6883 5.3916 -0.700078
v 5.45815 4.76894 -0.735541
v 5.45815 4.80618 -0.735541
v 6.6883 4.80618 -0.735541
v 6.6883 4.76894 -0.735541
v 5.45815 4.76894 -0.700078
v 5.45815 4.80618 -0.700078
v 6.6883 4.80618 -0.700078
v 6.6883 4.76894 -0.700078
v 5.45815 5.68929 -0.856086
v 5.45815 5.72653 -0.856086
v 6.6883 5.72653 -0.856086
v 6.6883 5.68929 -0.856086
v 5.45815 5.68929 -0.579533
v 5.45815 5.72653 -0.579533
v 6.6883 5.72653 -0.579533
v 6.6883 5.68929 -0.579533
v 6.67616 4.46254 -0.813677
v 6.67616 5.70484 -0.813677
v 6.70814 5.70484 -0.813677
v 6.70814 4.46254 -0.813677
v 6.67616 4.46254 -0.621942
v 6.67616 5.70484 -0.621942
v 6.70814 5.70484 -0.621942
v 6.70814 4.46254 -0.621942
v 6.05723 4.46254 -0.741598
v 6.05723 5.70484 -0.741598
v 6.08921 5.70484 -0.741598
v 6.08921 4.46254 -0.741598
v 6.05723 4.46254 -0.694021
v 6.05723 5.70484 -0.694021
v 6.08921 5.70484 -0.694021
v 6.08921 4.46254 -0.694021
v 5.45815 4.46614 -0.856086
v 5.45815 4.50338 -0.856086
v 6.6883 4.50338 -0.856086
v 6.6883 4.46614 -0.856086
v 5.45815 4.46614 -0.579533
v 5.45815 4.50338 -0.579533
v 6.6883 4.50338 -0.579533
v 6.6883 4.46614 -0.579533
v 6.38957 4.46254 -0.741598
v 6.38957 5.70484 -0.741598
v 6.42155 5.70484 -0.741598
v 6.42155 4.46254 -0.741598
v 6.38957 4.46254 -0.694021
v 6.38957 5.70484 -0.694021
v 6.42155 5.70484 -0.694021
v 6.42155 4.46254 -0.694021
v 5.71716 4.46254 -0.741598
v 5.71716 5.70484 -0.741598
v 5.74915 5.70484 -0.741598
v 5.74915 4.46254 -0.741598
v 5.71716 4.46254 -0.694021
v 5.71716 5.70484 -0.694021
v 5.74915 5.70484 -0.694021
v 5.74915 4.46254 -0.694021
v 5.45815 5.09723 -0.789307
v 5.45815 5.13447 -0.789307
v 6.6883 5.13447 -0.789307
v 6.6883 5.09723 -0.789307
v 5.45815 5.09723 -0.646312
v 5.45815 5.13447 -0.646312
v 6.6883 5.13447 -0.646312
v 6.6883 5.09723 -0.646312
v 5.46129 4.46254 -0.813677
v 5.46129 5.70484 -0.813677
v 5.49327 5.70484 -0.813677
v 5.49327 4.46254 -0.813677
v 5.46129 4.46254 -0.621942
v 5.46129 5.70484 -0.621942
v 5.49327 5.70484 -0.621942
v 5.49327 4.46254 -0.621942
v 5.2675 2.267 -0.735541
v 5.2675 2.31746 -0.735541
v 6.87765 2.31746 -0.735541
v 6.87765 2.267 -0.735541
v 5.2675 2.267 -0.700078
v 5.2675 2.31746 -0.700078
v 6.87765 2.31746 -0.700078
v 6.87765 2.267 -0.700078
v 5.2675 1.42329 -0.735541
v 5.2675 1.47376 -0.735541
v 6.87765 1.47376 -0.735541
v 6.87765 1.42329 -0.735541
v 5.2675 1.42329 -0.700078
v 5.2675 1.47376 -0.700078
v 6.87765 1.47376 -0.700078
v 6.87765 1.42329 -0.700078
v 5.2675 2.67037 -0.856086
v 5.2675 2.72084 -0.856086
v 6.87765 2.72084 -0.856086
v 6.87765 2.67037 -0.856086
v 5.2675 2.67037 -0.579533
v 5.2675 2.72084 -0.579533
v 6.87765 2.72084 -0.579533
v 6.87765 2.67037 -0.579533
v 6.86176 1.00811 -0.813677
v 6.86176 2.69144 -0.813677
v 6.90362 2.69144 -0.813677
v 6.90362 1.00811 -0.813677
v 6.86176 1.00811 -0.621942
v 6.86176 2.69144 -0.621942
v 6.90362 2.69144 -0.621942
v 6.90362 1.00811 -0.621942
v 6.05164 1.00811 -0.741598
v 6.05164 2.69144 -0.741598
v 6.09351 2.69144 -0.741598
v 6.09351 1.00811 -0.741598
v 6.05164 1.00811 -0.694021
v 6.05164 2.69144 -0.694021
v 6.09351 2.69144 -0.694021
v 6.09351 1.00811 -0.694021
v 5.2675 1.01299 -0.856086
v 5.2675 1.06345 -0.856086
v 6.87765 1.06345 -0.856086
v 6.87765 1.01299 -0.856086
v 5.2675 1.01299 -0.579533
v 5.2675 1.06345 -0.579533
v 6.87765 1.06345 -0.579533
v 6.87765 1.01299 -0.579533
v 6.48664 1.00811 -0.741598
v 6.48664 2.69144 -0.741598
v 6.5285 2.69144 -0.741598
v 6.5285 1.00811 -0.741598
v 6.48664 1.00811 -0.694021
v 6.48664 2.69144 -0.694021
v 6.5285 2.69144 -0.694021
v 6.5285 1.00811 -0.694021
v 5.60653 1.00811 -0.741598
v 5.60653 2.69144 -0.741598
v 5.6484 2.69144 -0.741598
v 5.6484 1.00811 -0.741598
v 5.60653 1.00811 -0.694021
v 5.60653 2.69144 -0.694021
v 5.6484 2.69144 -0.694021
v 5.6484 1.00811 -0.694021
v 5.2675 1.86813 -0.789307
v 5.2675 1.91859 -0.789307
v 6.87765 1.91859 -0.789307
v 6.87765 1.86813 -0.789307
v 5.2675 1.86813 -0.646312
v 5.2675 1.91859 -0.646312
v 6.87765 1.91859 -0.646312
v 6.87765 1.86813 -0.646312
v 5.27161 1.00811 -0.813677
v 5.27161 2.69144 -0.813677
v 5.31348 2.69144 -0.813677
v 5.31348 1.00811 -0.813677
v 5.27161 1.00811 -0.621942
v 5.27161 2.69144 -0.621942
v 5.31348 2.69144 -0.621942
v 5.31348 1.00811 -0.621942
v 9.12855 7.09823 -5.92411
v 9.12855 8.0257 -5.92411
v 10.0327 8.0257 -5.92411
v 10.0327 7.09823 -5.92411
v 9.12855 7.09823 -5.98671
v 9.12855 8.0257 -5.98671
v 10.0327 8.0257 -5.98671
v 10.0327 7.09823 -5.98671
vn -6.90598e-06 -0.00448332 -0.99999
vt 0.804346 0.84958
vn -2.52718e-05 -0.00461231 -0.999989
vt 0.489298 0.849478
vn -3.18847e-05 -0.00593408 -0.999982
vt 0.816073 0.716282
vn -2.71376e-06 -0.000287925 -1
vt 0.770387 0.917663
vn -5.45216e-05 -0.00589627 -0.999983
vt 0.474942 0.716282
vn -2.48497e-06 -0.000473943 -1
vt 0.52224 0.917544
vn -8.57729e-06 -0.00103266 -0.999999
vt 0.741162 0.959974
vn -1.19506e-05 -0.0011856 -0.999999
vt 0.551983 0.959093
vn -1.23709e-05 -0.00207949 -0.999998
vt 0.698491 0.985593
vn -8.19625e-06 -0.00326723 -0.999995
vt 0.594722 0.985305
vn -2.09515e-05 -0.0087304 -0.999962
vt 0.654689 0.993592
vn 0 -0.0085788 -0.999963
vt 0.638571 0.993592
vn 0 0 1
vt 0.257153 0.840867
vn 0 0 1
vt 0.394217 0.840867
vn 0 0 1
vt 0.394217 0.982178
vn -0.0100938 0.00524252 0.999935
vt 0.257153 0.982178
vn -0.433715 -0.90105 0
vt 0.257153 0.982178
vn -0.887442 -0.460918 0
vt 0.257153 0.982178
vn 0.433715 -0.90105 0
vt 0.257153 0.982178
vn 0.887442 -0.460918 0
vt 0.257153 0.982178
vn -0.433715 0.90105 0
vt 0.257153 0.982178
vn 0.433715 0.90105 0
vt 0.257153 0.982178
vn 0.887442 0.460918 0
vt 0.257153 0.982178
vn 0 0 -1
vt 0.392434 0.98429
vn 0 0 -1
vt 0.256728 0.98429
vn 0 0 -1
vt 0.256728 0.84509
vn 0 0 -1
vt 0.392434 0.84509
vn -1 0 0
vt 0.392434 0.84509
vn -0.00214051 0 0.999998
vt 0.392434 0.84509
vn -1 0 0
vt 0.392434 0.84509
vn -1 0 0
vt 0.392434 0.84509
vn 0 0 -1
vt 0.257153 0.982178
vn 0 0 -1
vt 0.394217 0.982178
vn 0 0 -1
vt 0.394217 0.840867
vn 0 -0.0029119 -0.999996
vt 0.257153 0.840867
vn 0 1 0
vt 0.257153 0.840867
vn 0 1 0
vt 0.257153 0.840867
vn 0.592283 0.80573 0
vt 0.257153 0.840867
vn 0.946745 0.321983 0
vt 0.257153 0.840867
vn 0.946745 -0.321983 0
vt 0.257153 0.840867
vn 0.592283 -0.80573 0
vt 0.257153 0.840867
vn 0 -1 0
vt 0.257153 0.840867
vn 0 0 1
vt 0.256728 0.84509
vn 0 0 1
vt 0.256728 0.98429
vn 0 0 1
vt 0.392434 0.98429
vn -1 0 0
vt 0.392434 0.98429
vn -1 0 0
vt 0.392434 0.98429
vn -0.00856174 0 0.999963
vt 0.392434 0.98429
vn -1 0 0
vt 0.392434 0.98429
vn 0 0 -1
vt 0.257153 0.982178
vn 0 0 -1
vt 0.394217 0.982178
vn 0 0 -1
vt 0.394217 0.840867
vn 0 -0.0029119 -0.999996
vt 0.257153 0.840867
vn 0 1 0
vt 0.257153 0.840867
vn 0 1 0
vt 0.257153 0.840867
vn 0.592283 0.80573 0
vt 0.257153 0.840867
vn 0.946745 0.321983 0
vt 0.257153 0.840867
vn 0.946745 -0.321983 0
vt 0.257153 0.840867
vn 0.592283 -0.80573 0
vt 0.257153 0.840867
vn 0 -1 0
vt 0.257153 0.840867
vn 0 0 1
vt 0.392434 0.84509
vn 0 0 1
vt 0.256728 0.84509
vn 0 0 1
vt 0.256728 0.98429
vn -1 0 0
vt 0.392434 0.98429
vn -1 0 0
vt 0.392434 0.98429
vn -0.00969795 0 0.999953
vt 0.392434 0.98429
vn -1 0 0
vt 0.392434 0.98429
vn 0 0 -1
vt 0.257153 0.982178
vn 0 0 -1
vt 0.394217 0.982178
vn 0 0 -1
vt 0.394217 0.840867
vn 0 -0.00471725 -0.999989
vt 0.257153 0.840867
vn 0 1 0
vt 0.257153 0.840867
vn 0 1 0
vt 0.257153 0.840867
vn 0.457133 0.889398 0
vt 0.257153 0.840867
vn 0.899266 0.437403 0
vt 0.257153 0.840867
vn 0.899266 -0.437403 0
vt 0.257153 0.840867
vn 0.457133 -0.889398 0
vt 0.257153 0.840867
vn 0 -1 0
vt 0.257153 0.840867
vn 0 0 1
vt 0.392434 0.84509
vn 0 0 1
vt 0.256728 0.84509
vn 0 0 1
vt 0.256728 0.98429
vn -1 0 0
vt 0.392434 0.98429
vn -1 0 0
vt 0.392434 0.98429
vn -0.00740938 0 0.999973
vt 0.392434 0.98429
vn -1 0 0
vt 0.392434 0.98429
vn 0 0 -1
vt 0.257153 0.982178
vn 0 0 -1
vt 0.394217 0.982178
vn 0 0 -1
vt 0.394217 0.840867
vn 0 -0.00348135 -0.999994
vt 0.257153 0.840867
vn 0 1 0
vt 0.257153 0.840867
vn 0 1 0
vt 0.257153 0.840867
vn 0.469732 0.882809 0
vt 0.257153 0.840867
vn 0.905077 0.425247 0
vt 0.257153 0.840867
vn 0.905077 -0.425247 0
vt 0.257153 0.840867
vn 0.469732 -0.882809 0
vt 0.257153 0.840867
vn 0 -1 0
vt 0.257153 0.840867
vn 0 0 1
vt 0.392434 0.84509
vn 0 0 1
vt 0.256728 0.84509
vn 0 0 1
vt 0.256728 0.98429
vn 0 0 1
vt 0.09587 0.893047
vn 0 0 1
vt 0.159977 0.893047
vn 0 0 1
vt 0.159977 0.898393
vn 0 0 1
vt 0.09587 0.898393
vn 0 -1 0
vt 0.199165 0.900635
vn 0 -1 0
vt 0.199165 0.903227
vn 0 -1 0
vt 0.078208 0.903227
vn 0 -1 0
vt 0.078208 0.900635
vn -1 0 0
vt 0.130184 0.905334
vn -1 0 0
vt 0.127591 0.905334
vn -1 0 0
vt 0.127591 0.899988
vn -1 0 0
vt 0.130184 0.899988
vn 0 1 0
vt 0.221234 0.900635
vn 0 1 0
vt 0.221234 0.903227
vn 0 1 0
vt 0.100276 0.903227
vn 0 1 0
vt 0.100276 0.900635
vn 1 0 0
vt 0.128966 0.899988
vn 1 0 0
vt 0.131558 0.899988
vn 1 0 0
vt 0.131558 0.905334
vn 1 0 0
vt 0.128966 0.905334
vn 0 0 -1
vt 0.171302 0.898393
vn 0 0 -1
vt 0.107195 0.898393
vn 0 0 -1
vt 0.107195 0.893047
vn 0 0 -1
vt 0.171302 0.893047
vn 0 0 1
vt 0.0830277 0.84129
vn 0 0 1
vt 0.204711 0.84129
vn 0 0 1
vt 0.204711 0.846635
vn 0 0 1
vt 0.0830277 0.846635
vn 0 -1 0
vt 0.208635 0.900635
vn 0 -1 0
vt 0.208635 0.903227
vn 0 -1 0
vt 0.0876779 0.903227
vn 0 -1 0
vt 0.0876779 0.900635
vn -1 0 0
vt 0.130435 0.944611
vn -1 0 0
vt 0.128912 0.944611
vn -1 0 0
vt 0.128912 0.941471
vn -1 0 0
vt 0.130435 0.941471
vn 0 1 0
vt 0.221234 0.902009
vn 0 1 0
vt 0.221234 0.904602
vn 0 1 0
vt 0.100276 0.904602
vn 0 1 0
vt 0.100276 0.902009
vn 1 0 0
vt 0.130287 0.941471
vn 1 0 0
vt 0.131809 0.941471
vn 1 0 0
vt 0.131809 0.944611
vn 1 0 0
vt 0.130287 0.944611
vn 0 0 -1
vt 0.199165 0.906708
vn 0 0 -1
vt 0.078208 0.906708
vn 0 0 -1
vt 0.078208 0.901362
vn 0 0 -1
vt 0.199165 0.901362
vn 0 0 1
vt 0.0879117 0.830938
vn 0 0 1
vt 0.209595 0.830938
vn 0 0 1
vt 0.209595 0.836284
vn 0 0 1
vt 0.0879117 0.836284
vn 0 -1 0
vt 0.198507 0.824684
vn 0 -1 0
vt 0.198507 0.844903
vn 0 -1 0
vt 0.0775497 0.844903
vn 0 -1 0
vt 0.0775497 0.824684
vn -1 0 0
vt 0.127408 0.905334
vn -1 0 0
vt 0.107188 0.905334
vn -1 0 0
vt 0.107188 0.899988
vn -1 0 0
vt 0.127408 0.899988
vn 0 1 0
vt 0.194703 0.824684
vn 0 1 0
vt 0.194703 0.844903
vn 0 1 0
vt 0.0737459 0.844903
vn 0 1 0
vt 0.0737459 0.824684
vn 1 0 0
vt 0.112147 0.941471
vn 1 0 0
vt 0.124021 0.941471
vn 1 0 0
vt 0.124021 0.944611
vn 1 0 0
vt 0.112147 0.944611
vn 0 0 -1
vt 0.208635 0.906708
vn 0 0 -1
vt 0.0876779 0.906708
vn 0 0 -1
vt 0.0876779 0.901362
vn 0 0 -1
vt 0.208635 0.901362
vn 0 0 1
vt 0.1184 0.788113
vn 0 0 1
vt 0.121545 0.788113
vn 0 0 1
vt 0.121545 0.96642
vn 0 0 1
vt 0.1184 0.96642
vn 0 -1 0
vt 0.148501 0.804253
vn 0 -1 0
vt 0.148501 0.880537
vn 0 -1 0
vt 0.131388 0.880537
vn 0 -1 0
vt 0.131388 0.804253
vn -1 0 0
vt 0.136533 0.96642
vn -1 0 0
vt 0.122515 0.96642
vn -1 0 0
vt 0.122515 0.788113
vn -1 0 0
vt 0.136533 0.788113
vn 0 1 0
vt 0.148501 0.811685
vn 0 1 0
vt 0.148501 0.887969
vn 0 1 0
vt 0.131388 0.887969
vn 0 1 0
vt 0.131388 0.811685
vn 1 0 0
vt 0.137378 0.788113
vn 1 0 0
vt 0.151396 0.788113
vn 1 0 0
vt 0.151396 0.96642
vn 1 0 0
vt 0.137378 0.96642
vn 0 0 -1
vt 0.12488 0.96642
vn 0 0 -1
vt 0.121735 0.96642
vn 0 0 -1
vt 0.121735 0.788113
vn 0 0 -1
vt 0.12488 0.788113
vn 0 0 1
vt 0.120067 0.788113
vn 0 0 1
vt 0.123212 0.788113
vn 0 0 1
vt 0.123212 0.96642
vn 0 0 1
vt 0.120067 0.96642
vn 0 -1 0
vt 0.133492 0.941525
vn 0 -1 0
vt 0.133492 0.943567
vn 0 -1 0
vt 0.131646 0.943567
vn 0 -1 0
vt 0.131646 0.941525
vn -1 0 0
vt 0.104067 0.96642
vn -1 0 0
vt 0.100588 0.96642
vn -1 0 0
vt 0.100588 0.788113
vn -1 0 0
vt 0.104067 0.788113
vn 0 1 0
vt 0.136827 0.941525
vn 0 1 0
vt 0.136827 0.943567
vn 0 1 0
vt 0.13498 0.943567
vn 0 1 0
vt 0.13498 0.941525
vn 1 0 0
vt 0.106121 0.788113
vn 1 0 0
vt 0.109599 0.788113
vn 1 0 0
vt 0.109599 0.96642
vn 1 0 0
vt 0.106121 0.96642
vn 0 0 -1
vt 0.126547 0.96642
vn 0 0 -1
vt 0.123402 0.96642
vn 0 0 -1
vt 0.123402 0.788113
vn 0 0 -1
vt 0.126547 0.788113
vn 0 0 1
vt 0.0741798 0.851871
vn 0 0 1
vt 0.195863 0.851871
vn 0 0 1
vt 0.195863 0.857217
vn 0 0 1
vt 0.0741798 0.857217
vn -0.0113491 -0.999936 0
vt 0.202011 0.824684
vn -0.0113491 -0.999936 0
vt 0.202011 0.844903
vn -0.0113491 -0.999936 0
vt 0.0810535 0.844903
vn -0.0113491 -0.999936 0
vt 0.0810535 0.824684
vn -1 0 0
vt 0.12474 0.905334
vn -1 0 0
vt 0.10452 0.905334
vn -1 0 0
vt 0.10452 0.899988
vn -1 0 0
vt 0.12474 0.899988
vn 0.00567297 0.999659 -0.0254986
vt 0.190616 0.824684
vn 0.0113343 0.998637 -0.050945
vt 0.190616 0.844903
vn 0.00567297 0.999659 -0.0254986
vt 0.0696587 0.844903
vn 0 1 0
vt 0.0696587 0.824684
vn 1 0 0
vt 0.096469 0.899988
vn 1 0 0
vt 0.116688 0.899988
vn 1 0 0
vt 0.116688 0.905334
vn 1 0 0
vt 0.096469 0.905334
vn 0 0 -1
vt 0.204427 0.851236
vn 0 0 -1
vt 0.0827443 0.851236
vn 0 0 -1
vt 0.0827443 0.845891
vn 0 0 -1
vt 0.204427 0.845891
vn 0 0 1
vt 0.113398 0.788113
vn 0 0 1
vt 0.116543 0.788113
vn 0 0 1
vt 0.116543 0.96642
vn 0 0 1
vt 0.113398 0.96642
vn 0 -1 0
vt 0.140162 0.941525
vn 0 -1 0
vt 0.140162 0.943567
vn 0 -1 0
vt 0.138315 0.943567
vn 0 -1 0
vt 0.138315 0.941525
vn -1 0 0
vt 0.105911 0.96642
vn -1 0 0
vt 0.102432 0.96642
vn -1 0 0
vt 0.102432 0.788113
vn -1 0 0
vt 0.105911 0.788113
vn 0 1 0
vt 0.141829 0.941525
vn 0 1 0
vt 0.141829 0.943567
vn 0 1 0
vt 0.139982 0.943567
vn 0 1 0
vt 0.139982 0.941525
vn 1 0 0
vt 0.107965 0.788113
vn 1 0 0
vt 0.111443 0.788113
vn 1 0 0
vt 0.111443 0.96642
vn 1 0 0
vt 0.107965 0.96642
vn 0 0 -1
vt 0.119878 0.96642
vn 0 0 -1
vt 0.116733 0.96642
vn 0 0 -1
vt 0.116733 0.788113
vn 0 0 -1
vt 0.119878 0.788113
vn 0 0 1
vt 0.154796 0.788113
vn 0 0 1
vt 0.157941 0.788113
vn 0 0 1
vt 0.157941 0.96642
vn 0 0 1
vt 0.154796 0.96642
vn 0 -1 0
vt 0.13516 0.941525
vn 0 -1 0
vt 0.13516 0.943567
vn 0 -1 0
vt 0.133313 0.943567
vn 0 -1 0
vt 0.133313 0.941525
vn -1 0 0
vt 0.107755 0.96642
vn -1 0 0
vt 0.104276 0.96642
vn -1 0 0
vt 0.104276 0.788113
vn -1 0 0
vt 0.107755 0.788113
vn 0 1 0
vt 0.138494 0.941525
vn 0 1 0
vt 0.138494 0.943567
vn 0 1 0
vt 0.136647 0.943567
vn 0 1 0
vt 0.136647 0.941525
vn 1 0 0
vt 0.109809 0.788113
vn 1 0 0
vt 0.113287 0.788113
vn 1 0 0
vt 0.113287 0.96642
vn 1 0 0
vt 0.109809 0.96642
vn 0 0 -1
vt 0.159608 0.96642
vn 0 0 -1
vt 0.156463 0.96642
vn 0 0 -1
vt 0.156463 0.788113
vn 0 0 -1
vt 0.159608 0.788113
vn 0 0 1
vt 0.0724185 0.899988
vn 0 0 1
vt 0.193376 0.899988
vn 0 0 1
vt 0.193376 0.905334
vn 0 0 1
vt 0.0724185 0.905334
vn 0 -1 0
vt 0.195233 0.856422
vn 0 -1 0
vt 0.195233 0.866877
vn 0 -1 0
vt 0.0742759 0.866877
vn 0 -1 0
vt 0.0742759 0.856422
vn -1 0 0
vt 0.130656 0.905334
vn -1 0 0
vt 0.120202 0.905334
vn -1 0 0
vt 0.120202 0.899988
vn -1 0 0
vt 0.130656 0.899988
vn 0 1 0
vt 0.19449 0.824908
vn 0 1 0
vt 0.19449 0.835362
vn 0 1 0
vt 0.0735325 0.835362
vn 0 1 0
vt 0.0735325 0.824908
vn 1 0 0
vt 0.123145 0.941471
vn 1 0 0
vt 0.129285 0.941471
vn 1 0 0
vt 0.129285 0.944611
vn 1 0 0
vt 0.123145 0.944611
vn 0 0 -1
vt 0.208197 0.905334
vn 0 0 -1
vt 0.0872399 0.905334
vn 0 0 -1
vt 0.0872399 0.899988
vn 0 0 -1
vt 0.208197 0.899988
vn 0 0 1
vt 0.111731 0.788113
vn 0 0 1
vt 0.114876 0.788113
vn 0 0 1
vt 0.114876 0.96642
vn 0 0 1
vt 0.111731 0.96642
vn 0 -1 0
vt 0.148501 0.819117
vn 0 -1 0
vt 0.148501 0.8954
vn 0 -1 0
vt 0.131388 0.8954
vn 0 -1 0
vt 0.131388 0.819117
vn -1 0 0
vt 0.143965 0.96642
vn -1 0 0
vt 0.129947 0.96642
vn -1 0 0
vt 0.129947 0.788113
vn -1 0 0
vt 0.143965 0.788113
vn 0 1 0
vt 0.149839 0.926823
vn 0 1 0
vt 0.149839 0.935056
vn 0 1 0
vt 0.147992 0.935056
vn 0 1 0
vt 0.147992 0.926823
vn 1 0 0
vt 0.14481 0.788113
vn 1 0 0
vt 0.158828 0.788113
vn 1 0 0
vt 0.158828 0.96642
vn 1 0 0
vt 0.14481 0.96642
vn 0 0 -1
vt 0.118211 0.96642
vn 0 0 -1
vt 0.115066 0.96642
vn 0 0 -1
vt 0.115066 0.788113
vn 0 0 -1
vt 0.118211 0.788113
vn 0 0 1
vt 0.257153 0.840867
vn 0 0 1
vt 0.394217 0.840867
vn 0 0 1
vt 0.394217 0.982178
vn -0.00959712 0.00348108 0.999948
vt 0.257153 0.982178
vn -0.573869 -0.818947 0
vt 0.257153 0.982178
vn -0.940523 -0.33973 0
vt 0.257153 0.982178
vn 0.564274 -0.825588 0
vt 0.257153 0.982178
vn 0.940523 -0.33973 0
vt 0.257153 0.982178
vn -0.567498 0.823375 0
vt 0.257153 0.982178
vn 0.570696 0.821161 0
vt 0.257153 0.982178
vn 0.940972 0.338485 0
vt 0.257153 0.982178
vn 0 0 -1
vt 0.392434 0.98429
vn 0 0 -1
vt 0.256728 0.98429
vn 0 0 -1
vt 0.256728 0.84509
vn 0 0 -1
vt 0.392434 0.84509
vn 0 0 1
vt 0.09587 0.893047
vn 0 0 1
vt 0.159977 0.893047
vn 0 0 1
vt 0.159977 0.898393
vn 0 0 1
vt 0.09587 0.898393
vn 0 -1 0
vt 0.199165 0.900635
vn 0 -1 0
vt 0.199165 0.903227
vn 0 -1 0
vt 0.078208 0.903227
vn 0 -1 0
vt 0.078208 0.900635
vn -1 0 0
vt 0.130184 0.905334
vn -1 0 0
vt 0.127591 0.905334
vn -1 0 0
vt 0.127591 0.899988
vn -1 0 0
vt 0.130184 0.899988
vn 0 1 0
vt 0.221234 0.900635
vn 0 1 0
vt 0.221234 0.903227
vn 0 1 0
vt 0.100276 0.903227
vn 0 1 0
vt 0.100276 0.900635
vn 1 0 0
vt 0.128966 0.899988
vn 1 0 0
vt 0.131558 0.899988
vn 1 0 0
vt 0.131558 0.905334
vn 1 0 0
vt 0.128966 0.905334
vn 0 0 -1
vt 0.171302 0.898393
vn 0 0 -1
vt 0.107195 0.898393
vn 0 0 -1
vt 0.107195 0.893047
vn 0 0 -1
vt 0.171302 0.893047
vn 0 0 1
vt 0.0830277 0.84129
vn 0 0 1
vt 0.204711 0.84129
vn 0 0 1
vt 0.204711 0.846635
vn 0 0 1
vt 0.0830277 0.846635
vn 0 -1 0
vt 0.208635 0.900635
vn 0 -1 0
vt 0.208635 0.903227
vn 0 -1 0
vt 0.0876779 0.903227
vn 0 -1 0
vt 0.0876779 0.900635
vn -1 0 0
vt 0.130435 0.944611
vn -1 0 0
vt 0.128912 0.944611
vn -1 0 0
vt 0.128912 0.941471
vn -1 0 0
vt 0.130435 0.941471
vn 0 1 0
vt 0.221234 0.902009
vn 0 1 0
vt 0.221234 0.904602
vn 0 1 0
vt 0.100276 0.904602
vn 0 1 0
vt 0.100276 0.902009
vn 1 0 0
vt 0.130287 0.941471
vn 1 0 0
vt 0.131809 0.941471
vn 1 0 0
vt 0.131809 0.944611
vn 1 0 0
vt 0.130287 0.944611
vn 0 0 -1
vt 0.199165 0.906708
vn 0 0 -1
vt 0.078208 0.906708
vn 0 0 -1
vt 0.078208 0.901362
vn 0 0 -1
vt 0.199165 0.901362
vn 0 0 1
vt 0.0879117 0.830938
vn 0 0 1
vt 0.209595 0.830938
vn 0 0 1
vt 0.209595 0.836284
vn 0 0 1
vt 0.0879117 0.836284
vn 0 -1 0
vt 0.198507 0.824684
vn 0 -1 0
vt 0.198507 0.844903
vn 0 -1 0
vt 0.0775497 0.844903
vn 0 -1 0
vt 0.0775497 0.824684
vn -1 0 0
vt 0.127408 0.905334
vn -1 0 0
vt 0.107188 0.905334
vn -1 0 0
vt 0.107188 0.899988
vn -1 0 0
vt 0.127408 0.899988
vn 0 1 0
vt 0.194703 0.824684
vn 0 1 0
vt 0.194703 0.844903
vn 0 1 0
vt 0.0737459 0.844903
vn 0 1 0
vt 0.0737459 0.824684
vn 1 0 0
vt 0.112147 0.941471
vn 1 0 0
vt 0.124021 0.941471
vn 1 0 0
vt 0.124021 0.944611
vn 1 0 0
vt 0.112147 0.944611
vn 0 0 -1
vt 0.208635 0.906708
vn 0 0 -1
vt 0.0876779 0.906708
vn 0 0 -1
vt 0.0876779 0.901362
vn 0 0 -1
vt 0.208635 0.901362
vn 0 0 1
vt 0.1184 0.788113
vn 0 0 1
vt 0.121545 0.788113
vn 0 0 1
vt 0.121545 0.96642
vn 0 0 1
vt 0.1184 0.96642
vn 0 -1 0
vt 0.148501 0.804253
vn 0 -1 0
vt 0.148501 0.880537
vn 0 -1 0
vt 0.131388 0.880537
vn 0 -1 0
vt 0.131388 0.804253
vn -1 0 0
vt 0.136533 0.96642
vn -1 0 0
vt 0.122515 0.96642
vn -1 0 0
vt 0.122515 0.788113
vn -1 0 0
vt 0.136533 0.788113
vn 0 1 0
vt 0.148501 0.811685
vn 0 1 0
vt 0.148501 0.887969
vn 0 1 0
vt 0.131388 0.887969
vn 0 1 0
vt 0.131388 0.811685
vn 1 0 0
vt 0.137378 0.788113
vn 1 0 0
vt 0.151396 0.788113
vn 1 0 0
vt 0.151396 0.96642
vn 1 0 0
vt 0.137378 0.96642
vn 0 0 -1
vt 0.12488 0.96642
vn 0 0 -1
vt 0.121735 0.96642
vn 0 0 -1
vt 0.121735 0.788113
vn 0 0 -1
vt 0.12488 0.788113
vn 0 0 1
vt 0.120067 0.788113
vn 0 0 1
vt 0.123212 0.788113
vn 0 0 1
vt 0.123212 0.96642
vn 0 0 1
vt 0.120067 0.96642
vn 0 -1 0
vt 0.133492 0.941525
vn 0 -1 0
vt 0.133492 0.943567
vn 0 -1 0
vt 0.131646 0.943567
vn 0 -1 0
vt 0.131646 0.941525
vn -1 0 0
vt 0.104067 0.96642
vn -1 0 0
vt 0.100588 0.96642
vn -1 0 0
vt 0.100588 0.788113
vn -1 0 0
vt 0.104067 0.788113
vn 0 1 0
vt 0.136827 0.941525
vn 0 1 0
vt 0.136827 0.943567
vn 0 1 0
vt 0.13498 0.943567
vn 0 1 0
vt 0.13498 0.941525
vn 1 0 0
vt 0.106121 0.788113
vn 1 0 0
vt 0.109599 0.788113
vn 1 0 0
vt 0.109599 0.96642
vn 1 0 0
vt 0.106121 0.96642
vn 0 0 -1
vt 0.126547 0.96642
vn 0 0 -1
vt 0.123402 0.96642
vn 0 0 -1
vt 0.123402 0.788113
vn 0 0 -1
vt 0.126547 0.788113
vn 0 0 1
vt 0.0741798 0.851871
vn 0 0 1
vt 0.195863 0.851871
vn 0 0 1
vt 0.195863 0.857217
vn 0 0 1
vt 0.0741798 0.857217
vn 0 -1 0
vt 0.202011 0.824684
vn 0 -1 0
vt 0.202011 0.844903
vn 0 -1 0
vt 0.0810535 0.844903
vn 0 -1 0
vt 0.0810535 0.824684
vn -1 0 0
vt 0.12474 0.905334
vn -1 0 0
vt 0.10452 0.905334
vn -1 0 0
vt 0.10452 0.899988
vn -1 0 0
vt 0.12474 0.899988
vn 0 1 0
vt 0.190616 0.824684
vn 0 1 0
vt 0.190616 0.844903
vn 0 1 0
vt 0.0696587 0.844903
vn 0 1 0
vt 0.0696587 0.824684
vn 1 0 0
vt 0.096469 0.899988
vn 1 0 0
vt 0.116688 0.899988
vn 1 0 0
vt 0.116688 0.905334
vn 1 0 0
vt 0.096469 0.905334
vn 0 0 -1
vt 0.204427 0.851236
vn 0 0 -1
vt 0.0827443 0.851236
vn 0 0 -1
vt 0.0827443 0.845891
vn 0 0 -1
vt 0.204427 0.845891
vn 0 0 1
vt 0.113398 0.788113
vn 0 0 1
vt 0.116543 0.788113
vn 0 0 1
vt 0.116543 0.96642
vn 0 0 1
vt 0.113398 0.96642
vn 0 -1 0
vt 0.140162 0.941525
vn 0 -1 0
vt 0.140162 0.943567
vn 0 -1 0
vt 0.138315 0.943567
vn 0 -1 0
vt 0.138315 0.941525
vn -1 0 0
vt 0.105911 0.96642
vn -1 0 0
vt 0.102432 0.96642
vn -1 0 0
vt 0.102432 0.788113
vn -1 0 0
vt 0.105911 0.788113
vn 0 1 0
vt 0.141829 0.941525
vn 0 1 0
vt 0.141829 0.943567
vn 0 1 0
vt 0.139982 0.943567
vn 0 1 0
vt 0.139982 0.941525
vn 1 0 0
vt 0.107965 0.788113
vn 1 0 0
vt 0.111443 0.788113
vn 1 0 0
vt 0.111443 0.96642
vn 1 0 0
vt 0.107965 0.96642
vn 0 0 -1
vt 0.119878 0.96642
vn 0 0 -1
vt 0.116733 0.96642
vn 0 0 -1
vt 0.116733 0.788113
vn 0 0 -1
vt 0.119878 0.788113
vn 0 0 1
vt 0.154796 0.788113
vn 0 0 1
vt 0.157941 0.788113
vn 0 0 1
vt 0.157941 0.96642
vn 0 0 1
vt 0.154796 0.96642
vn 0 -1 0
vt 0.13516 0.941525
vn 0 -1 0
vt 0.13516 0.943567
vn 0 -1 0
vt 0.133313 0.943567
vn 0 -1 0
vt 0.133313 0.941525
vn -1 0 0
vt 0.107755 0.96642
vn -1 0 0
vt 0.104276 0.96642
vn -1 0 0
vt 0.104276 0.788113
vn -1 0 0
vt 0.107755 0.788113
vn 0 1 0
vt 0.138494 0.941525
vn 0 1 0
vt 0.138494 0.943567
vn 0 1 0
vt 0.136647 0.943567
vn 0 1 0
vt 0.136647 0.941525
vn 1 0 0
vt 0.109809 0.788113
vn 1 0 0
vt 0.113287 0.788113
vn 1 0 0
vt 0.113287 0.96642
vn 1 0 0
vt 0.109809 0.96642
vn 0 0 -1
vt 0.159608 0.96642
vn 0 0 -1
vt 0.156463 0.96642
vn 0 0 -1
vt 0.156463 0.788113
vn 0 0 -1
vt 0.159608 0.788113
vn 0 0 1
vt 0.0724185 0.899988
vn 0 0 1
vt 0.193376 0.899988
vn 0 0 1
vt 0.193376 0.905334
vn 0 0 1
vt 0.0724185 0.905334
vn 0 -1 0
vt 0.195233 0.856422
vn 0 -1 0
vt 0.195233 0.866877
vn 0 -1 0
vt 0.0742759 0.866877
vn 0 -1 0
vt 0.0742759 0.856422
vn -1 0 0
vt 0.130656 0.905334
vn -1 0 0
vt 0.120202 0.905334
vn -1 0 0
vt 0.120202 0.899988
vn -1 0 0
vt 0.130656 0.899988
vn 0 1 0
vt 0.19449 0.824908
vn 0 1 0
vt 0.19449 0.835362
vn 0 1 0
vt 0.0735325 0.835362
vn 0 1 0
vt 0.0735325 0.824908
vn 1 0 0
vt 0.123145 0.941471
vn 1 0 0
vt 0.129285 0.941471
vn 1 0 0
vt 0.129285 0.944611
vn 1 0 0
vt 0.123145 0.944611
vn 0 0 -1
vt 0.208197 0.905334
vn 0 0 -1
vt 0.0872399 0.905334
vn 0 0 -1
vt 0.0872399 0.899988
vn 0 0 -1
vt 0.208197 0.899988
vn 0 0 1
vt 0.111731 0.788113
vn 0 0 1
vt 0.114876 0.788113
vn 0 0 1
vt 0.114876 0.96642
vn 0 0 1
vt 0.111731 0.96642
vn 0 -1 0
vt 0.148501 0.819117
vn 0 -1 0
vt 0.148501 0.8954
vn 0 -1 0
vt 0.131388 0.8954
vn 0 -1 0
vt 0.131388 0.819117
vn -1 0 0
vt 0.143965 0.96642
vn -1 0 0
vt 0.129947 0.96642
vn -1 0 0
vt 0.129947 0.788113
vn -1 0 0
vt 0.143965 0.788113
vn 0 1 0
vt 0.149839 0.926823
vn 0 1 0
vt 0.149839 0.935056
vn 0 1 0
vt 0.147992 0.935056
vn 0 1 0
vt 0.147992 0.926823
vn 1 0 0
vt 0.14481 0.788113
vn 1 0 0
vt 0.158828 0.788113
vn 1 0 0
vt 0.158828 0.96642
vn 1 0 0
vt 0.14481 0.96642
vn 0 0 -1
vt 0.118211 0.96642
vn 0 0 -1
vt 0.115066 0.96642
vn 0 0 -1
vt 0.115066 0.788113
vn 0 0 -1
vt 0.118211 0.788113
vn 0 0 1
vt 0.257153 0.840867
vn 0 0 1
vt 0.394217 0.840867
vn 0 0 1
vt 0.394217 0.982178
vn -0.00959712 0.00348108 0.999948
vt 0.257153 0.982178
vn -0.567498 -0.823375 0
vt 0.257153 0.982178
vn -0.940069 -0.340983 0
vt 0.257153 0.982178
vn 0.567498 -0.823375 0
vt 0.257153 0.982178
vn 0.940069 -0.340983 0
vt 0.257153 0.982178
vn -0.567498 0.823375 0
vt 0.257153 0.982178
vn 0.567498 0.823375 0
vt 0.257153 0.982178
vn 0.940069 0.340983 0
vt 0.257153 0.982178
vn 0 0 -1
vt 0.392434 0.98429
vn 0 0 -1
vt 0.256728 0.98429
vn 0 0 -1
vt 0.256728 0.84509
vn 0 0 -1
vt 0.392434 0.84509
vn -1 0 0
vt 0.130184 0.899988
vn -1 0 0
vt 0.127591 0.899988
vn -1 0 0
vt 0.127591 0.905334
vn -1 0 0
vt 0.130184 0.905334
vn 0 0 -1
vt 0.09587 0.898393
vn 0 0 -1
vt 0.159977 0.898393
vn 0 0 -1
vt 0.159977 0.893047
vn 0 0 -1
vt 0.09587 0.893047
vn 0 1 0
vt 0.100276 0.900635
vn 0 1 0
vt 0.100276 0.903227
vn 0 1 0
vt 0.221234 0.903227
vn 0 1 0
vt 0.221234 0.900635
vn 1 0 0
vt 0.128966 0.905334
vn 1 0 0
vt 0.131558 0.905334
vn 1 0 0
vt 0.131558 0.899988
vn 1 0 0
vt 0.128966 0.899988
vn 0 -1 0
vt 0.078208 0.900635
vn 0 -1 0
vt 0.078208 0.903227
vn 0 -1 0
vt 0.199165 0.903227
vn 0 -1 0
vt 0.199165 0.900635
vn 0 0 1
vt 0.171302 0.893047
vn 0 0 1
vt 0.107195 0.893047
vn 0 0 1
vt 0.107195 0.898393
vn 0 0 1
vt 0.171302 0.898393
vn -1 0 0
vt 0.130435 0.941471
vn -1 0 0
vt 0.128912 0.941471
vn -1 0 0
vt 0.128912 0.944611
vn -1 0 0
vt 0.130435 0.944611
vn 0 0 -1
vt 0.0830277 0.846635
vn 0 0 -1
vt 0.204711 0.846635
vn 0 0 -1
vt 0.204711 0.84129
vn 0 0 -1
vt 0.0830277 0.84129
vn 0 1 0
vt 0.100276 0.902009
vn 0 1 0
vt 0.100276 0.904602
vn 0 1 0
vt 0.221234 0.904602
vn 0 1 0
vt 0.221234 0.902009
vn 1 0 0
vt 0.130287 0.944611
vn 1 0 0
vt 0.131809 0.944611
vn 1 0 0
vt 0.131809 0.941471
vn 1 0 0
vt 0.130287 0.941471
vn 0 -1 0
vt 0.0876779 0.900635
vn 0 -1 0
vt 0.0876779 0.903227
vn 0 -1 0
vt 0.208635 0.903227
vn 0 -1 0
vt 0.208635 0.900635
vn 0 0 1
vt 0.199165 0.901362
vn 0 0 1
vt 0.078208 0.901362
vn 0 0 1
vt 0.078208 0.906708
vn 0 0 1
vt 0.199165 0.906708
vn -1 0 0
vt 0.127408 0.899988
vn -1 0 0
vt 0.107188 0.899988
vn -1 0 0
vt 0.107188 0.905334
vn -1 0 0
vt 0.127408 0.905334
vn 0 0 -1
vt 0.0879117 0.836284
vn 0 0 -1
vt 0.209595 0.836284
vn 0 0 -1
vt 0.209595 0.830938
vn 0 0 -1
vt 0.0879117 0.830938
vn 0 1 0
vt 0.0737459 0.824684
vn 0 1 0
vt 0.0737459 0.844903
vn 0 1 0
vt 0.194703 0.844903
vn 0 1 0
vt 0.194703 0.824684
vn 1 0 0
vt 0.112147 0.944611
vn 1 0 0
vt 0.124021 0.944611
vn 1 0 0
vt 0.124021 0.941471
vn 1 0 0
vt 0.112147 0.941471
vn 0 -1 0
vt 0.0775497 0.824684
vn 0 -1 0
vt 0.0775497 0.844903
vn 0 -1 0
vt 0.198507 0.844903
vn 0 -1 0
vt 0.198507 0.824684
vn 0 0 1
vt 0.208635 0.901362
vn 0 0 1
vt 0.0876779 0.901362
vn 0 0 1
vt 0.0876779 0.906708
vn 0 0 1
vt 0.208635 0.906708
vn -1 0 0
vt 0.136533 0.788113
vn -1 0 0
vt 0.122515 0.788113
vn -1 0 0
vt 0.122515 0.96642
vn -1 0 0
vt 0.136533 0.96642
vn 0 0 -1
vt 0.1184 0.96642
vn 0 0 -1
vt 0.121545 0.96642
vn 0 0 -1
vt 0.121545 0.788113
vn 0 0 -1
vt 0.1184 0.788113
vn 0 1 0
vt 0.131388 0.811685
vn 0 1 0
vt 0.131388 0.887969
vn 0 1 0
vt 0.148501 0.887969
vn 0 1 0
vt 0.148501 0.811685
vn 1 0 0
vt 0.137378 0.96642
vn 1 0 0
vt 0.151396 0.96642
vn 1 0 0
vt 0.151396 0.788113
vn 1 0 0
vt 0.137378 0.788113
vn 0 -1 0
vt 0.131388 0.804253
vn 0 -1 0
vt 0.131388 0.880537
vn 0 -1 0
vt 0.148501 0.880537
vn 0 -1 0
vt 0.148501 0.804253
vn 0 0 1
vt 0.12488 0.788113
vn 0 0 1
vt 0.121735 0.788113
vn 0 0 1
vt 0.121735 0.96642
vn 0 0 1
vt 0.12488 0.96642
vn -1 0 0
vt 0.104067 0.788113
vn -1 0 0
vt 0.100588 0.788113
vn -1 0 0
vt 0.100588 0.96642
vn -1 0 0
vt 0.104067 0.96642
vn 0 0 -1
vt 0.120067 0.96642
vn 0 0 -1
vt 0.123212 0.96642
vn 0 0 -1
vt 0.123212 0.788113
vn 0 0 -1
vt 0.120067 0.788113
vn 0 1 0
vt 0.13498 0.941525
vn 0 1 0
vt 0.13498 0.943567
vn 0 1 0
vt 0.136827 0.943567
vn 0 1 0
vt 0.136827 0.941525
vn 1 0 0
vt 0.106121 0.96642
vn 1 0 0
vt 0.109599 0.96642
vn 1 0 0
vt 0.109599 0.788113
vn 1 0 0
vt 0.106121 0.788113
vn 0 -1 0
vt 0.131646 0.941525
vn 0 -1 0
vt 0.131646 0.943567
vn 0 -1 0
vt 0.133492 0.943567
vn 0 -1 0
vt 0.133492 0.941525
vn 0 0 1
vt 0.126547 0.788113
vn 0 0 1
vt 0.123402 0.788113
vn 0 0 1
vt 0.123402 0.96642
vn 0 0 1
vt 0.126547 0.96642
vn -1 0 0
vt 0.12474 0.899988
vn -1 0 0
vt 0.10452 0.899988
vn -1 0 0
vt 0.10452 0.905334
vn -1 0 0
vt 0.12474 0.905334
vn 0 0 -1
vt 0.0741798 0.857217
vn 0 0 -1
vt 0.195863 0.857217
vn 0 0 -1
vt 0.195863 0.851871
vn 0 0 -1
vt 0.0741798 0.851871
vn 0 1 0
vt 0.0696587 0.824684
vn 0 1 0
vt 0.0696587 0.844903
vn 0 1 0
vt 0.190616 0.844903
vn 0 1 0
vt 0.190616 0.824684
vn 1 0 0
vt 0.096469 0.905334
vn 1 0 0
vt 0.116688 0.905334
vn 1 0 0
vt 0.116688 0.899988
vn 1 0 0
vt 0.096469 0.899988
vn 0 -1 0
vt 0.0810535 0.824684
vn 0 -1 0
vt 0.0810535 0.844903
vn 0 -1 0
vt 0.202011 0.844903
vn 0 -1 0
vt 0.202011 0.824684
vn 0 0 1
vt 0.204427 0.845891
vn 0 0 1
vt 0.0827443 0.845891
vn 0 0 1
vt 0.0827443 0.851236
vn 0 0 1
vt 0.204427 0.851236
vn -1 0 0
vt 0.105911 0.788113
vn -1 0 0
vt 0.102432 0.788113
vn -1 0 0
vt 0.102432 0.96642
vn -1 0 0
vt 0.105911 0.96642
vn 0 0 -1
vt 0.113398 0.96642
vn 0 0 -1
vt 0.116543 0.96642
vn 0 0 -1
vt 0.116543 0.788113
vn 0 0 -1
vt 0.113398 0.788113
vn 0 1 0
vt 0.139982 0.941525
vn 0 1 0
vt 0.139982 0.943567
vn 0 1 0
vt 0.141829 0.943567
vn 0 1 0
vt 0.141829 0.941525
vn 1 0 0
vt 0.107965 0.96642
vn 1 0 0
vt 0.111443 0.96642
vn 1 0 0
vt 0.111443 0.788113
vn 1 0 0
vt 0.107965 0.788113
vn 0 -1 0
vt 0.138315 0.941525
vn 0 -1 0
vt 0.138315 0.943567
vn 0 -1 0
vt 0.140162 0.943567
vn 0 -1 0
vt 0.140162 0.941525
vn 0 0 1
vt 0.119878 0.788113
vn 0 0 1
vt 0.116733 0.788113
vn 0 0 1
vt 0.116733 0.96642
vn 0 0 1
vt 0.119878 0.96642
vn -1 0 0
vt 0.107755 0.788113
vn -1 0 0
vt 0.104276 0.788113
vn -1 0 0
vt 0.104276 0.96642
vn -1 0 0
vt 0.107755 0.96642
vn 0 0 -1
vt 0.154796 0.96642
vn 0 0 -1
vt 0.157941 0.96642
vn 0 0 -1
vt 0.157941 0.788113
vn 0 0 -1
vt 0.154796 0.788113
vn 0 1 0
vt 0.136647 0.941525
vn 0 1 0
vt 0.136647 0.943567
vn 0 1 0
vt 0.138494 0.943567
vn 0 1 0
vt 0.138494 0.941525
vn 1 0 0
vt 0.109809 0.96642
vn 1 0 0
vt 0.113287 0.96642
vn 1 0 0
vt 0.113287 0.788113
vn 1 0 0
vt 0.109809 0.788113
vn 0 -1 0
vt 0.133313 0.941525
vn 0 -1 0
vt 0.133313 0.943567
vn 0 -1 0
vt 0.13516 0.943567
vn 0 -1 0
vt 0.13516 0.941525
vn 0 0 1
vt 0.159608 0.788113
vn 0 0 1
vt 0.156463 0.788113
vn 0 0 1
vt 0.156463 0.96642
vn 0 0 1
vt 0.159608 0.96642
vn -1 0 0
vt 0.130656 0.899988
vn -1 0 0
vt 0.120202 0.899988
vn -1 0 0
vt 0.120202 0.905334
vn -1 0 0
vt 0.130656 0.905334
vn 0 0 -1
vt 0.0724185 0.905334
vn 0 0 -1
vt 0.193376 0.905334
vn 0 0 -1
vt 0.193376 0.899988
vn 0 0 -1
vt 0.0724185 0.899988
vn 0 1 0
vt 0.0735325 0.824908
vn 0 1 0
vt 0.0735325 0.835362
vn 0 1 0
vt 0.19449 0.835362
vn 0 1 0
vt 0.19449 0.824908
vn 1 0 0
vt 0.123145 0.944611
vn 1 0 0
vt 0.129285 0.944611
vn 1 0 0
vt 0.129285 0.941471
vn 1 0 0
vt 0.123145 0.941471
vn 0 -1 0
vt 0.0742759 0.856422
vn 0 -1 0
vt 0.0742759 0.866877
vn 0 -1 0
vt 0.195233 0.866877
vn 0 -1 0
vt 0.195233 0.856422
vn 0 0 1
vt 0.208197 0.899988
vn 0 0 1
vt 0.0872399 0.899988
vn 0 0 1
vt 0.0872399 0.905334
vn 0 0 1
vt 0.208197 0.905334
vn -1 0 0
vt 0.143965 0.788113
vn -1 0 0
vt 0.129947 0.788113
vn -1 0 0
vt 0.129947 0.96642
vn -1 0 0
vt 0.143965 0.96642
vn 0 0 -1
vt 0.111731 0.96642
vn 0 0 -1
vt 0.114876 0.96642
vn 0 0 -1
vt 0.114876 0.788113
vn 0 0 -1
vt 0.111731 0.788113
vn 0 1 0
vt 0.147992 0.926823
vn 0 1 0
vt 0.147992 0.935056
vn 0 1 0
vt 0.149839 0.935056
vn 0 1 0
vt 0.149839 0.926823
vn 1 0 0
vt 0.14481 0.96642
vn 1 0 0
vt 0.158828 0.96642
vn 1 0 0
vt 0.158828 0.788113
vn 1 0 0
vt 0.14481 0.788113
vn 0 -1 0
vt 0.131388 0.819117
vn 0 -1 0
vt 0.131388 0.8954
vn 0 -1 0
vt 0.148501 0.8954
vn 0 -1 0
vt 0.148501 0.819117
vn 0 0 1
vt 0.118211 0.788113
vn 0 0 1
vt 0.115066 0.788113
vn 0 0 1
vt 0.115066 0.96642
vn 0 0 1
vt 0.118211 0.96642
vn -1 0 0
vt 0.118211 0.96642
vn -1 0 0
vt 0.118211 0.96642
vn -1 0 0
vt 0.118211 0.96642
vn -1 0 0
vt 0.118211 0.96642
vn 0 0 -1
vt 0.257153 0.982178
vn 0 0 -1
vt 0.394217 0.982178
vn 0 0 -1
vt 0.394217 0.840867
vn 0 -0.00348135 -0.999994
vt 0.257153 0.840867
vn 0 1 0
vt 0.257153 0.840867
vn 0 1 0
vt 0.257153 0.840867
vn 0.567498 0.823375 0
vt 0.257153 0.840867
vn 0.940069 0.340983 0
vt 0.257153 0.840867
vn 0.940069 -0.340983 0
vt 0.257153 0.840867
vn 0.567498 -0.823375 0
vt 0.257153 0.840867
vn 0 -1 0
vt 0.257153 0.840867
vn 0 0 1
vt 0.392434 0.84509
vn 0 0 1
vt 0.256728 0.84509
vn 0 0 1
vt 0.256728 0.98429
vn 0 0 1
vt 0.392434 0.98429
vn -1 0 0
vt 0.130184 0.899988
vn -1 0 0
vt 0.127591 0.899988
vn -1 0 0
vt 0.127591 0.905334
vn -1 0 0
vt 0.130184 0.905334
vn 0 0 -1
vt 0.09587 0.898393
vn 0 0 -1
vt 0.159977 0.898393
vn 0 0 -1
vt 0.159977 0.893047
vn 0 0 -1
vt 0.09587 0.893047
vn 0 1 0
vt 0.100276 0.900635
vn 0 1 0
vt 0.100276 0.903227
vn 0 1 0
vt 0.221234 0.903227
vn 0 1 0
vt 0.221234 0.900635
vn 1 0 0
vt 0.128966 0.905334
vn 1 0 0
vt 0.131558 0.905334
vn 1 0 0
vt 0.131558 0.899988
vn 1 0 0
vt 0.128966 0.899988
vn 0 -1 0
vt 0.078208 0.900635
vn 0 -1 0
vt 0.078208 0.903227
vn 0 -1 0
vt 0.199165 0.903227
vn 0 -1 0
vt 0.199165 0.900635
vn 0 0 1
vt 0.171302 0.893047
vn 0 0 1
vt 0.107195 0.893047
vn 0 0 1
vt 0.107195 0.898393
vn 0 0 1
vt 0.171302 0.898393
vn -1 0 0
vt 0.130435 0.941471
vn -1 0 0
vt 0.128912 0.941471
vn -1 0 0
vt 0.128912 0.944611
vn -1 0 0
vt 0.130435 0.944611
vn 0 0 -1
vt 0.0830277 0.846635
vn 0 0 -1
vt 0.204711 0.846635
vn 0 0 -1
vt 0.204711 0.84129
vn 0 0 -1
vt 0.0830277 0.84129
vn 0 1 0
vt 0.100276 0.902009
vn 0 1 0
vt 0.100276 0.904602
vn 0 1 0
vt 0.221234 0.904602
vn 0 1 0
vt 0.221234 0.902009
vn 1 0 0
vt 0.130287 0.944611
vn 1 0 0
vt 0.131809 0.944611
vn 1 0 0
vt 0.131809 0.941471
vn 1 0 0
vt 0.130287 0.941471
vn 0 -1 0
vt 0.0876779 0.900635
vn 0 -1 0
vt 0.0876779 0.903227
vn 0 -1 0
vt 0.208635 0.903227
vn 0 -1 0
vt 0.208635 0.900635
vn 0 0 1
vt 0.199165 0.901362
vn 0 0 1
vt 0.078208 0.901362
vn 0 0 1
vt 0.078208 0.906708
vn 0 0 1
vt 0.199165 0.906708
vn -1 0 0
vt 0.127408 0.899988
vn -1 0 0
vt 0.107188 0.899988
vn -1 0 0
vt 0.107188 0.905334
vn -1 0 0
vt 0.127408 0.905334
vn 0 0 -1
vt 0.0879117 0.836284
vn 0 0 -1
vt 0.209595 0.836284
vn 0 0 -1
vt 0.209595 0.830938
vn 0 0 -1
vt 0.0879117 0.830938
vn 0 1 0
vt 0.0737459 0.824684
vn 0 1 0
vt 0.0737459 0.844903
vn 0 1 0
vt 0.194703 0.844903
vn 0 1 0
vt 0.194703 0.824684
vn 1 0 0
vt 0.112147 0.944611
vn 1 0 0
vt 0.124021 0.944611
vn 1 0 0
vt 0.124021 0.941471
vn 1 0 0
vt 0.112147 0.941471
vn 0 -1 0
vt 0.0775497 0.824684
vn 0 -1 0
vt 0.0775497 0.844903
vn 0 -1 0
vt 0.198507 0.844903
vn 0 -1 0
vt 0.198507 0.824684
vn 0 0 1
vt 0.208635 0.901362
vn 0 0 1
vt 0.0876779 0.901362
vn 0 0 1
vt 0.0876779 0.906708
vn 0 0 1
vt 0.208635 0.906708
vn -1 0 0
vt 0.136533 0.788113
vn -1 0 0
vt 0.122515 0.788113
vn -1 0 0
vt 0.122515 0.96642
vn -1 0 0
vt 0.136533 0.96642
vn 0 0 -1
vt 0.1184 0.96642
vn 0 0 -1
vt 0.121545 0.96642
vn 0 0 -1
vt 0.121545 0.788113
vn 0 0 -1
vt 0.1184 0.788113
vn 0 1 0
vt 0.131388 0.811685
vn 0 1 0
vt 0.131388 0.887969
vn 0 1 0
vt 0.148501 0.887969
vn 0 1 0
vt 0.148501 0.811685
vn 1 0 0
vt 0.137378 0.96642
vn 1 0 0
vt 0.151396 0.96642
vn 1 0 0
vt 0.151396 0.788113
vn 1 0 0
vt 0.137378 0.788113
vn 0 -1 0
vt 0.131388 0.804253
vn 0 -1 0
vt 0.131388 0.880537
vn 0 -1 0
vt 0.148501 0.880537
vn 0 -1 0
vt 0.148501 0.804253
vn 0 0 1
vt 0.12488 0.788113
vn 0 0 1
vt 0.121735 0.788113
vn 0 0 1
vt 0.121735 0.96642
vn 0 0 1
vt 0.12488 0.96642
vn -1 0 0
vt 0.104067 0.788113
vn -1 0 0
vt 0.100588 0.788113
vn -1 0 0
vt 0.100588 0.96642
vn -1 0 0
vt 0.104067 0.96642
vn 0 0 -1
vt 0.120067 0.96642
vn 0 0 -1
vt 0.123212 0.96642
vn 0 0 -1
vt 0.123212 0.788113
vn 0 0 -1
vt 0.120067 0.788113
vn 0 1 0
vt 0.13498 0.941525
vn 0 1 0
vt 0.13498 0.943567
vn 0 1 0
vt 0.136827 0.943567
vn 0 1 0
vt 0.136827 0.941525
vn 1 0 0
vt 0.106121 0.96642
vn 1 0 0
vt 0.109599 0.96642
vn 1 0 0
vt 0.109599 0.788113
vn 1 0 0
vt 0.106121 0.788113
vn 0 -1 0
vt 0.131646 0.941525
vn 0 -1 0
vt 0.131646 0.943567
vn 0 -1 0
vt 0.133492 0.943567
vn 0 -1 0
vt 0.133492 0.941525
vn 0 0 1
vt 0.126547 0.788113
vn 0 0 1
vt 0.123402 0.788113
vn 0 0 1
vt 0.123402 0.96642
vn 0 0 1
vt 0.126547 0.96642
vn -1 0 0
vt 0.12474 0.899988
vn -1 0 0
vt 0.10452 0.899988
vn -1 0 0
vt 0.10452 0.905334
vn -1 0 0
vt 0.12474 0.905334
vn 0 0 -1
vt 0.0741798 0.857217
vn 0 0 -1
vt 0.195863 0.857217
vn 0 0 -1
vt 0.195863 0.851871
vn 0 0 -1
vt 0.0741798 0.851871
vn 0 1 0
vt 0.0696587 0.824684
vn 0 1 0
vt 0.0696587 0.844903
vn 0 1 0
vt 0.190616 0.844903
vn 0 1 0
vt 0.190616 0.824684
vn 1 0 0
vt 0.096469 0.905334
vn 1 0 0
vt 0.116688 0.905334
vn 1 0 0
vt 0.116688 0.899988
vn 1 0 0
vt 0.096469 0.899988
vn 0 -1 0
vt 0.0810535 0.824684
vn 0 -1 0
vt 0.0810535 0.844903
vn 0 -1 0
vt 0.202011 0.844903
vn 0 -1 0
vt 0.202011 0.824684
vn 0 0 1
vt 0.204427 0.845891
vn 0 0 1
vt 0.0827443 0.845891
vn 0 0 1
vt 0.0827443 0.851236
vn 0 0 1
vt 0.204427 0.851236
vn -1 0 0
vt 0.105911 0.788113
vn -1 0 0
vt 0.102432 0.788113
vn -1 0 0
vt 0.102432 0.96642
vn -1 0 0
vt 0.105911 0.96642
vn 0 0 -1
vt 0.113398 0.96642
vn 0 0 -1
vt 0.116543 0.96642
vn 0 0 -1
vt 0.116543 0.788113
vn 0 0 -1
vt 0.113398 0.788113
vn 0 1 0
vt 0.139982 0.941525
vn 0 1 0
vt 0.139982 0.943567
vn 0 1 0
vt 0.141829 0.943567
vn 0 1 0
vt 0.141829 0.941525
vn 1 0 0
vt 0.107965 0.96642
vn 1 0 0
vt 0.111443 0.96642
vn 1 0 0
vt 0.111443 0.788113
vn 1 0 0
vt 0.107965 0.788113
vn 0 -1 0
vt 0.138315 0.941525
vn 0 -1 0
vt 0.138315 0.943567
vn 0 -1 0
vt 0.140162 0.943567
vn 0 -1 0
vt 0.140162 0.941525
vn 0 0 1
vt 0.119878 0.788113
vn 0 0 1
vt 0.116733 0.788113
vn 0 0 1
vt 0.116733 0.96642
vn 0 0 1
vt 0.119878 0.96642
vn -1 0 0
vt 0.107755 0.788113
vn -1 0 0
vt 0.104276 0.788113
vn -1 0 0
vt 0.104276 0.96642
vn -1 0 0
vt 0.107755 0.96642
vn 0 0 -1
vt 0.154796 0.96642
vn 0 0 -1
vt 0.157941 0.96642
vn 0 0 -1
vt 0.157941 0.788113
vn 0 0 -1
vt 0.154796 0.788113
vn 0 1 0
vt 0.136647 0.941525
vn 0 1 0
vt 0.136647 0.943567
vn 0 1 0
vt 0.138494 0.943567
vn 0 1 0
vt 0.138494 0.941525
vn 1 0 0
vt 0.109809 0.96642
vn 1 0 0
vt 0.113287 0.96642
vn 1 0 0
vt 0.113287 0.788113
vn 1 0 0
vt 0.109809 0.788113
vn 0 -1 0
vt 0.133313 0.941525
vn 0 -1 0
vt 0.133313 0.943567
vn 0 -1 0
vt 0.13516 0.943567
vn 0 -1 0
vt 0.13516 0.941525
vn 0 0 1
vt 0.159608 0.788113
vn 0 0 1
vt 0.156463 0.788113
vn 0 0 1
vt 0.156463 0.96642
vn 0 0 1
vt 0.159608 0.96642
vn -1 0 0
vt 0.130656 0.899988
vn -1 0 0
vt 0.120202 0.899988
vn -1 0 0
vt 0.120202 0.905334
vn -1 0 0
vt 0.130656 0.905334
vn 0 0 -1
vt 0.0724185 0.905334
vn 0 0 -1
vt 0.193376 0.905334
vn 0 0 -1
vt 0.193376 0.899988
vn 0 0 -1
vt 0.0724185 0.899988
vn 0 1 0
vt 0.0735325 0.824908
vn 0 1 0
vt 0.0735325 0.835362
vn 0 1 0
vt 0.19449 0.835362
vn 0 1 0
vt 0.19449 0.824908
vn 1 0 0
vt 0.123145 0.944611
vn 1 0 0
vt 0.129285 0.944611
vn 1 0 0
vt 0.129285 0.941471
vn 1 0 0
vt 0.123145 0.941471
vn 0 -1 0
vt 0.0742759 0.856422
vn 0 -1 0
vt 0.0742759 0.866877
vn 0 -1 0
vt 0.195233 0.866877
vn 0 -1 0
vt 0.195233 0.856422
vn 0 0 1
vt 0.208197 0.899988
vn 0 0 1
vt 0.0872399 0.899988
vn 0 0 1
vt 0.0872399 0.905334
vn 0 0 1
vt 0.208197 0.905334
vn -1 0 0
vt 0.143965 0.788113
vn -1 0 0
vt 0.129947 0.788113
vn -1 0 0
vt 0.129947 0.96642
vn -1 0 0
vt 0.143965 0.96642
vn 0 0 -1
vt 0.111731 0.96642
vn 0 0 -1
vt 0.114876 0.96642
vn 0 0 -1
vt 0.114876 0.788113
vn 0 0 -1
vt 0.111731 0.788113
vn 0 1 0
vt 0.147992 0.926823
vn 0 1 0
vt 0.147992 0.935056
vn 0 1 0
vt 0.149839 0.935056
vn 0 1 0
vt 0.149839 0.926823
vn 1 0 0
vt 0.14481 0.96642
vn 1 0 0
vt 0.158828 0.96642
vn 1 0 0
vt 0.158828 0.788113
vn 1 0 0
vt 0.14481 0.788113
vn 0 -1 0
vt 0.131388 0.819117
vn 0 -1 0
vt 0.131388 0.8954
vn 0 -1 0
vt 0.148501 0.8954
vn 0 -1 0
vt 0.148501 0.819117
vn 0 0 1
vt 0.118211 0.788113
vn 0 0 1
vt 0.115066 0.788113
vn 0 0 1
vt 0.115066 0.96642
vn 0 0 1
vt 0.118211 0.96642
vn -1 0 0
vt 0.118211 0.96642
vn -1 0 0
vt 0.118211 0.96642
vn -1 0 0
vt 0.118211 0.96642
vn -1 0 0
vt 0.118211 0.96642
vn 0 0 -1
vt 0.257153 0.982178
vn 0 0 -1
vt 0.394217 0.982178
vn 0 0 -1
vt 0.394217 0.840867
vn 0 -0.00348135 -0.999994
vt 0.257153 0.840867
vn 0 1 0
vt 0.257153 0.840867
vn 0 1 0
vt 0.257153 0.840867
vn 0.567498 0.823375 0
vt 0.257153 0.840867
vn 0.940069 0.340983 0
vt 0.257153 0.840867
vn 0.940069 -0.340983 0
vt 0.257153 0.840867
vn 0.567498 -0.823375 0
vt 0.257153 0.840867
vn 0 -1 0
vt 0.257153 0.840867
vn 0 0 1
vt 0.392434 0.84509
vn 0 0 1
vt 0.256728 0.84509
vn 0 0 1
vt 0.256728 0.98429
vn 0 0 1
vt 0.392434 0.98429
vn 0 0.657091 0.753811
vt -0.00202222 0.258514
vn 0 0.657091 0.753811
vt 0.997978 0.258514
vn 0 0.657091 0.753811
vt 0.817174 0.452048
vn 0 0.657091 0.753811
vt 0.178782 0.452048
vn 0 -1 0
vt 0.785 0.0556115
vn 0 -1 0
vt 0.785 0.203047
vn 0 -1 0
vt 0.215 0.203047
vn 0 -1 0
vt 0.215 0.0556115
vn -0.627957 0.778248 0
vt 0.729743 0.704385
vn -0.627957 0.778248 0
vt 0.734063 0.704385
vn -0.627957 0.778248 0
vt 0.861232 0.472063
vn -0.627957 0.778248 0
vt 0.602574 0.472063
vn 0 1 0
vt 0.818803 0.430504
vn 0 1 0
vt 0.818803 0.434823
vn 0 1 0
vt 0.180411 0.434823
vn 0 1 0
vt 0.180411 0.430504
vn 0.627957 0.778248 0
vt 0.604174 0.472063
vn 0.627957 0.778248 0
vt 0.862832 0.472063
vn 0.627957 0.778248 0
vt 0.735663 0.704385
vn 0.627957 0.778248 0
vt 0.731343 0.704385
vn 0 0.657091 -0.753811
vt 0.819196 0.451448
vn 0 0.657091 -0.753811
vt 0.180804 0.451448
vn 0 0.657091 -0.753811
vt 0 0.257914
vn 0 0.657091 -0.753811
vt 1 0.257914
vn 0 -0.999517 0.0310618
vt 0.4617 0.548954
vn 0 -0.999517 0.0310618
vt 0.4617 0.657448
vn 0 -0.999517 0.0310618
vt 0.355591 0.548954
vn -4.66743e-08 0.0310618 0.999517
vt 0.354003 0.549245
vn -1.86515e-08 0.0310618 0.999517
vt 0.373315 0.568556
vn -1.86515e-08 0.0310619 0.999517
vt 0.354003 0.657738
vn -1 0 0
vt 0.461178 0.657378
vn -1 0 0
vt 0.352683 0.548885
vn -1 0 0
vt 0.461178 0.548885
vn -1 0 0
vt 0.352683 0.657378
vn 1.14226e-07 -0.999517 0.0310623
vt 0.383307 0.58828
vn -4.33053e-07 -0.999517 0.0310619
vt 0.400632 0.605208
vn 2.3304e-07 -0.999517 0.0310617
vt 0.355283 0.637352
vn 1.14227e-07 -0.999517 0.0310628
vt 0.367057 0.581841
vn -2.40951e-07 0.999517 -0.031062
vt 0.385466 0.582843
vn 2.51309e-08 0.0310619 0.999517
vt 0.373315 0.638427
vn 1.86516e-08 0.0310619 0.999517
vt 0.440799 0.638427
vn -9.46108e-09 0.0310619 0.999517
vt 0.460112 0.657738
vn -1.60437e-08 0.999518 -0.0310614
vt 0.388891 0.574298
vn -1.36014e-08 -0.999517 0.0310622
vt 0.400632 0.561634
vn 1.86515e-08 0.0310618 0.999517
vt 0.460112 0.549245
vn 1 0 0
vt 0.352491 0.549076
vn 1 0 0
vt 0.460985 0.65757
vn 1 0 0
vt 0.352491 0.65757
vn 1 0 0
vt 0.460985 0.549076
vn 6.25742e-08 0.0310618 0.999517
vt 0.440799 0.568556
vn 0 -0.999517 0.0310618
vt 0.355591 0.657448
vn 0 -0.031062 -0.999517
vt 0.461654 0.656776
vn 0 -0.031062 -0.999517
vt 0.355546 0.656776
vn 0 -0.031062 -0.999517
vt 0.461654 0.548282
vn 5.24571e-07 0.999517 -0.0310618
vt 0.379628 0.580921
vn 0 -0.031062 -0.999517
vt 0.355546 0.548282
vn 1 0 0
vt 0.464602 0.499322
vn 1 0 0
vt 0.350529 0.496532
vn 1 0 0
vt 0.464602 0.496532
vn 0.482403 0.873145 0.0700358
vt 0.590096 0.604667
vn 6.53829e-09 0.987298 0.158881
vt 0.547194 0.527455
vn 0.754609 0.614001 0.231447
vt 0.591576 0.531543
vn 0 -0.97235 0.233529
vt 0.362469 0.579628
vn 0 -0.97235 0.233529
vt 0.461458 0.658014
vn 0 -0.97235 0.233529
vt 0.362469 0.658014
vn 0 0.988233 -0.152956
vt 0.546846 0.620181
vn 0 -0.0012867 -0.999999
vt 0.35081 0.486081
vn 0 -0.0012867 -0.999999
vt 0.467269 0.486081
vn 0 -0.0012867 -0.999999
vt 0.35081 0.48887
vn 0 -0.0012867 -0.999999
vt 0.467269 0.48887
vn -1 0 0
vt 0.350216 0.49026
vn -1 0 0
vt 0.46429 0.49305
vn -1 0 0
vt 0.350216 0.49305
vn 0 -0.97235 0.233529
vt 0.461458 0.579628
vn -0.482403 0.873145 0.0700358
vt 0.503775 0.604412
vn -0.112933 0.922821 -0.368304
vt 0.509026 0.665831
vn 1 0 0
vt 0.350529 0.499322
vn 0 -0.0712343 0.99746
vt 0.463576 0.478531
vn 0 -0.0674605 0.997722
vt 0.347146 0.478488
vn 0 0.0310626 0.999517
vt 0.463576 0.475742
vn 0 -0.075307 0.99716
vt 0.405347 0.516686
vn 0 0.0310626 0.999517
vt 0.347148 0.475699
vn -1 0 0
vt 0.46429 0.49026
vn -0.754609 0.614 0.231447
vt 0.503166 0.531909
vn 0.112933 0.922821 -0.368304
vt 0.584175 0.665483
vn 0 -0.999517 0.031062
vt 0.450336 0.546485
vn 0 -0.999517 0.031062
vt 0.450336 0.562978
vn 0 -0.999517 0.031062
vt 0.382851 0.546485
vn 1 0 0
vt 0.414925 0.567812
vn 1 0 0
vt 0.431419 0.637682
vn 1 0 0
vt 0.414925 0.637682
vn 1 0 0
vt 0.431419 0.567812
vn 0 0.999517 -0.031062
vt 0.386934 0.542648
vn 0 0.999517 -0.031062
vt 0.454419 0.559142
vn 0 0.999517 -0.031062
vt 0.386934 0.559142
vn 0 0.999517 -0.031062
vt 0.454419 0.542648
vn -1 0 0
vt 0.398998 0.635545
vn -1 0 0
vt 0.382503 0.565675
vn -1 0 0
vt 0.398998 0.565675
vn -1 0 0
vt 0.382503 0.635545
vn 0 -0.999517 0.031062
vt 0.382851 0.562978
vn 0 0.0310619 0.999517
vt 0.350553 0.589131
vn 0 0.0310619 0.999517
vt 0.418038 0.589131
vn 0 0.0310619 0.999517
vt 0.350553 0.659001
vn 0 0.0310619 0.999517
vt 0.418038 0.659001
vn -0.13685 -0.0667076 -0.988343
vt 0.350553 0.659001
vn -0.456354 -0.889798 0
vt 0.350553 0.659001
vn -0.898894 0.438166 0
vt 0.350553 0.659001
vn -0.0345169 0.067301 -0.997135
vt 0.350553 0.659001
vn 0.13685 0.0667076 -0.988343
vt 0.350553 0.659001
vn 0.0345169 -0.067301 -0.997135
vt 0.350553 0.659001
vn 0.456354 0.889798 0
vt 0.350553 0.659001
vn 0.898894 -0.438166 0
vt 0.350553 0.659001
vn 0 0 1
vt 0.984909 0.559015
vn 0 0 1
vt 0.840608 0.559015
vn 0 0 1
vt 0.840608 0.707031
vn 0 0 1
vt 0.984909 0.707031
vn 0 0 1
vt 0.0962993 0.892048
vn 0 0 1
vt 0.160126 0.892048
vn 0 0 1
vt 0.160126 0.89737
vn 0 0 1
vt 0.0962993 0.89737
vn 0 -1 0
vt 0.199189 0.899629
vn 0 -1 0
vt 0.199189 0.902211
vn 0 -1 0
vt 0.0787618 0.902211
vn 0 -1 0
vt 0.0787618 0.899629
vn -1 0 0
vt 0.130467 0.904311
vn -1 0 0
vt 0.127886 0.904311
vn -1 0 0
vt 0.127886 0.898988
vn -1 0 0
vt 0.130467 0.898988
vn 0 1 0
vt 0.221258 0.899629
vn 0 1 0
vt 0.221258 0.902211
vn 0 1 0
vt 0.10083 0.902211
vn 0 1 0
vt 0.10083 0.899629
vn 1 0 0
vt 0.12926 0.898988
vn 1 0 0
vt 0.131842 0.898988
vn 1 0 0
vt 0.131842 0.904311
vn 1 0 0
vt 0.12926 0.904311
vn 0 0 -1
vt 0.171451 0.89737
vn 0 0 -1
vt 0.107624 0.89737
vn 0 0 -1
vt 0.107624 0.892048
vn 0 0 -1
vt 0.171451 0.892048
vn 0 0 1
vt 0.0835831 0.84029
vn 0 0 1
vt 0.204733 0.84029
vn 0 0 1
vt 0.204733 0.845613
vn 0 0 1
vt 0.0835831 0.845613
vn 0 -1 0
vt 0.208659 0.899629
vn 0 -1 0
vt 0.208659 0.902211
vn 0 -1 0
vt 0.0882318 0.902211
vn 0 -1 0
vt 0.0882318 0.899629
vn -1 0 0
vt 0.13858 0.90532
vn -1 0 0
vt 0.136078 0.90532
vn -1 0 0
vt 0.136078 0.900162
vn -1 0 0
vt 0.13858 0.900162
vn 0 1 0
vt 0.221258 0.901004
vn 0 1 0
vt 0.221258 0.903585
vn 0 1 0
vt 0.10083 0.903585
vn 0 1 0
vt 0.10083 0.901004
vn 1 0 0
vt 0.137453 0.900162
vn 1 0 0
vt 0.139954 0.900162
vn 1 0 0
vt 0.139954 0.90532
vn 1 0 0
vt 0.137453 0.90532
vn 0 0 -1
vt 0.199189 0.905685
vn 0 0 -1
vt 0.0787618 0.905685
vn 0 0 -1
vt 0.0787618 0.900363
vn 0 0 -1
vt 0.199189 0.900363
vn 0 0 1
vt 0.0884671 0.829939
vn 0 0 1
vt 0.209617 0.829939
vn 0 0 1
vt 0.209617 0.835261
vn 0 0 1
vt 0.0884671 0.835261
vn 0 -1 0
vt 0.198531 0.823717
vn 0 -1 0
vt 0.198531 0.843848
vn 0 -1 0
vt 0.0781035 0.843848
vn 0 -1 0
vt 0.0781035 0.823717
vn -1 0 0
vt 0.127652 0.904311
vn -1 0 0
vt 0.107521 0.904311
vn -1 0 0
vt 0.107521 0.898988
vn -1 0 0
vt 0.127652 0.898988
vn 0 1 0
vt 0.194727 0.823717
vn 0 1 0
vt 0.194727 0.843848
vn 0 1 0
vt 0.0742997 0.843848
vn 0 1 0
vt 0.0742997 0.823717
vn 1 0 0
vt 0.115985 0.900162
vn 1 0 0
vt 0.135494 0.900162
vn 1 0 0
vt 0.135494 0.90532
vn 1 0 0
vt 0.115985 0.90532
vn 0 0 -1
vt 0.208659 0.905685
vn 0 0 -1
vt 0.0882318 0.905685
vn 0 0 -1
vt 0.0882318 0.900363
vn 0 0 -1
vt 0.208659 0.900363
vn 0 0 1
vt 0.118696 0.787492
vn 0 0 1
vt 0.121827 0.787492
vn 0 0 1
vt 0.121827 0.965019
vn 0 0 1
vt 0.118696 0.965019
vn 0 -1 0
vt 0.126558 0.534753
vn 0 -1 0
vt 0.126558 0.660082
vn 0 -1 0
vt 0.0984416 0.660082
vn 0 -1 0
vt 0.0984416 0.534753
vn -1 0 0
vt 0.136791 0.965019
vn -1 0 0
vt 0.122834 0.965019
vn -1 0 0
vt 0.122834 0.787492
vn -1 0 0
vt 0.136791 0.787492
vn 0 1 0
vt 0.126558 0.542185
vn 0 1 0
vt 0.126558 0.667514
vn 0 1 0
vt 0.0984416 0.667514
vn 0 1 0
vt 0.0984416 0.542185
vn 1 0 0
vt 0.137698 0.787492
vn 1 0 0
vt 0.151655 0.787492
vn 1 0 0
vt 0.151655 0.965019
vn 1 0 0
vt 0.137698 0.965019
vn 0 0 -1
vt 0.125162 0.965019
vn 0 0 -1
vt 0.122031 0.965019
vn 0 0 -1
vt 0.122031 0.787492
vn 0 0 -1
vt 0.125162 0.787492
vn 0 0 1
vt 0.120363 0.787492
vn 0 0 1
vt 0.123494 0.787492
vn 0 0 1
vt 0.123494 0.965019
vn 0 0 1
vt 0.120363 0.965019
vn 0 -1 0
vt 0.141742 0.900568
vn 0 -1 0
vt 0.141742 0.903924
vn 0 -1 0
vt 0.138707 0.903924
vn 0 -1 0
vt 0.138707 0.900568
vn -1 0 0
vt 0.104348 0.965019
vn -1 0 0
vt 0.100885 0.965019
vn -1 0 0
vt 0.100885 0.787492
vn -1 0 0
vt 0.104348 0.787492
vn 0 1 0
vt 0.145076 0.900568
vn 0 1 0
vt 0.145076 0.903924
vn 0 1 0
vt 0.142042 0.903924
vn 0 1 0
vt 0.142042 0.900568
vn 1 0 0
vt 0.106417 0.787492
vn 1 0 0
vt 0.10988 0.787492
vn 1 0 0
vt 0.10988 0.965019
vn 1 0 0
vt 0.106417 0.965019
vn 0 0 -1
vt 0.126829 0.965019
vn 0 0 -1
vt 0.123698 0.965019
vn 0 0 -1
vt 0.123698 0.787492
vn 0 0 -1
vt 0.126829 0.787492
vn 0 0 1
vt 0.0747352 0.850872
vn 0 0 1
vt 0.195885 0.850872
vn 0 0 1
vt 0.195885 0.856194
vn 0 0 1
vt 0.0747352 0.856194
vn 0 -1 0
vt 0.202035 0.823717
vn 0 -1 0
vt 0.202035 0.843848
vn 0 -1 0
vt 0.0816074 0.843848
vn 0 -1 0
vt 0.0816074 0.823717
vn -1 0 0
vt 0.124984 0.904311
vn -1 0 0
vt 0.104853 0.904311
vn -1 0 0
vt 0.104853 0.898988
vn -1 0 0
vt 0.124984 0.898988
vn 0 1 0
vt 0.19064 0.823717
vn 0 1 0
vt 0.19064 0.843848
vn 0 1 0
vt 0.0702125 0.843848
vn 0 1 0
vt 0.0702125 0.823717
vn 1 0 0
vt 0.0968022 0.898988
vn 1 0 0
vt 0.116933 0.898988
vn 1 0 0
vt 0.116933 0.904311
vn 1 0 0
vt 0.0968022 0.904311
vn 0 0 -1
vt 0.20445 0.850213
vn 0 0 -1
vt 0.0832997 0.850213
vn 0 0 -1
vt 0.0832997 0.844891
vn 0 0 -1
vt 0.20445 0.844891
vn 0 0 1
vt 0.113694 0.787492
vn 0 0 1
vt 0.116825 0.787492
vn 0 0 1
vt 0.116825 0.965019
vn 0 0 1
vt 0.113694 0.965019
vn 0 -1 0
vt 0.148411 0.900568
vn 0 -1 0
vt 0.148411 0.903924
vn 0 -1 0
vt 0.145376 0.903924
vn 0 -1 0
vt 0.145376 0.900568
vn -1 0 0
vt 0.106192 0.965019
vn -1 0 0
vt 0.102729 0.965019
vn -1 0 0
vt 0.102729 0.787492
vn -1 0 0
vt 0.106192 0.787492
vn 0 1 0
vt 0.150078 0.900568
vn 0 1 0
vt 0.150078 0.903924
vn 0 1 0
vt 0.147044 0.903924
vn 0 1 0
vt 0.147044 0.900568
vn 1 0 0
vt 0.108261 0.787492
vn 1 0 0
vt 0.111724 0.787492
vn 1 0 0
vt 0.111724 0.965019
vn 1 0 0
vt 0.108261 0.965019
vn 0 0 -1
vt 0.12016 0.965019
vn 0 0 -1
vt 0.117029 0.965019
vn 0 0 -1
vt 0.117029 0.787492
vn 0 0 -1
vt 0.12016 0.787492
vn 0 0 1
vt 0.155092 0.787492
vn 0 0 1
vt 0.158223 0.787492
vn 0 0 1
vt 0.158223 0.965019
vn 0 0 1
vt 0.155092 0.965019
vn 0 -1 0
vt 0.143409 0.900568
vn 0 -1 0
vt 0.143409 0.903924
vn 0 -1 0
vt 0.140375 0.903924
vn 0 -1 0
vt 0.140375 0.900568
vn -1 0 0
vt 0.108036 0.965019
vn -1 0 0
vt 0.104573 0.965019
vn -1 0 0
vt 0.104573 0.787492
vn -1 0 0
vt 0.108036 0.787492
vn 0 1 0
vt 0.146744 0.900568
vn 0 1 0
vt 0.146744 0.903924
vn 0 1 0
vt 0.143709 0.903924
vn 0 1 0
vt 0.143709 0.900568
vn 1 0 0
vt 0.110105 0.787492
vn 1 0 0
vt 0.113568 0.787492
vn 1 0 0
vt 0.113568 0.965019
vn 1 0 0
vt 0.110105 0.965019
vn 0 0 -1
vt 0.15989 0.965019
vn 0 0 -1
vt 0.156759 0.965019
vn 0 0 -1
vt 0.156759 0.787492
vn 0 0 -1
vt 0.15989 0.787492
vn 0 0 1
vt 0.0729724 0.898988
vn 0 0 1
vt 0.1934 0.898988
vn 0 0 1
vt 0.1934 0.904311
vn 0 0 1
vt 0.0729724 0.904311
vn 0 -1 0
vt 0.195257 0.855434
vn 0 -1 0
vt 0.195257 0.865843
vn 0 -1 0
vt 0.0748297 0.865843
vn 0 -1 0
vt 0.0748297 0.855434
vn -1 0 0
vt 0.130922 0.904311
vn -1 0 0
vt 0.120513 0.904311
vn -1 0 0
vt 0.120513 0.898988
vn -1 0 0
vt 0.130922 0.898988
vn 0 1 0
vt 0.194514 0.823919
vn 0 1 0
vt 0.194514 0.834328
vn 0 1 0
vt 0.0740863 0.834328
vn 0 1 0
vt 0.0740863 0.823919
vn 1 0 0
vt 0.128827 0.900162
vn 1 0 0
vt 0.138914 0.900162
vn 1 0 0
vt 0.138914 0.90532
vn 1 0 0
vt 0.128827 0.90532
vn 0 0 -1
vt 0.208221 0.904311
vn 0 0 -1
vt 0.0877937 0.904311
vn 0 0 -1
vt 0.0877937 0.898988
vn 0 0 -1
vt 0.208221 0.898988
vn 0 0 1
vt 0.112027 0.787492
vn 0 0 1
vt 0.115158 0.787492
vn 0 0 1
vt 0.115158 0.965019
vn 0 0 1
vt 0.112027 0.965019
vn 0 -1 0
vt 0.126558 0.549616
vn 0 -1 0
vt 0.126558 0.674945
vn 0 -1 0
vt 0.0984416 0.674945
vn 0 -1 0
vt 0.0984416 0.549616
vn -1 0 0
vt 0.144223 0.965019
vn -1 0 0
vt 0.130266 0.965019
vn -1 0 0
vt 0.130266 0.787492
vn -1 0 0
vt 0.144223 0.787492
vn 0 1 0
vt 0.158088 0.883877
vn 0 1 0
vt 0.158088 0.897402
vn 0 1 0
vt 0.155054 0.897402
vn 0 1 0
vt 0.155054 0.883877
vn 1 0 0
vt 0.14513 0.787492
vn 1 0 0
vt 0.159086 0.787492
vn 1 0 0
vt 0.159086 0.965019
vn 1 0 0
vt 0.14513 0.965019
vn 0 0 -1
vt 0.118493 0.965019
vn 0 0 -1
vt 0.115361 0.965019
vn 0 0 -1
vt 0.115361 0.787492
vn 0 0 -1
vt 0.118493 0.787492
vn 0 0 1
vt 0.118696 0.787492
vn 0 0 1
vt 0.121827 0.787492
vn 0 0 1
vt 0.121827 0.965019
vn 0 0 1
vt 0.118696 0.965019
vn 0 -1 0
vt 0.126558 0.534753
vn 0 -1 0
vt 0.126558 0.660082
vn 0 -1 0
vt 0.0984416 0.660082
vn 0 -1 0
vt 0.0984416 0.534753
vn -1 0 0
vt 0.136791 0.965019
vn -1 0 0
vt 0.122834 0.965019
vn -1 0 0
vt 0.122834 0.787492
vn -1 0 0
vt 0.136791 0.787492
vn 0 1 0
vt 0.126558 0.542185
vn 0 1 0
vt 0.126558 0.667514
vn 0 1 0
vt 0.0984416 0.667514
vn 0 1 0
vt 0.0984416 0.542185
vn 1 0 0
vt 0.137698 0.787492
vn 1 0 0
vt 0.151655 0.787492
vn 1 0 0
vt 0.151655 0.965019
vn 1 0 0
vt 0.137698 0.965019
vn 0 0 -1
vt 0.125162 0.965019
vn 0 0 -1
vt 0.122031 0.965019
vn 0 0 -1
vt 0.122031 0.787492
vn 0 0 -1
vt 0.125162 0.787492
vn 0 0 1
vt 0.120363 0.787492
vn 0 0 1
vt 0.123494 0.787492
vn 0 0 1
vt 0.123494 0.965019
vn 0 0 1
vt 0.120363 0.965019
vn 0 -1 0
vt 0.141742 0.900568
vn 0 -1 0
vt 0.141742 0.903924
vn 0 -1 0
vt 0.138707 0.903924
vn 0 -1 0
vt 0.138707 0.900568
vn -1 0 0
vt 0.104348 0.965019
vn -1 0 0
vt 0.100885 0.965019
vn -1 0 0
vt 0.100885 0.787492
vn -1 0 0
vt 0.104348 0.787492
vn 0 1 0
vt 0.145076 0.900568
vn 0 1 0
vt 0.145076 0.903924
vn 0 1 0
vt 0.142042 0.903924
vn 0 1 0
vt 0.142042 0.900568
vn 1 0 0
vt 0.106417 0.787492
vn 1 0 0
vt 0.10988 0.787492
vn 1 0 0
vt 0.10988 0.965019
vn 1 0 0
vt 0.106417 0.965019
vn 0 0 -1
vt 0.126829 0.965019
vn 0 0 -1
vt 0.123698 0.965019
vn 0 0 -1
vt 0.123698 0.787492
vn 0 0 -1
vt 0.126829 0.787492
vn 0 0 1
vt 0.0747352 0.850872
vn 0 0 1
vt 0.195885 0.850872
vn 0 0 1
vt 0.195885 0.856194
vn 0 0 1
vt 0.0747352 0.856194
vn 0 -1 0
vt 0.202035 0.823717
vn 0 -1 0
vt 0.202035 0.843848
vn 0 -1 0
vt 0.0816074 0.843848
vn 0 -1 0
vt 0.0816074 0.823717
vn -1 0 0
vt 0.124984 0.904311
vn -1 0 0
vt 0.104853 0.904311
vn -1 0 0
vt 0.104853 0.898988
vn -1 0 0
vt 0.124984 0.898988
vn 0 1 0
vt 0.19064 0.823717
vn 0 1 0
vt 0.19064 0.843848
vn 0 1 0
vt 0.0702125 0.843848
vn 0 1 0
vt 0.0702125 0.823717
vn 1 0 0
vt 0.0968022 0.898988
vn 1 0 0
vt 0.116933 0.898988
vn 1 0 0
vt 0.116933 0.904311
vn 1 0 0
vt 0.0968022 0.904311
vn 0 0 -1
vt 0.20445 0.850213
vn 0 0 -1
vt 0.0832997 0.850213
vn 0 0 -1
vt 0.0832997 0.844891
vn 0 0 -1
vt 0.20445 0.844891
vn 0 0 1
vt 0.0884671 0.829939
vn 0 0 1
vt 0.209617 0.829939
vn 0 0 1
vt 0.209617 0.835261
vn 0 0 1
vt 0.0884671 0.835261
vn 0 -1 0
vt 0.198531 0.823717
vn 0 -1 0
vt 0.198531 0.843848
vn 0 -1 0
vt 0.0781035 0.843848
vn 0 -1 0
vt 0.0781035 0.823717
vn -1 0 0
vt 0.127652 0.904311
vn -1 0 0
vt 0.107521 0.904311
vn -1 0 0
vt 0.107521 0.898988
vn -1 0 0
vt 0.127652 0.898988
vn 0 1 0
vt 0.194727 0.823717
vn 0 1 0
vt 0.194727 0.843848
vn 0 1 0
vt 0.0742997 0.843848
vn 0 1 0
vt 0.0742997 0.823717
vn 1 0 0
vt 0.115985 0.900162
vn 1 0 0
vt 0.135494 0.900162
vn 1 0 0
vt 0.135494 0.90532
vn 1 0 0
vt 0.115985 0.90532
vn 0 0 -1
vt 0.208659 0.905685
vn 0 0 -1
vt 0.0882318 0.905685
vn 0 0 -1
vt 0.0882318 0.900363
vn 0 0 -1
vt 0.208659 0.900363
vn 0 0 1
vt 0.113694 0.787492
vn 0 0 1
vt 0.116825 0.787492
vn 0 0 1
vt 0.116825 0.965019
vn 0 0 1
vt 0.113694 0.965019
vn 0 -1 0
vt 0.148411 0.900568
vn 0 -1 0
vt 0.148411 0.903924
vn 0 -1 0
vt 0.145376 0.903924
vn 0 -1 0
vt 0.145376 0.900568
vn -1 0 0
vt 0.106192 0.965019
vn -1 0 0
vt 0.102729 0.965019
vn -1 0 0
vt 0.102729 0.787492
vn -1 0 0
vt 0.106192 0.787492
vn 0 1 0
vt 0.150078 0.900568
vn 0 1 0
vt 0.150078 0.903924
vn 0 1 0
vt 0.147044 0.903924
vn 0 1 0
vt 0.147044 0.900568
vn 1 0 0
vt 0.108261 0.787492
vn 1 0 0
vt 0.111724 0.787492
vn 1 0 0
vt 0.111724 0.965019
vn 1 0 0
vt 0.108261 0.965019
vn 0 0 -1
vt 0.12016 0.965019
vn 0 0 -1
vt 0.117029 0.965019
vn 0 0 -1
vt 0.117029 0.787492
vn 0 0 -1
vt 0.12016 0.787492
vn 0 0 1
vt 0.155092 0.787492
vn 0 0 1
vt 0.158223 0.787492
vn 0 0 1
vt 0.158223 0.965019
vn 0 0 1
vt 0.155092 0.965019
vn 0 -1 0
vt 0.143409 0.900568
vn 0 -1 0
vt 0.143409 0.903924
vn 0 -1 0
vt 0.140375 0.903924
vn 0 -1 0
vt 0.140375 0.900568
vn -1 0 0
vt 0.108036 0.965019
vn -1 0 0
vt 0.104573 0.965019
vn -1 0 0
vt 0.104573 0.787492
vn -1 0 0
vt 0.108036 0.787492
vn 0 1 0
vt 0.146744 0.900568
vn 0 1 0
vt 0.146744 0.903924
vn 0 1 0
vt 0.143709 0.903924
vn 0 1 0
vt 0.143709 0.900568
vn 1 0 0
vt 0.110105 0.787492
vn 1 0 0
vt 0.113568 0.787492
vn 1 0 0
vt 0.113568 0.965019
vn 1 0 0
vt 0.110105 0.965019
vn 0 0 -1
vt 0.15989 0.965019
vn 0 0 -1
vt 0.156759 0.965019
vn 0 0 -1
vt 0.156759 0.787492
vn 0 0 -1
vt 0.15989 0.787492
vn 0 0 1
vt 0.0729724 0.898988
vn 0 0 1
vt 0.1934 0.898988
vn 0 0 1
vt 0.1934 0.904311
vn 0 0 1
vt 0.0729724 0.904311
vn 0 -1 0
vt 0.195257 0.855434
vn 0 -1 0
vt 0.195257 0.865843
vn 0 -1 0
vt 0.0748297 0.865843
vn 0 -1 0
vt 0.0748297 0.855434
vn -1 0 0
vt 0.130922 0.904311
vn -1 0 0
vt 0.120513 0.904311
vn -1 0 0
vt 0.120513 0.898988
vn -1 0 0
vt 0.130922 0.898988
vn 0 1 0
vt 0.194514 0.823919
vn 0 1 0
vt 0.194514 0.834328
vn 0 1 0
vt 0.0740863 0.834328
vn 0 1 0
vt 0.0740863 0.823919
vn 1 0 0
vt 0.128827 0.900162
vn 1 0 0
vt 0.138914 0.900162
vn 1 0 0
vt 0.138914 0.90532
vn 1 0 0
vt 0.128827 0.90532
vn 0 0 -1
vt 0.208221 0.904311
vn 0 0 -1
vt 0.0877937 0.904311
vn 0 0 -1
vt 0.0877937 0.898988
vn 0 0 -1
vt 0.208221 0.898988
vn 0 0 1
vt 0.0835831 0.84029
vn 0 0 1
vt 0.204733 0.84029
vn 0 0 1
vt 0.204733 0.845613
vn 0 0 1
vt 0.0835831 0.845613
vn 0 -1 0
vt 0.208659 0.899629
vn 0 -1 0
vt 0.208659 0.902211
vn 0 -1 0
vt 0.0882318 0.902211
vn 0 -1 0
vt 0.0882318 0.899629
vn -1 0 0
vt 0.13858 0.90532
vn -1 0 0
vt 0.136078 0.90532
vn -1 0 0
vt 0.136078 0.900162
vn -1 0 0
vt 0.13858 0.900162
vn 0 1 0
vt 0.221258 0.901004
vn 0 1 0
vt 0.221258 0.903585
vn 0 1 0
vt 0.10083 0.903585
vn 0 1 0
vt 0.10083 0.901004
vn 1 0 0
vt 0.137453 0.900162
vn 1 0 0
vt 0.139954 0.900162
vn 1 0 0
vt 0.139954 0.90532
vn 1 0 0
vt 0.137453 0.90532
vn 0 0 -1
vt 0.199189 0.905685
vn 0 0 -1
vt 0.0787618 0.905685
vn 0 0 -1
vt 0.0787618 0.900363
vn 0 0 -1
vt 0.199189 0.900363
vn 0 0 1
vt 0.112027 0.787492
vn 0 0 1
vt 0.115158 0.787492
vn 0 0 1
vt 0.115158 0.965019
vn 0 0 1
vt 0.112027 0.965019
vn 0 -1 0
vt 0.126558 0.549616
vn 0 -1 0
vt 0.126558 0.674945
vn 0 -1 0
vt 0.0984416 0.674945
vn 0 -1 0
vt 0.0984416 0.549616
vn -1 0 0
vt 0.144223 0.965019
vn -1 0 0
vt 0.130266 0.965019
vn -1 0 0
vt 0.130266 0.787492
vn -1 0 0
vt 0.144223 0.787492
vn 0 1 0
vt 0.158088 0.883877
vn 0 1 0
vt 0.158088 0.897402
vn 0 1 0
vt 0.155054 0.897402
vn 0 1 0
vt 0.155054 0.883877
vn 1 0 0
vt 0.14513 0.787492
vn 1 0 0
vt 0.159086 0.787492
vn 1 0 0
vt 0.159086 0.965019
vn 1 0 0
vt 0.14513 0.965019
vn 0 0 -1
vt 0.118493 0.965019
vn 0 0 -1
vt 0.115361 0.965019
vn 0 0 -1
vt 0.115361 0.787492
vn 0 0 -1
vt 0.118493 0.787492
vn 0 0 1
vt 0.0962993 0.892048
vn 0 0 1
vt 0.160126 0.892048
vn 0 0 1
vt 0.160126 0.89737
vn 0 0 1
vt 0.0962993 0.89737
vn 0 -1 0
vt 0.199189 0.899629
vn 0 -1 0
vt 0.199189 0.902211
vn 0 -1 0
vt 0.0787618 0.902211
vn 0 -1 0
vt 0.0787618 0.899629
vn -1 0 0
vt 0.130467 0.904311
vn -1 0 0
vt 0.127886 0.904311
vn -1 0 0
vt 0.127886 0.898988
vn -1 0 0
vt 0.130467 0.898988
vn 0 1 0
vt 0.221258 0.899629
vn 0 1 0
vt 0.221258 0.902211
vn 0 1 0
vt 0.10083 0.902211
vn 0 1 0
vt 0.10083 0.899629
vn 1 0 0
vt 0.12926 0.898988
vn 1 0 0
vt 0.131842 0.898988
vn 1 0 0
vt 0.131842 0.904311
vn 1 0 0
vt 0.12926 0.904311
vn 0 0 -1
vt 0.171451 0.89737
vn 0 0 -1
vt 0.107624 0.89737
vn 0 0 -1
vt 0.107624 0.892048
vn 0 0 -1
vt 0.171451 0.892048
vn 0 0 1
vt 0.118696 0.787492
vn 0 0 1
vt 0.121827 0.787492
vn 0 0 1
vt 0.121827 0.965019
vn 0 0 1
vt 0.118696 0.965019
vn 0 -1 0
vt 0.126558 0.534753
vn 0 -1 0
vt 0.126558 0.660082
vn 0 -1 0
vt 0.0984416 0.660082
vn 0 -1 0
vt 0.0984416 0.534753
vn -1 0 0
vt 0.136791 0.965019
vn -1 0 0
vt 0.122834 0.965019
vn -1 0 0
vt 0.122834 0.787492
vn -1 0 0
vt 0.136791 0.787492
vn 0 1 0
vt 0.126558 0.542185
vn 0 1 0
vt 0.126558 0.667514
vn 0 1 0
vt 0.0984416 0.667514
vn 0 1 0
vt 0.0984416 0.542185
vn 1 0 0
vt 0.137698 0.787492
vn 1 0 0
vt 0.151655 0.787492
vn 1 0 0
vt 0.151655 0.965019
vn 1 0 0
vt 0.137698 0.965019
vn 0 0 -1
vt 0.125162 0.965019
vn 0 0 -1
vt 0.122031 0.965019
vn 0 0 -1
vt 0.122031 0.787492
vn 0 0 -1
vt 0.125162 0.787492
vn 0 0 1
vt 0.120363 0.787492
vn 0 0 1
vt 0.123494 0.787492
vn 0 0 1
vt 0.123494 0.965019
vn 0 0 1
vt 0.120363 0.965019
vn 0 -1 0
vt 0.141742 0.900568
vn 0 -1 0
vt 0.141742 0.903924
vn 0 -1 0
vt 0.138707 0.903924
vn 0 -1 0
vt 0.138707 0.900568
vn -1 0 0
vt 0.104348 0.965019
vn -1 0 0
vt 0.100885 0.965019
vn -1 0 0
vt 0.100885 0.787492
vn -1 0 0
vt 0.104348 0.787492
vn 0 1 0
vt 0.145076 0.900568
vn 0 1 0
vt 0.145076 0.903924
vn 0 1 0
vt 0.142042 0.903924
vn 0 1 0
vt 0.142042 0.900568
vn 1 0 0
vt 0.106417 0.787492
vn 1 0 0
vt 0.10988 0.787492
vn 1 0 0
vt 0.10988 0.965019
vn 1 0 0
vt 0.106417 0.965019
vn 0 0 -1
vt 0.126829 0.965019
vn 0 0 -1
vt 0.123698 0.965019
vn 0 0 -1
vt 0.123698 0.787492
vn 0 0 -1
vt 0.126829 0.787492
vn 0 0 1
vt 0.0747352 0.850872
vn 0 0 1
vt 0.195885 0.850872
vn 0 0 1
vt 0.195885 0.856194
vn 0 0 1
vt 0.0747352 0.856194
vn 0 -1 0
vt 0.202035 0.823717
vn 0 -1 0
vt 0.202035 0.843848
vn 0 -1 0
vt 0.0816074 0.843848
vn 0 -1 0
vt 0.0816074 0.823717
vn -1 0 0
vt 0.124984 0.904311
vn -1 0 0
vt 0.104853 0.904311
vn -1 0 0
vt 0.104853 0.898988
vn -1 0 0
vt 0.124984 0.898988
vn 0 1 0
vt 0.19064 0.823717
vn 0 1 0
vt 0.19064 0.843848
vn 0 1 0
vt 0.0702125 0.843848
vn 0 1 0
vt 0.0702125 0.823717
vn 1 0 0
vt 0.0968022 0.898988
vn 1 0 0
vt 0.116933 0.898988
vn 1 0 0
vt 0.116933 0.904311
vn 1 0 0
vt 0.0968022 0.904311
vn 0 0 -1
vt 0.20445 0.850213
vn 0 0 -1
vt 0.0832997 0.850213
vn 0 0 -1
vt 0.0832997 0.844891
vn 0 0 -1
vt 0.20445 0.844891
vn 0 0 1
vt 0.0884671 0.829939
vn 0 0 1
vt 0.209617 0.829939
vn 0 0 1
vt 0.209617 0.835261
vn 0 0 1
vt 0.0884671 0.835261
vn 0 -1 0
vt 0.198531 0.823717
vn 0 -1 0
vt 0.198531 0.843848
vn 0 -1 0
vt 0.0781035 0.843848
vn 0 -1 0
vt 0.0781035 0.823717
vn -1 0 0
vt 0.127652 0.904311
vn -1 0 0
vt 0.107521 0.904311
vn -1 0 0
vt 0.107521 0.898988
vn -1 0 0
vt 0.127652 0.898988
vn 0 1 0
vt 0.194727 0.823717
vn 0 1 0
vt 0.194727 0.843848
vn 0 1 0
vt 0.0742997 0.843848
vn 0 1 0
vt 0.0742997 0.823717
vn 1 0 0
vt 0.115985 0.900162
vn 1 0 0
vt 0.135494 0.900162
vn 1 0 0
vt 0.135494 0.90532
vn 1 0 0
vt 0.115985 0.90532
vn 0 0 -1
vt 0.208659 0.905685
vn 0 0 -1
vt 0.0882318 0.905685
vn 0 0 -1
vt 0.0882318 0.900363
vn 0 0 -1
vt 0.208659 0.900363
vn 0 0 1
vt 0.113694 0.787492
vn 0 0 1
vt 0.116825 0.787492
vn 0 0 1
vt 0.116825 0.965019
vn 0 0 1
vt 0.113694 0.965019
vn 0 -1 0
vt 0.148411 0.900568
vn 0 -1 0
vt 0.148411 0.903924
vn 0 -1 0
vt 0.145376 0.903924
vn 0 -1 0
vt 0.145376 0.900568
vn -1 0 0
vt 0.106192 0.965019
vn -1 0 0
vt 0.102729 0.965019
vn -1 0 0
vt 0.102729 0.787492
vn -1 0 0
vt 0.106192 0.787492
vn 0 1 0
vt 0.150078 0.900568
vn 0 1 0
vt 0.150078 0.903924
vn 0 1 0
vt 0.147044 0.903924
vn 0 1 0
vt 0.147044 0.900568
vn 1 0 0
vt 0.108261 0.787492
vn 1 0 0
vt 0.111724 0.787492
vn 1 0 0
vt 0.111724 0.965019
vn 1 0 0
vt 0.108261 0.965019
vn 0 0 -1
vt 0.12016 0.965019
vn 0 0 -1
vt 0.117029 0.965019
vn 0 0 -1
vt 0.117029 0.787492
vn 0 0 -1
vt 0.12016 0.787492
vn 0 0 1
vt 0.155092 0.787492
vn 0 0 1
vt 0.158223 0.787492
vn 0 0 1
vt 0.158223 0.965019
vn 0 0 1
vt 0.155092 0.965019
vn 0 -1 0
vt 0.143409 0.900568
vn 0 -1 0
vt 0.143409 0.903924
vn 0 -1 0
vt 0.140375 0.903924
vn 0 -1 0
vt 0.140375 0.900568
vn -1 0 0
vt 0.108036 0.965019
vn -1 0 0
vt 0.104573 0.965019
vn -1 0 0
vt 0.104573 0.787492
vn -1 0 0
vt 0.108036 0.787492
vn 0 1 0
vt 0.146744 0.900568
vn 0 1 0
vt 0.146744 0.903924
vn 0 1 0
vt 0.143709 0.903924
vn 0 1 0
vt 0.143709 0.900568
vn 1 0 0
vt 0.110105 0.787492
vn 1 0 0
vt 0.113568 0.787492
vn 1 0 0
vt 0.113568 0.965019
vn 1 0 0
vt 0.110105 0.965019
vn 0 0 -1
vt 0.15989 0.965019
vn 0 0 -1
vt 0.156759 0.965019
vn 0 0 -1
vt 0.156759 0.787492
vn 0 0 -1
vt 0.15989 0.787492
vn 0 0 1
vt 0.0729724 0.898988
vn 0 0 1
vt 0.1934 0.898988
vn 0 0 1
vt 0.1934 0.904311
vn 0 0 1
vt 0.0729724 0.904311
vn 0 -1 0
vt 0.195257 0.855434
vn 0 -1 0
vt 0.195257 0.865843
vn 0 -1 0
vt 0.0748297 0.865843
vn 0 -1 0
vt 0.0748297 0.855434
vn -1 0 0
vt 0.130922 0.904311
vn -1 0 0
vt 0.120513 0.904311
vn -1 0 0
vt 0.120513 0.898988
vn -1 0 0
vt 0.130922 0.898988
vn 0 1 0
vt 0.194514 0.823919
vn 0 1 0
vt 0.194514 0.834328
vn 0 1 0
vt 0.0740863 0.834328
vn 0 1 0
vt 0.0740863 0.823919
vn 1 0 0
vt 0.128827 0.900162
vn 1 0 0
vt 0.138914 0.900162
vn 1 0 0
vt 0.138914 0.90532
vn 1 0 0
vt 0.128827 0.90532
vn 0 0 -1
vt 0.208221 0.904311
vn 0 0 -1
vt 0.0877937 0.904311
vn 0 0 -1
vt 0.0877937 0.898988
vn 0 0 -1
vt 0.208221 0.898988
vn 0 0 1
vt 0.0835831 0.84029
vn 0 0 1
vt 0.204733 0.84029
vn 0 0 1
vt 0.204733 0.845613
vn 0 0 1
vt 0.0835831 0.845613
vn 0 -1 0
vt 0.208659 0.899629
vn 0 -1 0
vt 0.208659 0.902211
vn 0 -1 0
vt 0.0882318 0.902211
vn 0 -1 0
vt 0.0882318 0.899629
vn -1 0 0
vt 0.13858 0.90532
vn -1 0 0
vt 0.136078 0.90532
vn -1 0 0
vt 0.136078 0.900162
vn -1 0 0
vt 0.13858 0.900162
vn 0 1 0
vt 0.221258 0.901004
vn 0 1 0
vt 0.221258 0.903585
vn 0 1 0
vt 0.10083 0.903585
vn 0 1 0
vt 0.10083 0.901004
vn 1 0 0
vt 0.137453 0.900162
vn 1 0 0
vt 0.139954 0.900162
vn 1 0 0
vt 0.139954 0.90532
vn 1 0 0
vt 0.137453 0.90532
vn 0 0 -1
vt 0.199189 0.905685
vn 0 0 -1
vt 0.0787618 0.905685
vn 0 0 -1
vt 0.0787618 0.900363
vn 0 0 -1
vt 0.199189 0.900363
vn 0 0 1
vt 0.112027 0.787492
vn 0 0 1
vt 0.115158 0.787492
vn 0 0 1
vt 0.115158 0.965019
vn 0 0 1
vt 0.112027 0.965019
vn 0 -1 0
vt 0.126558 0.549616
vn 0 -1 0
vt 0.126558 0.674945
vn 0 -1 0
vt 0.0984416 0.674945
vn 0 -1 0
vt 0.0984416 0.549616
vn -1 0 0
vt 0.144223 0.965019
vn -1 0 0
vt 0.130266 0.965019
vn -1 0 0
vt 0.130266 0.787492
vn -1 0 0
vt 0.144223 0.787492
vn 0 1 0
vt 0.158088 0.883877
vn 0 1 0
vt 0.158088 0.897402
vn 0 1 0
vt 0.155054 0.897402
vn 0 1 0
vt 0.155054 0.883877
vn 1 0 0
vt 0.14513 0.787492
vn 1 0 0
vt 0.159086 0.787492
vn 1 0 0
vt 0.159086 0.965019
vn 1 0 0
vt 0.14513 0.965019
vn 0 0 -1
vt 0.118493 0.965019
vn 0 0 -1
vt 0.115361 0.965019
vn 0 0 -1
vt 0.115361 0.787492
vn 0 0 -1
vt 0.118493 0.787492
vn 0 0 1
vt 0.0962993 0.892048
vn 0 0 1
vt 0.160126 0.892048
vn 0 0 1
vt 0.160126 0.89737
vn 0 0 1
vt 0.0962993 0.89737
vn 0 -1 0
vt 0.199189 0.899629
vn 0 -1 0
vt 0.199189 0.902211
vn 0 -1 0
vt 0.0787618 0.902211
vn 0 -1 0
vt 0.0787618 0.899629
vn -1 0 0
vt 0.130467 0.904311
vn -1 0 0
vt 0.127886 0.904311
vn -1 0 0
vt 0.127886 0.898988
vn -1 0 0
vt 0.130467 0.898988
vn 0 1 0
vt 0.221258 0.899629
vn 0 1 0
vt 0.221258 0.902211
vn 0 1 0
vt 0.10083 0.902211
vn 0 1 0
vt 0.10083 0.899629
vn 1 0 0
vt 0.12926 0.898988
vn 1 0 0
vt 0.131842 0.898988
vn 1 0 0
vt 0.131842 0.904311
vn 1 0 0
vt 0.12926 0.904311
vn 0 0 -1
vt 0.171451 0.89737
vn 0 0 -1
vt 0.107624 0.89737
vn 0 0 -1
vt 0.107624 0.892048
vn 0 0 -1
vt 0.171451 0.892048
vn 0 0 1
vt 0.118696 0.787492
vn 0 0 1
vt 0.121827 0.787492
vn 0 0 1
vt 0.121827 0.965019
vn 0 0 1
vt 0.118696 0.965019
vn 0 -1 0
vt 0.126558 0.534753
vn 0 -1 0
vt 0.126558 0.660082
vn 0 -1 0
vt 0.0984416 0.660082
vn 0 -1 0
vt 0.0984416 0.534753
vn -1 0 0
vt 0.136791 0.965019
vn -1 0 0
vt 0.122834 0.965019
vn -1 0 0
vt 0.122834 0.787492
vn -1 0 0
vt 0.136791 0.787492
vn 0 1 0
vt 0.126558 0.542185
vn 0 1 0
vt 0.126558 0.667514
vn 0 1 0
vt 0.0984416 0.667514
vn 0 1 0
vt 0.0984416 0.542185
vn 1 0 0
vt 0.137698 0.787492
vn 1 0 0
vt 0.151655 0.787492
vn 1 0 0
vt 0.151655 0.965019
vn 1 0 0
vt 0.137698 0.965019
vn 0 0 -1
vt 0.125162 0.965019
vn 0 0 -1
vt 0.122031 0.965019
vn 0 0 -1
vt 0.122031 0.787492
vn 0 0 -1
vt 0.125162 0.787492
vn 0 0 1
vt 0.120363 0.787492
vn 0 0 1
vt 0.123494 0.787492
vn 0 0 1
vt 0.123494 0.965019
vn 0 0 1
vt 0.120363 0.965019
vn 0 -1 0
vt 0.141742 0.900568
vn 0 -1 0
vt 0.141742 0.903924
vn 0 -1 0
vt 0.138707 0.903924
vn 0 -1 0
vt 0.138707 0.900568
vn -1 0 0
vt 0.104348 0.965019
vn -1 0 0
vt 0.100885 0.965019
vn -1 0 0
vt 0.100885 0.787492
vn -1 0 0
vt 0.104348 0.787492
vn 0 1 0
vt 0.145076 0.900568
vn 0 1 0
vt 0.145076 0.903924
vn 0 1 0
vt 0.142042 0.903924
vn 0 1 0
vt 0.142042 0.900568
vn 1 0 0
vt 0.106417 0.787492
vn 1 0 0
vt 0.10988 0.787492
vn 1 0 0
vt 0.10988 0.965019
vn 1 0 0
vt 0.106417 0.965019
vn 0 0 -1
vt 0.126829 0.965019
vn 0 0 -1
vt 0.123698 0.965019
vn 0 0 -1
vt 0.123698 0.787492
vn 0 0 -1
vt 0.126829 0.787492
vn 0 0 1
vt 0.0747352 0.850872
vn 0 0 1
vt 0.195885 0.850872
vn 0 0 1
vt 0.195885 0.856194
vn 0 0 1
vt 0.0747352 0.856194
vn 0 -1 0
vt 0.202035 0.823717
vn 0 -1 0
vt 0.202035 0.843848
vn 0 -1 0
vt 0.0816074 0.843848
vn 0 -1 0
vt 0.0816074 0.823717
vn -1 0 0
vt 0.124984 0.904311
vn -1 0 0
vt 0.104853 0.904311
vn -1 0 0
vt 0.104853 0.898988
vn -1 0 0
vt 0.124984 0.898988
vn 0 1 0
vt 0.19064 0.823717
vn 0 1 0
vt 0.19064 0.843848
vn 0 1 0
vt 0.0702125 0.843848
vn 0 1 0
vt 0.0702125 0.823717
vn 1 0 0
vt 0.0968022 0.898988
vn 1 0 0
vt 0.116933 0.898988
vn 1 0 0
vt 0.116933 0.904311
vn 1 0 0
vt 0.0968022 0.904311
vn 0 0 -1
vt 0.20445 0.850213
vn 0 0 -1
vt 0.0832997 0.850213
vn 0 0 -1
vt 0.0832997 0.844891
vn 0 0 -1
vt 0.20445 0.844891
vn 0 0 1
vt 0.0884671 0.829939
vn 0 0 1
vt 0.209617 0.829939
vn 0 0 1
vt 0.209617 0.835261
vn 0 0 1
vt 0.0884671 0.835261
vn 0 -1 0
vt 0.198531 0.823717
vn 0 -1 0
vt 0.198531 0.843848
vn 0 -1 0
vt 0.0781035 0.843848
vn 0 -1 0
vt 0.0781035 0.823717
vn -1 0 0
vt 0.127652 0.904311
vn -1 0 0
vt 0.107521 0.904311
vn -1 0 0
vt 0.107521 0.898988
vn -1 0 0
vt 0.127652 0.898988
vn 0 1 0
vt 0.194727 0.823717
vn 0 1 0
vt 0.194727 0.843848
vn 0 1 0
vt 0.0742997 0.843848
vn 0 1 0
vt 0.0742997 0.823717
vn 1 0 0
vt 0.115985 0.900162
vn 1 0 0
vt 0.135494 0.900162
vn 1 0 0
vt 0.135494 0.90532
vn 1 0 0
vt 0.115985 0.90532
vn 0 0 -1
vt 0.208659 0.905685
vn 0 0 -1
vt 0.0882318 0.905685
vn 0 0 -1
vt 0.0882318 0.900363
vn 0 0 -1
vt 0.208659 0.900363
vn 0 0 1
vt 0.113694 0.787492
vn 0 0 1
vt 0.116825 0.787492
vn 0 0 1
vt 0.116825 0.965019
vn 0 0 1
vt 0.113694 0.965019
vn 0 -1 0
vt 0.148411 0.900568
vn 0 -1 0
vt 0.148411 0.903924
vn 0 -1 0
vt 0.145376 0.903924
vn 0 -1 0
vt 0.145376 0.900568
vn -1 0 0
vt 0.106192 0.965019
vn -1 0 0
vt 0.102729 0.965019
vn -1 0 0
vt 0.102729 0.787492
vn -1 0 0
vt 0.106192 0.787492
vn 0 1 0
vt 0.150078 0.900568
vn 0 1 0
vt 0.150078 0.903924
vn 0 1 0
vt 0.147044 0.903924
vn 0 1 0
vt 0.147044 0.900568
vn 1 0 0
vt 0.108261 0.787492
vn 1 0 0
vt 0.111724 0.787492
vn 1 0 0
vt 0.111724 0.965019
vn 1 0 0
vt 0.108261 0.965019
vn 0 0 -1
vt 0.12016 0.965019
vn 0 0 -1
vt 0.117029 0.965019
vn 0 0 -1
vt 0.117029 0.787492
vn 0 0 -1
vt 0.12016 0.787492
vn 0 0 1
vt 0.155092 0.787492
vn 0 0 1
vt 0.158223 0.787492
vn 0 0 1
vt 0.158223 0.965019
vn 0 0 1
vt 0.155092 0.965019
vn 0 -1 0
vt 0.143409 0.900568
vn 0 -1 0
vt 0.143409 0.903924
vn 0 -1 0
vt 0.140375 0.903924
vn 0 -1 0
vt 0.140375 0.900568
vn -1 0 0
vt 0.108036 0.965019
vn -1 0 0
vt 0.104573 0.965019
vn -1 0 0
vt 0.104573 0.787492
vn -1 0 0
vt 0.108036 0.787492
vn 0 1 0
vt 0.146744 0.900568
vn 0 1 0
vt 0.146744 0.903924
vn 0 1 0
vt 0.143709 0.903924
vn 0 1 0
vt 0.143709 0.900568
vn 1 0 0
vt 0.110105 0.787492
vn 1 0 0
vt 0.113568 0.787492
vn 1 0 0
vt 0.113568 0.965019
vn 1 0 0
vt 0.110105 0.965019
vn 0 0 -1
vt 0.15989 0.965019
vn 0 0 -1
vt 0.156759 0.965019
vn 0 0 -1
vt 0.156759 0.787492
vn 0 0 -1
vt 0.15989 0.787492
vn 0 0 1
vt 0.0729724 0.898988
vn 0 0 1
vt 0.1934 0.898988
vn 0 0 1
vt 0.1934 0.904311
vn 0 0 1
vt 0.0729724 0.904311
vn 0 -1 0
vt 0.195257 0.855434
vn 0 -1 0
vt 0.195257 0.865843
vn 0 -1 0
vt 0.0748297 0.865843
vn 0 -1 0
vt 0.0748297 0.855434
vn -1 0 0
vt 0.130922 0.904311
vn -1 0 0
vt 0.120513 0.904311
vn -1 0 0
vt 0.120513 0.898988
vn -1 0 0
vt 0.130922 0.898988
vn 0 1 0
vt 0.194514 0.823919
vn 0 1 0
vt 0.194514 0.834328
vn 0 1 0
vt 0.0740863 0.834328
vn 0 1 0
vt 0.0740863 0.823919
vn 1 0 0
vt 0.128827 0.900162
vn 1 0 0
vt 0.138914 0.900162
vn 1 0 0
vt 0.138914 0.90532
vn 1 0 0
vt 0.128827 0.90532
vn 0 0 -1
vt 0.208221 0.904311
vn 0 0 -1
vt 0.0877937 0.904311
vn 0 0 -1
vt 0.0877937 0.898988
vn 0 0 -1
vt 0.208221 0.898988
vn 0 0 1
vt 0.0835831 0.84029
vn 0 0 1
vt 0.204733 0.84029
vn 0 0 1
vt 0.204733 0.845613
vn 0 0 1
vt 0.0835831 0.845613
vn 0 -1 0
vt 0.208659 0.899629
vn 0 -1 0
vt 0.208659 0.902211
vn 0 -1 0
vt 0.0882318 0.902211
vn 0 -1 0
vt 0.0882318 0.899629
vn -1 0 0
vt 0.13858 0.90532
vn -1 0 0
vt 0.136078 0.90532
vn -1 0 0
vt 0.136078 0.900162
vn -1 0 0
vt 0.13858 0.900162
vn 0 1 0
vt 0.221258 0.901004
vn 0 1 0
vt 0.221258 0.903585
vn 0 1 0
vt 0.10083 0.903585
vn 0 1 0
vt 0.10083 0.901004
vn 1 0 0
vt 0.137453 0.900162
vn 1 0 0
vt 0.139954 0.900162
vn 1 0 0
vt 0.139954 0.90532
vn 1 0 0
vt 0.137453 0.90532
vn 0 0 -1
vt 0.199189 0.905685
vn 0 0 -1
vt 0.0787618 0.905685
vn 0 0 -1
vt 0.0787618 0.900363
vn 0 0 -1
vt 0.199189 0.900363
vn 0 0 1
vt 0.112027 0.787492
vn 0 0 1
vt 0.115158 0.787492
vn 0 0 1
vt 0.115158 0.965019
vn 0 0 1
vt 0.112027 0.965019
vn 0 -1 0
vt 0.126558 0.549616
vn 0 -1 0
vt 0.126558 0.674945
vn 0 -1 0
vt 0.0984416 0.674945
vn 0 -1 0
vt 0.0984416 0.549616
vn -1 0 0
vt 0.144223 0.965019
vn -1 0 0
vt 0.130266 0.965019
vn -1 0 0
vt 0.130266 0.787492
vn -1 0 0
vt 0.144223 0.787492
vn 0 1 0
vt 0.158088 0.883877
vn 0 1 0
vt 0.158088 0.897402
vn 0 1 0
vt 0.155054 0.897402
vn 0 1 0
vt 0.155054 0.883877
vn 1 0 0
vt 0.14513 0.787492
vn 1 0 0
vt 0.159086 0.787492
vn 1 0 0
vt 0.159086 0.965019
vn 1 0 0
vt 0.14513 0.965019
vn 0 0 -1
vt 0.118493 0.965019
vn 0 0 -1
vt 0.115361 0.965019
vn 0 0 -1
vt 0.115361 0.787492
vn 0 0 -1
vt 0.118493 0.787492
vn 0 0 1
vt 0.0962993 0.892048
vn 0 0 1
vt 0.160126 0.892048
vn 0 0 1
vt 0.160126 0.89737
vn 0 0 1
vt 0.0962993 0.89737
vn 0 -1 0
vt 0.199189 0.899629
vn 0 -1 0
vt 0.199189 0.902211
vn 0 -1 0
vt 0.0787618 0.902211
vn 0 -1 0
vt 0.0787618 0.899629
vn -1 0 0
vt 0.130467 0.904311
vn -1 0 0
vt 0.127886 0.904311
vn -1 0 0
vt 0.127886 0.898988
vn -1 0 0
vt 0.130467 0.898988
vn 0 1 0
vt 0.221258 0.899629
vn 0 1 0
vt 0.221258 0.902211
vn 0 1 0
vt 0.10083 0.902211
vn 0 1 0
vt 0.10083 0.899629
vn 1 0 0
vt 0.12926 0.898988
vn 1 0 0
vt 0.131842 0.898988
vn 1 0 0
vt 0.131842 0.904311
vn 1 0 0
vt 0.12926 0.904311
vn 0 0 -1
vt 0.171451 0.89737
vn 0 0 -1
vt 0.107624 0.89737
vn 0 0 -1
vt 0.107624 0.892048
vn 0 0 -1
vt 0.171451 0.892048
vn 0 0 1
vt 0.118696 0.787492
vn 0 0 1
vt 0.121827 0.787492
vn 0 0 1
vt 0.121827 0.965019
vn 0 0 1
vt 0.118696 0.965019
vn 0 -1 0
vt 0.126558 0.534753
vn 0 -1 0
vt 0.126558 0.660082
vn 0 -1 0
vt 0.0984416 0.660082
vn 0 -1 0
vt 0.0984416 0.534753
vn -1 0 0
vt 0.136791 0.965019
vn -1 0 0
vt 0.122834 0.965019
vn -1 0 0
vt 0.122834 0.787492
vn -1 0 0
vt 0.136791 0.787492
vn 0 1 0
vt 0.126558 0.542185
vn 0 1 0
vt 0.126558 0.667514
vn 0 1 0
vt 0.0984416 0.667514
vn 0 1 0
vt 0.0984416 0.542185
vn 1 0 0
vt 0.137698 0.787492
vn 1 0 0
vt 0.151655 0.787492
vn 1 0 0
vt 0.151655 0.965019
vn 1 0 0
vt 0.137698 0.965019
vn 0 0 -1
vt 0.125162 0.965019
vn 0 0 -1
vt 0.122031 0.965019
vn 0 0 -1
vt 0.122031 0.787492
vn 0 0 -1
vt 0.125162 0.787492
vn 0 0 1
vt 0.120363 0.787492
vn 0 0 1
vt 0.123494 0.787492
vn 0 0 1
vt 0.123494 0.965019
vn 0 0 1
vt 0.120363 0.965019
vn 0 -1 0
vt 0.141742 0.900568
vn 0 -1 0
vt 0.141742 0.903924
vn 0 -1 0
vt 0.138707 0.903924
vn 0 -1 0
vt 0.138707 0.900568
vn -1 0 0
vt 0.104348 0.965019
vn -1 0 0
vt 0.100885 0.965019
vn -1 0 0
vt 0.100885 0.787492
vn -1 0 0
vt 0.104348 0.787492
vn 0 1 0
vt 0.145076 0.900568
vn 0 1 0
vt 0.145076 0.903924
vn 0 1 0
vt 0.142042 0.903924
vn 0 1 0
vt 0.142042 0.900568
vn 1 0 0
vt 0.106417 0.787492
vn 1 0 0
vt 0.10988 0.787492
vn 1 0 0
vt 0.10988 0.965019
vn 1 0 0
vt 0.106417 0.965019
vn 0 0 -1
vt 0.126829 0.965019
vn 0 0 -1
vt 0.123698 0.965019
vn 0 0 -1
vt 0.123698 0.787492
vn 0 0 -1
vt 0.126829 0.787492
vn 0 0 1
vt 0.0747352 0.850872
vn 0 0 1
vt 0.195885 0.850872
vn 0 0 1
vt 0.195885 0.856194
vn 0 0 1
vt 0.0747352 0.856194
vn 0 -1 0
vt 0.202035 0.823717
vn 0 -1 0
vt 0.202035 0.843848
vn 0 -1 0
vt 0.0816074 0.843848
vn 0 -1 0
vt 0.0816074 0.823717
vn -1 0 0
vt 0.124984 0.904311
vn -1 0 0
vt 0.104853 0.904311
vn -1 0 0
vt 0.104853 0.898988
vn -1 0 0
vt 0.124984 0.898988
vn 0 1 0
vt 0.19064 0.823717
vn 0 1 0
vt 0.19064 0.843848
vn 0 1 0
vt 0.0702125 0.843848
vn 0 1 0
vt 0.0702125 0.823717
vn 1 0 0
vt 0.0968022 0.898988
vn 1 0 0
vt 0.116933 0.898988
vn 1 0 0
vt 0.116933 0.904311
vn 1 0 0
vt 0.0968022 0.904311
vn 0 0 -1
vt 0.20445 0.850213
vn 0 0 -1
vt 0.0832997 0.850213
vn 0 0 -1
vt 0.0832997 0.844891
vn 0 0 -1
vt 0.20445 0.844891
vn 0 0 1
vt 0.0884671 0.829939
vn 0 0 1
vt 0.209617 0.829939
vn 0 0 1
vt 0.209617 0.835261
vn 0 0 1
vt 0.0884671 0.835261
vn 0 -1 0
vt 0.198531 0.823717
vn 0 -1 0
vt 0.198531 0.843848
vn 0 -1 0
vt 0.0781035 0.843848
vn 0 -1 0
vt 0.0781035 0.823717
vn -1 0 0
vt 0.127652 0.904311
vn -1 0 0
vt 0.107521 0.904311
vn -1 0 0
vt 0.107521 0.898988
vn -1 0 0
vt 0.127652 0.898988
vn 0 1 0
vt 0.194727 0.823717
vn 0 1 0
vt 0.194727 0.843848
vn 0 1 0
vt 0.0742997 0.843848
vn 0 1 0
vt 0.0742997 0.823717
vn 1 0 0
vt 0.115985 0.900162
vn 1 0 0
vt 0.135494 0.900162
vn 1 0 0
vt 0.135494 0.90532
vn 1 0 0
vt 0.115985 0.90532
vn 0 0 -1
vt 0.208659 0.905685
vn 0 0 -1
vt 0.0882318 0.905685
vn 0 0 -1
vt 0.0882318 0.900363
vn 0 0 -1
vt 0.208659 0.900363
vn 0 0 1
vt 0.113694 0.787492
vn 0 0 1
vt 0.116825 0.787492
vn 0 0 1
vt 0.116825 0.965019
vn 0 0 1
vt 0.113694 0.965019
vn 0 -1 0
vt 0.148411 0.900568
vn 0 -1 0
vt 0.148411 0.903924
vn 0 -1 0
vt 0.145376 0.903924
vn 0 -1 0
vt 0.145376 0.900568
vn -1 0 0
vt 0.106192 0.965019
vn -1 0 0
vt 0.102729 0.965019
vn -1 0 0
vt 0.102729 0.787492
vn -1 0 0
vt 0.106192 0.787492
vn 0 1 0
vt 0.150078 0.900568
vn 0 1 0
vt 0.150078 0.903924
vn 0 1 0
vt 0.147044 0.903924
vn 0 1 0
vt 0.147044 0.900568
vn 1 0 0
vt 0.108261 0.787492
vn 1 0 0
vt 0.111724 0.787492
vn 1 0 0
vt 0.111724 0.965019
vn 1 0 0
vt 0.108261 0.965019
vn 0 0 -1
vt 0.12016 0.965019
vn 0 0 -1
vt 0.117029 0.965019
vn 0 0 -1
vt 0.117029 0.787492
vn 0 0 -1
vt 0.12016 0.787492
vn 0 0 1
vt 0.155092 0.787492
vn 0 0 1
vt 0.158223 0.787492
vn 0 0 1
vt 0.158223 0.965019
vn 0 0 1
vt 0.155092 0.965019
vn 0 -1 0
vt 0.143409 0.900568
vn 0 -1 0
vt 0.143409 0.903924
vn 0 -1 0
vt 0.140375 0.903924
vn 0 -1 0
vt 0.140375 0.900568
vn -1 0 0
vt 0.108036 0.965019
vn -1 0 0
vt 0.104573 0.965019
vn -1 0 0
vt 0.104573 0.787492
vn -1 0 0
vt 0.108036 0.787492
vn 0 1 0
vt 0.146744 0.900568
vn 0 1 0
vt 0.146744 0.903924
vn 0 1 0
vt 0.143709 0.903924
vn 0 1 0
vt 0.143709 0.900568
vn 1 0 0
vt 0.110105 0.787492
vn 1 0 0
vt 0.113568 0.787492
vn 1 0 0
vt 0.113568 0.965019
vn 1 0 0
vt 0.110105 0.965019
vn 0 0 -1
vt 0.15989 0.965019
vn 0 0 -1
vt 0.156759 0.965019
vn 0 0 -1
vt 0.156759 0.787492
vn 0 0 -1
vt 0.15989 0.787492
vn 0 0 1
vt 0.0729724 0.898988
vn 0 0 1
vt 0.1934 0.898988
vn 0 0 1
vt 0.1934 0.904311
vn 0 0 1
vt 0.0729724 0.904311
vn 0 -1 0
vt 0.195257 0.855434
vn 0 -1 0
vt 0.195257 0.865843
vn 0 -1 0
vt 0.0748297 0.865843
vn 0 -1 0
vt 0.0748297 0.855434
vn -1 0 0
vt 0.130922 0.904311
vn -1 0 0
vt 0.120513 0.904311
vn -1 0 0
vt 0.120513 0.898988
vn -1 0 0
vt 0.130922 0.898988
vn 0 1 0
vt 0.194514 0.823919
vn 0 1 0
vt 0.194514 0.834328
vn 0 1 0
vt 0.0740863 0.834328
vn 0 1 0
vt 0.0740863 0.823919
vn 1 0 0
vt 0.128827 0.900162
vn 1 0 0
vt 0.138914 0.900162
vn 1 0 0
vt 0.138914 0.90532
vn 1 0 0
vt 0.128827 0.90532
vn 0 0 -1
vt 0.208221 0.904311
vn 0 0 -1
vt 0.0877937 0.904311
vn 0 0 -1
vt 0.0877937 0.898988
vn 0 0 -1
vt 0.208221 0.898988
vn 0 0 1
vt 0.0835831 0.84029
vn 0 0 1
vt 0.204733 0.84029
vn 0 0 1
vt 0.204733 0.845613
vn 0 0 1
vt 0.0835831 0.845613
vn 0 -1 0
vt 0.208659 0.899629
vn 0 -1 0
vt 0.208659 0.902211
vn 0 -1 0
vt 0.0882318 0.902211
vn 0 -1 0
vt 0.0882318 0.899629
vn -1 0 0
vt 0.13858 0.90532
vn -1 0 0
vt 0.136078 0.90532
vn -1 0 0
vt 0.136078 0.900162
vn -1 0 0
vt 0.13858 0.900162
vn 0 1 0
vt 0.221258 0.901004
vn 0 1 0
vt 0.221258 0.903585
vn 0 1 0
vt 0.10083 0.903585
vn 0 1 0
vt 0.10083 0.901004
vn 1 0 0
vt 0.137453 0.900162
vn 1 0 0
vt 0.139954 0.900162
vn 1 0 0
vt 0.139954 0.90532
vn 1 0 0
vt 0.137453 0.90532
vn 0 0 -1
vt 0.199189 0.905685
vn 0 0 -1
vt 0.0787618 0.905685
vn 0 0 -1
vt 0.0787618 0.900363
vn 0 0 -1
vt 0.199189 0.900363
vn 0 0 1
vt 0.112027 0.787492
vn 0 0 1
vt 0.115158 0.787492
vn 0 0 1
vt 0.115158 0.965019
vn 0 0 1
vt 0.112027 0.965019
vn 0 -1 0
vt 0.126558 0.549616
vn 0 -1 0
vt 0.126558 0.674945
vn 0 -1 0
vt 0.0984416 0.674945
vn 0 -1 0
vt 0.0984416 0.549616
vn -1 0 0
vt 0.144223 0.965019
vn -1 0 0
vt 0.130266 0.965019
vn -1 0 0
vt 0.130266 0.787492
vn -1 0 0
vt 0.144223 0.787492
vn 0 1 0
vt 0.158088 0.883877
vn 0 1 0
vt 0.158088 0.897402
vn 0 1 0
vt 0.155054 0.897402
vn 0 1 0
vt 0.155054 0.883877
vn 1 0 0
vt 0.14513 0.787492
vn 1 0 0
vt 0.159086 0.787492
vn 1 0 0
vt 0.159086 0.965019
vn 1 0 0
vt 0.14513 0.965019
vn 0 0 -1
vt 0.118493 0.965019
vn 0 0 -1
vt 0.115361 0.965019
vn 0 0 -1
vt 0.115361 0.787492
vn 0 0 -1
vt 0.118493 0.787492
vn 0 0 1
vt 0.0962993 0.892048
vn 0 0 1
vt 0.160126 0.892048
vn 0 0 1
vt 0.160126 0.89737
vn 0 0 1
vt 0.0962993 0.89737
vn 0 -1 0
vt 0.199189 0.899629
vn 0 -1 0
vt 0.199189 0.902211
vn 0 -1 0
vt 0.0787618 0.902211
vn 0 -1 0
vt 0.0787618 0.899629
vn -1 0 0
vt 0.130467 0.904311
vn -1 0 0
vt 0.127886 0.904311
vn -1 0 0
vt 0.127886 0.898988
vn -1 0 0
vt 0.130467 0.898988
vn 0 1 0
vt 0.221258 0.899629
vn 0 1 0
vt 0.221258 0.902211
vn 0 1 0
vt 0.10083 0.902211
vn 0 1 0
vt 0.10083 0.899629
vn 1 0 0
vt 0.12926 0.898988
vn 1 0 0
vt 0.131842 0.898988
vn 1 0 0
vt 0.131842 0.904311
vn 1 0 0
vt 0.12926 0.904311
vn 0 0 -1
vt 0.171451 0.89737
vn 0 0 -1
vt 0.107624 0.89737
vn 0 0 -1
vt 0.107624 0.892048
vn 0 0 -1
vt 0.171451 0.892048
vn 0 0 1
vt 0.118696 0.787492
vn 0 0 1
vt 0.121827 0.787492
vn 0 0 1
vt 0.121827 0.965019
vn 0 0 1
vt 0.118696 0.965019
vn 0 -1 0
vt 0.126558 0.534753
vn 0 -1 0
vt 0.126558 0.660082
vn 0 -1 0
vt 0.0984416 0.660082
vn 0 -1 0
vt 0.0984416 0.534753
vn -1 0 0
vt 0.136791 0.965019
vn -1 0 0
vt 0.122834 0.965019
vn -1 0 0
vt 0.122834 0.787492
vn -1 0 0
vt 0.136791 0.787492
vn 0 1 0
vt 0.126558 0.542185
vn 0 1 0
vt 0.126558 0.667514
vn 0 1 0
vt 0.0984416 0.667514
vn 0 1 0
vt 0.0984416 0.542185
vn 1 0 0
vt 0.137698 0.787492
vn 1 0 0
vt 0.151655 0.787492
vn 1 0 0
vt 0.151655 0.965019
vn 1 0 0
vt 0.137698 0.965019
vn 0 0 -1
vt 0.125162 0.965019
vn 0 0 -1
vt 0.122031 0.965019
vn 0 0 -1
vt 0.122031 0.787492
vn 0 0 -1
vt 0.125162 0.787492
vn 0 0 1
vt 0.120363 0.787492
vn 0 0 1
vt 0.123494 0.787492
vn 0 0 1
vt 0.123494 0.965019
vn 0 0 1
vt 0.120363 0.965019
vn 0 -1 0
vt 0.141742 0.900568
vn 0 -1 0
vt 0.141742 0.903924
vn 0 -1 0
vt 0.138707 0.903924
vn 0 -1 0
vt 0.138707 0.900568
vn -1 0 0
vt 0.104348 0.965019
vn -1 0 0
vt 0.100885 0.965019
vn -1 0 0
vt 0.100885 0.787492
vn -1 0 0
vt 0.104348 0.787492
vn 0 1 0
vt 0.145076 0.900568
vn 0 1 0
vt 0.145076 0.903924
vn 0 1 0
vt 0.142042 0.903924
vn 0 1 0
vt 0.142042 0.900568
vn 1 0 0
vt 0.106417 0.787492
vn 1 0 0
vt 0.10988 0.787492
vn 1 0 0
vt 0.10988 0.965019
vn 1 0 0
vt 0.106417 0.965019
vn 0 0 -1
vt 0.126829 0.965019
vn 0 0 -1
vt 0.123698 0.965019
vn 0 0 -1
vt 0.123698 0.787492
vn 0 0 -1
vt 0.126829 0.787492
vn 0 0 1
vt 0.0747352 0.850872
vn 0 0 1
vt 0.195885 0.850872
vn 0 0 1
vt 0.195885 0.856194
vn 0 0 1
vt 0.0747352 0.856194
vn 0 -1 0
vt 0.202035 0.823717
vn 0 -1 0
vt 0.202035 0.843848
vn 0 -1 0
vt 0.0816074 0.843848
vn 0 -1 0
vt 0.0816074 0.823717
vn -1 0 0
vt 0.124984 0.904311
vn -1 0 0
vt 0.104853 0.904311
vn -1 0 0
vt 0.104853 0.898988
vn -1 0 0
vt 0.124984 0.898988
vn 0 1 0
vt 0.19064 0.823717
vn 0 1 0
vt 0.19064 0.843848
vn 0 1 0
vt 0.0702125 0.843848
vn 0 1 0
vt 0.0702125 0.823717
vn 1 0 0
vt 0.0968022 0.898988
vn 1 0 0
vt 0.116933 0.898988
vn 1 0 0
vt 0.116933 0.904311
vn 1 0 0
vt 0.0968022 0.904311
vn 0 0 -1
vt 0.20445 0.850213
vn 0 0 -1
vt 0.0832997 0.850213
vn 0 0 -1
vt 0.0832997 0.844891
vn 0 0 -1
vt 0.20445 0.844891
vn 0 0 1
vt 0.0884671 0.829939
vn 0 0 1
vt 0.209617 0.829939
vn 0 0 1
vt 0.209617 0.835261
vn 0 0 1
vt 0.0884671 0.835261
vn 0 -1 0
vt 0.198531 0.823717
vn 0 -1 0
vt 0.198531 0.843848
vn 0 -1 0
vt 0.0781035 0.843848
vn 0 -1 0
vt 0.0781035 0.823717
vn -1 0 0
vt 0.127652 0.904311
vn -1 0 0
vt 0.107521 0.904311
vn -1 0 0
vt 0.107521 0.898988
vn -1 0 0
vt 0.127652 0.898988
vn 0 1 0
vt 0.194727 0.823717
vn 0 1 0
vt 0.194727 0.843848
vn 0 1 0
vt 0.0742997 0.843848
vn 0 1 0
vt 0.0742997 0.823717
vn 1 0 0
vt 0.115985 0.900162
vn 1 0 0
vt 0.135494 0.900162
vn 1 0 0
vt 0.135494 0.90532
vn 1 0 0
vt 0.115985 0.90532
vn 0 0 -1
vt 0.208659 0.905685
vn 0 0 -1
vt 0.0882318 0.905685
vn 0 0 -1
vt 0.0882318 0.900363
vn 0 0 -1
vt 0.208659 0.900363
vn 0 0 1
vt 0.113694 0.787492
vn 0 0 1
vt 0.116825 0.787492
vn 0 0 1
vt 0.116825 0.965019
vn 0 0 1
vt 0.113694 0.965019
vn 0 -1 0
vt 0.148411 0.900568
vn 0 -1 0
vt 0.148411 0.903924
vn 0 -1 0
vt 0.145376 0.903924
vn 0 -1 0
vt 0.145376 0.900568
vn -1 0 0
vt 0.106192 0.965019
vn -1 0 0
vt 0.102729 0.965019
vn -1 0 0
vt 0.102729 0.787492
vn -1 0 0
vt 0.106192 0.787492
vn 0 1 0
vt 0.150078 0.900568
vn 0 1 0
vt 0.150078 0.903924
vn 0 1 0
vt 0.147044 0.903924
vn 0 1 0
vt 0.147044 0.900568
vn 1 0 0
vt 0.108261 0.787492
vn 1 0 0
vt 0.111724 0.787492
vn 1 0 0
vt 0.111724 0.965019
vn 1 0 0
vt 0.108261 0.965019
vn 0 0 -1
vt 0.12016 0.965019
vn 0 0 -1
vt 0.117029 0.965019
vn 0 0 -1
vt 0.117029 0.787492
vn 0 0 -1
vt 0.12016 0.787492
vn 0 0 1
vt 0.155092 0.787492
vn 0 0 1
vt 0.158223 0.787492
vn 0 0 1
vt 0.158223 0.965019
vn 0 0 1
vt 0.155092 0.965019
vn 0 -1 0
vt 0.143409 0.900568
vn 0 -1 0
vt 0.143409 0.903924
vn 0 -1 0
vt 0.140375 0.903924
vn 0 -1 0
vt 0.140375 0.900568
vn -1 0 0
vt 0.108036 0.965019
vn -1 0 0
vt 0.104573 0.965019
vn -1 0 0
vt 0.104573 0.787492
vn -1 0 0
vt 0.108036 0.787492
vn 0 1 0
vt 0.146744 0.900568
vn 0 1 0
vt 0.146744 0.903924
vn 0 1 0
vt 0.143709 0.903924
vn 0 1 0
vt 0.143709 0.900568
vn 1 0 0
vt 0.110105 0.787492
vn 1 0 0
vt 0.113568 0.787492
vn 1 0 0
vt 0.113568 0.965019
vn 1 0 0
vt 0.110105 0.965019
vn 0 0 -1
vt 0.15989 0.965019
vn 0 0 -1
vt 0.156759 0.965019
vn 0 0 -1
vt 0.156759 0.787492
vn 0 0 -1
vt 0.15989 0.787492
vn 0 0 1
vt 0.0729724 0.898988
vn 0 0 1
vt 0.1934 0.898988
vn 0 0 1
vt 0.1934 0.904311
vn 0 0 1
vt 0.0729724 0.904311
vn 0 -1 0
vt 0.195257 0.855434
vn 0 -1 0
vt 0.195257 0.865843
vn 0 -1 0
vt 0.0748297 0.865843
vn 0 -1 0
vt 0.0748297 0.855434
vn -1 0 0
vt 0.130922 0.904311
vn -1 0 0
vt 0.120513 0.904311
vn -1 0 0
vt 0.120513 0.898988
vn -1 0 0
vt 0.130922 0.898988
vn 0 1 0
vt 0.194514 0.823919
vn 0 1 0
vt 0.194514 0.834328
vn 0 1 0
vt 0.0740863 0.834328
vn 0 1 0
vt 0.0740863 0.823919
vn 1 0 0
vt 0.128827 0.900162
vn 1 0 0
vt 0.138914 0.900162
vn 1 0 0
vt 0.138914 0.90532
vn 1 0 0
vt 0.128827 0.90532
vn 0 0 -1
vt 0.208221 0.904311
vn 0 0 -1
vt 0.0877937 0.904311
vn 0 0 -1
vt 0.0877937 0.898988
vn 0 0 -1
vt 0.208221 0.898988
vn 0 0 1
vt 0.0835831 0.84029
vn 0 0 1
vt 0.204733 0.84029
vn 0 0 1
vt 0.204733 0.845613
vn 0 0 1
vt 0.0835831 0.845613
vn 0 -1 0
vt 0.208659 0.899629
vn 0 -1 0
vt 0.208659 0.902211
vn 0 -1 0
vt 0.0882318 0.902211
vn 0 -1 0
vt 0.0882318 0.899629
vn -1 0 0
vt 0.13858 0.90532
vn -1 0 0
vt 0.136078 0.90532
vn -1 0 0
vt 0.136078 0.900162
vn -1 0 0
vt 0.13858 0.900162
vn 0 1 0
vt 0.221258 0.901004
vn 0 1 0
vt 0.221258 0.903585
vn 0 1 0
vt 0.10083 0.903585
vn 0 1 0
vt 0.10083 0.901004
vn 1 0 0
vt 0.137453 0.900162
vn 1 0 0
vt 0.139954 0.900162
vn 1 0 0
vt 0.139954 0.90532
vn 1 0 0
vt 0.137453 0.90532
vn 0 0 -1
vt 0.199189 0.905685
vn 0 0 -1
vt 0.0787618 0.905685
vn 0 0 -1
vt 0.0787618 0.900363
vn 0 0 -1
vt 0.199189 0.900363
vn 0 0 1
vt 0.112027 0.787492
vn 0 0 1
vt 0.115158 0.787492
vn 0 0 1
vt 0.115158 0.965019
vn 0 0 1
vt 0.112027 0.965019
vn 0 -1 0
vt 0.126558 0.549616
vn 0 -1 0
vt 0.126558 0.674945
vn 0 -1 0
vt 0.0984416 0.674945
vn 0 -1 0
vt 0.0984416 0.549616
vn -1 0 0
vt 0.144223 0.965019
vn -1 0 0
vt 0.130266 0.965019
vn -1 0 0
vt 0.130266 0.787492
vn -1 0 0
vt 0.144223 0.787492
vn 0 1 0
vt 0.158088 0.883877
vn 0 1 0
vt 0.158088 0.897402
vn 0 1 0
vt 0.155054 0.897402
vn 0 1 0
vt 0.155054 0.883877
vn 1 0 0
vt 0.14513 0.787492
vn 1 0 0
vt 0.159086 0.787492
vn 1 0 0
vt 0.159086 0.965019
vn 1 0 0
vt 0.14513 0.965019
vn 0 0 -1
vt 0.118493 0.965019
vn 0 0 -1
vt 0.115361 0.965019
vn 0 0 -1
vt 0.115361 0.787492
vn 0 0 -1
vt 0.118493 0.787492
vn 0 0 1
vt 0.0962993 0.892048
vn 0 0 1
vt 0.160126 0.892048
vn 0 0 1
vt 0.160126 0.89737
vn 0 0 1
vt 0.0962993 0.89737
vn 0 -1 0
vt 0.199189 0.899629
vn 0 -1 0
vt 0.199189 0.902211
vn 0 -1 0
vt 0.0787618 0.902211
vn 0 -1 0
vt 0.0787618 0.899629
vn -1 0 0
vt 0.130467 0.904311
vn -1 0 0
vt 0.127886 0.904311
vn -1 0 0
vt 0.127886 0.898988
vn -1 0 0
vt 0.130467 0.898988
vn 0 1 0
vt 0.221258 0.899629
vn 0 1 0
vt 0.221258 0.902211
vn 0 1 0
vt 0.10083 0.902211
vn 0 1 0
vt 0.10083 0.899629
vn 1 0 0
vt 0.12926 0.898988
vn 1 0 0
vt 0.131842 0.898988
vn 1 0 0
vt 0.131842 0.904311
vn 1 0 0
vt 0.12926 0.904311
vn 0 0 -1
vt 0.171451 0.89737
vn 0 0 -1
vt 0.107624 0.89737
vn 0 0 -1
vt 0.107624 0.892048
vn 0 0 -1
vt 0.171451 0.892048
vn 0 0 1
vt 0.118696 0.787492
vn 0 0 1
vt 0.121827 0.787492
vn 0 0 1
vt 0.121827 0.965019
vn 0 0 1
vt 0.118696 0.965019
vn 0 -1 0
vt 0.126558 0.534753
vn 0 -1 0
vt 0.126558 0.660082
vn 0 -1 0
vt 0.0984416 0.660082
vn 0 -1 0
vt 0.0984416 0.534753
vn -1 0 0
vt 0.136791 0.965019
vn -1 0 0
vt 0.122834 0.965019
vn -1 0 0
vt 0.122834 0.787492
vn -1 0 0
vt 0.136791 0.787492
vn 0 1 0
vt 0.126558 0.542185
vn 0 1 0
vt 0.126558 0.667514
vn 0 1 0
vt 0.0984416 0.667514
vn 0 1 0
vt 0.0984416 0.542185
vn 1 0 0
vt 0.137698 0.787492
vn 1 0 0
vt 0.151655 0.787492
vn 1 0 0
vt 0.151655 0.965019
vn 1 0 0
vt 0.137698 0.965019
vn 0 0 -1
vt 0.125162 0.965019
vn 0 0 -1
vt 0.122031 0.965019
vn 0 0 -1
vt 0.122031 0.787492
vn 0 0 -1
vt 0.125162 0.787492
vn 0 0 1
vt 0.120363 0.787492
vn 0 0 1
vt 0.123494 0.787492
vn 0 0 1
vt 0.123494 0.965019
vn 0 0 1
vt 0.120363 0.965019
vn 0 -1 0
vt 0.141742 0.900568
vn 0 -1 0
vt 0.141742 0.903924
vn 0 -1 0
vt 0.138707 0.903924
vn 0 -1 0
vt 0.138707 0.900568
vn -1 0 0
vt 0.104348 0.965019
vn -1 0 0
vt 0.100885 0.965019
vn -1 0 0
vt 0.100885 0.787492
vn -1 0 0
vt 0.104348 0.787492
vn 0 1 0
vt 0.145076 0.900568
vn 0 1 0
vt 0.145076 0.903924
vn 0 1 0
vt 0.142042 0.903924
vn 0 1 0
vt 0.142042 0.900568
vn 1 0 0
vt 0.106417 0.787492
vn 1 0 0
vt 0.10988 0.787492
vn 1 0 0
vt 0.10988 0.965019
vn 1 0 0
vt 0.106417 0.965019
vn 0 0 -1
vt 0.126829 0.965019
vn 0 0 -1
vt 0.123698 0.965019
vn 0 0 -1
vt 0.123698 0.787492
vn 0 0 -1
vt 0.126829 0.787492
vn 0 0 1
vt 0.0747352 0.850872
vn 0 0 1
vt 0.195885 0.850872
vn 0 0 1
vt 0.195885 0.856194
vn 0 0 1
vt 0.0747352 0.856194
vn 0 -1 0
vt 0.202035 0.823717
vn 0 -1 0
vt 0.202035 0.843848
vn 0 -1 0
vt 0.0816074 0.843848
vn 0 -1 0
vt 0.0816074 0.823717
vn -1 0 0
vt 0.124984 0.904311
vn -1 0 0
vt 0.104853 0.904311
vn -1 0 0
vt 0.104853 0.898988
vn -1 0 0
vt 0.124984 0.898988
vn 0 1 0
vt 0.19064 0.823717
vn 0 1 0
vt 0.19064 0.843848
vn 0 1 0
vt 0.0702125 0.843848
vn 0 1 0
vt 0.0702125 0.823717
vn 1 0 0
vt 0.0968022 0.898988
vn 1 0 0
vt 0.116933 0.898988
vn 1 0 0
vt 0.116933 0.904311
vn 1 0 0
vt 0.0968022 0.904311
vn 0 0 -1
vt 0.20445 0.850213
vn 0 0 -1
vt 0.0832997 0.850213
vn 0 0 -1
vt 0.0832997 0.844891
vn 0 0 -1
vt 0.20445 0.844891
vn 0 0 1
vt 0.0884671 0.829939
vn 0 0 1
vt 0.209617 0.829939
vn 0 0 1
vt 0.209617 0.835261
vn 0 0 1
vt 0.0884671 0.835261
vn 0 -1 0
vt 0.198531 0.823717
vn 0 -1 0
vt 0.198531 0.843848
vn 0 -1 0
vt 0.0781035 0.843848
vn 0 -1 0
vt 0.0781035 0.823717
vn -1 0 0
vt 0.127652 0.904311
vn -1 0 0
vt 0.107521 0.904311
vn -1 0 0
vt 0.107521 0.898988
vn -1 0 0
vt 0.127652 0.898988
vn 0 1 0
vt 0.194727 0.823717
vn 0 1 0
vt 0.194727 0.843848
vn 0 1 0
vt 0.0742997 0.843848
vn 0 1 0
vt 0.0742997 0.823717
vn 1 0 0
vt 0.115985 0.900162
vn 1 0 0
vt 0.135494 0.900162
vn 1 0 0
vt 0.135494 0.90532
vn 1 0 0
vt 0.115985 0.90532
vn 0 0 -1
vt 0.208659 0.905685
vn 0 0 -1
vt 0.0882318 0.905685
vn 0 0 -1
vt 0.0882318 0.900363
vn 0 0 -1
vt 0.208659 0.900363
vn 0 0 1
vt 0.113694 0.787492
vn 0 0 1
vt 0.116825 0.787492
vn 0 0 1
vt 0.116825 0.965019
vn 0 0 1
vt 0.113694 0.965019
vn 0 -1 0
vt 0.148411 0.900568
vn 0 -1 0
vt 0.148411 0.903924
vn 0 -1 0
vt 0.145376 0.903924
vn 0 -1 0
vt 0.145376 0.900568
vn -1 0 0
vt 0.106192 0.965019
vn -1 0 0
vt 0.102729 0.965019
vn -1 0 0
vt 0.102729 0.787492
vn -1 0 0
vt 0.106192 0.787492
vn 0 1 0
vt 0.150078 0.900568
vn 0 1 0
vt 0.150078 0.903924
vn 0 1 0
vt 0.147044 0.903924
vn 0 1 0
vt 0.147044 0.900568
vn 1 0 0
vt 0.108261 0.787492
vn 1 0 0
vt 0.111724 0.787492
vn 1 0 0
vt 0.111724 0.965019
vn 1 0 0
vt 0.108261 0.965019
vn 0 0 -1
vt 0.12016 0.965019
vn 0 0 -1
vt 0.117029 0.965019
vn 0 0 -1
vt 0.117029 0.787492
vn 0 0 -1
vt 0.12016 0.787492
vn 0 0 1
vt 0.155092 0.787492
vn 0 0 1
vt 0.158223 0.787492
vn 0 0 1
vt 0.158223 0.965019
vn 0 0 1
vt 0.155092 0.965019
vn 0 -1 0
vt 0.143409 0.900568
vn 0 -1 0
vt 0.143409 0.903924
vn 0 -1 0
vt 0.140375 0.903924
vn 0 -1 0
vt 0.140375 0.900568
vn -1 0 0
vt 0.108036 0.965019
vn -1 0 0
vt 0.104573 0.965019
vn -1 0 0
vt 0.104573 0.787492
vn -1 0 0
vt 0.108036 0.787492
vn 0 1 0
vt 0.146744 0.900568
vn 0 1 0
vt 0.146744 0.903924
vn 0 1 0
vt 0.143709 0.903924
vn 0 1 0
vt 0.143709 0.900568
vn 1 0 0
vt 0.110105 0.787492
vn 1 0 0
vt 0.113568 0.787492
vn 1 0 0
vt 0.113568 0.965019
vn 1 0 0
vt 0.110105 0.965019
vn 0 0 -1
vt 0.15989 0.965019
vn 0 0 -1
vt 0.156759 0.965019
vn 0 0 -1
vt 0.156759 0.787492
vn 0 0 -1
vt 0.15989 0.787492
vn 0 0 1
vt 0.0729724 0.898988
vn 0 0 1
vt 0.1934 0.898988
vn 0 0 1
vt 0.1934 0.904311
vn 0 0 1
vt 0.0729724 0.904311
vn 0 -1 0
vt 0.195257 0.855434
vn 0 -1 0
vt 0.195257 0.865843
vn 0 -1 0
vt 0.0748297 0.865843
vn 0 -1 0
vt 0.0748297 0.855434
vn -1 0 0
vt 0.130922 0.904311
vn -1 0 0
vt 0.120513 0.904311
vn -1 0 0
vt 0.120513 0.898988
vn -1 0 0
vt 0.130922 0.898988
vn 0 1 0
vt 0.194514 0.823919
vn 0 1 0
vt 0.194514 0.834328
vn 0 1 0
vt 0.0740863 0.834328
vn 0 1 0
vt 0.0740863 0.823919
vn 1 0 0
vt 0.128827 0.900162
vn 1 0 0
vt 0.138914 0.900162
vn 1 0 0
vt 0.138914 0.90532
vn 1 0 0
vt 0.128827 0.90532
vn 0 0 -1
vt 0.208221 0.904311
vn 0 0 -1
vt 0.0877937 0.904311
vn 0 0 -1
vt 0.0877937 0.898988
vn 0 0 -1
vt 0.208221 0.898988
vn 0 0 1
vt 0.0835831 0.84029
vn 0 0 1
vt 0.204733 0.84029
vn 0 0 1
vt 0.204733 0.845613
vn 0 0 1
vt 0.0835831 0.845613
vn 0 -1 0
vt 0.208659 0.899629
vn 0 -1 0
vt 0.208659 0.902211
vn 0 -1 0
vt 0.0882318 0.902211
vn 0 -1 0
vt 0.0882318 0.899629
vn -1 0 0
vt 0.13858 0.90532
vn -1 0 0
vt 0.136078 0.90532
vn -1 0 0
vt 0.136078 0.900162
vn -1 0 0
vt 0.13858 0.900162
vn 0 1 0
vt 0.221258 0.901004
vn 0 1 0
vt 0.221258 0.903585
vn 0 1 0
vt 0.10083 0.903585
vn 0 1 0
vt 0.10083 0.901004
vn 1 0 0
vt 0.137453 0.900162
vn 1 0 0
vt 0.139954 0.900162
vn 1 0 0
vt 0.139954 0.90532
vn 1 0 0
vt 0.137453 0.90532
vn 0 0 -1
vt 0.199189 0.905685
vn 0 0 -1
vt 0.0787618 0.905685
vn 0 0 -1
vt 0.0787618 0.900363
vn 0 0 -1
vt 0.199189 0.900363
vn 0 0 1
vt 0.112027 0.787492
vn 0 0 1
vt 0.115158 0.787492
vn 0 0 1
vt 0.115158 0.965019
vn 0 0 1
vt 0.112027 0.965019
vn 0 -1 0
vt 0.126558 0.549616
vn 0 -1 0
vt 0.126558 0.674945
vn 0 -1 0
vt 0.0984416 0.674945
vn 0 -1 0
vt 0.0984416 0.549616
vn -1 0 0
vt 0.144223 0.965019
vn -1 0 0
vt 0.130266 0.965019
vn -1 0 0
vt 0.130266 0.787492
vn -1 0 0
vt 0.144223 0.787492
vn 0 1 0
vt 0.158088 0.883877
vn 0 1 0
vt 0.158088 0.897402
vn 0 1 0
vt 0.155054 0.897402
vn 0 1 0
vt 0.155054 0.883877
vn 1 0 0
vt 0.14513 0.787492
vn 1 0 0
vt 0.159086 0.787492
vn 1 0 0
vt 0.159086 0.965019
vn 1 0 0
vt 0.14513 0.965019
vn 0 0 -1
vt 0.118493 0.965019
vn 0 0 -1
vt 0.115361 0.965019
vn 0 0 -1
vt 0.115361 0.787492
vn 0 0 -1
vt 0.118493 0.787492
vn 0 0 1
vt 0.0962993 0.892048
vn 0 0 1
vt 0.160126 0.892048
vn 0 0 1
vt 0.160126 0.89737
vn 0 0 1
vt 0.0962993 0.89737
vn 0 -1 0
vt 0.199189 0.899629
vn 0 -1 0
vt 0.199189 0.902211
vn 0 -1 0
vt 0.0787618 0.902211
vn 0 -1 0
vt 0.0787618 0.899629
vn -1 0 0
vt 0.130467 0.904311
vn -1 0 0
vt 0.127886 0.904311
vn -1 0 0
vt 0.127886 0.898988
vn -1 0 0
vt 0.130467 0.898988
vn 0 1 0
vt 0.221258 0.899629
vn 0 1 0
vt 0.221258 0.902211
vn 0 1 0
vt 0.10083 0.902211
vn 0 1 0
vt 0.10083 0.899629
vn 1 0 0
vt 0.12926 0.898988
vn 1 0 0
vt 0.131842 0.898988
vn 1 0 0
vt 0.131842 0.904311
vn 1 0 0
vt 0.12926 0.904311
vn 0 0 -1
vt 0.171451 0.89737
vn 0 0 -1
vt 0.107624 0.89737
vn 0 0 -1
vt 0.107624 0.892048
vn 0 0 -1
vt 0.171451 0.892048
vn 0 0 1
vt 0.118696 0.787492
vn 0 0 1
vt 0.121827 0.787492
vn 0 0 1
vt 0.121827 0.965019
vn 0 0 1
vt 0.118696 0.965019
vn 0 -1 0
vt 0.126558 0.534753
vn 0 -1 0
vt 0.126558 0.660082
vn 0 -1 0
vt 0.0984416 0.660082
vn 0 -1 0
vt 0.0984416 0.534753
vn -1 0 0
vt 0.136791 0.965019
vn -1 0 0
vt 0.122834 0.965019
vn -1 0 0
vt 0.122834 0.787492
vn -1 0 0
vt 0.136791 0.787492
vn 0 1 0
vt 0.126558 0.542185
vn 0 1 0
vt 0.126558 0.667514
vn 0 1 0
vt 0.0984416 0.667514
vn 0 1 0
vt 0.0984416 0.542185
vn 1 0 0
vt 0.137698 0.787492
vn 1 0 0
vt 0.151655 0.787492
vn 1 0 0
vt 0.151655 0.965019
vn 1 0 0
vt 0.137698 0.965019
vn 0 0 -1
vt 0.125162 0.965019
vn 0 0 -1
vt 0.122031 0.965019
vn 0 0 -1
vt 0.122031 0.787492
vn 0 0 -1
vt 0.125162 0.787492
vn 0 0 1
vt 0.120363 0.787492
vn 0 0 1
vt 0.123494 0.787492
vn 0 0 1
vt 0.123494 0.965019
vn 0 0 1
vt 0.120363 0.965019
vn 0 -1 0
vt 0.141742 0.900568
vn 0 -1 0
vt 0.141742 0.903924
vn 0 -1 0
vt 0.138707 0.903924
vn 0 -1 0
vt 0.138707 0.900568
vn -1 0 0
vt 0.104348 0.965019
vn -1 0 0
vt 0.100885 0.965019
vn -1 0 0
vt 0.100885 0.787492
vn -1 0 0
vt 0.104348 0.787492
vn 0 1 0
vt 0.145076 0.900568
vn 0 1 0
vt 0.145076 0.903924
vn 0 1 0
vt 0.142042 0.903924
vn 0 1 0
vt 0.142042 0.900568
vn 1 0 0
vt 0.106417 0.787492
vn 1 0 0
vt 0.10988 0.787492
vn 1 0 0
vt 0.10988 0.965019
vn 1 0 0
vt 0.106417 0.965019
vn 0 0 -1
vt 0.126829 0.965019
vn 0 0 -1
vt 0.123698 0.965019
vn 0 0 -1
vt 0.123698 0.787492
vn 0 0 -1
vt 0.126829 0.787492
vn 0 0 1
vt 0.0747352 0.850872
vn 0 0 1
vt 0.195885 0.850872
vn 0 0 1
vt 0.195885 0.856194
vn 0 0 1
vt 0.0747352 0.856194
vn 0 -1 0
vt 0.202035 0.823717
vn 0 -1 0
vt 0.202035 0.843848
vn 0 -1 0
vt 0.0816074 0.843848
vn 0 -1 0
vt 0.0816074 0.823717
vn -1 0 0
vt 0.124984 0.904311
vn -1 0 0
vt 0.104853 0.904311
vn -1 0 0
vt 0.104853 0.898988
vn -1 0 0
vt 0.124984 0.898988
vn 0 1 0
vt 0.19064 0.823717
vn 0 1 0
vt 0.19064 0.843848
vn 0 1 0
vt 0.0702125 0.843848
vn 0 1 0
vt 0.0702125 0.823717
vn 1 0 0
vt 0.0968022 0.898988
vn 1 0 0
vt 0.116933 0.898988
vn 1 0 0
vt 0.116933 0.904311
vn 1 0 0
vt 0.0968022 0.904311
vn 0 0 -1
vt 0.20445 0.850213
vn 0 0 -1
vt 0.0832997 0.850213
vn 0 0 -1
vt 0.0832997 0.844891
vn 0 0 -1
vt 0.20445 0.844891
vn 0 0 1
vt 0.0884671 0.829939
vn 0 0 1
vt 0.209617 0.829939
vn 0 0 1
vt 0.209617 0.835261
vn 0 0 1
vt 0.0884671 0.835261
vn 0 -1 0
vt 0.198531 0.823717
vn 0 -1 0
vt 0.198531 0.843848
vn 0 -1 0
vt 0.0781035 0.843848
vn 0 -1 0
vt 0.0781035 0.823717
vn -1 0 0
vt 0.127652 0.904311
vn -1 0 0
vt 0.107521 0.904311
vn -1 0 0
vt 0.107521 0.898988
vn -1 0 0
vt 0.127652 0.898988
vn 0 1 0
vt 0.194727 0.823717
vn 0 1 0
vt 0.194727 0.843848
vn 0 1 0
vt 0.0742997 0.843848
vn 0 1 0
vt 0.0742997 0.823717
vn 1 0 0
vt 0.115985 0.900162
vn 1 0 0
vt 0.135494 0.900162
vn 1 0 0
vt 0.135494 0.90532
vn 1 0 0
vt 0.115985 0.90532
vn 0 0 -1
vt 0.208659 0.905685
vn 0 0 -1
vt 0.0882318 0.905685
vn 0 0 -1
vt 0.0882318 0.900363
vn 0 0 -1
vt 0.208659 0.900363
vn 0 0 1
vt 0.113694 0.787492
vn 0 0 1
vt 0.116825 0.787492
vn 0 0 1
vt 0.116825 0.965019
vn 0 0 1
vt 0.113694 0.965019
vn 0 -1 0
vt 0.148411 0.900568
vn 0 -1 0
vt 0.148411 0.903924
vn 0 -1 0
vt 0.145376 0.903924
vn 0 -1 0
vt 0.145376 0.900568
vn -1 0 0
vt 0.106192 0.965019
vn -1 0 0
vt 0.102729 0.965019
vn -1 0 0
vt 0.102729 0.787492
vn -1 0 0
vt 0.106192 0.787492
vn 0 1 0
vt 0.150078 0.900568
vn 0 1 0
vt 0.150078 0.903924
vn 0 1 0
vt 0.147044 0.903924
vn 0 1 0
vt 0.147044 0.900568
vn 1 0 0
vt 0.108261 0.787492
vn 1 0 0
vt 0.111724 0.787492
vn 1 0 0
vt 0.111724 0.965019
vn 1 0 0
vt 0.108261 0.965019
vn 0 0 -1
vt 0.12016 0.965019
vn 0 0 -1
vt 0.117029 0.965019
vn 0 0 -1
vt 0.117029 0.787492
vn 0 0 -1
vt 0.12016 0.787492
vn 0 0 1
vt 0.155092 0.787492
vn 0 0 1
vt 0.158223 0.787492
vn 0 0 1
vt 0.158223 0.965019
vn 0 0 1
vt 0.155092 0.965019
vn 0 -1 0
vt 0.143409 0.900568
vn 0 -1 0
vt 0.143409 0.903924
vn 0 -1 0
vt 0.140375 0.903924
vn 0 -1 0
vt 0.140375 0.900568
vn -1 0 0
vt 0.108036 0.965019
vn -1 0 0
vt 0.104573 0.965019
vn -1 0 0
vt 0.104573 0.787492
vn -1 0 0
vt 0.108036 0.787492
vn 0 1 0
vt 0.146744 0.900568
vn 0 1 0
vt 0.146744 0.903924
vn 0 1 0
vt 0.143709 0.903924
vn 0 1 0
vt 0.143709 0.900568
vn 1 0 0
vt 0.110105 0.787492
vn 1 0 0
vt 0.113568 0.787492
vn 1 0 0
vt 0.113568 0.965019
vn 1 0 0
vt 0.110105 0.965019
vn 0 0 -1
vt 0.15989 0.965019
vn 0 0 -1
vt 0.156759 0.965019
vn 0 0 -1
vt 0.156759 0.787492
vn 0 0 -1
vt 0.15989 0.787492
vn 0 0 1
vt 0.0729724 0.898988
vn 0 0 1
vt 0.1934 0.898988
vn 0 0 1
vt 0.1934 0.904311
vn 0 0 1
vt 0.0729724 0.904311
vn 0 -1 0
vt 0.195257 0.855434
vn 0 -1 0
vt 0.195257 0.865843
vn 0 -1 0
vt 0.0748297 0.865843
vn 0 -1 0
vt 0.0748297 0.855434
vn -1 0 0
vt 0.130922 0.904311
vn -1 0 0
vt 0.120513 0.904311
vn -1 0 0
vt 0.120513 0.898988
vn -1 0 0
vt 0.130922 0.898988
vn 0 1 0
vt 0.194514 0.823919
vn 0 1 0
vt 0.194514 0.834328
vn 0 1 0
vt 0.0740863 0.834328
vn 0 1 0
vt 0.0740863 0.823919
vn 1 0 0
vt 0.128827 0.900162
vn 1 0 0
vt 0.138914 0.900162
vn 1 0 0
vt 0.138914 0.90532
vn 1 0 0
vt 0.128827 0.90532
vn 0 0 -1
vt 0.208221 0.904311
vn 0 0 -1
vt 0.0877937 0.904311
vn 0 0 -1
vt 0.0877937 0.898988
vn 0 0 -1
vt 0.208221 0.898988
vn 0 0 1
vt 0.0835831 0.84029
vn 0 0 1
vt 0.204733 0.84029
vn 0 0 1
vt 0.204733 0.845613
vn 0 0 1
vt 0.0835831 0.845613
vn 0 -1 0
vt 0.208659 0.899629
vn 0 -1 0
vt 0.208659 0.902211
vn 0 -1 0
vt 0.0882318 0.902211
vn 0 -1 0
vt 0.0882318 0.899629
vn -1 0 0
vt 0.13858 0.90532
vn -1 0 0
vt 0.136078 0.90532
vn -1 0 0
vt 0.136078 0.900162
vn -1 0 0
vt 0.13858 0.900162
vn 0 1 0
vt 0.221258 0.901004
vn 0 1 0
vt 0.221258 0.903585
vn 0 1 0
vt 0.10083 0.903585
vn 0 1 0
vt 0.10083 0.901004
vn 1 0 0
vt 0.137453 0.900162
vn 1 0 0
vt 0.139954 0.900162
vn 1 0 0
vt 0.139954 0.90532
vn 1 0 0
vt 0.137453 0.90532
vn 0 0 -1
vt 0.199189 0.905685
vn 0 0 -1
vt 0.0787618 0.905685
vn 0 0 -1
vt 0.0787618 0.900363
vn 0 0 -1
vt 0.199189 0.900363
vn 0 0 1
vt 0.112027 0.787492
vn 0 0 1
vt 0.115158 0.787492
vn 0 0 1
vt 0.115158 0.965019
vn 0 0 1
vt 0.112027 0.965019
vn 0 -1 0
vt 0.126558 0.549616
vn 0 -1 0
vt 0.126558 0.674945
vn 0 -1 0
vt 0.0984416 0.674945
vn 0 -1 0
vt 0.0984416 0.549616
vn -1 0 0
vt 0.144223 0.965019
vn -1 0 0
vt 0.130266 0.965019
vn -1 0 0
vt 0.130266 0.787492
vn -1 0 0
vt 0.144223 0.787492
vn 0 1 0
vt 0.158088 0.883877
vn 0 1 0
vt 0.158088 0.897402
vn 0 1 0
vt 0.155054 0.897402
vn 0 1 0
vt 0.155054 0.883877
vn 1 0 0
vt 0.14513 0.787492
vn 1 0 0
vt 0.159086 0.787492
vn 1 0 0
vt 0.159086 0.965019
vn 1 0 0
vt 0.14513 0.965019
vn 0 0 -1
vt 0.118493 0.965019
vn 0 0 -1
vt 0.115361 0.965019
vn 0 0 -1
vt 0.115361 0.787492
vn 0 0 -1
vt 0.118493 0.787492
vn 0 0 1
vt 0.0962993 0.892048
vn 0 0 1
vt 0.160126 0.892048
vn 0 0 1
vt 0.160126 0.89737
vn 0 0 1
vt 0.0962993 0.89737
vn 0 -1 0
vt 0.199189 0.899629
vn 0 -1 0
vt 0.199189 0.902211
vn 0 -1 0
vt 0.0787618 0.902211
vn 0 -1 0
vt 0.0787618 0.899629
vn -1 0 0
vt 0.130467 0.904311
vn -1 0 0
vt 0.127886 0.904311
vn -1 0 0
vt 0.127886 0.898988
vn -1 0 0
vt 0.130467 0.898988
vn 0 1 0
vt 0.221258 0.899629
vn 0 1 0
vt 0.221258 0.902211
vn 0 1 0
vt 0.10083 0.902211
vn 0 1 0
vt 0.10083 0.899629
vn 1 0 0
vt 0.12926 0.898988
vn 1 0 0
vt 0.131842 0.898988
vn 1 0 0
vt 0.131842 0.904311
vn 1 0 0
vt 0.12926 0.904311
vn 0 0 -1
vt 0.171451 0.89737
vn 0 0 -1
vt 0.107624 0.89737
vn 0 0 -1
vt 0.107624 0.892048
vn 0 0 -1
vt 0.171451 0.892048
vn -1 0 0
vt 0.461178 0.548885
vn -1 0 0
vt 0.352683 0.548885
vn -1 0 0
vt 0.461178 0.657378
vn -8.91481e-07 0.0310609 -0.999518
vt 0.354003 0.549245
vn -6.18825e-07 0.031061 -0.999518
vt 0.373315 0.568556
vn 6.18826e-07 0.031061 -0.999518
vt 0.460112 0.549245
vn 1.1267e-07 -0.999517 -0.0310623
vt 0.383307 0.58828
vn -4.28613e-07 -0.999517 -0.0310619
vt 0.400632 0.605208
vn -1.58251e-08 0.999518 0.0310614
vt 0.388891 0.574298
vn 1.1267e-07 -0.999517 -0.0310628
vt 0.367057 0.581841
vn 2.3065e-07 -0.999517 -0.0310617
vt 0.355283 0.637352
vn -6.18825e-07 0.0310622 -0.999517
vt 0.354003 0.657738
vn 6.18827e-07 0.0310622 -0.999517
vt 0.440799 0.638427
vn -1.92831e-07 0.0310623 -0.999517
vt 0.373315 0.638427
vn 1 0 0
vt 0.352491 0.65757
vn 1 0 0
vt 0.460985 0.65757
vn 1 0 0
vt 0.352491 0.549076
vn -1.34161e-08 -0.999517 -0.0310622
vt 0.400632 0.561634
vn 5.19248e-07 0.999517 0.0310618
vt 0.379628 0.580921
vn 3.4319e-07 0.0310621 -0.999517
vt 0.460112 0.657738
vn 0 -0.999517 -0.0310618
vt 0.355591 0.548954
vn 0 -0.999517 -0.0310618
vt 0.4617 0.657448
vn 0 -0.999517 -0.0310618
vt 0.4617 0.548954
vn 0 -0.999517 -0.0310618
vt 0.355591 0.657448
vn -1 0 0
vt 0.352683 0.657378
vn 0 -0.0310618 0.999517
vt 0.461654 0.548282
vn 0 -0.0310618 0.999517
vt 0.355546 0.656776
vn 0 -0.0310618 0.999517
vt 0.461654 0.656776
vn 0 -0.0310618 0.999517
vt 0.355546 0.548282
vn -2.38506e-07 0.999517 0.031062
vt 0.385466 0.582843
vn 1 0 0
vt 0.460985 0.549076
vn 0 -0.00128704 0.999999
vt 0.35081 0.48887
vn 0 -0.00128704 0.999999
vt 0.467269 0.486081
vn 0 -0.00128704 0.999999
vt 0.35081 0.486081
vn 0 -0.00128704 0.999999
vt 0.467269 0.48887
vn 1 0 0
vt 0.464602 0.499322
vn 1 0 0
vt 0.350529 0.496532
vn 1 0 0
vt 0.350529 0.499322
vn 0 -0.97235 -0.233529
vt 0.362469 0.579628
vn 0 -0.97235 -0.233529
vt 0.461458 0.658014
vn 0 -0.97235 -0.233529
vt 0.461458 0.579628
vn 0.0457042 0.972876 -0.226765
vt 0.590096 0.604667
vn -3.43543e-09 0.999034 -0.0439435
vt 0.546846 0.620181
vn 0.112933 0.922821 0.368304
vt 0.584175 0.665483
vn 1 0 0
vt 0.464602 0.496532
vn -1 0 0
vt 0.350216 0.49026
vn -1 0 0
vt 0.46429 0.49305
vn -1 0 0
vt 0.46429 0.49026
vn -1 0 0
vt 0.350216 0.49305
vn -0.0457043 0.972876 -0.226765
vt 0.503775 0.604412
vn 0 0.943175 -0.332296
vt 0.547194 0.527455
vn -0.0552222 0.9343 -0.352184
vt 0.503166 0.531909
vn 0.0552221 0.9343 -0.352184
vt 0.591576 0.531543
vn 0 0.0310647 -0.999517
vt 0.463576 0.475742
vn 0 -0.58553 -0.810651
vt 0.347146 0.478488
vn 0 -0.772528 -0.634981
vt 0.463576 0.478531
vn 0 0.0310647 -0.999517
vt 0.347148 0.475699
vn 0 -0.963468 -0.267823
vt 0.405347 0.516686
vn 0 -0.97235 -0.233529
vt 0.362469 0.658014
vn -0.112933 0.922821 0.368304
vt 0.509026 0.665831
vn 1 0 0
vt 0.414925 0.637682
vn 1 0 0
vt 0.431419 0.637682
vn 1 0 0
vt 0.414925 0.567812
vn 1.04948e-06 0.0310611 -0.999518
vt 0.440799 0.568556
vn 0 0.999517 0.031062
vt 0.386934 0.542648
vn 0 0.999517 0.031062
vt 0.454419 0.559142
vn 0 0.999517 0.031062
vt 0.454419 0.542648
vn -1 0 0
vt 0.398998 0.565675
vn -1 0 0
vt 0.382503 0.565675
vn -1 0 0
vt 0.398998 0.635545
vn 0 -0.999517 -0.031062
vt 0.382851 0.546485
vn 0 -0.999517 -0.031062
vt 0.450336 0.562978
vn 0 -0.999517 -0.031062
vt 0.450336 0.546485
vn 0 -0.999517 -0.031062
vt 0.382851 0.562978
vn 1 0 0
vt 0.431419 0.567812
vn 0 0.0310621 -0.999517
vt 0.350553 0.659001
vn 0 0.0310621 -0.999517
vt 0.418038 0.589131
vn 0 0.0310621 -0.999517
vt 0.350553 0.589131
vn 0 0.0310621 -0.999517
vt 0.418038 0.659001
vn 0 0.999517 0.031062
vt 0.386934 0.559142
vn -1 0 0
vt 0.382503 0.635545
vn 0 0 1
vt 0.0726039 0.490815
vn 0 0 1
vt 0.136955 0.490815
vn 0 0 1
vt 0.136955 0.761232
vn 0 0 1
vt 0.0726039 0.761232
vn 0 -1 0
vt 0.135134 0.644906
vn 0 -1 0
vt 0.135134 0.711691
vn 0 -1 0
vt 0.0707833 0.711691
vn 0 -1 0
vt 0.0707833 0.644906
vn -1 0 0
vt 0.20727 0.761232
vn -1 0 0
vt 0.140484 0.761232
vn -1 0 0
vt 0.140484 0.490815
vn -1 0 0
vt 0.20727 0.490815
vn 0 1 0
vt 0.1383 0.645209
vn 0 1 0
vt 0.1383 0.711995
vn 0 1 0
vt 0.0739493 0.711995
vn 0 1 0
vt 0.0739493 0.645209
vn 1 0 0
vt 0.0706641 0.490815
vn 1 0 0
vt 0.13745 0.490815
vn 1 0 0
vt 0.13745 0.761232
vn 1 0 0
vt 0.0706641 0.761232
vn 0 0 -1
vt 0.205437 0.761232
vn 0 0 -1
vt 0.141086 0.761232
vn 0 0 -1
vt 0.141086 0.490815
vn 0 0 -1
vt 0.205437 0.490815
vn 0 0 1
vt 0.246027 0.7429
vn 0 0 1
vt 0.346863 0.7429
vn 0 0 1
vt 0.346863 0.758505
vn 0 0 1
vt 0.246027 0.758505
vn 0 -1 0
vt 0.345825 0.710411
vn 0 -1 0
vt 0.345825 0.815063
vn 0 -1 0
vt 0.244989 0.815063
vn 0 -1 0
vt 0.244989 0.710411
vn -1 0 0
vt 0.347809 0.774378
vn -1 0 0
vt 0.243158 0.774378
vn -1 0 0
vt 0.243158 0.758772
vn -1 0 0
vt 0.347809 0.758772
vn 0 1 0
vt 0.345825 0.707439
vn 0 1 0
vt 0.345825 0.812091
vn 0 1 0
vt 0.244989 0.812091
vn 0 1 0
vt 0.244989 0.707439
vn 1 0 0
vt 0.242026 0.772114
vn 1 0 0
vt 0.346677 0.772114
vn 1 0 0
vt 0.346677 0.787719
vn 1 0 0
vt 0.242026 0.787719
vn 0 0 -1
vt 0.346216 0.755975
vn 0 0 -1
vt 0.24538 0.755975
vn 0 0 -1
vt 0.24538 0.74037
vn 0 0 -1
vt 0.346216 0.74037
vn 0 0 1
vt 0.246027 0.7429
vn 0 0 1
vt 0.346863 0.7429
vn 0 0 1
vt 0.346863 0.758505
vn 0 0 1
vt 0.246027 0.758505
vn 0 -1 0
vt 0.345825 0.710411
vn 0 -1 0
vt 0.345825 0.815063
vn 0 -1 0
vt 0.244989 0.815063
vn 0 -1 0
vt 0.244989 0.710411
vn -1 0 0
vt 0.347809 0.774378
vn -1 0 0
vt 0.243158 0.774378
vn -1 0 0
vt 0.243158 0.758772
vn -1 0 0
vt 0.347809 0.758772
vn 0 1 0
vt 0.345825 0.707439
vn 0 1 0
vt 0.345825 0.812091
vn 0 1 0
vt 0.244989 0.812091
vn 0 1 0
vt 0.244989 0.707439
vn 1 0 0
vt 0.242026 0.772114
vn 1 0 0
vt 0.346677 0.772114
vn 1 0 0
vt 0.346677 0.787719
vn 1 0 0
vt 0.242026 0.787719
vn 0 0 -1
vt 0.346216 0.755975
vn 0 0 -1
vt 0.24538 0.755975
vn 0 0 -1
vt 0.24538 0.74037
vn 0 0 -1
vt 0.346216 0.74037
vn 0 0 1
vt 0.246027 0.7429
vn 0 0 1
vt 0.346863 0.7429
vn 0 0 1
vt 0.346863 0.758505
vn 0 0 1
vt 0.246027 0.758505
vn 0 -1 0
vt 0.345825 0.710411
vn 0 -1 0
vt 0.345825 0.815063
vn 0 -1 0
vt 0.244989 0.815063
vn 0 -1 0
vt 0.244989 0.710411
vn -1 0 0
vt 0.347809 0.774378
vn -1 0 0
vt 0.243158 0.774378
vn -1 0 0
vt 0.243158 0.758772
vn -1 0 0
vt 0.347809 0.758772
vn 0 1 0
vt 0.345825 0.707439
vn 0 1 0
vt 0.345825 0.812091
vn 0 1 0
vt 0.244989 0.812091
vn 0 1 0
vt 0.244989 0.707439
vn 1 0 0
vt 0.242026 0.772114
vn 1 0 0
vt 0.346677 0.772114
vn 1 0 0
vt 0.346677 0.787719
vn 1 0 0
vt 0.242026 0.787719
vn 0 0 -1
vt 0.346216 0.755975
vn 0 0 -1
vt 0.24538 0.755975
vn 0 0 -1
vt 0.24538 0.74037
vn 0 0 -1
vt 0.346216 0.74037
vn 0 0 1
vt 0.246027 0.7429
vn 0 0 1
vt 0.346863 0.7429
vn 0 0 1
vt 0.346863 0.758505
vn 0 0 1
vt 0.246027 0.758505
vn 0 -1 0
vt 0.345825 0.710411
vn 0 -1 0
vt 0.345825 0.815063
vn 0 -1 0
vt 0.244989 0.815063
vn 0 -1 0
vt 0.244989 0.710411
vn -1 0 0
vt 0.347809 0.774378
vn -1 0 0
vt 0.243158 0.774378
vn -1 0 0
vt 0.243158 0.758772
vn -1 0 0
vt 0.347809 0.758772
vn 0 1 0
vt 0.345825 0.707439
vn 0 1 0
vt 0.345825 0.812091
vn 0 1 0
vt 0.244989 0.812091
vn 0 1 0
vt 0.244989 0.707439
vn 1 0 0
vt 0.242026 0.772114
vn 1 0 0
vt 0.346677 0.772114
vn 1 0 0
vt 0.346677 0.787719
vn 1 0 0
vt 0.242026 0.787719
vn 0 0 -1
vt 0.346216 0.755975
vn 0 0 -1
vt 0.24538 0.755975
vn 0 0 -1
vt 0.24538 0.74037
vn 0 0 -1
vt 0.346216 0.74037
vn 0 0 1
vt 0.246027 0.7429
vn 0 0 1
vt 0.346863 0.7429
vn 0 0 1
vt 0.346863 0.758505
vn 0 0 1
vt 0.246027 0.758505
vn 0 -0.991952 0.126611
vt 0.345825 0.710411
vn 0 -0.991952 0.126611
vt 0.345825 0.815063
vn 0 -0.991952 0.126611
vt 0.244989 0.815063
vn 0 -0.991952 0.126611
vt 0.244989 0.710411
vn -1 0 0
vt 0.347809 0.774378
vn -1 0 0
vt 0.243158 0.774378
vn -1 0 0
vt 0.243158 0.758772
vn -1 0 0
vt 0.347809 0.758772
vn 0 0.991952 -0.126611
vt 0.345825 0.707439
vn 0 0.991952 -0.126611
vt 0.345825 0.812091
vn 0 0.991952 -0.126611
vt 0.244989 0.812091
vn 0 0.991952 -0.126611
vt 0.244989 0.707439
vn 1 0 0
vt 0.242026 0.772114
vn 1 0 0
vt 0.346677 0.772114
vn 1 0 0
vt 0.346677 0.787719
vn 1 0 0
vt 0.242026 0.787719
vn 0 0 -1
vt 0.346216 0.755975
vn 0 0 -1
vt 0.24538 0.755975
vn 0 0 -1
vt 0.24538 0.74037
vn 0 0 -1
vt 0.346216 0.74037
vn 0 0 1
vt 0.246027 0.7429
vn 0 0 1
vt 0.346863 0.7429
vn 0 0 1
vt 0.346863 0.758505
vn 0 0 1
vt 0.246027 0.758505
vn 0 -1 0
vt 0.345825 0.710411
vn 0 -1 0
vt 0.345825 0.815063
vn 0 -1 0
vt 0.244989 0.815063
vn 0 -1 0
vt 0.244989 0.710411
vn -1 0 0
vt 0.347809 0.774378
vn -1 0 0
vt 0.243158 0.774378
vn -1 0 0
vt 0.243158 0.758772
vn -1 0 0
vt 0.347809 0.758772
vn 0 1 0
vt 0.345825 0.707439
vn 0 1 0
vt 0.345825 0.812091
vn 0 1 0
vt 0.244989 0.812091
vn 0 1 0
vt 0.244989 0.707439
vn 1 0 0
vt 0.242026 0.772114
vn 1 0 0
vt 0.346677 0.772114
vn 1 0 0
vt 0.346677 0.787719
vn 1 0 0
vt 0.242026 0.787719
vn 0 0 -1
vt 0.346216 0.755975
vn 0 0 -1
vt 0.24538 0.755975
vn 0 0 -1
vt 0.24538 0.74037
vn 0 0 -1
vt 0.346216 0.74037
vn 0 0 1
vt 0.246027 0.7429
vn 0 0 1
vt 0.346863 0.7429
vn 0 0 1
vt 0.346863 0.758505
vn 0 0 1
vt 0.246027 0.758505
vn 0 -1 0
vt 0.345825 0.710411
vn 0 -1 0
vt 0.345825 0.815063
vn 0 -1 0
vt 0.244989 0.815063
vn 0 -1 0
vt 0.244989 0.710411
vn -1 0 0
vt 0.347809 0.774378
vn -1 0 0
vt 0.243158 0.774378
vn -1 0 0
vt 0.243158 0.758772
vn -1 0 0
vt 0.347809 0.758772
vn 0 1 0
vt 0.345825 0.707439
vn 0 1 0
vt 0.345825 0.812091
vn 0 1 0
vt 0.244989 0.812091
vn 0 1 0
vt 0.244989 0.707439
vn 1 0 0
vt 0.242026 0.772114
vn 1 0 0
vt 0.346677 0.772114
vn 1 0 0
vt 0.346677 0.787719
vn 1 0 0
vt 0.242026 0.787719
vn 0 0 -1
vt 0.346216 0.755975
vn 0 0 -1
vt 0.24538 0.755975
vn 0 0 -1
vt 0.24538 0.74037
vn 0 0 -1
vt 0.346216 0.74037
vn 0 0 1
vt 0.246027 0.7429
vn 0 0 1
vt 0.346863 0.7429
vn 0 0 1
vt 0.346863 0.758505
vn 0 0 1
vt 0.246027 0.758505
vn 0 -1 0
vt 0.345825 0.710411
vn 0 -1 0
vt 0.345825 0.815063
vn 0 -1 0
vt 0.244989 0.815063
vn 0 -1 0
vt 0.244989 0.710411
vn -1 0 0
vt 0.347809 0.774378
vn -1 0 0
vt 0.243158 0.774378
vn -1 0 0
vt 0.243158 0.758772
vn -1 0 0
vt 0.347809 0.758772
vn 0 1 0
vt 0.345825 0.707439
vn 0 1 0
vt 0.345825 0.812091
vn 0 1 0
vt 0.244989 0.812091
vn 0 1 0
vt 0.244989 0.707439
vn 1 0 0
vt 0.242026 0.772114
vn 1 0 0
vt 0.346677 0.772114
vn 1 0 0
vt 0.346677 0.787719
vn 1 0 0
vt 0.242026 0.787719
vn 0 0 -1
vt 0.346216 0.755975
vn 0 0 -1
vt 0.24538 0.755975
vn 0 0 -1
vt 0.24538 0.74037
vn 0 0 -1
vt 0.346216 0.74037
vn 0 0 1
vt 0.246027 0.7429
vn 0 0 1
vt 0.346863 0.7429
vn 0 0 1
vt 0.346863 0.758505
vn 0 0 1
vt 0.246027 0.758505
vn 0 -1 0
vt 0.345825 0.710411
vn 0 -1 0
vt 0.345825 0.815063
vn 0 -1 0
vt 0.244989 0.815063
vn 0 -1 0
vt 0.244989 0.710411
vn -1 0 0
vt 0.347809 0.774378
vn -1 0 0
vt 0.243158 0.774378
vn -1 0 0
vt 0.243158 0.758772
vn -1 0 0
vt 0.347809 0.758772
vn 0 1 0
vt 0.345825 0.707439
vn 0 1 0
vt 0.345825 0.812091
vn 0 1 0
vt 0.244989 0.812091
vn 0 1 0
vt 0.244989 0.707439
vn 1 0 0
vt 0.242026 0.772114
vn 1 0 0
vt 0.346677 0.772114
vn 1 0 0
vt 0.346677 0.787719
vn 1 0 0
vt 0.242026 0.787719
vn 0 0 -1
vt 0.346216 0.755975
vn 0 0 -1
vt 0.24538 0.755975
vn 0 0 -1
vt 0.24538 0.74037
vn 0 0 -1
vt 0.346216 0.74037
vn 0 0 1
vt 0.246027 0.7429
vn 0 0 1
vt 0.346863 0.7429
vn 0 0 1
vt 0.346863 0.758505
vn 0 0 1
vt 0.246027 0.758505
vn 0 -1 0
vt 0.345825 0.710411
vn 0 -1 0
vt 0.345825 0.815063
vn 0 -1 0
vt 0.244989 0.815063
vn 0 -1 0
vt 0.244989 0.710411
vn -1 0 0
vt 0.347809 0.774378
vn -1 0 0
vt 0.243158 0.774378
vn -1 0 0
vt 0.243158 0.758772
vn -1 0 0
vt 0.347809 0.758772
vn 0 1 0
vt 0.345825 0.707439
vn 0 1 0
vt 0.345825 0.812091
vn 0 1 0
vt 0.244989 0.812091
vn 0 1 0
vt 0.244989 0.707439
vn 1 0 0
vt 0.242026 0.772114
vn 1 0 0
vt 0.346677 0.772114
vn 1 0 0
vt 0.346677 0.787719
vn 1 0 0
vt 0.242026 0.787719
vn 0 0 -1
vt 0.346216 0.755975
vn 0 0 -1
vt 0.24538 0.755975
vn 0 0 -1
vt 0.24538 0.74037
vn 0 0 -1
vt 0.346216 0.74037
vn 0 0 1
vt 0.246027 0.7429
vn 0 0 1
vt 0.346863 0.7429
vn 0 0 1
vt 0.346863 0.758505
vn 0 0 1
vt 0.246027 0.758505
vn 0 -1 0
vt 0.345825 0.710411
vn 0 -1 0
vt 0.345825 0.815063
vn 0 -1 0
vt 0.244989 0.815063
vn 0 -1 0
vt 0.244989 0.710411
vn -1 0 0
vt 0.347809 0.774378
vn -1 0 0
vt 0.243158 0.774378
vn -1 0 0
vt 0.243158 0.758772
vn -1 0 0
vt 0.347809 0.758772
vn 0 1 0
vt 0.345825 0.707439
vn 0 1 0
vt 0.345825 0.812091
vn 0 1 0
vt 0.244989 0.812091
vn 0 1 0
vt 0.244989 0.707439
vn 1 0 0
vt 0.242026 0.772114
vn 1 0 0
vt 0.346677 0.772114
vn 1 0 0
vt 0.346677 0.787719
vn 1 0 0
vt 0.242026 0.787719
vn 0 0 -1
vt 0.346216 0.755975
vn 0 0 -1
vt 0.24538 0.755975
vn 0 0 -1
vt 0.24538 0.74037
vn 0 0 -1
vt 0.346216 0.74037
vn 0 0 1
vt 0.246027 0.7429
vn 0 0 1
vt 0.346863 0.7429
vn 0 0 1
vt 0.346863 0.758505
vn 0 0 1
vt 0.246027 0.758505
vn 0 -1 0
vt 0.345825 0.710411
vn 0 -1 0
vt 0.345825 0.815063
vn 0 -1 0
vt 0.244989 0.815063
vn 0 -1 0
vt 0.244989 0.710411
vn -1 0 0
vt 0.347809 0.774378
vn -1 0 0
vt 0.243158 0.774378
vn -1 0 0
vt 0.243158 0.758772
vn -1 0 0
vt 0.347809 0.758772
vn 0 1 0
vt 0.345825 0.707439
vn 0 1 0
vt 0.345825 0.812091
vn 0 1 0
vt 0.244989 0.812091
vn 0 1 0
vt 0.244989 0.707439
vn 1 0 0
vt 0.242026 0.772114
vn 1 0 0
vt 0.346677 0.772114
vn 1 0 0
vt 0.346677 0.787719
vn 1 0 0
vt 0.242026 0.787719
vn 0 0 -1
vt 0.346216 0.755975
vn 0 0 -1
vt 0.24538 0.755975
vn 0 0 -1
vt 0.24538 0.74037
vn 0 0 -1
vt 0.346216 0.74037
vn 0 0 1
vt 0.246027 0.7429
vn 0 0 1
vt 0.346863 0.7429
vn 0 0 1
vt 0.346863 0.758505
vn 0 0 1
vt 0.246027 0.758505
vn 0 -1 0
vt 0.345825 0.710411
vn 0 -1 0
vt 0.345825 0.815063
vn 0 -1 0
vt 0.244989 0.815063
vn 0 -1 0
vt 0.244989 0.710411
vn -1 0 0
vt 0.347809 0.774378
vn -1 0 0
vt 0.243158 0.774378
vn -1 0 0
vt 0.243158 0.758772
vn -1 0 0
vt 0.347809 0.758772
vn 0 1 0
vt 0.345825 0.707439
vn 0 1 0
vt 0.345825 0.812091
vn 0 1 0
vt 0.244989 0.812091
vn 0 1 0
vt 0.244989 0.707439
vn 1 0 0
vt 0.242026 0.772114
vn 1 0 0
vt 0.346677 0.772114
vn 1 0 0
vt 0.346677 0.787719
vn 1 0 0
vt 0.242026 0.787719
vn 0 0 -1
vt 0.346216 0.755975
vn 0 0 -1
vt 0.24538 0.755975
vn 0 0 -1
vt 0.24538 0.74037
vn 0 0 -1
vt 0.346216 0.74037
vn 0 0 1
vt 0.246027 0.7429
vn 0 0 1
vt 0.346863 0.7429
vn 0 0 1
vt 0.346863 0.758505
vn 0 0 1
vt 0.246027 0.758505
vn 0 -1 0
vt 0.345825 0.710411
vn 0 -1 0
vt 0.345825 0.815063
vn 0 -1 0
vt 0.244989 0.815063
vn 0 -1 0
vt 0.244989 0.710411
vn -1 0 0
vt 0.347809 0.774378
vn -1 0 0
vt 0.243158 0.774378
vn -1 0 0
vt 0.243158 0.758772
vn -1 0 0
vt 0.347809 0.758772
vn 0 1 0
vt 0.345825 0.707439
vn 0 1 0
vt 0.345825 0.812091
vn 0 1 0
vt 0.244989 0.812091
vn 0 1 0
vt 0.244989 0.707439
vn 1 0 0
vt 0.242026 0.772114
vn 1 0 0
vt 0.346677 0.772114
vn 1 0 0
vt 0.346677 0.787719
vn 1 0 0
vt 0.242026 0.787719
vn 0 0 -1
vt 0.346216 0.755975
vn 0 0 -1
vt 0.24538 0.755975
vn 0 0 -1
vt 0.24538 0.74037
vn 0 0 -1
vt 0.346216 0.74037
vn 0 0 1
vt 0.246027 0.7429
vn 0 0 1
vt 0.346863 0.7429
vn 0 0 1
vt 0.346863 0.758505
vn 0 0 1
vt 0.246027 0.758505
vn 0 -1 0
vt 0.345825 0.710411
vn 0 -1 0
vt 0.345825 0.815063
vn 0 -1 0
vt 0.244989 0.815063
vn 0 -1 0
vt 0.244989 0.710411
vn -1 0 0
vt 0.347809 0.774378
vn -1 0 0
vt 0.243158 0.774378
vn -1 0 0
vt 0.243158 0.758772
vn -1 0 0
vt 0.347809 0.758772
vn 0 1 0
vt 0.345825 0.707439
vn 0 1 0
vt 0.345825 0.812091
vn 0 1 0
vt 0.244989 0.812091
vn 0 1 0
vt 0.244989 0.707439
vn 1 0 0
vt 0.242026 0.772114
vn 1 0 0
vt 0.346677 0.772114
vn 1 0 0
vt 0.346677 0.787719
vn 1 0 0
vt 0.242026 0.787719
vn 0 0 -1
vt 0.346216 0.755975
vn 0 0 -1
vt 0.24538 0.755975
vn 0 0 -1
vt 0.24538 0.74037
vn 0 0 -1
vt 0.346216 0.74037
vn 0 0 1
vt 0.246027 0.7429
vn 0 0 1
vt 0.346863 0.7429
vn 0 0 1
vt 0.346863 0.758505
vn 0 0 1
vt 0.246027 0.758505
vn 0 -1 0
vt 0.345825 0.710411
vn 0 -1 0
vt 0.345825 0.815063
vn 0 -1 0
vt 0.244989 0.815063
vn 0 -1 0
vt 0.244989 0.710411
vn -1 0 0
vt 0.347809 0.774378
vn -1 0 0
vt 0.243158 0.774378
vn -1 0 0
vt 0.243158 0.758772
vn -1 0 0
vt 0.347809 0.758772
vn 0 1 0
vt 0.345825 0.707439
vn 0 1 0
vt 0.345825 0.812091
vn 0 1 0
vt 0.244989 0.812091
vn 0 1 0
vt 0.244989 0.707439
vn 1 0 0
vt 0.242026 0.772114
vn 1 0 0
vt 0.346677 0.772114
vn 1 0 0
vt 0.346677 0.787719
vn 1 0 0
vt 0.242026 0.787719
vn 0 0 -1
vt 0.346216 0.755975
vn 0 0 -1
vt 0.24538 0.755975
vn 0 0 -1
vt 0.24538 0.74037
vn 0 0 -1
vt 0.346216 0.74037
vn 0 0 1
vt 0.246027 0.7429
vn 0 0 1
vt 0.346863 0.7429
vn 0 0 1
vt 0.346863 0.758505
vn 0 0 1
vt 0.246027 0.758505
vn 0 -1 0
vt 0.345825 0.710411
vn 0 -1 0
vt 0.345825 0.815063
vn 0 -1 0
vt 0.244989 0.815063
vn 0 -1 0
vt 0.244989 0.710411
vn -1 0 0
vt 0.347809 0.774378
vn -1 0 0
vt 0.243158 0.774378
vn -1 0 0
vt 0.243158 0.758772
vn -1 0 0
vt 0.347809 0.758772
vn 0 1 0
vt 0.345825 0.707439
vn 0 1 0
vt 0.345825 0.812091
vn 0 1 0
vt 0.244989 0.812091
vn 0 1 0
vt 0.244989 0.707439
vn 1 0 0
vt 0.242026 0.772114
vn 1 0 0
vt 0.346677 0.772114
vn 1 0 0
vt 0.346677 0.787719
vn 1 0 0
vt 0.242026 0.787719
vn 0 0 -1
vt 0.346216 0.755975
vn 0 0 -1
vt 0.24538 0.755975
vn 0 0 -1
vt 0.24538 0.74037
vn 0 0 -1
vt 0.346216 0.74037
vn 0 0 1
vt 0.246027 0.7429
vn 0 0 1
vt 0.346863 0.7429
vn 0 0 1
vt 0.346863 0.758505
vn 0 0 1
vt 0.246027 0.758505
vn 0 -1 0
vt 0.345825 0.710411
vn 0 -1 0
vt 0.345825 0.815063
vn 0 -1 0
vt 0.244989 0.815063
vn 0 -1 0
vt 0.244989 0.710411
vn -1 0 0
vt 0.347809 0.774378
vn -1 0 0
vt 0.243158 0.774378
vn -1 0 0
vt 0.243158 0.758772
vn -1 0 0
vt 0.347809 0.758772
vn 0 1 0
vt 0.345825 0.707439
vn 0 1 0
vt 0.345825 0.812091
vn 0 1 0
vt 0.244989 0.812091
vn 0 1 0
vt 0.244989 0.707439
vn 1 0 0
vt 0.242026 0.772114
vn 1 0 0
vt 0.346677 0.772114
vn 1 0 0
vt 0.346677 0.787719
vn 1 0 0
vt 0.242026 0.787719
vn 0 0 -1
vt 0.346216 0.755975
vn 0 0 -1
vt 0.24538 0.755975
vn 0 0 -1
vt 0.24538 0.74037
vn 0 0 -1
vt 0.346216 0.74037
vn 0 0 1
vt 0.246027 0.7429
vn 0 0 1
vt 0.346863 0.7429
vn 0 0 1
vt 0.346863 0.758505
vn 0 0 1
vt 0.246027 0.758505
vn 0 -1 0
vt 0.345825 0.710411
vn 0 -1 0
vt 0.345825 0.815063
vn 0 -1 0
vt 0.244989 0.815063
vn 0 -1 0
vt 0.244989 0.710411
vn -1 0 0
vt 0.347809 0.774378
vn -1 0 0
vt 0.243158 0.774378
vn -1 0 0
vt 0.243158 0.758772
vn -1 0 0
vt 0.347809 0.758772
vn 0 1 0
vt 0.345825 0.707439
vn 0 1 0
vt 0.345825 0.812091
vn 0 1 0
vt 0.244989 0.812091
vn 0 1 0
vt 0.244989 0.707439
vn 1 0 0
vt 0.242026 0.772114
vn 1 0 0
vt 0.346677 0.772114
vn 1 0 0
vt 0.346677 0.787719
vn 1 0 0
vt 0.242026 0.787719
vn 0 0 -1
vt 0.346216 0.755975
vn 0 0 -1
vt 0.24538 0.755975
vn 0 0 -1
vt 0.24538 0.74037
vn 0 0 -1
vt 0.346216 0.74037
vn 0 0 1
vt 0.246027 0.7429
vn 0 0 1
vt 0.346863 0.7429
vn 0 0 1
vt 0.346863 0.758505
vn 0 0 1
vt 0.246027 0.758505
vn 0 -1 0
vt 0.345825 0.710411
vn 0 -1 0
vt 0.345825 0.815063
vn 0 -1 0
vt 0.244989 0.815063
vn 0 -1 0
vt 0.244989 0.710411
vn -1 0 0
vt 0.347809 0.774378
vn -1 0 0
vt 0.243158 0.774378
vn -1 0 0
vt 0.243158 0.758772
vn -1 0 0
vt 0.347809 0.758772
vn 0 1 0
vt 0.345825 0.707439
vn 0 1 0
vt 0.345825 0.812091
vn 0 1 0
vt 0.244989 0.812091
vn 0 1 0
vt 0.244989 0.707439
vn 1 0 0
vt 0.242026 0.772114
vn 1 0 0
vt 0.346677 0.772114
vn 1 0 0
vt 0.346677 0.787719
vn 1 0 0
vt 0.242026 0.787719
vn 0 0 -1
vt 0.346216 0.755975
vn 0 0 -1
vt 0.24538 0.755975
vn 0 0 -1
vt 0.24538 0.74037
vn 0 0 -1
vt 0.346216 0.74037
vn 0 0 1
vt 0.246027 0.7429
vn 0 0 1
vt 0.346863 0.7429
vn 0 0 1
vt 0.346863 0.758505
vn 0 0 1
vt 0.246027 0.758505
vn 0 -0.991952 0.126611
vt 0.345825 0.710411
vn 0 -0.991952 0.126611
vt 0.345825 0.815063
vn 0 -0.991952 0.126611
vt 0.244989 0.815063
vn 0 -0.991952 0.126611
vt 0.244989 0.710411
vn -1 0 0
vt 0.347809 0.774378
vn -1 0 0
vt 0.243158 0.774378
vn -1 0 0
vt 0.243158 0.758772
vn -1 0 0
vt 0.347809 0.758772
vn 0 0.991952 -0.126611
vt 0.345825 0.707439
vn 0 0.991952 -0.126611
vt 0.345825 0.812091
vn 0 0.991952 -0.126611
vt 0.244989 0.812091
vn 0 0.991952 -0.126611
vt 0.244989 0.707439
vn 1 0 0
vt 0.242026 0.772114
vn 1 0 0
vt 0.346677 0.772114
vn 1 0 0
vt 0.346677 0.787719
vn 1 0 0
vt 0.242026 0.787719
vn 0 0 -1
vt 0.346216 0.755975
vn 0 0 -1
vt 0.24538 0.755975
vn 0 0 -1
vt 0.24538 0.74037
vn 0 0 -1
vt 0.346216 0.74037
vn 0 0 1
vt 0.246027 0.7429
vn 0 0 1
vt 0.346863 0.7429
vn 0 0 1
vt 0.346863 0.758505
vn 0 0 1
vt 0.246027 0.758505
vn 0 -1 0
vt 0.345825 0.710411
vn 0 -1 0
vt 0.345825 0.815063
vn 0 -1 0
vt 0.244989 0.815063
vn 0 -1 0
vt 0.244989 0.710411
vn -1 0 0
vt 0.347809 0.774378
vn -1 0 0
vt 0.243158 0.774378
vn -1 0 0
vt 0.243158 0.758772
vn -1 0 0
vt 0.347809 0.758772
vn 0 1 0
vt 0.345825 0.707439
vn 0 1 0
vt 0.345825 0.812091
vn 0 1 0
vt 0.244989 0.812091
vn 0 1 0
vt 0.244989 0.707439
vn 1 0 0
vt 0.242026 0.772114
vn 1 0 0
vt 0.346677 0.772114
vn 1 0 0
vt 0.346677 0.787719
vn 1 0 0
vt 0.242026 0.787719
vn 0 0 -1
vt 0.346216 0.755975
vn 0 0 -1
vt 0.24538 0.755975
vn 0 0 -1
vt 0.24538 0.74037
vn 0 0 -1
vt 0.346216 0.74037
vn 0 0 1
vt 0.246027 0.7429
vn 0 0 1
vt 0.346863 0.7429
vn 0 0 1
vt 0.346863 0.758505
vn 0 0 1
vt 0.246027 0.758505
vn 0 -1 0
vt 0.345825 0.710411
vn 0 -1 0
vt 0.345825 0.815063
vn 0 -1 0
vt 0.244989 0.815063
vn 0 -1 0
vt 0.244989 0.710411
vn -1 0 0
vt 0.347809 0.774378
vn -1 0 0
vt 0.243158 0.774378
vn -1 0 0
vt 0.243158 0.758772
vn -1 0 0
vt 0.347809 0.758772
vn 0 1 0
vt 0.345825 0.707439
vn 0 1 0
vt 0.345825 0.812091
vn 0 1 0
vt 0.244989 0.812091
vn 0 1 0
vt 0.244989 0.707439
vn 1 0 0
vt 0.242026 0.772114
vn 1 0 0
vt 0.346677 0.772114
vn 1 0 0
vt 0.346677 0.787719
vn 1 0 0
vt 0.242026 0.787719
vn 0 0 -1
vt 0.346216 0.755975
vn 0 0 -1
vt 0.24538 0.755975
vn 0 0 -1
vt 0.24538 0.74037
vn 0 0 -1
vt 0.346216 0.74037
vn 0 0 1
vt 0.246027 0.7429
vn 0 0 1
vt 0.346863 0.7429
vn 0 0 1
vt 0.346863 0.758505
vn 0 0 1
vt 0.246027 0.758505
vn 0 -1 0
vt 0.345825 0.710411
vn 0 -1 0
vt 0.345825 0.815063
vn 0 -1 0
vt 0.244989 0.815063
vn 0 -1 0
vt 0.244989 0.710411
vn -1 0 0
vt 0.347809 0.774378
vn -1 0 0
vt 0.243158 0.774378
vn -1 0 0
vt 0.243158 0.758772
vn -1 0 0
vt 0.347809 0.758772
vn 0 1 0
vt 0.345825 0.707439
vn 0 1 0
vt 0.345825 0.812091
vn 0 1 0
vt 0.244989 0.812091
vn 0 1 0
vt 0.244989 0.707439
vn 1 0 0
vt 0.242026 0.772114
vn 1 0 0
vt 0.346677 0.772114
vn 1 0 0
vt 0.346677 0.787719
vn 1 0 0
vt 0.242026 0.787719
vn 0 0 -1
vt 0.346216 0.755975
vn 0 0 -1
vt 0.24538 0.755975
vn 0 0 -1
vt 0.24538 0.74037
vn 0 0 -1
vt 0.346216 0.74037
vn 0 0 1
vt 0.246027 0.7429
vn 0 0 1
vt 0.346863 0.7429
vn 0 0 1
vt 0.346863 0.758505
vn 0 0 1
vt 0.246027 0.758505
vn 0 -1 0
vt 0.345825 0.710411
vn 0 -1 0
vt 0.345825 0.815063
vn 0 -1 0
vt 0.244989 0.815063
vn 0 -1 0
vt 0.244989 0.710411
vn -1 0 0
vt 0.347809 0.774378
vn -1 0 0
vt 0.243158 0.774378
vn -1 0 0
vt 0.243158 0.758772
vn -1 0 0
vt 0.347809 0.758772
vn 0 1 0
vt 0.345825 0.707439
vn 0 1 0
vt 0.345825 0.812091
vn 0 1 0
vt 0.244989 0.812091
vn 0 1 0
vt 0.244989 0.707439
vn 1 0 0
vt 0.242026 0.772114
vn 1 0 0
vt 0.346677 0.772114
vn 1 0 0
vt 0.346677 0.787719
vn 1 0 0
vt 0.242026 0.787719
vn 0 0 -1
vt 0.346216 0.755975
vn 0 0 -1
vt 0.24538 0.755975
vn 0 0 -1
vt 0.24538 0.74037
vn 0 0 -1
vt 0.346216 0.74037
vn 0 0 1
vt 0.246027 0.7429
vn 0 0 1
vt 0.346863 0.7429
vn 0 0 1
vt 0.346863 0.758505
vn 0 0 1
vt 0.246027 0.758505
vn 0 -1 0
vt 0.345825 0.710411
vn 0 -1 0
vt 0.345825 0.815063
vn 0 -1 0
vt 0.244989 0.815063
vn 0 -1 0
vt 0.244989 0.710411
vn -1 0 0
vt 0.347809 0.774378
vn -1 0 0
vt 0.243158 0.774378
vn -1 0 0
vt 0.243158 0.758772
vn -1 0 0
vt 0.347809 0.758772
vn 0 1 0
vt 0.345825 0.707439
vn 0 1 0
vt 0.345825 0.812091
vn 0 1 0
vt 0.244989 0.812091
vn 0 1 0
vt 0.244989 0.707439
vn 1 0 0
vt 0.242026 0.772114
vn 1 0 0
vt 0.346677 0.772114
vn 1 0 0
vt 0.346677 0.787719
vn 1 0 0
vt 0.242026 0.787719
vn 0 0 -1
vt 0.346216 0.755975
vn 0 0 -1
vt 0.24538 0.755975
vn 0 0 -1
vt 0.24538 0.74037
vn 0 0 -1
vt 0.346216 0.74037
vn 0 0 1
vt 0.246027 0.7429
vn 0 0 1
vt 0.346863 0.7429
vn 0 0 1
vt 0.346863 0.758505
vn 0 0 1
vt 0.246027 0.758505
vn 0 -1 0
vt 0.345825 0.710411
vn 0 -1 0
vt 0.345825 0.815063
vn 0 -1 0
vt 0.244989 0.815063
vn 0 -1 0
vt 0.244989 0.710411
vn -1 0 0
vt 0.347809 0.774378
vn -1 0 0
vt 0.243158 0.774378
vn -1 0 0
vt 0.243158 0.758772
vn -1 0 0
vt 0.347809 0.758772
vn 0 1 0
vt 0.345825 0.707439
vn 0 1 0
vt 0.345825 0.812091
vn 0 1 0
vt 0.244989 0.812091
vn 0 1 0
vt 0.244989 0.707439
vn 1 0 0
vt 0.242026 0.772114
vn 1 0 0
vt 0.346677 0.772114
vn 1 0 0
vt 0.346677 0.787719
vn 1 0 0
vt 0.242026 0.787719
vn 0 0 -1
vt 0.346216 0.755975
vn 0 0 -1
vt 0.24538 0.755975
vn 0 0 -1
vt 0.24538 0.74037
vn 0 0 -1
vt 0.346216 0.74037
vn 0 0 1
vt 0.246027 0.7429
vn 0 0 1
vt 0.346863 0.7429
vn 0 0 1
vt 0.346863 0.758505
vn 0 0 1
vt 0.246027 0.758505
vn 0 -1 0
vt 0.345825 0.710411
vn 0 -1 0
vt 0.345825 0.815063
vn 0 -1 0
vt 0.244989 0.815063
vn 0 -1 0
vt 0.244989 0.710411
vn -1 0 0
vt 0.347809 0.774378
vn -1 0 0
vt 0.243158 0.774378
vn -1 0 0
vt 0.243158 0.758772
vn -1 0 0
vt 0.347809 0.758772
vn 0 1 0
vt 0.345825 0.707439
vn 0 1 0
vt 0.345825 0.812091
vn 0 1 0
vt 0.244989 0.812091
vn 0 1 0
vt 0.244989 0.707439
vn 1 0 0
vt 0.242026 0.772114
vn 1 0 0
vt 0.346677 0.772114
vn 1 0 0
vt 0.346677 0.787719
vn 1 0 0
vt 0.242026 0.787719
vn 0 0 -1
vt 0.346216 0.755975
vn 0 0 -1
vt 0.24538 0.755975
vn 0 0 -1
vt 0.24538 0.74037
vn 0 0 -1
vt 0.346216 0.74037
vn 0 0 1
vt 0.246027 0.7429
vn 0 0 1
vt 0.346863 0.7429
vn 0 0 1
vt 0.346863 0.758505
vn 0 0 1
vt 0.246027 0.758505
vn 0 -1 0
vt 0.345825 0.710411
vn 0 -1 0
vt 0.345825 0.815063
vn 0 -1 0
vt 0.244989 0.815063
vn 0 -1 0
vt 0.244989 0.710411
vn -1 0 0
vt 0.347809 0.774378
vn -1 0 0
vt 0.243158 0.774378
vn -1 0 0
vt 0.243158 0.758772
vn -1 0 0
vt 0.347809 0.758772
vn 0 1 0
vt 0.345825 0.707439
vn 0 1 0
vt 0.345825 0.812091
vn 0 1 0
vt 0.244989 0.812091
vn 0 1 0
vt 0.244989 0.707439
vn 1 0 0
vt 0.242026 0.772114
vn 1 0 0
vt 0.346677 0.772114
vn 1 0 0
vt 0.346677 0.787719
vn 1 0 0
vt 0.242026 0.787719
vn 0 0 -1
vt 0.346216 0.755975
vn 0 0 -1
vt 0.24538 0.755975
vn 0 0 -1
vt 0.24538 0.74037
vn 0 0 -1
vt 0.346216 0.74037
vn 0 0 1
vt 0.246027 0.7429
vn 0 0 1
vt 0.346863 0.7429
vn 0 0 1
vt 0.346863 0.758505
vn 0 0 1
vt 0.246027 0.758505
vn 0 -1 0
vt 0.345825 0.710411
vn 0 -1 0
vt 0.345825 0.815063
vn 0 -1 0
vt 0.244989 0.815063
vn 0 -1 0
vt 0.244989 0.710411
vn -1 0 0
vt 0.347809 0.774378
vn -1 0 0
vt 0.243158 0.774378
vn -1 0 0
vt 0.243158 0.758772
vn -1 0 0
vt 0.347809 0.758772
vn 0 1 0
vt 0.345825 0.707439
vn 0 1 0
vt 0.345825 0.812091
vn 0 1 0
vt 0.244989 0.812091
vn 0 1 0
vt 0.244989 0.707439
vn 1 0 0
vt 0.242026 0.772114
vn 1 0 0
vt 0.346677 0.772114
vn 1 0 0
vt 0.346677 0.787719
vn 1 0 0
vt 0.242026 0.787719
vn 0 0 -1
vt 0.346216 0.755975
vn 0 0 -1
vt 0.24538 0.755975
vn 0 0 -1
vt 0.24538 0.74037
vn 0 0 -1
vt 0.346216 0.74037
vn 0 0 1
vt 0.246027 0.7429
vn 0 0 1
vt 0.346863 0.7429
vn 0 0 1
vt 0.346863 0.758505
vn 0 0 1
vt 0.246027 0.758505
vn 0 -1 0
vt 0.345825 0.710411
vn 0 -1 0
vt 0.345825 0.815063
vn 0 -1 0
vt 0.244989 0.815063
vn 0 -1 0
vt 0.244989 0.710411
vn -1 0 0
vt 0.347809 0.774378
vn -1 0 0
vt 0.243158 0.774378
vn -1 0 0
vt 0.243158 0.758772
vn -1 0 0
vt 0.347809 0.758772
vn 0 1 0
vt 0.345825 0.707439
vn 0 1 0
vt 0.345825 0.812091
vn 0 1 0
vt 0.244989 0.812091
vn 0 1 0
vt 0.244989 0.707439
vn 1 0 0
vt 0.242026 0.772114
vn 1 0 0
vt 0.346677 0.772114
vn 1 0 0
vt 0.346677 0.787719
vn 1 0 0
vt 0.242026 0.787719
vn 0 0 -1
vt 0.346216 0.755975
vn 0 0 -1
vt 0.24538 0.755975
vn 0 0 -1
vt 0.24538 0.74037
vn 0 0 -1
vt 0.346216 0.74037
vn 0 0 1
vt 0.246027 0.7429
vn 0 0 1
vt 0.346863 0.7429
vn 0 0 1
vt 0.346863 0.758505
vn 0 0 1
vt 0.246027 0.758505
vn 0 -1 0
vt 0.345825 0.710411
vn 0 -1 0
vt 0.345825 0.815063
vn 0 -1 0
vt 0.244989 0.815063
vn 0 -1 0
vt 0.244989 0.710411
vn -1 0 0
vt 0.347809 0.774378
vn -1 0 0
vt 0.243158 0.774378
vn -1 0 0
vt 0.243158 0.758772
vn -1 0 0
vt 0.347809 0.758772
vn 0 1 0
vt 0.345825 0.707439
vn 0 1 0
vt 0.345825 0.812091
vn 0 1 0
vt 0.244989 0.812091
vn 0 1 0
vt 0.244989 0.707439
vn 1 0 0
vt 0.242026 0.772114
vn 1 0 0
vt 0.346677 0.772114
vn 1 0 0
vt 0.346677 0.787719
vn 1 0 0
vt 0.242026 0.787719
vn 0 0 -1
vt 0.346216 0.755975
vn 0 0 -1
vt 0.24538 0.755975
vn 0 0 -1
vt 0.24538 0.74037
vn 0 0 -1
vt 0.346216 0.74037
vn 0 0 1
vt 0.246027 0.7429
vn 0 0 1
vt 0.346863 0.7429
vn 0 0 1
vt 0.346863 0.758505
vn 0 0 1
vt 0.246027 0.758505
vn 0 -1 0
vt 0.345825 0.710411
vn 0 -1 0
vt 0.345825 0.815063
vn 0 -1 0
vt 0.244989 0.815063
vn 0 -1 0
vt 0.244989 0.710411
vn -1 0 0
vt 0.347809 0.774378
vn -1 0 0
vt 0.243158 0.774378
vn -1 0 0
vt 0.243158 0.758772
vn -1 0 0
vt 0.347809 0.758772
vn 0 1 0
vt 0.345825 0.707439
vn 0 1 0
vt 0.345825 0.812091
vn 0 1 0
vt 0.244989 0.812091
vn 0 1 0
vt 0.244989 0.707439
vn 1 0 0
vt 0.242026 0.772114
vn 1 0 0
vt 0.346677 0.772114
vn 1 0 0
vt 0.346677 0.787719
vn 1 0 0
vt 0.242026 0.787719
vn 0 0 -1
vt 0.346216 0.755975
vn 0 0 -1
vt 0.24538 0.755975
vn 0 0 -1
vt 0.24538 0.74037
vn 0 0 -1
vt 0.346216 0.74037
vn 0 0 1
vt 0.246027 0.7429
vn 0 0 1
vt 0.346863 0.7429
vn 0 0 1
vt 0.346863 0.758505
vn 0 0 1
vt 0.246027 0.758505
vn 0 -1 0
vt 0.345825 0.710411
vn 0 -1 0
vt 0.345825 0.815063
vn 0 -1 0
vt 0.244989 0.815063
vn 0 -1 0
vt 0.244989 0.710411
vn -1 0 0
vt 0.347809 0.774378
vn -1 0 0
vt 0.243158 0.774378
vn -1 0 0
vt 0.243158 0.758772
vn -1 0 0
vt 0.347809 0.758772
vn 0 1 0
vt 0.345825 0.707439
vn 0 1 0
vt 0.345825 0.812091
vn 0 1 0
vt 0.244989 0.812091
vn 0 1 0
vt 0.244989 0.707439
vn 1 0 0
vt 0.242026 0.772114
vn 1 0 0
vt 0.346677 0.772114
vn 1 0 0
vt 0.346677 0.787719
vn 1 0 0
vt 0.242026 0.787719
vn 0 0 -1
vt 0.346216 0.755975
vn 0 0 -1
vt 0.24538 0.755975
vn 0 0 -1
vt 0.24538 0.74037
vn 0 0 -1
vt 0.346216 0.74037
vn 0 0 1
vt 0.0726039 0.490815
vn 0 0 1
vt 0.136955 0.490815
vn 0 0 1
vt 0.136955 0.761232
vn 0 0 1
vt 0.0726039 0.761232
vn 0 -1 0
vt 0.135134 0.644906
vn 0 -1 0
vt 0.135134 0.711691
vn 0 -1 0
vt 0.0707833 0.711691
vn 0 -1 0
vt 0.0707833 0.644906
vn -1 0 0
vt 0.20727 0.761232
vn -1 0 0
vt 0.140484 0.761232
vn -1 0 0
vt 0.140484 0.490815
vn -1 0 0
vt 0.20727 0.490815
vn 0 1 0
vt 0.1383 0.645209
vn 0 1 0
vt 0.1383 0.711995
vn 0 1 0
vt 0.0739493 0.711995
vn 0 1 0
vt 0.0739493 0.645209
vn 1 0 0
vt 0.0706641 0.490815
vn 1 0 0
vt 0.13745 0.490815
vn 1 0 0
vt 0.13745 0.761232
vn 1 0 0
vt 0.0706641 0.761232
vn 0 0 -1
vt 0.205437 0.761232
vn 0 0 -1
vt 0.141086 0.761232
vn 0 0 -1
vt 0.141086 0.490815
vn 0 0 -1
vt 0.205437 0.490815
vn 0 0 1
vt 0.246027 0.7429
vn 0 0 1
vt 0.346863 0.7429
vn 0 0 1
vt 0.346863 0.758505
vn 0 0 1
vt 0.246027 0.758505
vn 0 -1 0
vt 0.345825 0.710411
vn 0 -1 0
vt 0.345825 0.815063
vn 0 -1 0
vt 0.244989 0.815063
vn 0 -1 0
vt 0.244989 0.710411
vn -1 0 0
vt 0.347809 0.774378
vn -1 0 0
vt 0.243158 0.774378
vn -1 0 0
vt 0.243158 0.758772
vn -1 0 0
vt 0.347809 0.758772
vn 0 1 0
vt 0.345825 0.707439
vn 0 1 0
vt 0.345825 0.812091
vn 0 1 0
vt 0.244989 0.812091
vn 0 1 0
vt 0.244989 0.707439
vn 1 0 0
vt 0.242026 0.772114
vn 1 0 0
vt 0.346677 0.772114
vn 1 0 0
vt 0.346677 0.787719
vn 1 0 0
vt 0.242026 0.787719
vn 0 0 -1
vt 0.346216 0.755975
vn 0 0 -1
vt 0.24538 0.755975
vn 0 0 -1
vt 0.24538 0.74037
vn 0 0 -1
vt 0.346216 0.74037
vn 0 0 1
vt 0.0726039 0.490815
vn 0 0 1
vt 0.136955 0.490815
vn 0 0 1
vt 0.136955 0.761232
vn 0 0 1
vt 0.0726039 0.761232
vn 0 -1 0
vt 0.135134 0.644906
vn 0 -1 0
vt 0.135134 0.711691
vn 0 -1 0
vt 0.0707833 0.711691
vn 0 -1 0
vt 0.0707833 0.644906
vn -1 0 0
vt 0.20727 0.761232
vn -1 0 0
vt 0.140484 0.761232
vn -1 0 0
vt 0.140484 0.490815
vn -1 0 0
vt 0.20727 0.490815
vn 0 1 0
vt 0.1383 0.645209
vn 0 1 0
vt 0.1383 0.711995
vn 0 1 0
vt 0.0739493 0.711995
vn 0 1 0
vt 0.0739493 0.645209
vn 1 0 0
vt 0.0706641 0.490815
vn 1 0 0
vt 0.13745 0.490815
vn 1 0 0
vt 0.13745 0.761232
vn 1 0 0
vt 0.0706641 0.761232
vn 0 0 -1
vt 0.205437 0.761232
vn 0 0 -1
vt 0.141086 0.761232
vn 0 0 -1
vt 0.141086 0.490815
vn 0 0 -1
vt 0.205437 0.490815
vn 0 0 1
vt 0.246027 0.7429
vn 0 0 1
vt 0.346863 0.7429
vn 0 0 1
vt 0.346863 0.758505
vn 0 0 1
vt 0.246027 0.758505
vn 0 -1 0
vt 0.345825 0.710411
vn 0 -1 0
vt 0.345825 0.815063
vn 0 -1 0
vt 0.244989 0.815063
vn 0 -1 0
vt 0.244989 0.710411
vn -1 0 0
vt 0.347809 0.774378
vn -1 0 0
vt 0.243158 0.774378
vn -1 0 0
vt 0.243158 0.758772
vn -1 0 0
vt 0.347809 0.758772
vn 0 1 0
vt 0.345825 0.707439
vn 0 1 0
vt 0.345825 0.812091
vn 0 1 0
vt 0.244989 0.812091
vn 0 1 0
vt 0.244989 0.707439
vn 1 0 0
vt 0.242026 0.772114
vn 1 0 0
vt 0.346677 0.772114
vn 1 0 0
vt 0.346677 0.787719
vn 1 0 0
vt 0.242026 0.787719
vn 0 0 -1
vt 0.346216 0.755975
vn 0 0 -1
vt 0.24538 0.755975
vn 0 0 -1
vt 0.24538 0.74037
vn 0 0 -1
vt 0.346216 0.74037
vn 0 0 1
vt 0.118696 0.787492
vn 0 0 1
vt 0.121827 0.787492
vn 0 0 1
vt 0.121827 0.965019
vn 0 0 1
vt 0.118696 0.965019
vn 0 -1 0
vt 0.147792 0.797642
vn 0 -1 0
vt 0.147792 0.922971
vn 0 -1 0
vt 0.119675 0.922971
vn 0 -1 0
vt 0.119675 0.797642
vn -1 0 0
vt 0.136791 0.965019
vn -1 0 0
vt 0.122834 0.965019
vn -1 0 0
vt 0.122834 0.787492
vn -1 0 0
vt 0.136791 0.787492
vn 0 1 0
vt 0.147792 0.805073
vn 0 1 0
vt 0.147792 0.930403
vn 0 1 0
vt 0.119675 0.930403
vn 0 1 0
vt 0.119675 0.805073
vn 1 0 0
vt 0.137698 0.787492
vn 1 0 0
vt 0.151655 0.787492
vn 1 0 0
vt 0.151655 0.965019
vn 1 0 0
vt 0.137698 0.965019
vn 0 0 -1
vt 0.125162 0.965019
vn 0 0 -1
vt 0.122031 0.965019
vn 0 0 -1
vt 0.122031 0.787492
vn 0 0 -1
vt 0.125162 0.787492
vn 0 0 1
vt 0.120363 0.787492
vn 0 0 1
vt 0.123494 0.787492
vn 0 0 1
vt 0.123494 0.965019
vn 0 0 1
vt 0.120363 0.965019
vn 0 -1 0
vt 0.141742 0.900568
vn 0 -1 0
vt 0.141742 0.903924
vn 0 -1 0
vt 0.138707 0.903924
vn 0 -1 0
vt 0.138707 0.900568
vn -1 0 0
vt 0.104348 0.965019
vn -1 0 0
vt 0.100885 0.965019
vn -1 0 0
vt 0.100885 0.787492
vn -1 0 0
vt 0.104348 0.787492
vn 0 1 0
vt 0.145076 0.900568
vn 0 1 0
vt 0.145076 0.903924
vn 0 1 0
vt 0.142042 0.903924
vn 0 1 0
vt 0.142042 0.900568
vn 1 0 0
vt 0.106417 0.787492
vn 1 0 0
vt 0.10988 0.787492
vn 1 0 0
vt 0.10988 0.965019
vn 1 0 0
vt 0.106417 0.965019
vn 0 0 -1
vt 0.126829 0.965019
vn 0 0 -1
vt 0.123698 0.965019
vn 0 0 -1
vt 0.123698 0.787492
vn 0 0 -1
vt 0.126829 0.787492
vn 0 0 1
vt 0.0747352 0.850872
vn 0 0 1
vt 0.195885 0.850872
vn 0 0 1
vt 0.195885 0.856194
vn 0 0 1
vt 0.0747352 0.856194
vn 0 -1 0
vt 0.202035 0.823717
vn 0 -1 0
vt 0.202035 0.843848
vn 0 -1 0
vt 0.0816074 0.843848
vn 0 -1 0
vt 0.0816074 0.823717
vn -1 0 0
vt 0.124984 0.904311
vn -1 0 0
vt 0.104853 0.904311
vn -1 0 0
vt 0.104853 0.898988
vn -1 0 0
vt 0.124984 0.898988
vn 0 1 0
vt 0.19064 0.823717
vn 0 1 0
vt 0.19064 0.843848
vn 0 1 0
vt 0.0702125 0.843848
vn 0 1 0
vt 0.0702125 0.823717
vn 1 0 0
vt 0.0968022 0.898988
vn 1 0 0
vt 0.116933 0.898988
vn 1 0 0
vt 0.116933 0.904311
vn 1 0 0
vt 0.0968022 0.904311
vn 0 0 -1
vt 0.20445 0.850213
vn 0 0 -1
vt 0.0832997 0.850213
vn 0 0 -1
vt 0.0832997 0.844891
vn 0 0 -1
vt 0.20445 0.844891
vn 0 0 1
vt 0.0884671 0.829939
vn 0 0 1
vt 0.209617 0.829939
vn 0 0 1
vt 0.209617 0.835261
vn 0 0 1
vt 0.0884671 0.835261
vn 0 -1 0
vt 0.198531 0.823717
vn 0 -1 0
vt 0.198531 0.843848
vn 0 -1 0
vt 0.0781035 0.843848
vn 0 -1 0
vt 0.0781035 0.823717
vn -1 0 0
vt 0.127652 0.904311
vn -1 0 0
vt 0.107521 0.904311
vn -1 0 0
vt 0.107521 0.898988
vn -1 0 0
vt 0.127652 0.898988
vn 0 1 0
vt 0.194727 0.823717
vn 0 1 0
vt 0.194727 0.843848
vn 0 1 0
vt 0.0742997 0.843848
vn 0 1 0
vt 0.0742997 0.823717
vn 1 0 0
vt 0.102118 0.958373
vn 1 0 0
vt 0.121628 0.958373
vn 1 0 0
vt 0.121628 0.963531
vn 1 0 0
vt 0.102118 0.963531
vn 0 0 -1
vt 0.208659 0.905685
vn 0 0 -1
vt 0.0882318 0.905685
vn 0 0 -1
vt 0.0882318 0.900363
vn 0 0 -1
vt 0.208659 0.900363
vn 0 0 1
vt 0.113694 0.787492
vn 0 0 1
vt 0.116825 0.787492
vn 0 0 1
vt 0.116825 0.965019
vn 0 0 1
vt 0.113694 0.965019
vn 0 -1 0
vt 0.148411 0.900568
vn 0 -1 0
vt 0.148411 0.903924
vn 0 -1 0
vt 0.145376 0.903924
vn 0 -1 0
vt 0.145376 0.900568
vn -1 0 0
vt 0.106192 0.965019
vn -1 0 0
vt 0.102729 0.965019
vn -1 0 0
vt 0.102729 0.787492
vn -1 0 0
vt 0.106192 0.787492
vn 0 1 0
vt 0.150078 0.900568
vn 0 1 0
vt 0.150078 0.903924
vn 0 1 0
vt 0.147044 0.903924
vn 0 1 0
vt 0.147044 0.900568
vn 1 0 0
vt 0.108261 0.787492
vn 1 0 0
vt 0.111724 0.787492
vn 1 0 0
vt 0.111724 0.965019
vn 1 0 0
vt 0.108261 0.965019
vn 0 0 -1
vt 0.12016 0.965019
vn 0 0 -1
vt 0.117029 0.965019
vn 0 0 -1
vt 0.117029 0.787492
vn 0 0 -1
vt 0.12016 0.787492
vn 0 0 1
vt 0.155092 0.787492
vn 0 0 1
vt 0.158223 0.787492
vn 0 0 1
vt 0.158223 0.965019
vn 0 0 1
vt 0.155092 0.965019
vn 0 -1 0
vt 0.143409 0.900568
vn 0 -1 0
vt 0.143409 0.903924
vn 0 -1 0
vt 0.140375 0.903924
vn 0 -1 0
vt 0.140375 0.900568
vn -1 0 0
vt 0.108036 0.965019
vn -1 0 0
vt 0.104573 0.965019
vn -1 0 0
vt 0.104573 0.787492
vn -1 0 0
vt 0.108036 0.787492
vn 0 1 0
vt 0.146744 0.900568
vn 0 1 0
vt 0.146744 0.903924
vn 0 1 0
vt 0.143709 0.903924
vn 0 1 0
vt 0.143709 0.900568
vn 1 0 0
vt 0.110105 0.787492
vn 1 0 0
vt 0.113568 0.787492
vn 1 0 0
vt 0.113568 0.965019
vn 1 0 0
vt 0.110105 0.965019
vn 0 0 -1
vt 0.15989 0.965019
vn 0 0 -1
vt 0.156759 0.965019
vn 0 0 -1
vt 0.156759 0.787492
vn 0 0 -1
vt 0.15989 0.787492
vn 0 0 1
vt 0.0729724 0.898988
vn 0 0 1
vt 0.1934 0.898988
vn 0 0 1
vt 0.1934 0.904311
vn 0 0 1
vt 0.0729724 0.904311
vn 0 -1 0
vt 0.195257 0.855434
vn 0 -1 0
vt 0.195257 0.865843
vn 0 -1 0
vt 0.0748297 0.865843
vn 0 -1 0
vt 0.0748297 0.855434
vn -1 0 0
vt 0.130922 0.904311
vn -1 0 0
vt 0.120513 0.904311
vn -1 0 0
vt 0.120513 0.898988
vn -1 0 0
vt 0.130922 0.898988
vn 0 1 0
vt 0.194514 0.823919
vn 0 1 0
vt 0.194514 0.834328
vn 0 1 0
vt 0.0740863 0.834328
vn 0 1 0
vt 0.0740863 0.823919
vn 1 0 0
vt 0.128827 0.900162
vn 1 0 0
vt 0.138914 0.900162
vn 1 0 0
vt 0.138914 0.90532
vn 1 0 0
vt 0.128827 0.90532
vn 0 0 -1
vt 0.208221 0.904311
vn 0 0 -1
vt 0.0877937 0.904311
vn 0 0 -1
vt 0.0877937 0.898988
vn 0 0 -1
vt 0.208221 0.898988
vn 0 0 1
vt 0.0835831 0.84029
vn 0 0 1
vt 0.204733 0.84029
vn 0 0 1
vt 0.204733 0.845613
vn 0 0 1
vt 0.0835831 0.845613
vn 0 -1 0
vt 0.208659 0.899629
vn 0 -1 0
vt 0.208659 0.902211
vn 0 -1 0
vt 0.0882318 0.902211
vn 0 -1 0
vt 0.0882318 0.899629
vn -1 0 0
vt 0.13858 0.90532
vn -1 0 0
vt 0.136078 0.90532
vn -1 0 0
vt 0.136078 0.900162
vn -1 0 0
vt 0.13858 0.900162
vn 0 1 0
vt 0.221258 0.901004
vn 0 1 0
vt 0.221258 0.903585
vn 0 1 0
vt 0.10083 0.903585
vn 0 1 0
vt 0.10083 0.901004
vn 1 0 0
vt 0.137453 0.900162
vn 1 0 0
vt 0.139954 0.900162
vn 1 0 0
vt 0.139954 0.90532
vn 1 0 0
vt 0.137453 0.90532
vn 0 0 -1
vt 0.199189 0.905685
vn 0 0 -1
vt 0.0787618 0.905685
vn 0 0 -1
vt 0.0787618 0.900363
vn 0 0 -1
vt 0.199189 0.900363
vn 0 0 1
vt 0.112027 0.787492
vn 0 0 1
vt 0.115158 0.787492
vn 0 0 1
vt 0.115158 0.965019
vn 0 0 1
vt 0.112027 0.965019
vn 0 -1 0
vt 0.147792 0.812505
vn 0 -1 0
vt 0.147792 0.937834
vn 0 -1 0
vt 0.119675 0.937834
vn 0 -1 0
vt 0.119675 0.812505
vn -1 0 0
vt 0.144223 0.965019
vn -1 0 0
vt 0.130266 0.965019
vn -1 0 0
vt 0.130266 0.787492
vn -1 0 0
vt 0.144223 0.787492
vn 0 1 0
vt 0.158088 0.883877
vn 0 1 0
vt 0.158088 0.897402
vn 0 1 0
vt 0.155054 0.897402
vn 0 1 0
vt 0.155054 0.883877
vn 1 0 0
vt 0.14513 0.787492
vn 1 0 0
vt 0.159086 0.787492
vn 1 0 0
vt 0.159086 0.965019
vn 1 0 0
vt 0.14513 0.965019
vn 0 0 -1
vt 0.118493 0.965019
vn 0 0 -1
vt 0.115361 0.965019
vn 0 0 -1
vt 0.115361 0.787492
vn 0 0 -1
vt 0.118493 0.787492
vn 0 0 1
vt 0.0962993 0.892048
vn 0 0 1
vt 0.160126 0.892048
vn 0 0 1
vt 0.160126 0.89737
vn 0 0 1
vt 0.0962993 0.89737
vn 0 -1 0
vt 0.199189 0.899629
vn 0 -1 0
vt 0.199189 0.902211
vn 0 -1 0
vt 0.0787618 0.902211
vn 0 -1 0
vt 0.0787618 0.899629
vn -1 0 0
vt 0.130467 0.904311
vn -1 0 0
vt 0.127886 0.904311
vn -1 0 0
vt 0.127886 0.898988
vn -1 0 0
vt 0.130467 0.898988
vn 0 1 0
vt 0.221258 0.899629
vn 0 1 0
vt 0.221258 0.902211
vn 0 1 0
vt 0.10083 0.902211
vn 0 1 0
vt 0.10083 0.899629
vn 1 0 0
vt 0.12926 0.898988
vn 1 0 0
vt 0.131842 0.898988
vn 1 0 0
vt 0.131842 0.904311
vn 1 0 0
vt 0.12926 0.904311
vn 0 0 -1
vt 0.171451 0.89737
vn 0 0 -1
vt 0.107624 0.89737
vn 0 0 -1
vt 0.107624 0.892048
vn 0 0 -1
vt 0.171451 0.892048
vn 0 0 1
vt 0.842371 0.721602
vn 0 0 1
vt 0.986348 0.721602
vn 0 0 1
vt 0.986348 0.987965
vn 0 0 1
vt 0.842371 0.987965
vn -0.679047 -0.734095 0
vt 0.878252 0.845123
vn -0.965364 -0.260905 0
vt 0.878244 0.845081
vn 0.679047 -0.734095 0
vt 0.894639 0.892038
vn 0.965364 -0.260905 0
vt 0.886442 0.892088
vn -0.965364 0.260905 0
vt 0.886442 0.892088
vn -0.679047 0.734095 0
vt 0.878244 0.892138
vn 0.679047 0.734095 0
vt 0.894632 0.939054
vn 0.965364 0.260905 0
vt 0.894639 0.939095
vn 0 0 -1
vt 0.98473 0.988976
vn 0 0 -1
vt 0.840752 0.988976
vn 0 0 -1
vt 0.840752 0.722613
vn 0 0 -1
vt 0.98473 0.722613
vn 0 0 1
vt 0.09587 0.893047
vn 0 0 1
vt 0.159977 0.893047
vn 0 0 1
vt 0.159977 0.898393
vn 0 0 1
vt 0.09587 0.898393
vn 0 -1 0
vt 0.199165 0.900635
vn 0 -1 0
vt 0.199165 0.903227
vn 0 -1 0
vt 0.078208 0.903227
vn 0 -1 0
vt 0.078208 0.900635
vn -1 0 0
vt 0.130184 0.905334
vn -1 0 0
vt 0.127591 0.905334
vn -1 0 0
vt 0.127591 0.899988
vn -1 0 0
vt 0.130184 0.899988
vn 0 1 0
vt 0.221234 0.900635
vn 0 1 0
vt 0.221234 0.903227
vn 0 1 0
vt 0.100276 0.903227
vn 0 1 0
vt 0.100276 0.900635
vn 1 0 0
vt 0.128966 0.899988
vn 1 0 0
vt 0.131558 0.899988
vn 1 0 0
vt 0.131558 0.905334
vn 1 0 0
vt 0.128966 0.905334
vn 0 0 -1
vt 0.171302 0.898393
vn 0 0 -1
vt 0.107195 0.898393
vn 0 0 -1
vt 0.107195 0.893047
vn 0 0 -1
vt 0.171302 0.893047
vn 0 0 1
vt 0.0830277 0.84129
vn 0 0 1
vt 0.204711 0.84129
vn 0 0 1
vt 0.204711 0.846635
vn 0 0 1
vt 0.0830277 0.846635
vn 0 -1 0
vt 0.208635 0.900635
vn 0 -1 0
vt 0.208635 0.903227
vn 0 -1 0
vt 0.0876779 0.903227
vn 0 -1 0
vt 0.0876779 0.900635
vn -1 0 0
vt 0.130435 0.944611
vn -1 0 0
vt 0.128912 0.944611
vn -1 0 0
vt 0.128912 0.941471
vn -1 0 0
vt 0.130435 0.941471
vn 0 1 0
vt 0.221234 0.902009
vn 0 1 0
vt 0.221234 0.904602
vn 0 1 0
vt 0.100276 0.904602
vn 0 1 0
vt 0.100276 0.902009
vn 1 0 0
vt 0.130287 0.941471
vn 1 0 0
vt 0.131809 0.941471
vn 1 0 0
vt 0.131809 0.944611
vn 1 0 0
vt 0.130287 0.944611
vn 0 0 -1
vt 0.199165 0.906708
vn 0 0 -1
vt 0.078208 0.906708
vn 0 0 -1
vt 0.078208 0.901362
vn 0 0 -1
vt 0.199165 0.901362
vn 0 0 1
vt 0.0879117 0.830938
vn 0 0 1
vt 0.209595 0.830938
vn 0 0 1
vt 0.209595 0.836284
vn 0 0 1
vt 0.0879117 0.836284
vn 0 -1 0
vt 0.198507 0.824684
vn 0 -1 0
vt 0.198507 0.844903
vn 0 -1 0
vt 0.0775497 0.844903
vn 0 -1 0
vt 0.0775497 0.824684
vn -1 0 0
vt 0.127408 0.905334
vn -1 0 0
vt 0.107188 0.905334
vn -1 0 0
vt 0.107188 0.899988
vn -1 0 0
vt 0.127408 0.899988
vn 0 1 0
vt 0.194703 0.824684
vn 0 1 0
vt 0.194703 0.844903
vn 0 1 0
vt 0.0737459 0.844903
vn 0 1 0
vt 0.0737459 0.824684
vn 1 0 0
vt 0.112147 0.941471
vn 1 0 0
vt 0.124021 0.941471
vn 1 0 0
vt 0.124021 0.944611
vn 1 0 0
vt 0.112147 0.944611
vn 0 0 -1
vt 0.208635 0.906708
vn 0 0 -1
vt 0.0876779 0.906708
vn 0 0 -1
vt 0.0876779 0.901362
vn 0 0 -1
vt 0.208635 0.901362
vn 0 0 1
vt 0.1184 0.788113
vn 0 0 1
vt 0.121545 0.788113
vn 0 0 1
vt 0.121545 0.96642
vn 0 0 1
vt 0.1184 0.96642
vn 0 -1 0
vt 0.148501 0.804253
vn 0 -1 0
vt 0.148501 0.880537
vn 0 -1 0
vt 0.131388 0.880537
vn 0 -1 0
vt 0.131388 0.804253
vn -1 0 0
vt 0.136533 0.96642
vn -1 0 0
vt 0.122515 0.96642
vn -1 0 0
vt 0.122515 0.788113
vn -1 0 0
vt 0.136533 0.788113
vn 0 1 0
vt 0.148501 0.811685
vn 0 1 0
vt 0.148501 0.887969
vn 0 1 0
vt 0.131388 0.887969
vn 0 1 0
vt 0.131388 0.811685
vn 1 0 0
vt 0.137378 0.788113
vn 1 0 0
vt 0.151396 0.788113
vn 1 0 0
vt 0.151396 0.96642
vn 1 0 0
vt 0.137378 0.96642
vn 0 0 -1
vt 0.12488 0.96642
vn 0 0 -1
vt 0.121735 0.96642
vn 0 0 -1
vt 0.121735 0.788113
vn 0 0 -1
vt 0.12488 0.788113
vn 0 0 1
vt 0.120067 0.788113
vn 0 0 1
vt 0.123212 0.788113
vn 0 0 1
vt 0.123212 0.96642
vn 0 0 1
vt 0.120067 0.96642
vn 0 -1 0
vt 0.133492 0.941525
vn 0 -1 0
vt 0.133492 0.943567
vn 0 -1 0
vt 0.131646 0.943567
vn 0 -1 0
vt 0.131646 0.941525
vn -1 0 0
vt 0.104067 0.96642
vn -1 0 0
vt 0.100588 0.96642
vn -1 0 0
vt 0.100588 0.788113
vn -1 0 0
vt 0.104067 0.788113
vn 0 1 0
vt 0.136827 0.941525
vn 0 1 0
vt 0.136827 0.943567
vn 0 1 0
vt 0.13498 0.943567
vn 0 1 0
vt 0.13498 0.941525
vn 1 0 0
vt 0.106121 0.788113
vn 1 0 0
vt 0.109599 0.788113
vn 1 0 0
vt 0.109599 0.96642
vn 1 0 0
vt 0.106121 0.96642
vn 0 0 -1
vt 0.126547 0.96642
vn 0 0 -1
vt 0.123402 0.96642
vn 0 0 -1
vt 0.123402 0.788113
vn 0 0 -1
vt 0.126547 0.788113
vn 0 0 1
vt 0.0741798 0.851871
vn 0 0 1
vt 0.195863 0.851871
vn 0 0 1
vt 0.195863 0.857217
vn 0 0 1
vt 0.0741798 0.857217
vn 0 -1 0
vt 0.202011 0.824684
vn 0 -1 0
vt 0.202011 0.844903
vn 0 -1 0
vt 0.0810535 0.844903
vn 0 -1 0
vt 0.0810535 0.824684
vn -1 0 0
vt 0.12474 0.905334
vn -1 0 0
vt 0.10452 0.905334
vn -1 0 0
vt 0.10452 0.899988
vn -1 0 0
vt 0.12474 0.899988
vn 0 1 0
vt 0.190616 0.824684
vn 0 1 0
vt 0.190616 0.844903
vn 0 1 0
vt 0.0696587 0.844903
vn 0 1 0
vt 0.0696587 0.824684
vn 1 0 0
vt 0.096469 0.899988
vn 1 0 0
vt 0.116688 0.899988
vn 1 0 0
vt 0.116688 0.905334
vn 1 0 0
vt 0.096469 0.905334
vn 0 0 -1
vt 0.204427 0.851236
vn 0 0 -1
vt 0.0827443 0.851236
vn 0 0 -1
vt 0.0827443 0.845891
vn 0 0 -1
vt 0.204427 0.845891
vn 0 0 1
vt 0.113398 0.788113
vn 0 0 1
vt 0.116543 0.788113
vn 0 0 1
vt 0.116543 0.96642
vn 0 0 1
vt 0.113398 0.96642
vn 0 -1 0
vt 0.140162 0.941525
vn 0 -1 0
vt 0.140162 0.943567
vn 0 -1 0
vt 0.138315 0.943567
vn 0 -1 0
vt 0.138315 0.941525
vn -1 0 0
vt 0.105911 0.96642
vn -1 0 0
vt 0.102432 0.96642
vn -1 0 0
vt 0.102432 0.788113
vn -1 0 0
vt 0.105911 0.788113
vn 0 1 0
vt 0.141829 0.941525
vn 0 1 0
vt 0.141829 0.943567
vn 0 1 0
vt 0.139982 0.943567
vn 0 1 0
vt 0.139982 0.941525
vn 1 0 0
vt 0.107965 0.788113
vn 1 0 0
vt 0.111443 0.788113
vn 1 0 0
vt 0.111443 0.96642
vn 1 0 0
vt 0.107965 0.96642
vn 0 0 -1
vt 0.119878 0.96642
vn 0 0 -1
vt 0.116733 0.96642
vn 0 0 -1
vt 0.116733 0.788113
vn 0 0 -1
vt 0.119878 0.788113
vn 0 0 1
vt 0.154796 0.788113
vn 0 0 1
vt 0.157941 0.788113
vn 0 0 1
vt 0.157941 0.96642
vn 0 0 1
vt 0.154796 0.96642
vn 0 -1 0
vt 0.13516 0.941525
vn 0 -1 0
vt 0.13516 0.943567
vn 0 -1 0
vt 0.133313 0.943567
vn 0 -1 0
vt 0.133313 0.941525
vn -1 0 0
vt 0.107755 0.96642
vn -1 0 0
vt 0.104276 0.96642
vn -1 0 0
vt 0.104276 0.788113
vn -1 0 0
vt 0.107755 0.788113
vn 0 1 0
vt 0.138494 0.941525
vn 0 1 0
vt 0.138494 0.943567
vn 0 1 0
vt 0.136647 0.943567
vn 0 1 0
vt 0.136647 0.941525
vn 1 0 0
vt 0.109809 0.788113
vn 1 0 0
vt 0.113287 0.788113
vn 1 0 0
vt 0.113287 0.96642
vn 1 0 0
vt 0.109809 0.96642
vn 0 0 -1
vt 0.159608 0.96642
vn 0 0 -1
vt 0.156463 0.96642
vn 0 0 -1
vt 0.156463 0.788113
vn 0 0 -1
vt 0.159608 0.788113
vn 0 0 1
vt 0.0724185 0.899988
vn 0 0 1
vt 0.193376 0.899988
vn 0 0 1
vt 0.193376 0.905334
vn 0 0 1
vt 0.0724185 0.905334
vn 0 -1 0
vt 0.195233 0.856422
vn 0 -1 0
vt 0.195233 0.866877
vn 0 -1 0
vt 0.0742759 0.866877
vn 0 -1 0
vt 0.0742759 0.856422
vn -1 0 0
vt 0.130656 0.905334
vn -1 0 0
vt 0.120202 0.905334
vn -1 0 0
vt 0.120202 0.899988
vn -1 0 0
vt 0.130656 0.899988
vn 0 1 0
vt 0.19449 0.824908
vn 0 1 0
vt 0.19449 0.835362
vn 0 1 0
vt 0.0735325 0.835362
vn 0 1 0
vt 0.0735325 0.824908
vn 1 0 0
vt 0.123145 0.941471
vn 1 0 0
vt 0.129285 0.941471
vn 1 0 0
vt 0.129285 0.944611
vn 1 0 0
vt 0.123145 0.944611
vn 0 0 -1
vt 0.208197 0.905334
vn 0 0 -1
vt 0.0872399 0.905334
vn 0 0 -1
vt 0.0872399 0.899988
vn 0 0 -1
vt 0.208197 0.899988
vn 0 0 1
vt 0.111731 0.788113
vn 0 0 1
vt 0.114876 0.788113
vn 0 0 1
vt 0.114876 0.96642
vn 0 0 1
vt 0.111731 0.96642
vn 0 -1 0
vt 0.148501 0.819117
vn 0 -1 0
vt 0.148501 0.8954
vn 0 -1 0
vt 0.131388 0.8954
vn 0 -1 0
vt 0.131388 0.819117
vn -1 0 0
vt 0.143965 0.96642
vn -1 0 0
vt 0.129947 0.96642
vn -1 0 0
vt 0.129947 0.788113
vn -1 0 0
vt 0.143965 0.788113
vn 0 1 0
vt 0.149839 0.926823
vn 0 1 0
vt 0.149839 0.935056
vn 0 1 0
vt 0.147992 0.935056
vn 0 1 0
vt 0.147992 0.926823
vn 1 0 0
vt 0.14481 0.788113
vn 1 0 0
vt 0.158828 0.788113
vn 1 0 0
vt 0.158828 0.96642
vn 1 0 0
vt 0.14481 0.96642
vn 0 0 -1
vt 0.118211 0.96642
vn 0 0 -1
vt 0.115066 0.96642
vn 0 0 -1
vt 0.115066 0.788113
vn 0 0 -1
vt 0.118211 0.788113
vn -1 0 0
vt 0.130184 0.899988
vn -1 0 0
vt 0.127591 0.899988
vn -1 0 0
vt 0.127591 0.905334
vn -1 0 0
vt 0.130184 0.905334
vn 0 0 -1
vt 0.09587 0.898393
vn 0 0 -1
vt 0.159977 0.898393
vn 0 0 -1
vt 0.159977 0.893047
vn 0 0 -1
vt 0.09587 0.893047
vn 0 1 0
vt 0.100276 0.900635
vn 0 1 0
vt 0.100276 0.903227
vn 0 1 0
vt 0.221234 0.903227
vn 0 1 0
vt 0.221234 0.900635
vn 1 0 0
vt 0.128966 0.905334
vn 1 0 0
vt 0.131558 0.905334
vn 1 0 0
vt 0.131558 0.899988
vn 1 0 0
vt 0.128966 0.899988
vn 0 -1 0
vt 0.078208 0.900635
vn 0 -1 0
vt 0.078208 0.903227
vn 0 -1 0
vt 0.199165 0.903227
vn 0 -1 0
vt 0.199165 0.900635
vn 0 0 1
vt 0.171302 0.893047
vn 0 0 1
vt 0.107195 0.893047
vn 0 0 1
vt 0.107195 0.898393
vn 0 0 1
vt 0.171302 0.898393
vn -1 0 0
vt 0.130435 0.941471
vn -1 0 0
vt 0.128912 0.941471
vn -1 0 0
vt 0.128912 0.944611
vn -1 0 0
vt 0.130435 0.944611
vn 0 0 -1
vt 0.0830277 0.846635
vn 0 0 -1
vt 0.204711 0.846635
vn 0 0 -1
vt 0.204711 0.84129
vn 0 0 -1
vt 0.0830277 0.84129
vn 0 1 0
vt 0.100276 0.902009
vn 0 1 0
vt 0.100276 0.904602
vn 0 1 0
vt 0.221234 0.904602
vn 0 1 0
vt 0.221234 0.902009
vn 1 0 0
vt 0.130287 0.944611
vn 1 0 0
vt 0.131809 0.944611
vn 1 0 0
vt 0.131809 0.941471
vn 1 0 0
vt 0.130287 0.941471
vn 0 -1 0
vt 0.0876779 0.900635
vn 0 -1 0
vt 0.0876779 0.903227
vn 0 -1 0
vt 0.208635 0.903227
vn 0 -1 0
vt 0.208635 0.900635
vn 0 0 1
vt 0.199165 0.901362
vn 0 0 1
vt 0.078208 0.901362
vn 0 0 1
vt 0.078208 0.906708
vn 0 0 1
vt 0.199165 0.906708
vn -1 0 0
vt 0.127408 0.899988
vn -1 0 0
vt 0.107188 0.899988
vn -1 0 0
vt 0.107188 0.905334
vn -1 0 0
vt 0.127408 0.905334
vn 0 0 -1
vt 0.0879117 0.836284
vn 0 0 -1
vt 0.209595 0.836284
vn 0 0 -1
vt 0.209595 0.830938
vn 0 0 -1
vt 0.0879117 0.830938
vn 0 1 0
vt 0.0737459 0.824684
vn 0 1 0
vt 0.0737459 0.844903
vn 0 1 0
vt 0.194703 0.844903
vn 0 1 0
vt 0.194703 0.824684
vn 1 0 0
vt 0.112147 0.944611
vn 1 0 0
vt 0.124021 0.944611
vn 1 0 0
vt 0.124021 0.941471
vn 1 0 0
vt 0.112147 0.941471
vn 0 -1 0
vt 0.0775497 0.824684
vn 0 -1 0
vt 0.0775497 0.844903
vn 0 -1 0
vt 0.198507 0.844903
vn 0 -1 0
vt 0.198507 0.824684
vn 0 0 1
vt 0.208635 0.901362
vn 0 0 1
vt 0.0876779 0.901362
vn 0 0 1
vt 0.0876779 0.906708
vn 0 0 1
vt 0.208635 0.906708
vn -1 0 0
vt 0.136533 0.788113
vn -1 0 0
vt 0.122515 0.788113
vn -1 0 0
vt 0.122515 0.96642
vn -1 0 0
vt 0.136533 0.96642
vn 0 0 -1
vt 0.1184 0.96642
vn 0 0 -1
vt 0.121545 0.96642
vn 0 0 -1
vt 0.121545 0.788113
vn 0 0 -1
vt 0.1184 0.788113
vn 0 1 0
vt 0.131388 0.811685
vn 0 1 0
vt 0.131388 0.887969
vn 0 1 0
vt 0.148501 0.887969
vn 0 1 0
vt 0.148501 0.811685
vn 1 0 0
vt 0.137378 0.96642
vn 1 0 0
vt 0.151396 0.96642
vn 1 0 0
vt 0.151396 0.788113
vn 1 0 0
vt 0.137378 0.788113
vn 0 -1 0
vt 0.131388 0.804253
vn 0 -1 0
vt 0.131388 0.880537
vn 0 -1 0
vt 0.148501 0.880537
vn 0 -1 0
vt 0.148501 0.804253
vn 0 0 1
vt 0.12488 0.788113
vn 0 0 1
vt 0.121735 0.788113
vn 0 0 1
vt 0.121735 0.96642
vn 0 0 1
vt 0.12488 0.96642
vn -1 0 0
vt 0.104067 0.788113
vn -1 0 0
vt 0.100588 0.788113
vn -1 0 0
vt 0.100588 0.96642
vn -1 0 0
vt 0.104067 0.96642
vn 0 0 -1
vt 0.120067 0.96642
vn 0 0 -1
vt 0.123212 0.96642
vn 0 0 -1
vt 0.123212 0.788113
vn 0 0 -1
vt 0.120067 0.788113
vn 0 1 0
vt 0.13498 0.941525
vn 0 1 0
vt 0.13498 0.943567
vn 0 1 0
vt 0.136827 0.943567
vn 0 1 0
vt 0.136827 0.941525
vn 1 0 0
vt 0.106121 0.96642
vn 1 0 0
vt 0.109599 0.96642
vn 1 0 0
vt 0.109599 0.788113
vn 1 0 0
vt 0.106121 0.788113
vn 0 -1 0
vt 0.131646 0.941525
vn 0 -1 0
vt 0.131646 0.943567
vn 0 -1 0
vt 0.133492 0.943567
vn 0 -1 0
vt 0.133492 0.941525
vn 0 0 1
vt 0.126547 0.788113
vn 0 0 1
vt 0.123402 0.788113
vn 0 0 1
vt 0.123402 0.96642
vn 0 0 1
vt 0.126547 0.96642
vn -1 0 0
vt 0.12474 0.899988
vn -1 0 0
vt 0.10452 0.899988
vn -1 0 0
vt 0.10452 0.905334
vn -1 0 0
vt 0.12474 0.905334
vn 0 0 -1
vt 0.0741798 0.857217
vn 0 0 -1
vt 0.195863 0.857217
vn 0 0 -1
vt 0.195863 0.851871
vn 0 0 -1
vt 0.0741798 0.851871
vn 0 1 0
vt 0.0696587 0.824684
vn 0 1 0
vt 0.0696587 0.844903
vn 0 1 0
vt 0.190616 0.844903
vn 0 1 0
vt 0.190616 0.824684
vn 1 0 0
vt 0.096469 0.905334
vn 1 0 0
vt 0.116688 0.905334
vn 1 0 0
vt 0.116688 0.899988
vn 1 0 0
vt 0.096469 0.899988
vn 0 -1 0
vt 0.0810535 0.824684
vn 0 -1 0
vt 0.0810535 0.844903
vn 0 -1 0
vt 0.202011 0.844903
vn 0 -1 0
vt 0.202011 0.824684
vn 0 0 1
vt 0.204427 0.845891
vn 0 0 1
vt 0.0827443 0.845891
vn 0 0 1
vt 0.0827443 0.851236
vn 0 0 1
vt 0.204427 0.851236
vn -1 0 0
vt 0.105911 0.788113
vn -1 0 0
vt 0.102432 0.788113
vn -1 0 0
vt 0.102432 0.96642
vn -1 0 0
vt 0.105911 0.96642
vn 0 0 -1
vt 0.113398 0.96642
vn 0 0 -1
vt 0.116543 0.96642
vn 0 0 -1
vt 0.116543 0.788113
vn 0 0 -1
vt 0.113398 0.788113
vn 0 1 0
vt 0.139982 0.941525
vn 0 1 0
vt 0.139982 0.943567
vn 0 1 0
vt 0.141829 0.943567
vn 0 1 0
vt 0.141829 0.941525
vn 1 0 0
vt 0.107965 0.96642
vn 1 0 0
vt 0.111443 0.96642
vn 1 0 0
vt 0.111443 0.788113
vn 1 0 0
vt 0.107965 0.788113
vn 0 -1 0
vt 0.138315 0.941525
vn 0 -1 0
vt 0.138315 0.943567
vn 0 -1 0
vt 0.140162 0.943567
vn 0 -1 0
vt 0.140162 0.941525
vn 0 0 1
vt 0.119878 0.788113
vn 0 0 1
vt 0.116733 0.788113
vn 0 0 1
vt 0.116733 0.96642
vn 0 0 1
vt 0.119878 0.96642
vn -1 0 0
vt 0.107755 0.788113
vn -1 0 0
vt 0.104276 0.788113
vn -1 0 0
vt 0.104276 0.96642
vn -1 0 0
vt 0.107755 0.96642
vn 0 0 -1
vt 0.154796 0.96642
vn 0 0 -1
vt 0.157941 0.96642
vn 0 0 -1
vt 0.157941 0.788113
vn 0 0 -1
vt 0.154796 0.788113
vn 0 1 0
vt 0.136647 0.941525
vn 0 1 0
vt 0.136647 0.943567
vn 0 1 0
vt 0.138494 0.943567
vn 0 1 0
vt 0.138494 0.941525
vn 1 0 0
vt 0.109809 0.96642
vn 1 0 0
vt 0.113287 0.96642
vn 1 0 0
vt 0.113287 0.788113
vn 1 0 0
vt 0.109809 0.788113
vn 0 -1 0
vt 0.133313 0.941525
vn 0 -1 0
vt 0.133313 0.943567
vn 0 -1 0
vt 0.13516 0.943567
vn 0 -1 0
vt 0.13516 0.941525
vn 0 0 1
vt 0.159608 0.788113
vn 0 0 1
vt 0.156463 0.788113
vn 0 0 1
vt 0.156463 0.96642
vn 0 0 1
vt 0.159608 0.96642
vn -1 0 0
vt 0.130656 0.899988
vn -1 0 0
vt 0.120202 0.899988
vn -1 0 0
vt 0.120202 0.905334
vn -1 0 0
vt 0.130656 0.905334
vn 0 0 -1
vt 0.0724185 0.905334
vn 0 0 -1
vt 0.193376 0.905334
vn 0 0 -1
vt 0.193376 0.899988
vn 0 0 -1
vt 0.0724185 0.899988
vn 0 1 0
vt 0.0735325 0.824908
vn 0 1 0
vt 0.0735325 0.835362
vn 0 1 0
vt 0.19449 0.835362
vn 0 1 0
vt 0.19449 0.824908
vn 1 0 0
vt 0.123145 0.944611
vn 1 0 0
vt 0.129285 0.944611
vn 1 0 0
vt 0.129285 0.941471
vn 1 0 0
vt 0.123145 0.941471
vn 0 -1 0
vt 0.0742759 0.856422
vn 0 -1 0
vt 0.0742759 0.866877
vn 0 -1 0
vt 0.195233 0.866877
vn 0 -1 0
vt 0.195233 0.856422
vn 0 0 1
vt 0.208197 0.899988
vn 0 0 1
vt 0.0872399 0.899988
vn 0 0 1
vt 0.0872399 0.905334
vn 0 0 1
vt 0.208197 0.905334
vn -1 0 0
vt 0.143965 0.788113
vn -1 0 0
vt 0.129947 0.788113
vn -1 0 0
vt 0.129947 0.96642
vn -1 0 0
vt 0.143965 0.96642
vn 0 0 -1
vt 0.111731 0.96642
vn 0 0 -1
vt 0.114876 0.96642
vn 0 0 -1
vt 0.114876 0.788113
vn 0 0 -1
vt 0.111731 0.788113
vn 0 1 0
vt 0.147992 0.926823
vn 0 1 0
vt 0.147992 0.935056
vn 0 1 0
vt 0.149839 0.935056
vn 0 1 0
vt 0.149839 0.926823
vn 1 0 0
vt 0.14481 0.96642
vn 1 0 0
vt 0.158828 0.96642
vn 1 0 0
vt 0.158828 0.788113
vn 1 0 0
vt 0.14481 0.788113
vn 0 -1 0
vt 0.131388 0.819117
vn 0 -1 0
vt 0.131388 0.8954
vn 0 -1 0
vt 0.148501 0.8954
vn 0 -1 0
vt 0.148501 0.819117
vn 0 0 1
vt 0.118211 0.788113
vn 0 0 1
vt 0.115066 0.788113
vn 0 0 1
vt 0.115066 0.96642
vn 0 0 1
vt 0.118211 0.96642
vn -1 0 0
vt 0.130184 0.899988
vn -1 0 0
vt 0.127591 0.899988
vn -1 0 0
vt 0.127591 0.905334
vn -1 0 0
vt 0.130184 0.905334
vn 0 0 -1
vt 0.09587 0.898393
vn 0 0 -1
vt 0.159977 0.898393
vn 0 0 -1
vt 0.159977 0.893047
vn 0 0 -1
vt 0.09587 0.893047
vn 0 1 0
vt 0.100276 0.900635
vn 0 1 0
vt 0.100276 0.903227
vn 0 1 0
vt 0.221234 0.903227
vn 0 1 0
vt 0.221234 0.900635
vn 1 0 0
vt 0.128966 0.905334
vn 1 0 0
vt 0.131558 0.905334
vn 1 0 0
vt 0.131558 0.899988
vn 1 0 0
vt 0.128966 0.899988
vn 0 -1 0
vt 0.078208 0.900635
vn 0 -1 0
vt 0.078208 0.903227
vn 0 -1 0
vt 0.199165 0.903227
vn 0 -1 0
vt 0.199165 0.900635
vn 0 0 1
vt 0.171302 0.893047
vn 0 0 1
vt 0.107195 0.893047
vn 0 0 1
vt 0.107195 0.898393
vn 0 0 1
vt 0.171302 0.898393
vn -1 0 0
vt 0.130435 0.941471
vn -1 0 0
vt 0.128912 0.941471
vn -1 0 0
vt 0.128912 0.944611
vn -1 0 0
vt 0.130435 0.944611
vn 0 0 -1
vt 0.0830277 0.846635
vn 0 0 -1
vt 0.204711 0.846635
vn 0 0 -1
vt 0.204711 0.84129
vn 0 0 -1
vt 0.0830277 0.84129
vn 0 1 0
vt 0.100276 0.902009
vn 0 1 0
vt 0.100276 0.904602
vn 0 1 0
vt 0.221234 0.904602
vn 0 1 0
vt 0.221234 0.902009
vn 1 0 0
vt 0.130287 0.944611
vn 1 0 0
vt 0.131809 0.944611
vn 1 0 0
vt 0.131809 0.941471
vn 1 0 0
vt 0.130287 0.941471
vn 0 -1 0
vt 0.0876779 0.900635
vn 0 -1 0
vt 0.0876779 0.903227
vn 0 -1 0
vt 0.208635 0.903227
vn 0 -1 0
vt 0.208635 0.900635
vn 0 0 1
vt 0.199165 0.901362
vn 0 0 1
vt 0.078208 0.901362
vn 0 0 1
vt 0.078208 0.906708
vn 0 0 1
vt 0.199165 0.906708
vn -1 0 0
vt 0.127408 0.899988
vn -1 0 0
vt 0.107188 0.899988
vn -1 0 0
vt 0.107188 0.905334
vn -1 0 0
vt 0.127408 0.905334
vn 0 0 -1
vt 0.0879117 0.836284
vn 0 0 -1
vt 0.209595 0.836284
vn 0 0 -1
vt 0.209595 0.830938
vn 0 0 -1
vt 0.0879117 0.830938
vn 0 1 0
vt 0.0737459 0.824684
vn 0 1 0
vt 0.0737459 0.844903
vn 0 1 0
vt 0.194703 0.844903
vn 0 1 0
vt 0.194703 0.824684
vn 1 0 0
vt 0.112147 0.944611
vn 1 0 0
vt 0.124021 0.944611
vn 1 0 0
vt 0.124021 0.941471
vn 1 0 0
vt 0.112147 0.941471
vn 0 -1 0
vt 0.0775497 0.824684
vn 0 -1 0
vt 0.0775497 0.844903
vn 0 -1 0
vt 0.198507 0.844903
vn 0 -1 0
vt 0.198507 0.824684
vn 0 0 1
vt 0.208635 0.901362
vn 0 0 1
vt 0.0876779 0.901362
vn 0 0 1
vt 0.0876779 0.906708
vn 0 0 1
vt 0.208635 0.906708
vn -1 0 0
vt 0.136533 0.788113
vn -1 0 0
vt 0.122515 0.788113
vn -1 0 0
vt 0.122515 0.96642
vn -1 0 0
vt 0.136533 0.96642
vn 0 0 -1
vt 0.1184 0.96642
vn 0 0 -1
vt 0.121545 0.96642
vn 0 0 -1
vt 0.121545 0.788113
vn 0 0 -1
vt 0.1184 0.788113
vn 0 1 0
vt 0.131388 0.811685
vn 0 1 0
vt 0.131388 0.887969
vn 0 1 0
vt 0.148501 0.887969
vn 0 1 0
vt 0.148501 0.811685
vn 1 0 0
vt 0.137378 0.96642
vn 1 0 0
vt 0.151396 0.96642
vn 1 0 0
vt 0.151396 0.788113
vn 1 0 0
vt 0.137378 0.788113
vn 0 -1 0
vt 0.131388 0.804253
vn 0 -1 0
vt 0.131388 0.880537
vn 0 -1 0
vt 0.148501 0.880537
vn 0 -1 0
vt 0.148501 0.804253
vn 0 0 1
vt 0.12488 0.788113
vn 0 0 1
vt 0.121735 0.788113
vn 0 0 1
vt 0.121735 0.96642
vn 0 0 1
vt 0.12488 0.96642
vn -1 0 0
vt 0.104067 0.788113
vn -1 0 0
vt 0.100588 0.788113
vn -1 0 0
vt 0.100588 0.96642
vn -1 0 0
vt 0.104067 0.96642
vn 0 0 -1
vt 0.120067 0.96642
vn 0 0 -1
vt 0.123212 0.96642
vn 0 0 -1
vt 0.123212 0.788113
vn 0 0 -1
vt 0.120067 0.788113
vn 0 1 0
vt 0.13498 0.941525
vn 0 1 0
vt 0.13498 0.943567
vn 0 1 0
vt 0.136827 0.943567
vn 0 1 0
vt 0.136827 0.941525
vn 1 0 0
vt 0.106121 0.96642
vn 1 0 0
vt 0.109599 0.96642
vn 1 0 0
vt 0.109599 0.788113
vn 1 0 0
vt 0.106121 0.788113
vn 0 -1 0
vt 0.131646 0.941525
vn 0 -1 0
vt 0.131646 0.943567
vn 0 -1 0
vt 0.133492 0.943567
vn 0 -1 0
vt 0.133492 0.941525
vn 0 0 1
vt 0.126547 0.788113
vn 0 0 1
vt 0.123402 0.788113
vn 0 0 1
vt 0.123402 0.96642
vn 0 0 1
vt 0.126547 0.96642
vn -1 0 0
vt 0.12474 0.899988
vn -1 0 0
vt 0.10452 0.899988
vn -1 0 0
vt 0.10452 0.905334
vn -1 0 0
vt 0.12474 0.905334
vn 0 0 -1
vt 0.0741798 0.857217
vn 0 0 -1
vt 0.195863 0.857217
vn 0 0 -1
vt 0.195863 0.851871
vn 0 0 -1
vt 0.0741798 0.851871
vn 0 1 0
vt 0.0696587 0.824684
vn 0 1 0
vt 0.0696587 0.844903
vn 0 1 0
vt 0.190616 0.844903
vn 0 1 0
vt 0.190616 0.824684
vn 1 0 0
vt 0.096469 0.905334
vn 1 0 0
vt 0.116688 0.905334
vn 1 0 0
vt 0.116688 0.899988
vn 1 0 0
vt 0.096469 0.899988
vn 0 -1 0
vt 0.0810535 0.824684
vn 0 -1 0
vt 0.0810535 0.844903
vn 0 -1 0
vt 0.202011 0.844903
vn 0 -1 0
vt 0.202011 0.824684
vn 0 0 1
vt 0.204427 0.845891
vn 0 0 1
vt 0.0827443 0.845891
vn 0 0 1
vt 0.0827443 0.851236
vn 0 0 1
vt 0.204427 0.851236
vn -1 0 0
vt 0.105911 0.788113
vn -1 0 0
vt 0.102432 0.788113
vn -1 0 0
vt 0.102432 0.96642
vn -1 0 0
vt 0.105911 0.96642
vn 0 0 -1
vt 0.113398 0.96642
vn 0 0 -1
vt 0.116543 0.96642
vn 0 0 -1
vt 0.116543 0.788113
vn 0 0 -1
vt 0.113398 0.788113
vn 0 1 0
vt 0.139982 0.941525
vn 0 1 0
vt 0.139982 0.943567
vn 0 1 0
vt 0.141829 0.943567
vn 0 1 0
vt 0.141829 0.941525
vn 1 0 0
vt 0.107965 0.96642
vn 1 0 0
vt 0.111443 0.96642
vn 1 0 0
vt 0.111443 0.788113
vn 1 0 0
vt 0.107965 0.788113
vn 0 -1 0
vt 0.138315 0.941525
vn 0 -1 0
vt 0.138315 0.943567
vn 0 -1 0
vt 0.140162 0.943567
vn 0 -1 0
vt 0.140162 0.941525
vn 0 0 1
vt 0.119878 0.788113
vn 0 0 1
vt 0.116733 0.788113
vn 0 0 1
vt 0.116733 0.96642
vn 0 0 1
vt 0.119878 0.96642
vn -1 0 0
vt 0.107755 0.788113
vn -1 0 0
vt 0.104276 0.788113
vn -1 0 0
vt 0.104276 0.96642
vn -1 0 0
vt 0.107755 0.96642
vn 0 0 -1
vt 0.154796 0.96642
vn 0 0 -1
vt 0.157941 0.96642
vn 0 0 -1
vt 0.157941 0.788113
vn 0 0 -1
vt 0.154796 0.788113
vn 0 1 0
vt 0.136647 0.941525
vn 0 1 0
vt 0.136647 0.943567
vn 0 1 0
vt 0.138494 0.943567
vn 0 1 0
vt 0.138494 0.941525
vn 1 0 0
vt 0.109809 0.96642
vn 1 0 0
vt 0.113287 0.96642
vn 1 0 0
vt 0.113287 0.788113
vn 1 0 0
vt 0.109809 0.788113
vn 0 -1 0
vt 0.133313 0.941525
vn 0 -1 0
vt 0.133313 0.943567
vn 0 -1 0
vt 0.13516 0.943567
vn 0 -1 0
vt 0.13516 0.941525
vn 0 0 1
vt 0.159608 0.788113
vn 0 0 1
vt 0.156463 0.788113
vn 0 0 1
vt 0.156463 0.96642
vn 0 0 1
vt 0.159608 0.96642
vn -1 0 0
vt 0.130656 0.899988
vn -1 0 0
vt 0.120202 0.899988
vn -1 0 0
vt 0.120202 0.905334
vn -1 0 0
vt 0.130656 0.905334
vn 0 0 -1
vt 0.0724185 0.905334
vn 0 0 -1
vt 0.193376 0.905334
vn 0 0 -1
vt 0.193376 0.899988
vn 0 0 -1
vt 0.0724185 0.899988
vn 0 1 0
vt 0.0735325 0.824908
vn 0 1 0
vt 0.0735325 0.835362
vn 0 1 0
vt 0.19449 0.835362
vn 0 1 0
vt 0.19449 0.824908
vn 1 0 0
vt 0.123145 0.944611
vn 1 0 0
vt 0.129285 0.944611
vn 1 0 0
vt 0.129285 0.941471
vn 1 0 0
vt 0.123145 0.941471
vn 0 -1 0
vt 0.0742759 0.856422
vn 0 -1 0
vt 0.0742759 0.866877
vn 0 -1 0
vt 0.195233 0.866877
vn 0 -1 0
vt 0.195233 0.856422
vn 0 0 1
vt 0.208197 0.899988
vn 0 0 1
vt 0.0872399 0.899988
vn 0 0 1
vt 0.0872399 0.905334
vn 0 0 1
vt 0.208197 0.905334
vn -1 0 0
vt 0.143965 0.788113
vn -1 0 0
vt 0.129947 0.788113
vn -1 0 0
vt 0.129947 0.96642
vn -1 0 0
vt 0.143965 0.96642
vn 0 0 -1
vt 0.111731 0.96642
vn 0 0 -1
vt 0.114876 0.96642
vn 0 0 -1
vt 0.114876 0.788113
vn 0 0 -1
vt 0.111731 0.788113
vn 0 1 0
vt 0.147992 0.926823
vn 0 1 0
vt 0.147992 0.935056
vn 0 1 0
vt 0.149839 0.935056
vn 0 1 0
vt 0.149839 0.926823
vn 1 0 0
vt 0.14481 0.96642
vn 1 0 0
vt 0.158828 0.96642
vn 1 0 0
vt 0.158828 0.788113
vn 1 0 0
vt 0.14481 0.788113
vn 0 -1 0
vt 0.131388 0.819117
vn 0 -1 0
vt 0.131388 0.8954
vn 0 -1 0
vt 0.148501 0.8954
vn 0 -1 0
vt 0.148501 0.819117
vn 0 0 1
vt 0.118211 0.788113
vn 0 0 1
vt 0.115066 0.788113
vn 0 0 1
vt 0.115066 0.96642
vn 0 0 1
vt 0.118211 0.96642
vn -1 0 0
vt 0.130184 0.899988
vn -1 0 0
vt 0.127591 0.899988
vn -1 0 0
vt 0.127591 0.905334
vn -1 0 0
vt 0.130184 0.905334
vn 0 0 -1
vt 0.09587 0.898393
vn 0 0 -1
vt 0.159977 0.898393
vn 0 0 -1
vt 0.159977 0.893047
vn 0 0 -1
vt 0.09587 0.893047
vn 0 1 0
vt 0.100276 0.900635
vn 0 1 0
vt 0.100276 0.903227
vn 0 1 0
vt 0.221234 0.903227
vn 0 1 0
vt 0.221234 0.900635
vn 1 0 0
vt 0.128966 0.905334
vn 1 0 0
vt 0.131558 0.905334
vn 1 0 0
vt 0.131558 0.899988
vn 1 0 0
vt 0.128966 0.899988
vn 0 -1 0
vt 0.078208 0.900635
vn 0 -1 0
vt 0.078208 0.903227
vn 0 -1 0
vt 0.199165 0.903227
vn 0 -1 0
vt 0.199165 0.900635
vn 0 0 1
vt 0.171302 0.893047
vn 0 0 1
vt 0.107195 0.893047
vn 0 0 1
vt 0.107195 0.898393
vn 0 0 1
vt 0.171302 0.898393
vn -1 0 0
vt 0.130435 0.941471
vn -1 0 0
vt 0.128912 0.941471
vn -1 0 0
vt 0.128912 0.944611
vn -1 0 0
vt 0.130435 0.944611
vn 0 0 -1
vt 0.0830277 0.846635
vn 0 0 -1
vt 0.204711 0.846635
vn 0 0 -1
vt 0.204711 0.84129
vn 0 0 -1
vt 0.0830277 0.84129
vn 0 1 0
vt 0.100276 0.902009
vn 0 1 0
vt 0.100276 0.904602
vn 0 1 0
vt 0.221234 0.904602
vn 0 1 0
vt 0.221234 0.902009
vn 1 0 0
vt 0.130287 0.944611
vn 1 0 0
vt 0.131809 0.944611
vn 1 0 0
vt 0.131809 0.941471
vn 1 0 0
vt 0.130287 0.941471
vn 0 -1 0
vt 0.0876779 0.900635
vn 0 -1 0
vt 0.0876779 0.903227
vn 0 -1 0
vt 0.208635 0.903227
vn 0 -1 0
vt 0.208635 0.900635
vn 0 0 1
vt 0.199165 0.901362
vn 0 0 1
vt 0.078208 0.901362
vn 0 0 1
vt 0.078208 0.906708
vn 0 0 1
vt 0.199165 0.906708
vn -1 0 0
vt 0.127408 0.899988
vn -1 0 0
vt 0.107188 0.899988
vn -1 0 0
vt 0.107188 0.905334
vn -1 0 0
vt 0.127408 0.905334
vn 0 0 -1
vt 0.0879117 0.836284
vn 0 0 -1
vt 0.209595 0.836284
vn 0 0 -1
vt 0.209595 0.830938
vn 0 0 -1
vt 0.0879117 0.830938
vn 0 1 0
vt 0.0737459 0.824684
vn 0 1 0
vt 0.0737459 0.844903
vn 0 1 0
vt 0.194703 0.844903
vn 0 1 0
vt 0.194703 0.824684
vn 1 0 0
vt 0.112147 0.944611
vn 1 0 0
vt 0.124021 0.944611
vn 1 0 0
vt 0.124021 0.941471
vn 1 0 0
vt 0.112147 0.941471
vn 0 -1 0
vt 0.0775497 0.824684
vn 0 -1 0
vt 0.0775497 0.844903
vn 0 -1 0
vt 0.198507 0.844903
vn 0 -1 0
vt 0.198507 0.824684
vn 0 0 1
vt 0.208635 0.901362
vn 0 0 1
vt 0.0876779 0.901362
vn 0 0 1
vt 0.0876779 0.906708
vn 0 0 1
vt 0.208635 0.906708
vn -1 0 0
vt 0.136533 0.788113
vn -1 0 0
vt 0.122515 0.788113
vn -1 0 0
vt 0.122515 0.96642
vn -1 0 0
vt 0.136533 0.96642
vn 0 0 -1
vt 0.1184 0.96642
vn 0 0 -1
vt 0.121545 0.96642
vn 0 0 -1
vt 0.121545 0.788113
vn 0 0 -1
vt 0.1184 0.788113
vn 0 1 0
vt 0.131388 0.811685
vn 0 1 0
vt 0.131388 0.887969
vn 0 1 0
vt 0.148501 0.887969
vn 0 1 0
vt 0.148501 0.811685
vn 1 0 0
vt 0.137378 0.96642
vn 1 0 0
vt 0.151396 0.96642
vn 1 0 0
vt 0.151396 0.788113
vn 1 0 0
vt 0.137378 0.788113
vn 0 -1 0
vt 0.131388 0.804253
vn 0 -1 0
vt 0.131388 0.880537
vn 0 -1 0
vt 0.148501 0.880537
vn 0 -1 0
vt 0.148501 0.804253
vn 0 0 1
vt 0.12488 0.788113
vn 0 0 1
vt 0.121735 0.788113
vn 0 0 1
vt 0.121735 0.96642
vn 0 0 1
vt 0.12488 0.96642
vn -1 0 0
vt 0.104067 0.788113
vn -1 0 0
vt 0.100588 0.788113
vn -1 0 0
vt 0.100588 0.96642
vn -1 0 0
vt 0.104067 0.96642
vn 0 0 -1
vt 0.120067 0.96642
vn 0 0 -1
vt 0.123212 0.96642
vn 0 0 -1
vt 0.123212 0.788113
vn 0 0 -1
vt 0.120067 0.788113
vn 0 1 0
vt 0.13498 0.941525
vn 0 1 0
vt 0.13498 0.943567
vn 0 1 0
vt 0.136827 0.943567
vn 0 1 0
vt 0.136827 0.941525
vn 1 0 0
vt 0.106121 0.96642
vn 1 0 0
vt 0.109599 0.96642
vn 1 0 0
vt 0.109599 0.788113
vn 1 0 0
vt 0.106121 0.788113
vn 0 -1 0
vt 0.131646 0.941525
vn 0 -1 0
vt 0.131646 0.943567
vn 0 -1 0
vt 0.133492 0.943567
vn 0 -1 0
vt 0.133492 0.941525
vn 0 0 1
vt 0.126547 0.788113
vn 0 0 1
vt 0.123402 0.788113
vn 0 0 1
vt 0.123402 0.96642
vn 0 0 1
vt 0.126547 0.96642
vn -1 0 0
vt 0.12474 0.899988
vn -1 0 0
vt 0.10452 0.899988
vn -1 0 0
vt 0.10452 0.905334
vn -1 0 0
vt 0.12474 0.905334
vn 0 0 -1
vt 0.0741798 0.857217
vn 0 0 -1
vt 0.195863 0.857217
vn 0 0 -1
vt 0.195863 0.851871
vn 0 0 -1
vt 0.0741798 0.851871
vn 0 1 0
vt 0.0696587 0.824684
vn 0 1 0
vt 0.0696587 0.844903
vn 0 1 0
vt 0.190616 0.844903
vn 0 1 0
vt 0.190616 0.824684
vn 1 0 0
vt 0.096469 0.905334
vn 1 0 0
vt 0.116688 0.905334
vn 1 0 0
vt 0.116688 0.899988
vn 1 0 0
vt 0.096469 0.899988
vn 0 -1 0
vt 0.0810535 0.824684
vn 0 -1 0
vt 0.0810535 0.844903
vn 0 -1 0
vt 0.202011 0.844903
vn 0 -1 0
vt 0.202011 0.824684
vn 0 0 1
vt 0.204427 0.845891
vn 0 0 1
vt 0.0827443 0.845891
vn 0 0 1
vt 0.0827443 0.851236
vn 0 0 1
vt 0.204427 0.851236
vn -1 0 0
vt 0.105911 0.788113
vn -1 0 0
vt 0.102432 0.788113
vn -1 0 0
vt 0.102432 0.96642
vn -1 0 0
vt 0.105911 0.96642
vn 0 0 -1
vt 0.113398 0.96642
vn 0 0 -1
vt 0.116543 0.96642
vn 0 0 -1
vt 0.116543 0.788113
vn 0 0 -1
vt 0.113398 0.788113
vn 0 1 0
vt 0.139982 0.941525
vn 0 1 0
vt 0.139982 0.943567
vn 0 1 0
vt 0.141829 0.943567
vn 0 1 0
vt 0.141829 0.941525
vn 1 0 0
vt 0.107965 0.96642
vn 1 0 0
vt 0.111443 0.96642
vn 1 0 0
vt 0.111443 0.788113
vn 1 0 0
vt 0.107965 0.788113
vn 0 -1 0
vt 0.138315 0.941525
vn 0 -1 0
vt 0.138315 0.943567
vn 0 -1 0
vt 0.140162 0.943567
vn 0 -1 0
vt 0.140162 0.941525
vn 0 0 1
vt 0.119878 0.788113
vn 0 0 1
vt 0.116733 0.788113
vn 0 0 1
vt 0.116733 0.96642
vn 0 0 1
vt 0.119878 0.96642
vn -1 0 0
vt 0.107755 0.788113
vn -1 0 0
vt 0.104276 0.788113
vn -1 0 0
vt 0.104276 0.96642
vn -1 0 0
vt 0.107755 0.96642
vn 0 0 -1
vt 0.154796 0.96642
vn 0 0 -1
vt 0.157941 0.96642
vn 0 0 -1
vt 0.157941 0.788113
vn 0 0 -1
vt 0.154796 0.788113
vn 0 1 0
vt 0.136647 0.941525
vn 0 1 0
vt 0.136647 0.943567
vn 0 1 0
vt 0.138494 0.943567
vn 0 1 0
vt 0.138494 0.941525
vn 1 0 0
vt 0.109809 0.96642
vn 1 0 0
vt 0.113287 0.96642
vn 1 0 0
vt 0.113287 0.788113
vn 1 0 0
vt 0.109809 0.788113
vn 0 -1 0
vt 0.133313 0.941525
vn 0 -1 0
vt 0.133313 0.943567
vn 0 -1 0
vt 0.13516 0.943567
vn 0 -1 0
vt 0.13516 0.941525
vn 0 0 1
vt 0.159608 0.788113
vn 0 0 1
vt 0.156463 0.788113
vn 0 0 1
vt 0.156463 0.96642
vn 0 0 1
vt 0.159608 0.96642
vn -1 0 0
vt 0.130656 0.899988
vn -1 0 0
vt 0.120202 0.899988
vn -1 0 0
vt 0.120202 0.905334
vn -1 0 0
vt 0.130656 0.905334
vn 0 0 -1
vt 0.0724185 0.905334
vn 0 0 -1
vt 0.193376 0.905334
vn 0 0 -1
vt 0.193376 0.899988
vn 0 0 -1
vt 0.0724185 0.899988
vn 0 1 0
vt 0.0735325 0.824908
vn 0 1 0
vt 0.0735325 0.835362
vn 0 1 0
vt 0.19449 0.835362
vn 0 1 0
vt 0.19449 0.824908
vn 1 0 0
vt 0.123145 0.944611
vn 1 0 0
vt 0.129285 0.944611
vn 1 0 0
vt 0.129285 0.941471
vn 1 0 0
vt 0.123145 0.941471
vn 0 -1 0
vt 0.0742759 0.856422
vn 0 -1 0
vt 0.0742759 0.866877
vn 0 -1 0
vt 0.195233 0.866877
vn 0 -1 0
vt 0.195233 0.856422
vn 0 0 1
vt 0.208197 0.899988
vn 0 0 1
vt 0.0872399 0.899988
vn 0 0 1
vt 0.0872399 0.905334
vn 0 0 1
vt 0.208197 0.905334
vn -1 0 0
vt 0.143965 0.788113
vn -1 0 0
vt 0.129947 0.788113
vn -1 0 0
vt 0.129947 0.96642
vn -1 0 0
vt 0.143965 0.96642
vn 0 0 -1
vt 0.111731 0.96642
vn 0 0 -1
vt 0.114876 0.96642
vn 0 0 -1
vt 0.114876 0.788113
vn 0 0 -1
vt 0.111731 0.788113
vn 0 1 0
vt 0.147992 0.926823
vn 0 1 0
vt 0.147992 0.935056
vn 0 1 0
vt 0.149839 0.935056
vn 0 1 0
vt 0.149839 0.926823
vn 1 0 0
vt 0.14481 0.96642
vn 1 0 0
vt 0.158828 0.96642
vn 1 0 0
vt 0.158828 0.788113
vn 1 0 0
vt 0.14481 0.788113
vn 0 -1 0
vt 0.131388 0.819117
vn 0 -1 0
vt 0.131388 0.8954
vn 0 -1 0
vt 0.148501 0.8954
vn 0 -1 0
vt 0.148501 0.819117
vn 0 0 1
vt 0.118211 0.788113
vn 0 0 1
vt 0.115066 0.788113
vn 0 0 1
vt 0.115066 0.96642
vn 0 0 1
vt 0.118211 0.96642
vn -1 0 0
vt 0.130184 0.899988
vn -1 0 0
vt 0.127591 0.899988
vn -1 0 0
vt 0.127591 0.905334
vn -1 0 0
vt 0.130184 0.905334
vn 0 0 -1
vt 0.09587 0.898393
vn 0 0 -1
vt 0.159977 0.898393
vn 0 0 -1
vt 0.159977 0.893047
vn 0 0 -1
vt 0.09587 0.893047
vn 0 1 0
vt 0.100276 0.900635
vn 0 1 0
vt 0.100276 0.903227
vn 0 1 0
vt 0.221234 0.903227
vn 0 1 0
vt 0.221234 0.900635
vn 1 0 0
vt 0.128966 0.905334
vn 1 0 0
vt 0.131558 0.905334
vn 1 0 0
vt 0.131558 0.899988
vn 1 0 0
vt 0.128966 0.899988
vn 0 -1 0
vt 0.078208 0.900635
vn 0 -1 0
vt 0.078208 0.903227
vn 0 -1 0
vt 0.199165 0.903227
vn 0 -1 0
vt 0.199165 0.900635
vn 0 0 1
vt 0.171302 0.893047
vn 0 0 1
vt 0.107195 0.893047
vn 0 0 1
vt 0.107195 0.898393
vn 0 0 1
vt 0.171302 0.898393
vn -1 0 0
vt 0.130435 0.941471
vn -1 0 0
vt 0.128912 0.941471
vn -1 0 0
vt 0.128912 0.944611
vn -1 0 0
vt 0.130435 0.944611
vn 0 0 -1
vt 0.0830277 0.846635
vn 0 0 -1
vt 0.204711 0.846635
vn 0 0 -1
vt 0.204711 0.84129
vn 0 0 -1
vt 0.0830277 0.84129
vn 0 1 0
vt 0.100276 0.902009
vn 0 1 0
vt 0.100276 0.904602
vn 0 1 0
vt 0.221234 0.904602
vn 0 1 0
vt 0.221234 0.902009
vn 1 0 0
vt 0.130287 0.944611
vn 1 0 0
vt 0.131809 0.944611
vn 1 0 0
vt 0.131809 0.941471
vn 1 0 0
vt 0.130287 0.941471
vn 0 -1 0
vt 0.0876779 0.900635
vn 0 -1 0
vt 0.0876779 0.903227
vn 0 -1 0
vt 0.208635 0.903227
vn 0 -1 0
vt 0.208635 0.900635
vn 0 0 1
vt 0.199165 0.901362
vn 0 0 1
vt 0.078208 0.901362
vn 0 0 1
vt 0.078208 0.906708
vn 0 0 1
vt 0.199165 0.906708
vn -1 0 0
vt 0.127408 0.899988
vn -1 0 0
vt 0.107188 0.899988
vn -1 0 0
vt 0.107188 0.905334
vn -1 0 0
vt 0.127408 0.905334
vn 0 0 -1
vt 0.0879117 0.836284
vn 0 0 -1
vt 0.209595 0.836284
vn 0 0 -1
vt 0.209595 0.830938
vn 0 0 -1
vt 0.0879117 0.830938
vn 0 1 0
vt 0.0737459 0.824684
vn 0 1 0
vt 0.0737459 0.844903
vn 0 1 0
vt 0.194703 0.844903
vn 0 1 0
vt 0.194703 0.824684
vn 1 0 0
vt 0.112147 0.944611
vn 1 0 0
vt 0.124021 0.944611
vn 1 0 0
vt 0.124021 0.941471
vn 1 0 0
vt 0.112147 0.941471
vn 0 -1 0
vt 0.0775497 0.824684
vn 0 -1 0
vt 0.0775497 0.844903
vn 0 -1 0
vt 0.198507 0.844903
vn 0 -1 0
vt 0.198507 0.824684
vn 0 0 1
vt 0.208635 0.901362
vn 0 0 1
vt 0.0876779 0.901362
vn 0 0 1
vt 0.0876779 0.906708
vn 0 0 1
vt 0.208635 0.906708
vn -1 0 0
vt 0.136533 0.788113
vn -1 0 0
vt 0.122515 0.788113
vn -1 0 0
vt 0.122515 0.96642
vn -1 0 0
vt 0.136533 0.96642
vn 0 0 -1
vt 0.1184 0.96642
vn 0 0 -1
vt 0.121545 0.96642
vn 0 0 -1
vt 0.121545 0.788113
vn 0 0 -1
vt 0.1184 0.788113
vn 0 1 0
vt 0.131388 0.811685
vn 0 1 0
vt 0.131388 0.887969
vn 0 1 0
vt 0.148501 0.887969
vn 0 1 0
vt 0.148501 0.811685
vn 1 0 0
vt 0.137378 0.96642
vn 1 0 0
vt 0.151396 0.96642
vn 1 0 0
vt 0.151396 0.788113
vn 1 0 0
vt 0.137378 0.788113
vn 0 -1 0
vt 0.131388 0.804253
vn 0 -1 0
vt 0.131388 0.880537
vn 0 -1 0
vt 0.148501 0.880537
vn 0 -1 0
vt 0.148501 0.804253
vn 0 0 1
vt 0.12488 0.788113
vn 0 0 1
vt 0.121735 0.788113
vn 0 0 1
vt 0.121735 0.96642
vn 0 0 1
vt 0.12488 0.96642
vn -1 0 0
vt 0.104067 0.788113
vn -1 0 0
vt 0.100588 0.788113
vn -1 0 0
vt 0.100588 0.96642
vn -1 0 0
vt 0.104067 0.96642
vn 0 0 -1
vt 0.120067 0.96642
vn 0 0 -1
vt 0.123212 0.96642
vn 0 0 -1
vt 0.123212 0.788113
vn 0 0 -1
vt 0.120067 0.788113
vn 0 1 0
vt 0.13498 0.941525
vn 0 1 0
vt 0.13498 0.943567
vn 0 1 0
vt 0.136827 0.943567
vn 0 1 0
vt 0.136827 0.941525
vn 1 0 0
vt 0.106121 0.96642
vn 1 0 0
vt 0.109599 0.96642
vn 1 0 0
vt 0.109599 0.788113
vn 1 0 0
vt 0.106121 0.788113
vn 0 -1 0
vt 0.131646 0.941525
vn 0 -1 0
vt 0.131646 0.943567
vn 0 -1 0
vt 0.133492 0.943567
vn 0 -1 0
vt 0.133492 0.941525
vn 0 0 1
vt 0.126547 0.788113
vn 0 0 1
vt 0.123402 0.788113
vn 0 0 1
vt 0.123402 0.96642
vn 0 0 1
vt 0.126547 0.96642
vn -1 0 0
vt 0.12474 0.899988
vn -1 0 0
vt 0.10452 0.899988
vn -1 0 0
vt 0.10452 0.905334
vn -1 0 0
vt 0.12474 0.905334
vn 0 0 -1
vt 0.0741798 0.857217
vn 0 0 -1
vt 0.195863 0.857217
vn 0 0 -1
vt 0.195863 0.851871
vn 0 0 -1
vt 0.0741798 0.851871
vn 0 1 0
vt 0.0696587 0.824684
vn 0 1 0
vt 0.0696587 0.844903
vn 0 1 0
vt 0.190616 0.844903
vn 0 1 0
vt 0.190616 0.824684
vn 1 0 0
vt 0.096469 0.905334
vn 1 0 0
vt 0.116688 0.905334
vn 1 0 0
vt 0.116688 0.899988
vn 1 0 0
vt 0.096469 0.899988
vn 0 -1 0
vt 0.0810535 0.824684
vn 0 -1 0
vt 0.0810535 0.844903
vn 0 -1 0
vt 0.202011 0.844903
vn 0 -1 0
vt 0.202011 0.824684
vn 0 0 1
vt 0.204427 0.845891
vn 0 0 1
vt 0.0827443 0.845891
vn 0 0 1
vt 0.0827443 0.851236
vn 0 0 1
vt 0.204427 0.851236
vn -1 0 0
vt 0.105911 0.788113
vn -1 0 0
vt 0.102432 0.788113
vn -1 0 0
vt 0.102432 0.96642
vn -1 0 0
vt 0.105911 0.96642
vn 0 0 -1
vt 0.113398 0.96642
vn 0 0 -1
vt 0.116543 0.96642
vn 0 0 -1
vt 0.116543 0.788113
vn 0 0 -1
vt 0.113398 0.788113
vn 0 1 0
vt 0.139982 0.941525
vn 0 1 0
vt 0.139982 0.943567
vn 0 1 0
vt 0.141829 0.943567
vn 0 1 0
vt 0.141829 0.941525
vn 1 0 0
vt 0.107965 0.96642
vn 1 0 0
vt 0.111443 0.96642
vn 1 0 0
vt 0.111443 0.788113
vn 1 0 0
vt 0.107965 0.788113
vn 0 -1 0
vt 0.138315 0.941525
vn 0 -1 0
vt 0.138315 0.943567
vn 0 -1 0
vt 0.140162 0.943567
vn 0 -1 0
vt 0.140162 0.941525
vn 0 0 1
vt 0.119878 0.788113
vn 0 0 1
vt 0.116733 0.788113
vn 0 0 1
vt 0.116733 0.96642
vn 0 0 1
vt 0.119878 0.96642
vn -1 0 0
vt 0.107755 0.788113
vn -1 0 0
vt 0.104276 0.788113
vn -1 0 0
vt 0.104276 0.96642
vn -1 0 0
vt 0.107755 0.96642
vn 0 0 -1
vt 0.154796 0.96642
vn 0 0 -1
vt 0.157941 0.96642
vn 0 0 -1
vt 0.157941 0.788113
vn 0 0 -1
vt 0.154796 0.788113
vn 0 1 0
vt 0.136647 0.941525
vn 0 1 0
vt 0.136647 0.943567
vn 0 1 0
vt 0.138494 0.943567
vn 0 1 0
vt 0.138494 0.941525
vn 1 0 0
vt 0.109809 0.96642
vn 1 0 0
vt 0.113287 0.96642
vn 1 0 0
vt 0.113287 0.788113
vn 1 0 0
vt 0.109809 0.788113
vn 0 -1 0
vt 0.133313 0.941525
vn 0 -1 0
vt 0.133313 0.943567
vn 0 -1 0
vt 0.13516 0.943567
vn 0 -1 0
vt 0.13516 0.941525
vn 0 0 1
vt 0.159608 0.788113
vn 0 0 1
vt 0.156463 0.788113
vn 0 0 1
vt 0.156463 0.96642
vn 0 0 1
vt 0.159608 0.96642
vn -1 0 0
vt 0.130656 0.899988
vn -1 0 0
vt 0.120202 0.899988
vn -1 0 0
vt 0.120202 0.905334
vn -1 0 0
vt 0.130656 0.905334
vn 0 0 -1
vt 0.0724185 0.905334
vn 0 0 -1
vt 0.193376 0.905334
vn 0 0 -1
vt 0.193376 0.899988
vn 0 0 -1
vt 0.0724185 0.899988
vn 0 1 0
vt 0.0735325 0.824908
vn 0 1 0
vt 0.0735325 0.835362
vn 0 1 0
vt 0.19449 0.835362
vn 0 1 0
vt 0.19449 0.824908
vn 1 0 0
vt 0.123145 0.944611
vn 1 0 0
vt 0.129285 0.944611
vn 1 0 0
vt 0.129285 0.941471
vn 1 0 0
vt 0.123145 0.941471
vn 0 -1 0
vt 0.0742759 0.856422
vn 0 -1 0
vt 0.0742759 0.866877
vn 0 -1 0
vt 0.195233 0.866877
vn 0 -1 0
vt 0.195233 0.856422
vn 0 0 1
vt 0.208197 0.899988
vn 0 0 1
vt 0.0872399 0.899988
vn 0 0 1
vt 0.0872399 0.905334
vn 0 0 1
vt 0.208197 0.905334
vn -1 0 0
vt 0.143965 0.788113
vn -1 0 0
vt 0.129947 0.788113
vn -1 0 0
vt 0.129947 0.96642
vn -1 0 0
vt 0.143965 0.96642
vn 0 0 -1
vt 0.111731 0.96642
vn 0 0 -1
vt 0.114876 0.96642
vn 0 0 -1
vt 0.114876 0.788113
vn 0 0 -1
vt 0.111731 0.788113
vn 0 1 0
vt 0.147992 0.926823
vn 0 1 0
vt 0.147992 0.935056
vn 0 1 0
vt 0.149839 0.935056
vn 0 1 0
vt 0.149839 0.926823
vn 1 0 0
vt 0.14481 0.96642
vn 1 0 0
vt 0.158828 0.96642
vn 1 0 0
vt 0.158828 0.788113
vn 1 0 0
vt 0.14481 0.788113
vn 0 -1 0
vt 0.131388 0.819117
vn 0 -1 0
vt 0.131388 0.8954
vn 0 -1 0
vt 0.148501 0.8954
vn 0 -1 0
vt 0.148501 0.819117
vn 0 0 1
vt 0.118211 0.788113
vn 0 0 1
vt 0.115066 0.788113
vn 0 0 1
vt 0.115066 0.96642
vn 0 0 1
vt 0.118211 0.96642
vn -0.0345168 -0.0673007 0.997136
vt 0.118211 0.96642
vn 0.13685 -0.0667073 0.988343
vt 0.118211 0.96642
vn 0.0345168 0.0673007 0.997136
vt 0.118211 0.96642
vn -0.13685 0.0667073 0.988343
vt 0.118211 0.96642
vn -0.898894 -0.438166 0
vt 0.118211 0.96642
vn 0.456354 -0.889798 0
vt 0.118211 0.96642
vn -0.456354 0.889798 0
vt 0.118211 0.96642
vn 0.898894 0.438166 0
vt 0.118211 0.96642
vn 0 0 -1
vt 0.984909 0.707031
vn 0 0 -1
vt 0.840608 0.707031
vn 0 0 -1
vt 0.840608 0.559015
vn 0 0 -1
vt 0.984909 0.559015
f 2/1/1 3/2/2 1/3/3
f 2/1/1 5/4/4 3/2/2
f 3/2/2 4/5/5 1/3/3
f 5/4/4 6/6/6 3/2/2
f 5/4/4 7/7/7 6/6/6
f 7/7/7 8/8/8 6/6/6
f 7/7/7 9/9/9 8/8/8
f 9/9/9 10/10/10 8/8/8
f 9/9/9 11/11/11 10/10/10
f 11/11/11 12/12/12 10/10/10
f 13/13/13 16/14/14 15/15/15
f 13/13/13 15/15/15 14/16/16
f 13/17/17 17/18/18 20/19/19
f 13/17/17 20/19/19 16/20/20
f 14/16/16 18/21/21 17/18/18
f 14/16/16 17/18/18 13/17/17
f 15/22/22 19/23/23 18/21/21
f 15/22/22 18/21/21 14/16/16
f 16/20/20 20/19/19 19/23/23
f 16/20/20 19/23/23 15/22/22
f 18/24/24 19/25/25 20/26/26
f 18/24/24 20/26/26 17/27/27
f 21/28/28 25/29/29 26/30/30
f 21/28/28 26/30/30 22/31/31
f 22/32/32 23/33/33 24/34/34
f 22/32/32 24/34/34 21/35/35
f 22/36/36 26/37/37 27/38/38
f 22/36/36 27/38/38 23/39/39
f 23/39/39 27/38/38 28/40/40
f 23/39/39 28/40/40 24/41/41
f 24/41/41 28/40/40 25/42/42
f 24/41/41 25/42/42 21/35/35
f 25/29/29 28/43/43 27/44/44
f 25/29/29 27/44/44 26/45/45
f 29/46/46 33/47/47 34/48/48
f 29/46/46 34/48/48 30/49/49
f 30/50/50 31/51/51 32/52/52
f 30/50/50 32/52/52 29/53/53
f 30/54/54 34/55/55 35/56/56
f 30/54/54 35/56/56 31/57/57
f 31/57/57 35/56/56 36/58/58
f 31/57/57 36/58/58 32/59/59
f 32/59/59 36/58/58 33/60/60
f 32/59/59 33/60/60 29/53/53
f 33/61/61 36/62/62 35/63/63
f 33/61/61 35/63/63 34/48/48
f 37/64/64 41/65/65 42/66/66
f 37/64/64 42/66/66 38/67/67
f 38/68/68 39/69/69 40/70/70
f 38/68/68 40/70/70 37/71/71
f 38/72/72 42/73/73 43/74/74
f 38/72/72 43/74/74 39/75/75
f 39/75/75 43/74/74 44/76/76
f 39/75/75 44/76/76 40/77/77
f 40/77/77 44/76/76 41/78/78
f 40/77/77 41/78/78 37/71/71
f 41/79/79 44/80/80 43/81/81
f 41/79/79 43/81/81 42/66/66
f 45/82/82 49/83/83 50/84/84
f 45/82/82 50/84/84 46/85/85
f 46/86/86 47/87/87 48/88/88
f 46/86/86 48/88/88 45/89/89
f 46/90/90 50/91/91 51/92/92
f 46/90/90 51/92/92 47/93/93
f 47/93/93 51/92/92 52/94/94
f 47/93/93 52/94/94 48/95/95
f 48/95/95 52/94/94 49/96/96
f 48/95/95 49/96/96 45/89/89
f 49/97/97 52/98/98 51/99/99
f 49/97/97 51/99/99 50/84/84
f 53/100/100 56/101/101 55/102/102
f 53/100/100 55/102/102 54/103/103
f 53/104/104 57/105/105 60/106/106
f 53/104/104 60/106/106 56/107/107
f 54/108/108 58/109/109 57/110/110
f 54/108/108 57/110/110 53/111/111
f 55/112/112 59/113/113 58/114/114
f 55/112/112 58/114/114 54/115/115
f 56/116/116 60/117/117 59/118/118
f 56/116/116 59/118/118 55/119/119
f 58/120/120 59/121/121 60/122/122
f 58/120/120 60/122/122 57/123/123
f 61/124/124 64/125/125 63/126/126
f 61/124/124 63/126/126 62/127/127
f 61/128/128 65/129/129 68/130/130
f 61/128/128 68/130/130 64/131/131
f 62/132/132 66/133/133 65/134/134
f 62/132/132 65/134/134 61/135/135
f 63/136/136 67/137/137 66/138/138
f 63/136/136 66/138/138 62/139/139
f 64/140/140 68/141/141 67/142/142
f 64/140/140 67/142/142 63/143/143
f 66/144/144 67/145/145 68/146/146
f 66/144/144 68/146/146 65/147/147
f 69/148/148 72/149/149 71/150/150
f 69/148/148 71/150/150 70/151/151
f 69/152/152 73/153/153 76/154/154
f 69/152/152 76/154/154 72/155/155
f 70/156/156 74/157/157 73/158/158
f 70/156/156 73/158/158 69/159/159
f 71/160/160 75/161/161 74/162/162
f 71/160/160 74/162/162 70/163/163
f 72/164/164 76/165/165 75/166/166
f 72/164/164 75/166/166 71/167/167
f 74/168/168 75/169/169 76/170/170
f 74/168/168 76/170/170 73/171/171
f 77/172/172 80/173/173 79/174/174
f 77/172/172 79/174/174 78/175/175
f 77/176/176 81/177/177 84/178/178
f 77/176/176 84/178/178 80/179/179
f 78/180/180 82/181/181 81/182/182
f 78/180/180 81/182/182 77/183/183
f 79/184/184 83/185/185 82/186/186
f 79/184/184 82/186/186 78/187/187
f 80/188/188 84/189/189 83/190/190
f 80/188/188 83/190/190 79/191/191
f 82/192/192 83/193/193 84/194/194
f 82/192/192 84/194/194 81/195/195
f 85/196/196 88/197/197 87/198/198
f 85/196/196 87/198/198 86/199/199
f 85/200/200 89/201/201 92/202/202
f 85/200/200 92/202/202 88/203/203
f 86/204/204 90/205/205 89/206/206
f 86/204/204 89/206/206 85/207/207
f 87/208/208 91/209/209 90/210/210
f 87/208/208 90/210/210 86/211/211
f 88/212/212 92/213/213 91/214/214
f 88/212/212 91/214/214 87/215/215
f 90/216/216 91/217/217 92/218/218
f 90/216/216 92/218/218 89/219/219
f 93/220/220 96/221/221 95/222/222
f 93/220/220 95/222/222 94/223/223
f 93/224/224 97/225/225 100/226/226
f 93/224/224 100/226/226 96/227/227
f 94/228/228 98/229/229 97/230/230
f 94/228/228 97/230/230 93/231/231
f 95/232/232 99/233/233 98/234/234
f 95/232/232 98/234/234 94/235/235
f 96/236/236 100/237/237 99/238/238
f 96/236/236 99/238/238 95/239/239
f 98/240/240 99/241/241 100/242/242
f 98/240/240 100/242/242 97/243/243
f 101/244/244 104/245/245 103/246/246
f 101/244/244 103/246/246 102/247/247
f 101/248/248 105/249/249 108/250/250
f 101/248/248 108/250/250 104/251/251
f 102/252/252 106/253/253 105/254/254
f 102/252/252 105/254/254 101/255/255
f 103/256/256 107/257/257 106/258/258
f 103/256/256 106/258/258 102/259/259
f 104/260/260 108/261/261 107/262/262
f 104/260/260 107/262/262 103/263/263
f 106/264/264 107/265/265 108/266/266
f 106/264/264 108/266/266 105/267/267
f 109/268/268 112/269/269 111/270/270
f 109/268/268 111/270/270 110/271/271
f 109/272/272 113/273/273 116/274/274
f 109/272/272 116/274/274 112/275/275
f 110/276/276 114/277/277 113/278/278
f 110/276/276 113/278/278 109/279/279
f 111/280/280 115/281/281 114/282/282
f 111/280/280 114/282/282 110/283/283
f 112/284/284 116/285/285 115/286/286
f 112/284/284 115/286/286 111/287/287
f 114/288/288 115/289/289 116/290/290
f 114/288/288 116/290/290 113/291/291
f 117/292/292 120/293/293 119/294/294
f 117/292/292 119/294/294 118/295/295
f 117/296/296 121/297/297 124/298/298
f 117/296/296 124/298/298 120/299/299
f 118/300/300 122/301/301 121/302/302
f 118/300/300 121/302/302 117/303/303
f 119/304/304 123/305/305 122/306/306
f 119/304/304 122/306/306 118/307/307
f 120/308/308 124/309/309 123/310/310
f 120/308/308 123/310/310 119/311/311
f 122/312/312 123/313/313 124/314/314
f 122/312/312 124/314/314 121/315/315
f 125/316/316 128/317/317 127/318/318
f 125/316/316 127/318/318 126/319/319
f 125/320/320 129/321/321 132/322/322
f 125/320/320 132/322/322 128/323/323
f 126/324/324 130/325/325 129/326/326
f 126/324/324 129/326/326 125/327/327
f 127/328/328 131/329/329 130/330/330
f 127/328/328 130/330/330 126/331/331
f 128/332/332 132/333/333 131/334/334
f 128/332/332 131/334/334 127/335/335
f 130/336/336 131/337/337 132/338/338
f 130/336/336 132/338/338 129/339/339
f 133/340/340 136/341/341 135/342/342
f 133/340/340 135/342/342 134/343/343
f 133/344/344 137/345/345 140/346/346
f 133/344/344 140/346/346 136/347/347
f 134/343/343 138/348/348 137/345/345
f 134/343/343 137/345/345 133/344/344
f 135/349/349 139/350/350 138/348/348
f 135/349/349 138/348/348 134/343/343
f 136/347/347 140/346/346 139/350/350
f 136/347/347 139/350/350 135/349/349
f 138/351/351 139/352/352 140/353/353
f 138/351/351 140/353/353 137/354/354
f 141/355/355 144/356/356 143/357/357
f 141/355/355 143/357/357 142/358/358
f 141/359/359 145/360/360 148/361/361
f 141/359/359 148/361/361 144/362/362
f 142/363/363 146/364/364 145/365/365
f 142/363/363 145/365/365 141/366/366
f 143/367/367 147/368/368 146/369/369
f 143/367/367 146/369/369 142/370/370
f 144/371/371 148/372/372 147/373/373
f 144/371/371 147/373/373 143/374/374
f 146/375/375 147/376/376 148/377/377
f 146/375/375 148/377/377 145/378/378
f 149/379/379 152/380/380 151/381/381
f 149/379/379 151/381/381 150/382/382
f 149/383/383 153/384/384 156/385/385
f 149/383/383 156/385/385 152/386/386
f 150/387/387 154/388/388 153/389/389
f 150/387/387 153/389/389 149/390/390
f 151/391/391 155/392/392 154/393/393
f 151/391/391 154/393/393 150/394/394
f 152/395/395 156/396/396 155/397/397
f 152/395/395 155/397/397 151/398/398
f 154/399/399 155/400/400 156/401/401
f 154/399/399 156/401/401 153/402/402
f 157/403/403 160/404/404 159/405/405
f 157/403/403 159/405/405 158/406/406
f 157/407/407 161/408/408 164/409/409
f 157/407/407 164/409/409 160/410/410
f 158/411/411 162/412/412 161/413/413
f 158/411/411 161/413/413 157/414/414
f 159/415/415 163/416/416 162/417/417
f 159/415/415 162/417/417 158/418/418
f 160/419/419 164/420/420 163/421/421
f 160/419/419 163/421/421 159/422/422
f 162/423/423 163/424/424 164/425/425
f 162/423/423 164/425/425 161/426/426
f 165/427/427 168/428/428 167/429/429
f 165/427/427 167/429/429 166/430/430
f 165/431/431 169/432/432 172/433/433
f 165/431/431 172/433/433 168/434/434
f 166/435/435 170/436/436 169/437/437
f 166/435/435 169/437/437 165/438/438
f 167/439/439 171/440/440 170/441/441
f 167/439/439 170/441/441 166/442/442
f 168/443/443 172/444/444 171/445/445
f 168/443/443 171/445/445 167/446/446
f 170/447/447 171/448/448 172/449/449
f 170/447/447 172/449/449 169/450/450
f 173/451/451 176/452/452 175/453/453
f 173/451/451 175/453/453 174/454/454
f 173/455/455 177/456/456 180/457/457
f 173/455/455 180/457/457 176/458/458
f 174/459/459 178/460/460 177/461/461
f 174/459/459 177/461/461 173/462/462
f 175/463/463 179/464/464 178/465/465
f 175/463/463 178/465/465 174/466/466
f 176/467/467 180/468/468 179/469/469
f 176/467/467 179/469/469 175/470/470
f 178/471/471 179/472/472 180/473/473
f 178/471/471 180/473/473 177/474/474
f 181/475/475 184/476/476 183/477/477
f 181/475/475 183/477/477 182/478/478
f 181/479/479 185/480/480 188/481/481
f 181/479/479 188/481/481 184/482/482
f 182/483/483 186/484/484 185/485/485
f 182/483/483 185/485/485 181/486/486
f 183/487/487 187/488/488 186/489/489
f 183/487/487 186/489/489 182/490/490
f 184/491/491 188/492/492 187/493/493
f 184/491/491 187/493/493 183/494/494
f 186/495/495 187/496/496 188/497/497
f 186/495/495 188/497/497 185/498/498
f 189/499/499 192/500/500 191/501/501
f 189/499/499 191/501/501 190/502/502
f 189/503/503 193/504/504 196/505/505
f 189/503/503 196/505/505 192/506/506
f 190/507/507 194/508/508 193/509/509
f 190/507/507 193/509/509 189/510/510
f 191/511/511 195/512/512 194/513/513
f 191/511/511 194/513/513 190/514/514
f 192/515/515 196/516/516 195/517/517
f 192/515/515 195/517/517 191/518/518
f 194/519/519 195/520/520 196/521/521
f 194/519/519 196/521/521 193/522/522
f 197/523/523 200/524/524 199/525/525
f 197/523/523 199/525/525 198/526/526
f 197/527/527 201/528/528 204/529/529
f 197/527/527 204/529/529 200/530/530
f 198/531/531 202/532/532 201/533/533
f 198/531/531 201/533/533 197/534/534
f 199/535/535 203/536/536 202/537/537
f 199/535/535 202/537/537 198/538/538
f 200/539/539 204/540/540 203/541/541
f 200/539/539 203/541/541 199/542/542
f 202/543/543 203/544/544 204/545/545
f 202/543/543 204/545/545 201/546/546
f 205/547/547 208/548/548 207/549/549
f 205/547/547 207/549/549 206/550/550
f 205/551/551 209/552/552 212/553/553
f 205/551/551 212/553/553 208/554/554
f 206/555/555 210/556/556 209/557/557
f 206/555/555 209/557/557 205/558/558
f 207/559/559 211/560/560 210/561/561
f 207/559/559 210/561/561 206/562/562
f 208/563/563 212/564/564 211/565/565
f 208/563/563 211/565/565 207/566/566
f 210/567/567 211/568/568 212/569/569
f 210/567/567 212/569/569 209/570/570
f 213/571/571 216/572/572 215/573/573
f 213/571/571 215/573/573 214/574/574
f 213/575/575 217/576/576 220/577/577
f 213/575/575 220/577/577 216/578/578
f 214/579/579 218/580/580 217/581/581
f 214/579/579 217/581/581 213/582/582
f 215/583/583 219/584/584 218/585/585
f 215/583/583 218/585/585 214/586/586
f 216/587/587 220/588/588 219/589/589
f 216/587/587 219/589/589 215/590/590
f 218/591/591 219/592/592 220/593/593
f 218/591/591 220/593/593 217/594/594
f 221/595/595 224/596/596 223/597/597
f 221/595/595 223/597/597 222/598/598
f 221/599/599 225/600/600 228/601/601
f 221/599/599 228/601/601 224/602/602
f 222/598/598 226/603/603 225/600/600
f 222/598/598 225/600/600 221/599/599
f 223/604/604 227/605/605 226/603/603
f 223/604/604 226/603/603 222/598/598
f 224/602/602 228/601/601 227/605/605
f 224/602/602 227/605/605 223/604/604
f 226/606/606 227/607/607 228/608/608
f 226/606/606 228/608/608 225/609/609
f 229/610/610 233/611/611 234/612/612
f 229/610/610 234/612/612 230/613/613
f 230/614/614 231/615/615 232/616/616
f 230/614/614 232/616/616 229/617/617
f 230/618/618 234/619/619 235/620/620
f 230/618/618 235/620/620 231/621/621
f 231/622/622 235/623/623 236/624/624
f 231/622/622 236/624/624 232/625/625
f 232/626/626 236/627/627 233/628/628
f 232/626/626 233/628/628 229/629/629
f 233/630/630 236/631/631 235/632/632
f 233/630/630 235/632/632 234/633/633
f 237/634/634 241/635/635 242/636/636
f 237/634/634 242/636/636 238/637/637
f 238/638/638 239/639/639 240/640/640
f 238/638/638 240/640/640 237/641/641
f 238/642/642 242/643/643 243/644/644
f 238/642/642 243/644/644 239/645/645
f 239/646/646 243/647/647 244/648/648
f 239/646/646 244/648/648 240/649/649
f 240/650/650 244/651/651 241/652/652
f 240/650/650 241/652/652 237/653/653
f 241/654/654 244/655/655 243/656/656
f 241/654/654 243/656/656 242/657/657
f 245/658/658 249/659/659 250/660/660
f 245/658/658 250/660/660 246/661/661
f 246/662/662 247/663/663 248/664/664
f 246/662/662 248/664/664 245/665/665
f 246/666/666 250/667/667 251/668/668
f 246/666/666 251/668/668 247/669/669
f 247/670/670 251/671/671 252/672/672
f 247/670/670 252/672/672 248/673/673
f 248/674/674 252/675/675 249/676/676
f 248/674/674 249/676/676 245/677/677
f 249/678/678 252/679/679 251/680/680
f 249/678/678 251/680/680 250/681/681
f 253/682/682 257/683/683 258/684/684
f 253/682/682 258/684/684 254/685/685
f 254/686/686 255/687/687 256/688/688
f 254/686/686 256/688/688 253/689/689
f 254/690/690 258/691/691 259/692/692
f 254/690/690 259/692/692 255/693/693
f 255/694/694 259/695/695 260/696/696
f 255/694/694 260/696/696 256/697/697
f 256/698/698 260/699/699 257/700/700
f 256/698/698 257/700/700 253/701/701
f 257/702/702 260/703/703 259/704/704
f 257/702/702 259/704/704 258/705/705
f 261/706/706 265/707/707 266/708/708
f 261/706/706 266/708/708 262/709/709
f 262/710/710 263/711/711 264/712/712
f 262/710/710 264/712/712 261/713/713
f 262/714/714 266/715/715 267/716/716
f 262/714/714 267/716/716 263/717/717
f 263/718/718 267/719/719 268/720/720
f 263/718/718 268/720/720 264/721/721
f 264/722/722 268/723/723 265/724/724
f 264/722/722 265/724/724 261/725/725
f 265/726/726 268/727/727 267/728/728
f 265/726/726 267/728/728 266/729/729
f 269/730/730 273/731/731 274/732/732
f 269/730/730 274/732/732 270/733/733
f 270/734/734 271/735/735 272/736/736
f 270/734/734 272/736/736 269/737/737
f 270/738/738 274/739/739 275/740/740
f 270/738/738 275/740/740 271/741/741
f 271/742/742 275/743/743 276/744/744
f 271/742/742 276/744/744 272/745/745
f 272/746/746 276/747/747 273/748/748
f 272/746/746 273/748/748 269/749/749
f 273/750/750 276/751/751 275/752/752
f 273/750/750 275/752/752 274/753/753
f 277/754/754 281/755/755 282/756/756
f 277/754/754 282/756/756 278/757/757
f 278/758/758 279/759/759 280/760/760
f 278/758/758 280/760/760 277/761/761
f 278/762/762 282/763/763 283/764/764
f 278/762/762 283/764/764 279/765/765
f 279/766/766 283/767/767 284/768/768
f 279/766/766 284/768/768 280/769/769
f 280/770/770 284/771/771 281/772/772
f 280/770/770 281/772/772 277/773/773
f 281/774/774 284/775/775 283/776/776
f 281/774/774 283/776/776 282/777/777
f 285/778/778 289/779/779 290/780/780
f 285/778/778 290/780/780 286/781/781
f 286/782/782 287/783/783 288/784/784
f 286/782/782 288/784/784 285/785/785
f 286/786/786 290/787/787 291/788/788
f 286/786/786 291/788/788 287/789/789
f 287/790/790 291/791/791 292/792/792
f 287/790/790 292/792/792 288/793/793
f 288/794/794 292/795/795 289/796/796
f 288/794/794 289/796/796 285/797/797
f 289/798/798 292/799/799 291/800/800
f 289/798/798 291/800/800 290/801/801
f 293/802/802 297/803/803 298/804/804
f 293/802/802 298/804/804 294/805/805
f 294/806/806 295/807/807 296/808/808
f 294/806/806 296/808/808 293/809/809
f 294/810/810 298/811/811 299/812/812
f 294/810/810 299/812/812 295/813/813
f 295/814/814 299/815/815 300/816/816
f 295/814/814 300/816/816 296/817/817
f 296/818/818 300/819/819 297/820/820
f 296/818/818 297/820/820 293/821/821
f 297/822/822 300/823/823 299/824/824
f 297/822/822 299/824/824 298/825/825
f 301/826/826 305/827/827 306/828/828
f 301/826/826 306/828/828 302/829/829
f 302/830/830 303/831/831 304/832/832
f 302/830/830 304/832/832 301/833/833
f 302/834/834 306/835/835 307/836/836
f 302/834/834 307/836/836 303/837/837
f 303/838/838 307/839/839 308/840/840
f 303/838/838 308/840/840 304/841/841
f 304/842/842 308/843/843 305/844/844
f 304/842/842 305/844/844 301/845/845
f 305/846/846 308/847/847 307/848/848
f 305/846/846 307/848/848 306/849/849
f 309/850/850 313/851/851 314/852/852
f 309/850/850 314/852/852 310/853/853
f 310/854/854 311/855/855 312/856/856
f 310/854/854 312/856/856 309/857/857
f 310/858/858 314/859/859 315/860/860
f 310/858/858 315/860/860 311/861/861
f 311/861/861 315/860/860 316/862/862
f 311/861/861 316/862/862 312/863/863
f 312/863/863 316/862/862 313/864/864
f 312/863/863 313/864/864 309/857/857
f 313/865/865 316/866/866 315/867/867
f 313/865/865 315/867/867 314/868/868
f 317/869/869 321/870/870 322/871/871
f 317/869/869 322/871/871 318/872/872
f 318/873/873 319/874/874 320/875/875
f 318/873/873 320/875/875 317/876/876
f 318/877/877 322/878/878 323/879/879
f 318/877/877 323/879/879 319/880/880
f 319/881/881 323/882/882 324/883/883
f 319/881/881 324/883/883 320/884/884
f 320/885/885 324/886/886 321/887/887
f 320/885/885 321/887/887 317/888/888
f 321/889/889 324/890/890 323/891/891
f 321/889/889 323/891/891 322/892/892
f 325/893/893 329/894/894 330/895/895
f 325/893/893 330/895/895 326/896/896
f 326/897/897 327/898/898 328/899/899
f 326/897/897 328/899/899 325/900/900
f 326/901/901 330/902/902 331/903/903
f 326/901/901 331/903/903 327/904/904
f 327/905/905 331/906/906 332/907/907
f 327/905/905 332/907/907 328/908/908
f 328/909/909 332/910/910 329/911/911
f 328/909/909 329/911/911 325/912/912
f 329/913/913 332/914/914 331/915/915
f 329/913/913 331/915/915 330/916/916
f 333/917/917 337/918/918 338/919/919
f 333/917/917 338/919/919 334/920/920
f 334/921/921 335/922/922 336/923/923
f 334/921/921 336/923/923 333/924/924
f 334/925/925 338/926/926 339/927/927
f 334/925/925 339/927/927 335/928/928
f 335/929/929 339/930/930 340/931/931
f 335/929/929 340/931/931 336/932/932
f 336/933/933 340/934/934 337/935/935
f 336/933/933 337/935/935 333/936/936
f 337/937/937 340/938/938 339/939/939
f 337/937/937 339/939/939 338/940/940
f 341/941/941 345/942/942 346/943/943
f 341/941/941 346/943/943 342/944/944
f 342/945/945 343/946/946 344/947/947
f 342/945/945 344/947/947 341/948/948
f 342/949/949 346/950/950 347/951/951
f 342/949/949 347/951/951 343/952/952
f 343/953/953 347/954/954 348/955/955
f 343/953/953 348/955/955 344/956/956
f 344/957/957 348/958/958 345/959/959
f 344/957/957 345/959/959 341/960/960
f 345/961/961 348/962/962 347/963/963
f 345/961/961 347/963/963 346/964/964
f 349/965/965 353/966/966 354/967/967
f 349/965/965 354/967/967 350/968/968
f 350/969/969 351/970/970 352/971/971
f 350/969/969 352/971/971 349/972/972
f 350/973/973 354/974/974 355/975/975
f 350/973/973 355/975/975 351/976/976
f 351/977/977 355/978/978 356/979/979
f 351/977/977 356/979/979 352/980/980
f 352/981/981 356/982/982 353/983/983
f 352/981/981 353/983/983 349/984/984
f 353/985/985 356/986/986 355/987/987
f 353/985/985 355/987/987 354/988/988
f 357/989/989 361/990/990 362/991/991
f 357/989/989 362/991/991 358/992/992
f 358/993/993 359/994/994 360/995/995
f 358/993/993 360/995/995 357/996/996
f 358/997/997 362/998/998 363/999/999
f 358/997/997 363/999/999 359/1000/1000
f 359/1001/1001 363/1002/1002 364/1003/1003
f 359/1001/1001 364/1003/1003 360/1004/1004
f 360/1005/1005 364/1006/1006 361/1007/1007
f 360/1005/1005 361/1007/1007 357/1008/1008
f 361/1009/1009 364/1010/1010 363/1011/1011
f 361/1009/1009 363/1011/1011 362/1012/1012
f 365/1013/1013 369/1014/1014 370/1015/1015
f 365/1013/1013 370/1015/1015 366/1016/1016
f 366/1017/1017 367/1018/1018 368/1019/1019
f 366/1017/1017 368/1019/1019 365/1020/1020
f 366/1021/1021 370/1022/1022 371/1023/1023
f 366/1021/1021 371/1023/1023 367/1024/1024
f 367/1025/1025 371/1026/1026 372/1027/1027
f 367/1025/1025 372/1027/1027 368/1028/1028
f 368/1029/1029 372/1030/1030 369/1031/1031
f 368/1029/1029 369/1031/1031 365/1032/1032
f 369/1033/1033 372/1034/1034 371/1035/1035
f 369/1033/1033 371/1035/1035 370/1036/1036
f 373/1037/1037 377/1038/1038 378/1039/1039
f 373/1037/1037 378/1039/1039 374/1040/1040
f 374/1041/1041 375/1042/1042 376/1043/1043
f 374/1041/1041 376/1043/1043 373/1044/1044
f 374/1045/1045 378/1046/1046 379/1047/1047
f 374/1045/1045 379/1047/1047 375/1048/1048
f 375/1049/1049 379/1050/1050 380/1051/1051
f 375/1049/1049 380/1051/1051 376/1052/1052
f 376/1053/1053 380/1054/1054 377/1055/1055
f 376/1053/1053 377/1055/1055 373/1056/1056
f 377/1057/1057 380/1058/1058 379/1059/1059
f 377/1057/1057 379/1059/1059 378/1060/1060
f 381/1061/1061 385/1062/1062 386/1063/1063
f 381/1061/1061 386/1063/1063 382/1064/1064
f 382/1065/1065 383/1066/1066 384/1067/1067
f 382/1065/1065 384/1067/1067 381/1068/1068
f 382/1069/1069 386/1070/1070 387/1071/1071
f 382/1069/1069 387/1071/1071 383/1072/1072
f 383/1073/1073 387/1074/1074 388/1075/1075
f 383/1073/1073 388/1075/1075 384/1076/1076
f 384/1077/1077 388/1078/1078 385/1079/1079
f 384/1077/1077 385/1079/1079 381/1080/1080
f 385/1081/1081 388/1082/1082 387/1083/1083
f 385/1081/1081 387/1083/1083 386/1084/1084
f 389/1085/1085 393/1086/1086 394/1087/1087
f 389/1085/1085 394/1087/1087 390/1088/1088
f 390/1089/1089 391/1090/1090 392/1091/1091
f 390/1089/1089 392/1091/1091 389/1092/1092
f 390/1093/1093 394/1094/1094 395/1095/1095
f 390/1093/1093 395/1095/1095 391/1096/1096
f 391/1097/1097 395/1098/1098 396/1099/1099
f 391/1097/1097 396/1099/1099 392/1100/1100
f 392/1101/1101 396/1102/1102 393/1103/1103
f 392/1101/1101 393/1103/1103 389/1104/1104
f 393/1105/1105 396/1106/1106 395/1107/1107
f 393/1105/1105 395/1107/1107 394/1108/1108
f 397/1109/1109 401/1110/1110 402/1111/1111
f 397/1109/1109 402/1111/1111 398/1112/1112
f 398/1113/1113 399/1114/1114 400/1115/1115
f 398/1113/1113 400/1115/1115 397/1116/1116
f 398/1117/1117 402/1118/1118 403/1119/1119
f 398/1117/1117 403/1119/1119 399/1120/1120
f 399/1120/1120 403/1119/1119 404/1121/1121
f 399/1120/1120 404/1121/1121 400/1122/1122
f 400/1122/1122 404/1121/1121 401/1123/1123
f 400/1122/1122 401/1123/1123 397/1116/1116
f 401/1124/1124 404/1125/1125 403/1126/1126
f 401/1124/1124 403/1126/1126 402/1127/1127
f 405/1128/1128 408/1129/1129 407/1130/1130
f 405/1128/1128 407/1130/1130 406/1131/1131
f 405/1132/1132 409/1133/1133 412/1134/1134
f 405/1132/1132 412/1134/1134 408/1135/1135
f 406/1136/1136 410/1137/1137 409/1138/1138
f 406/1136/1136 409/1138/1138 405/1139/1139
f 407/1140/1140 411/1141/1141 410/1142/1142
f 407/1140/1140 410/1142/1142 406/1143/1143
f 408/1144/1144 412/1145/1145 411/1146/1146
f 408/1144/1144 411/1146/1146 407/1147/1147
f 410/1148/1148 411/1149/1149 412/1150/1150
f 410/1148/1148 412/1150/1150 409/1151/1151
f 413/1152/1152 417/1153/1153 416/1154/1154
f 413/1155/1155 434/1156/1156 414/1157/1157
f 414/1158/1158 417/1159/1159 413/1160/1160
f 414/1158/1158 418/1161/1161 417/1159/1159
f 414/1162/1162 423/1163/1163 422/1164/1164
f 414/1162/1162 426/1165/1165 418/1166/1166
f 414/1157/1157 434/1156/1156 433/1167/1167
f 414/1157/1157 436/1168/1168 415/1169/1169
f 415/1170/1170 423/1163/1163 414/1162/1162
f 415/1170/1170 427/1171/1171 423/1163/1163
f 415/1169/1169 436/1168/1168 416/1172/1172
f 416/1173/1173 419/1174/1174 415/1175/1175
f 416/1173/1173 420/1176/1176 419/1174/1174
f 416/1172/1172 434/1156/1156 413/1155/1155
f 416/1172/1172 435/1177/1177 434/1156/1156
f 416/1172/1172 436/1168/1168 435/1177/1177
f 417/1153/1153 420/1178/1178 416/1154/1154
f 418/1179/1179 419/1180/1180 417/1181/1181
f 418/1166/1166 426/1165/1165 419/1182/1182
f 419/1180/1180 420/1183/1183 417/1181/1181
f 419/1182/1182 427/1171/1171 415/1170/1170
f 421/1184/1184 426/1185/1185 422/1186/1186
f 421/1187/1187 429/1188/1188 425/1189/1189
f 421/1190/1190 431/1191/1191 430/1192/1192
f 421/1187/1187 432/1193/1193 429/1188/1188
f 422/1194/1194 423/1195/1195 421/1196/1196
f 422/1164/1164 426/1165/1165 414/1162/1162
f 423/1195/1195 424/1197/1197 421/1196/1196
f 423/1198/1198 428/1199/1199 424/1200/1200
f 424/1201/1201 431/1191/1191 421/1190/1190
f 424/1202/1202 432/1193/1193 431/1203/1203
f 425/1204/1204 426/1185/1185 421/1184/1184
f 425/1205/1205 428/1206/1206 426/1207/1207
f 425/1205/1205 429/1208/1208 428/1206/1206
f 426/1165/1165 427/1171/1171 419/1182/1182
f 426/1207/1207 428/1206/1206 427/1209/1209
f 427/1210/1210 428/1199/1199 423/1198/1198
f 428/1211/1211 429/1188/1188 424/1202/1202
f 429/1188/1188 432/1193/1193 424/1202/1202
f 430/1212/1212 432/1193/1193 421/1187/1187
f 431/1203/1203 432/1193/1193 430/1212/1212
f 433/1167/1167 436/1168/1168 414/1157/1157
f 433/1213/1213 437/1214/1214 436/1215/1215
f 434/1216/1216 437/1217/1217 433/1218/1218
f 434/1216/1216 438/1219/1219 437/1217/1217
f 434/1220/1220 439/1221/1221 438/1222/1222
f 435/1223/1223 439/1221/1221 434/1220/1220
f 436/1224/1224 439/1225/1225 435/1226/1226
f 436/1224/1224 440/1227/1227 439/1225/1225
f 437/1214/1214 440/1228/1228 436/1215/1215
f 438/1229/1229 439/1230/1230 437/1231/1231
f 439/1230/1230 440/1232/1232 437/1231/1231
f 441/1233/1233 445/1234/1234 446/1235/1235
f 441/1233/1233 446/1235/1235 442/1236/1236
f 442/1236/1236 443/1237/1237 444/1238/1238
f 442/1236/1236 444/1238/1238 441/1233/1233
f 442/1236/1236 446/1235/1235 447/1239/1239
f 442/1236/1236 447/1239/1239 443/1237/1237
f 443/1237/1237 447/1239/1239 448/1240/1240
f 443/1237/1237 448/1240/1240 444/1238/1238
f 444/1238/1238 448/1240/1240 445/1234/1234
f 444/1238/1238 445/1234/1234 441/1233/1233
f 445/1241/1241 448/1242/1242 447/1243/1243
f 445/1241/1241 447/1243/1243 446/1244/1244
f 449/1245/1245 452/1246/1246 451/1247/1247
f 449/1245/1245 451/1247/1247 450/1248/1248
f 449/1249/1249 453/1250/1250 456/1251/1251
f 449/1249/1249 456/1251/1251 452/1252/1252
f 450/1253/1253 454/1254/1254 453/1255/1255
f 450/1253/1253 453/1255/1255 449/1256/1256
f 451/1257/1257 455/1258/1258 454/1259/1259
f 451/1257/1257 454/1259/1259 450/1260/1260
f 452/1261/1261 456/1262/1262 455/1263/1263
f 452/1261/1261 455/1263/1263 451/1264/1264
f 454/1265/1265 455/1266/1266 456/1267/1267
f 454/1265/1265 456/1267/1267 453/1268/1268
f 457/1269/1269 460/1270/1270 459/1271/1271
f 457/1269/1269 459/1271/1271 458/1272/1272
f 457/1273/1273 461/1274/1274 464/1275/1275
f 457/1273/1273 464/1275/1275 460/1276/1276
f 458/1277/1277 462/1278/1278 461/1279/1279
f 458/1277/1277 461/1279/1279 457/1280/1280
f 459/1281/1281 463/1282/1282 462/1283/1283
f 459/1281/1281 462/1283/1283 458/1284/1284
f 460/1285/1285 464/1286/1286 463/1287/1287
f 460/1285/1285 463/1287/1287 459/1288/1288
f 462/1289/1289 463/1290/1290 464/1291/1291
f 462/1289/1289 464/1291/1291 461/1292/1292
f 465/1293/1293 468/1294/1294 467/1295/1295
f 465/1293/1293 467/1295/1295 466/1296/1296
f 465/1297/1297 469/1298/1298 472/1299/1299
f 465/1297/1297 472/1299/1299 468/1300/1300
f 466/1301/1301 470/1302/1302 469/1303/1303
f 466/1301/1301 469/1303/1303 465/1304/1304
f 467/1305/1305 471/1306/1306 470/1307/1307
f 467/1305/1305 470/1307/1307 466/1308/1308
f 468/1309/1309 472/1310/1310 471/1311/1311
f 468/1309/1309 471/1311/1311 467/1312/1312
f 470/1313/1313 471/1314/1314 472/1315/1315
f 470/1313/1313 472/1315/1315 469/1316/1316
f 473/1317/1317 476/1318/1318 475/1319/1319
f 473/1317/1317 475/1319/1319 474/1320/1320
f 473/1321/1321 477/1322/1322 480/1323/1323
f 473/1321/1321 480/1323/1323 476/1324/1324
f 474/1325/1325 478/1326/1326 477/1327/1327
f 474/1325/1325 477/1327/1327 473/1328/1328
f 475/1329/1329 479/1330/1330 478/1331/1331
f 475/1329/1329 478/1331/1331 474/1332/1332
f 476/1333/1333 480/1334/1334 479/1335/1335
f 476/1333/1333 479/1335/1335 475/1336/1336
f 478/1337/1337 479/1338/1338 480/1339/1339
f 478/1337/1337 480/1339/1339 477/1340/1340
f 481/1341/1341 484/1342/1342 483/1343/1343
f 481/1341/1341 483/1343/1343 482/1344/1344
f 481/1345/1345 485/1346/1346 488/1347/1347
f 481/1345/1345 488/1347/1347 484/1348/1348
f 482/1349/1349 486/1350/1350 485/1351/1351
f 482/1349/1349 485/1351/1351 481/1352/1352
f 483/1353/1353 487/1354/1354 486/1355/1355
f 483/1353/1353 486/1355/1355 482/1356/1356
f 484/1357/1357 488/1358/1358 487/1359/1359
f 484/1357/1357 487/1359/1359 483/1360/1360
f 486/1361/1361 487/1362/1362 488/1363/1363
f 486/1361/1361 488/1363/1363 485/1364/1364
f 489/1365/1365 492/1366/1366 491/1367/1367
f 489/1365/1365 491/1367/1367 490/1368/1368
f 489/1369/1369 493/1370/1370 496/1371/1371
f 489/1369/1369 496/1371/1371 492/1372/1372
f 490/1373/1373 494/1374/1374 493/1375/1375
f 490/1373/1373 493/1375/1375 489/1376/1376
f 491/1377/1377 495/1378/1378 494/1379/1379
f 491/1377/1377 494/1379/1379 490/1380/1380
f 492/1381/1381 496/1382/1382 495/1383/1383
f 492/1381/1381 495/1383/1383 491/1384/1384
f 494/1385/1385 495/1386/1386 496/1387/1387
f 494/1385/1385 496/1387/1387 493/1388/1388
f 497/1389/1389 500/1390/1390 499/1391/1391
f 497/1389/1389 499/1391/1391 498/1392/1392
f 497/1393/1393 501/1394/1394 504/1395/1395
f 497/1393/1393 504/1395/1395 500/1396/1396
f 498/1397/1397 502/1398/1398 501/1399/1399
f 498/1397/1397 501/1399/1399 497/1400/1400
f 499/1401/1401 503/1402/1402 502/1403/1403
f 499/1401/1401 502/1403/1403 498/1404/1404
f 500/1405/1405 504/1406/1406 503/1407/1407
f 500/1405/1405 503/1407/1407 499/1408/1408
f 502/1409/1409 503/1410/1410 504/1411/1411
f 502/1409/1409 504/1411/1411 501/1412/1412
f 505/1413/1413 508/1414/1414 507/1415/1415
f 505/1413/1413 507/1415/1415 506/1416/1416
f 505/1417/1417 509/1418/1418 512/1419/1419
f 505/1417/1417 512/1419/1419 508/1420/1420
f 506/1421/1421 510/1422/1422 509/1423/1423
f 506/1421/1421 509/1423/1423 505/1424/1424
f 507/1425/1425 511/1426/1426 510/1427/1427
f 507/1425/1425 510/1427/1427 506/1428/1428
f 508/1429/1429 512/1430/1430 511/1431/1431
f 508/1429/1429 511/1431/1431 507/1432/1432
f 510/1433/1433 511/1434/1434 512/1435/1435
f 510/1433/1433 512/1435/1435 509/1436/1436
f 513/1437/1437 516/1438/1438 515/1439/1439
f 513/1437/1437 515/1439/1439 514/1440/1440
f 513/1441/1441 517/1442/1442 520/1443/1443
f 513/1441/1441 520/1443/1443 516/1444/1444
f 514/1445/1445 518/1446/1446 517/1447/1447
f 514/1445/1445 517/1447/1447 513/1448/1448
f 515/1449/1449 519/1450/1450 518/1451/1451
f 515/1449/1449 518/1451/1451 514/1452/1452
f 516/1453/1453 520/1454/1454 519/1455/1455
f 516/1453/1453 519/1455/1455 515/1456/1456
f 518/1457/1457 519/1458/1458 520/1459/1459
f 518/1457/1457 520/1459/1459 517/1460/1460
f 521/1461/1461 524/1462/1462 523/1463/1463
f 521/1461/1461 523/1463/1463 522/1464/1464
f 521/1465/1465 525/1466/1466 528/1467/1467
f 521/1465/1465 528/1467/1467 524/1468/1468
f 522/1469/1469 526/1470/1470 525/1471/1471
f 522/1469/1469 525/1471/1471 521/1472/1472
f 523/1473/1473 527/1474/1474 526/1475/1475
f 523/1473/1473 526/1475/1475 522/1476/1476
f 524/1477/1477 528/1478/1478 527/1479/1479
f 524/1477/1477 527/1479/1479 523/1480/1480
f 526/1481/1481 527/1482/1482 528/1483/1483
f 526/1481/1481 528/1483/1483 525/1484/1484
f 529/1485/1485 532/1486/1486 531/1487/1487
f 529/1485/1485 531/1487/1487 530/1488/1488
f 529/1489/1489 533/1490/1490 536/1491/1491
f 529/1489/1489 536/1491/1491 532/1492/1492
f 530/1493/1493 534/1494/1494 533/1495/1495
f 530/1493/1493 533/1495/1495 529/1496/1496
f 531/1497/1497 535/1498/1498 534/1499/1499
f 531/1497/1497 534/1499/1499 530/1500/1500
f 532/1501/1501 536/1502/1502 535/1503/1503
f 532/1501/1501 535/1503/1503 531/1504/1504
f 534/1505/1505 535/1506/1506 536/1507/1507
f 534/1505/1505 536/1507/1507 533/1508/1508
f 537/1509/1509 540/1510/1510 539/1511/1511
f 537/1509/1509 539/1511/1511 538/1512/1512
f 537/1513/1513 541/1514/1514 544/1515/1515
f 537/1513/1513 544/1515/1515 540/1516/1516
f 538/1517/1517 542/1518/1518 541/1519/1519
f 538/1517/1517 541/1519/1519 537/1520/1520
f 539/1521/1521 543/1522/1522 542/1523/1523
f 539/1521/1521 542/1523/1523 538/1524/1524
f 540/1525/1525 544/1526/1526 543/1527/1527
f 540/1525/1525 543/1527/1527 539/1528/1528
f 542/1529/1529 543/1530/1530 544/1531/1531
f 542/1529/1529 544/1531/1531 541/1532/1532
f 545/1533/1533 548/1534/1534 547/1535/1535
f 545/1533/1533 547/1535/1535 546/1536/1536
f 545/1537/1537 549/1538/1538 552/1539/1539
f 545/1537/1537 552/1539/1539 548/1540/1540
f 546/1541/1541 550/1542/1542 549/1543/1543
f 546/1541/1541 549/1543/1543 545/1544/1544
f 547/1545/1545 551/1546/1546 550/1547/1547
f 547/1545/1545 550/1547/1547 546/1548/1548
f 548/1549/1549 552/1550/1550 551/1551/1551
f 548/1549/1549 551/1551/1551 547/1552/1552
f 550/1553/1553 551/1554/1554 552/1555/1555
f 550/1553/1553 552/1555/1555 549/1556/1556
f 553/1557/1557 556/1558/1558 555/1559/1559
f 553/1557/1557 555/1559/1559 554/1560/1560
f 553/1561/1561 557/1562/1562 560/1563/1563
f 553/1561/1561 560/1563/1563 556/1564/1564
f 554/1565/1565 558/1566/1566 557/1567/1567
f 554/1565/1565 557/1567/1567 553/1568/1568
f 555/1569/1569 559/1570/1570 558/1571/1571
f 555/1569/1569 558/1571/1571 554/1572/1572
f 556/1573/1573 560/1574/1574 559/1575/1575
f 556/1573/1573 559/1575/1575 555/1576/1576
f 558/1577/1577 559/1578/1578 560/1579/1579
f 558/1577/1577 560/1579/1579 557/1580/1580
f 561/1581/1581 564/1582/1582 563/1583/1583
f 561/1581/1581 563/1583/1583 562/1584/1584
f 561/1585/1585 565/1586/1586 568/1587/1587
f 561/1585/1585 568/1587/1587 564/1588/1588
f 562/1589/1589 566/1590/1590 565/1591/1591
f 562/1589/1589 565/1591/1591 561/1592/1592
f 563/1593/1593 567/1594/1594 566/1595/1595
f 563/1593/1593 566/1595/1595 562/1596/1596
f 564/1597/1597 568/1598/1598 567/1599/1599
f 564/1597/1597 567/1599/1599 563/1600/1600
f 566/1601/1601 567/1602/1602 568/1603/1603
f 566/1601/1601 568/1603/1603 565/1604/1604
f 569/1605/1605 572/1606/1606 571/1607/1607
f 569/1605/1605 571/1607/1607 570/1608/1608
f 569/1609/1609 573/1610/1610 576/1611/1611
f 569/1609/1609 576/1611/1611 572/1612/1612
f 570/1613/1613 574/1614/1614 573/1615/1615
f 570/1613/1613 573/1615/1615 569/1616/1616
f 571/1617/1617 575/1618/1618 574/1619/1619
f 571/1617/1617 574/1619/1619 570/1620/1620
f 572/1621/1621 576/1622/1622 575/1623/1623
f 572/1621/1621 575/1623/1623 571/1624/1624
f 574/1625/1625 575/1626/1626 576/1627/1627
f 574/1625/1625 576/1627/1627 573/1628/1628
f 577/1629/1629 580/1630/1630 579/1631/1631
f 577/1629/1629 579/1631/1631 578/1632/1632
f 577/1633/1633 581/1634/1634 584/1635/1635
f 577/1633/1633 584/1635/1635 580/1636/1636
f 578/1637/1637 582/1638/1638 581/1639/1639
f 578/1637/1637 581/1639/1639 577/1640/1640
f 579/1641/1641 583/1642/1642 582/1643/1643
f 579/1641/1641 582/1643/1643 578/1644/1644
f 580/1645/1645 584/1646/1646 583/1647/1647
f 580/1645/1645 583/1647/1647 579/1648/1648
f 582/1649/1649 583/1650/1650 584/1651/1651
f 582/1649/1649 584/1651/1651 581/1652/1652
f 585/1653/1653 588/1654/1654 587/1655/1655
f 585/1653/1653 587/1655/1655 586/1656/1656
f 585/1657/1657 589/1658/1658 592/1659/1659
f 585/1657/1657 592/1659/1659 588/1660/1660
f 586/1661/1661 590/1662/1662 589/1663/1663
f 586/1661/1661 589/1663/1663 585/1664/1664
f 587/1665/1665 591/1666/1666 590/1667/1667
f 587/1665/1665 590/1667/1667 586/1668/1668
f 588/1669/1669 592/1670/1670 591/1671/1671
f 588/1669/1669 591/1671/1671 587/1672/1672
f 590/1673/1673 591/1674/1674 592/1675/1675
f 590/1673/1673 592/1675/1675 589/1676/1676
f 593/1677/1677 596/1678/1678 595/1679/1679
f 593/1677/1677 595/1679/1679 594/1680/1680
f 593/1681/1681 597/1682/1682 600/1683/1683
f 593/1681/1681 600/1683/1683 596/1684/1684
f 594/1685/1685 598/1686/1686 597/1687/1687
f 594/1685/1685 597/1687/1687 593/1688/1688
f 595/1689/1689 599/1690/1690 598/1691/1691
f 595/1689/1689 598/1691/1691 594/1692/1692
f 596/1693/1693 600/1694/1694 599/1695/1695
f 596/1693/1693 599/1695/1695 595/1696/1696
f 598/1697/1697 599/1698/1698 600/1699/1699
f 598/1697/1697 600/1699/1699 597/1700/1700
f 601/1701/1701 604/1702/1702 603/1703/1703
f 601/1701/1701 603/1703/1703 602/1704/1704
f 601/1705/1705 605/1706/1706 608/1707/1707
f 601/1705/1705 608/1707/1707 604/1708/1708
f 602/1709/1709 606/1710/1710 605/1711/1711
f 602/1709/1709 605/1711/1711 601/1712/1712
f 603/1713/1713 607/1714/1714 606/1715/1715
f 603/1713/1713 606/1715/1715 602/1716/1716
f 604/1717/1717 608/1718/1718 607/1719/1719
f 604/1717/1717 607/1719/1719 603/1720/1720
f 606/1721/1721 607/1722/1722 608/1723/1723
f 606/1721/1721 608/1723/1723 605/1724/1724
f 609/1725/1725 612/1726/1726 611/1727/1727
f 609/1725/1725 611/1727/1727 610/1728/1728
f 609/1729/1729 613/1730/1730 616/1731/1731
f 609/1729/1729 616/1731/1731 612/1732/1732
f 610/1733/1733 614/1734/1734 613/1735/1735
f 610/1733/1733 613/1735/1735 609/1736/1736
f 611/1737/1737 615/1738/1738 614/1739/1739
f 611/1737/1737 614/1739/1739 610/1740/1740
f 612/1741/1741 616/1742/1742 615/1743/1743
f 612/1741/1741 615/1743/1743 611/1744/1744
f 614/1745/1745 615/1746/1746 616/1747/1747
f 614/1745/1745 616/1747/1747 613/1748/1748
f 617/1749/1749 620/1750/1750 619/1751/1751
f 617/1749/1749 619/1751/1751 618/1752/1752
f 617/1753/1753 621/1754/1754 624/1755/1755
f 617/1753/1753 624/1755/1755 620/1756/1756
f 618/1757/1757 622/1758/1758 621/1759/1759
f 618/1757/1757 621/1759/1759 617/1760/1760
f 619/1761/1761 623/1762/1762 622/1763/1763
f 619/1761/1761 622/1763/1763 618/1764/1764
f 620/1765/1765 624/1766/1766 623/1767/1767
f 620/1765/1765 623/1767/1767 619/1768/1768
f 622/1769/1769 623/1770/1770 624/1771/1771
f 622/1769/1769 624/1771/1771 621/1772/1772
f 625/1773/1773 628/1774/1774 627/1775/1775
f 625/1773/1773 627/1775/1775 626/1776/1776
f 625/1777/1777 629/1778/1778 632/1779/1779
f 625/1777/1777 632/1779/1779 628/1780/1780
f 626/1781/1781 630/1782/1782 629/1783/1783
f 626/1781/1781 629/1783/1783 625/1784/1784
f 627/1785/1785 631/1786/1786 630/1787/1787
f 627/1785/1785 630/1787/1787 626/1788/1788
f 628/1789/1789 632/1790/1790 631/1791/1791
f 628/1789/1789 631/1791/1791 627/1792/1792
f 630/1793/1793 631/1794/1794 632/1795/1795
f 630/1793/1793 632/1795/1795 629/1796/1796
f 633/1797/1797 636/1798/1798 635/1799/1799
f 633/1797/1797 635/1799/1799 634/1800/1800
f 633/1801/1801 637/1802/1802 640/1803/1803
f 633/1801/1801 640/1803/1803 636/1804/1804
f 634/1805/1805 638/1806/1806 637/1807/1807
f 634/1805/1805 637/1807/1807 633/1808/1808
f 635/1809/1809 639/1810/1810 638/1811/1811
f 635/1809/1809 638/1811/1811 634/1812/1812
f 636/1813/1813 640/1814/1814 639/1815/1815
f 636/1813/1813 639/1815/1815 635/1816/1816
f 638/1817/1817 639/1818/1818 640/1819/1819
f 638/1817/1817 640/1819/1819 637/1820/1820
f 641/1821/1821 644/1822/1822 643/1823/1823
f 641/1821/1821 643/1823/1823 642/1824/1824
f 641/1825/1825 645/1826/1826 648/1827/1827
f 641/1825/1825 648/1827/1827 644/1828/1828
f 642/1829/1829 646/1830/1830 645/1831/1831
f 642/1829/1829 645/1831/1831 641/1832/1832
f 643/1833/1833 647/1834/1834 646/1835/1835
f 643/1833/1833 646/1835/1835 642/1836/1836
f 644/1837/1837 648/1838/1838 647/1839/1839
f 644/1837/1837 647/1839/1839 643/1840/1840
f 646/1841/1841 647/1842/1842 648/1843/1843
f 646/1841/1841 648/1843/1843 645/1844/1844
f 649/1845/1845 652/1846/1846 651/1847/1847
f 649/1845/1845 651/1847/1847 650/1848/1848
f 649/1849/1849 653/1850/1850 656/1851/1851
f 649/1849/1849 656/1851/1851 652/1852/1852
f 650/1853/1853 654/1854/1854 653/1855/1855
f 650/1853/1853 653/1855/1855 649/1856/1856
f 651/1857/1857 655/1858/1858 654/1859/1859
f 651/1857/1857 654/1859/1859 650/1860/1860
f 652/1861/1861 656/1862/1862 655/1863/1863
f 652/1861/1861 655/1863/1863 651/1864/1864
f 654/1865/1865 655/1866/1866 656/1867/1867
f 654/1865/1865 656/1867/1867 653/1868/1868
f 657/1869/1869 660/1870/1870 659/1871/1871
f 657/1869/1869 659/1871/1871 658/1872/1872
f 657/1873/1873 661/1874/1874 664/1875/1875
f 657/1873/1873 664/1875/1875 660/1876/1876
f 658/1877/1877 662/1878/1878 661/1879/1879
f 658/1877/1877 661/1879/1879 657/1880/1880
f 659/1881/1881 663/1882/1882 662/1883/1883
f 659/1881/1881 662/1883/1883 658/1884/1884
f 660/1885/1885 664/1886/1886 663/1887/1887
f 660/1885/1885 663/1887/1887 659/1888/1888
f 662/1889/1889 663/1890/1890 664/1891/1891
f 662/1889/1889 664/1891/1891 661/1892/1892
f 665/1893/1893 668/1894/1894 667/1895/1895
f 665/1893/1893 667/1895/1895 666/1896/1896
f 665/1897/1897 669/1898/1898 672/1899/1899
f 665/1897/1897 672/1899/1899 668/1900/1900
f 666/1901/1901 670/1902/1902 669/1903/1903
f 666/1901/1901 669/1903/1903 665/1904/1904
f 667/1905/1905 671/1906/1906 670/1907/1907
f 667/1905/1905 670/1907/1907 666/1908/1908
f 668/1909/1909 672/1910/1910 671/1911/1911
f 668/1909/1909 671/1911/1911 667/1912/1912
f 670/1913/1913 671/1914/1914 672/1915/1915
f 670/1913/1913 672/1915/1915 669/1916/1916
f 673/1917/1917 676/1918/1918 675/1919/1919
f 673/1917/1917 675/1919/1919 674/1920/1920
f 673/1921/1921 677/1922/1922 680/1923/1923
f 673/1921/1921 680/1923/1923 676/1924/1924
f 674/1925/1925 678/1926/1926 677/1927/1927
f 674/1925/1925 677/1927/1927 673/1928/1928
f 675/1929/1929 679/1930/1930 678/1931/1931
f 675/1929/1929 678/1931/1931 674/1932/1932
f 676/1933/1933 680/1934/1934 679/1935/1935
f 676/1933/1933 679/1935/1935 675/1936/1936
f 678/1937/1937 679/1938/1938 680/1939/1939
f 678/1937/1937 680/1939/1939 677/1940/1940
f 681/1941/1941 684/1942/1942 683/1943/1943
f 681/1941/1941 683/1943/1943 682/1944/1944
f 681/1945/1945 685/1946/1946 688/1947/1947
f 681/1945/1945 688/1947/1947 684/1948/1948
f 682/1949/1949 686/1950/1950 685/1951/1951
f 682/1949/1949 685/1951/1951 681/1952/1952
f 683/1953/1953 687/1954/1954 686/1955/1955
f 683/1953/1953 686/1955/1955 682/1956/1956
f 684/1957/1957 688/1958/1958 687/1959/1959
f 684/1957/1957 687/1959/1959 683/1960/1960
f 686/1961/1961 687/1962/1962 688/1963/1963
f 686/1961/1961 688/1963/1963 685/1964/1964
f 689/1965/1965 692/1966/1966 691/1967/1967
f 689/1965/1965 691/1967/1967 690/1968/1968
f 689/1969/1969 693/1970/1970 696/1971/1971
f 689/1969/1969 696/1971/1971 692/1972/1972
f 690/1973/1973 694/1974/1974 693/1975/1975
f 690/1973/1973 693/1975/1975 689/1976/1976
f 691/1977/1977 695/1978/1978 694/1979/1979
f 691/1977/1977 694/1979/1979 690/1980/1980
f 692/1981/1981 696/1982/1982 695/1983/1983
f 692/1981/1981 695/1983/1983 691/1984/1984
f 694/1985/1985 695/1986/1986 696/1987/1987
f 694/1985/1985 696/1987/1987 693/1988/1988
f 697/1989/1989 700/1990/1990 699/1991/1991
f 697/1989/1989 699/1991/1991 698/1992/1992
f 697/1993/1993 701/1994/1994 704/1995/1995
f 697/1993/1993 704/1995/1995 700/1996/1996
f 698/1997/1997 702/1998/1998 701/1999/1999
f 698/1997/1997 701/1999/1999 697/2000/2000
f 699/2001/2001 703/2002/2002 702/2003/2003
f 699/2001/2001 702/2003/2003 698/2004/2004
f 700/2005/2005 704/2006/2006 703/2007/2007
f 700/2005/2005 703/2007/2007 699/2008/2008
f 702/2009/2009 703/2010/2010 704/2011/2011
f 702/2009/2009 704/2011/2011 701/2012/2012
f 705/2013/2013 708/2014/2014 707/2015/2015
f 705/2013/2013 707/2015/2015 706/2016/2016
f 705/2017/2017 709/2018/2018 712/2019/2019
f 705/2017/2017 712/2019/2019 708/2020/2020
f 706/2021/2021 710/2022/2022 709/2023/2023
f 706/2021/2021 709/2023/2023 705/2024/2024
f 707/2025/2025 711/2026/2026 710/2027/2027
f 707/2025/2025 710/2027/2027 706/2028/2028
f 708/2029/2029 712/2030/2030 711/2031/2031
f 708/2029/2029 711/2031/2031 707/2032/2032
f 710/2033/2033 711/2034/2034 712/2035/2035
f 710/2033/2033 712/2035/2035 709/2036/2036
f 713/2037/2037 716/2038/2038 715/2039/2039
f 713/2037/2037 715/2039/2039 714/2040/2040
f 713/2041/2041 717/2042/2042 720/2043/2043
f 713/2041/2041 720/2043/2043 716/2044/2044
f 714/2045/2045 718/2046/2046 717/2047/2047
f 714/2045/2045 717/2047/2047 713/2048/2048
f 715/2049/2049 719/2050/2050 718/2051/2051
f 715/2049/2049 718/2051/2051 714/2052/2052
f 716/2053/2053 720/2054/2054 719/2055/2055
f 716/2053/2053 719/2055/2055 715/2056/2056
f 718/2057/2057 719/2058/2058 720/2059/2059
f 718/2057/2057 720/2059/2059 717/2060/2060
f 721/2061/2061 724/2062/2062 723/2063/2063
f 721/2061/2061 723/2063/2063 722/2064/2064
f 721/2065/2065 725/2066/2066 728/2067/2067
f 721/2065/2065 728/2067/2067 724/2068/2068
f 722/2069/2069 726/2070/2070 725/2071/2071
f 722/2069/2069 725/2071/2071 721/2072/2072
f 723/2073/2073 727/2074/2074 726/2075/2075
f 723/2073/2073 726/2075/2075 722/2076/2076
f 724/2077/2077 728/2078/2078 727/2079/2079
f 724/2077/2077 727/2079/2079 723/2080/2080
f 726/2081/2081 727/2082/2082 728/2083/2083
f 726/2081/2081 728/2083/2083 725/2084/2084
f 729/2085/2085 732/2086/2086 731/2087/2087
f 729/2085/2085 731/2087/2087 730/2088/2088
f 729/2089/2089 733/2090/2090 736/2091/2091
f 729/2089/2089 736/2091/2091 732/2092/2092
f 730/2093/2093 734/2094/2094 733/2095/2095
f 730/2093/2093 733/2095/2095 729/2096/2096
f 731/2097/2097 735/2098/2098 734/2099/2099
f 731/2097/2097 734/2099/2099 730/2100/2100
f 732/2101/2101 736/2102/2102 735/2103/2103
f 732/2101/2101 735/2103/2103 731/2104/2104
f 734/2105/2105 735/2106/2106 736/2107/2107
f 734/2105/2105 736/2107/2107 733/2108/2108
f 737/2109/2109 740/2110/2110 739/2111/2111
f 737/2109/2109 739/2111/2111 738/2112/2112
f 737/2113/2113 741/2114/2114 744/2115/2115
f 737/2113/2113 744/2115/2115 740/2116/2116
f 738/2117/2117 742/2118/2118 741/2119/2119
f 738/2117/2117 741/2119/2119 737/2120/2120
f 739/2121/2121 743/2122/2122 742/2123/2123
f 739/2121/2121 742/2123/2123 738/2124/2124
f 740/2125/2125 744/2126/2126 743/2127/2127
f 740/2125/2125 743/2127/2127 739/2128/2128
f 742/2129/2129 743/2130/2130 744/2131/2131
f 742/2129/2129 744/2131/2131 741/2132/2132
f 745/2133/2133 748/2134/2134 747/2135/2135
f 745/2133/2133 747/2135/2135 746/2136/2136
f 745/2137/2137 749/2138/2138 752/2139/2139
f 745/2137/2137 752/2139/2139 748/2140/2140
f 746/2141/2141 750/2142/2142 749/2143/2143
f 746/2141/2141 749/2143/2143 745/2144/2144
f 747/2145/2145 751/2146/2146 750/2147/2147
f 747/2145/2145 750/2147/2147 746/2148/2148
f 748/2149/2149 752/2150/2150 751/2151/2151
f 748/2149/2149 751/2151/2151 747/2152/2152
f 750/2153/2153 751/2154/2154 752/2155/2155
f 750/2153/2153 752/2155/2155 749/2156/2156
f 753/2157/2157 756/2158/2158 755/2159/2159
f 753/2157/2157 755/2159/2159 754/2160/2160
f 753/2161/2161 757/2162/2162 760/2163/2163
f 753/2161/2161 760/2163/2163 756/2164/2164
f 754/2165/2165 758/2166/2166 757/2167/2167
f 754/2165/2165 757/2167/2167 753/2168/2168
f 755/2169/2169 759/2170/2170 758/2171/2171
f 755/2169/2169 758/2171/2171 754/2172/2172
f 756/2173/2173 760/2174/2174 759/2175/2175
f 756/2173/2173 759/2175/2175 755/2176/2176
f 758/2177/2177 759/2178/2178 760/2179/2179
f 758/2177/2177 760/2179/2179 757/2180/2180
f 761/2181/2181 764/2182/2182 763/2183/2183
f 761/2181/2181 763/2183/2183 762/2184/2184
f 761/2185/2185 765/2186/2186 768/2187/2187
f 761/2185/2185 768/2187/2187 764/2188/2188
f 762/2189/2189 766/2190/2190 765/2191/2191
f 762/2189/2189 765/2191/2191 761/2192/2192
f 763/2193/2193 767/2194/2194 766/2195/2195
f 763/2193/2193 766/2195/2195 762/2196/2196
f 764/2197/2197 768/2198/2198 767/2199/2199
f 764/2197/2197 767/2199/2199 763/2200/2200
f 766/2201/2201 767/2202/2202 768/2203/2203
f 766/2201/2201 768/2203/2203 765/2204/2204
f 769/2205/2205 772/2206/2206 771/2207/2207
f 769/2205/2205 771/2207/2207 770/2208/2208
f 769/2209/2209 773/2210/2210 776/2211/2211
f 769/2209/2209 776/2211/2211 772/2212/2212
f 770/2213/2213 774/2214/2214 773/2215/2215
f 770/2213/2213 773/2215/2215 769/2216/2216
f 771/2217/2217 775/2218/2218 774/2219/2219
f 771/2217/2217 774/2219/2219 770/2220/2220
f 772/2221/2221 776/2222/2222 775/2223/2223
f 772/2221/2221 775/2223/2223 771/2224/2224
f 774/2225/2225 775/2226/2226 776/2227/2227
f 774/2225/2225 776/2227/2227 773/2228/2228
f 777/2229/2229 780/2230/2230 779/2231/2231
f 777/2229/2229 779/2231/2231 778/2232/2232
f 777/2233/2233 781/2234/2234 784/2235/2235
f 777/2233/2233 784/2235/2235 780/2236/2236
f 778/2237/2237 782/2238/2238 781/2239/2239
f 778/2237/2237 781/2239/2239 777/2240/2240
f 779/2241/2241 783/2242/2242 782/2243/2243
f 779/2241/2241 782/2243/2243 778/2244/2244
f 780/2245/2245 784/2246/2246 783/2247/2247
f 780/2245/2245 783/2247/2247 779/2248/2248
f 782/2249/2249 783/2250/2250 784/2251/2251
f 782/2249/2249 784/2251/2251 781/2252/2252
f 785/2253/2253 788/2254/2254 787/2255/2255
f 785/2253/2253 787/2255/2255 786/2256/2256
f 785/2257/2257 789/2258/2258 792/2259/2259
f 785/2257/2257 792/2259/2259 788/2260/2260
f 786/2261/2261 790/2262/2262 789/2263/2263
f 786/2261/2261 789/2263/2263 785/2264/2264
f 787/2265/2265 791/2266/2266 790/2267/2267
f 787/2265/2265 790/2267/2267 786/2268/2268
f 788/2269/2269 792/2270/2270 791/2271/2271
f 788/2269/2269 791/2271/2271 787/2272/2272
f 790/2273/2273 791/2274/2274 792/2275/2275
f 790/2273/2273 792/2275/2275 789/2276/2276
f 793/2277/2277 796/2278/2278 795/2279/2279
f 793/2277/2277 795/2279/2279 794/2280/2280
f 793/2281/2281 797/2282/2282 800/2283/2283
f 793/2281/2281 800/2283/2283 796/2284/2284
f 794/2285/2285 798/2286/2286 797/2287/2287
f 794/2285/2285 797/2287/2287 793/2288/2288
f 795/2289/2289 799/2290/2290 798/2291/2291
f 795/2289/2289 798/2291/2291 794/2292/2292
f 796/2293/2293 800/2294/2294 799/2295/2295
f 796/2293/2293 799/2295/2295 795/2296/2296
f 798/2297/2297 799/2298/2298 800/2299/2299
f 798/2297/2297 800/2299/2299 797/2300/2300
f 801/2301/2301 804/2302/2302 803/2303/2303
f 801/2301/2301 803/2303/2303 802/2304/2304
f 801/2305/2305 805/2306/2306 808/2307/2307
f 801/2305/2305 808/2307/2307 804/2308/2308
f 802/2309/2309 806/2310/2310 805/2311/2311
f 802/2309/2309 805/2311/2311 801/2312/2312
f 803/2313/2313 807/2314/2314 806/2315/2315
f 803/2313/2313 806/2315/2315 802/2316/2316
f 804/2317/2317 808/2318/2318 807/2319/2319
f 804/2317/2317 807/2319/2319 803/2320/2320
f 806/2321/2321 807/2322/2322 808/2323/2323
f 806/2321/2321 808/2323/2323 805/2324/2324
f 809/2325/2325 812/2326/2326 811/2327/2327
f 809/2325/2325 811/2327/2327 810/2328/2328
f 809/2329/2329 813/2330/2330 816/2331/2331
f 809/2329/2329 816/2331/2331 812/2332/2332
f 810/2333/2333 814/2334/2334 813/2335/2335
f 810/2333/2333 813/2335/2335 809/2336/2336
f 811/2337/2337 815/2338/2338 814/2339/2339
f 811/2337/2337 814/2339/2339 810/2340/2340
f 812/2341/2341 816/2342/2342 815/2343/2343
f 812/2341/2341 815/2343/2343 811/2344/2344
f 814/2345/2345 815/2346/2346 816/2347/2347
f 814/2345/2345 816/2347/2347 813/2348/2348
f 817/2349/2349 820/2350/2350 819/2351/2351
f 817/2349/2349 819/2351/2351 818/2352/2352
f 817/2353/2353 821/2354/2354 824/2355/2355
f 817/2353/2353 824/2355/2355 820/2356/2356
f 818/2357/2357 822/2358/2358 821/2359/2359
f 818/2357/2357 821/2359/2359 817/2360/2360
f 819/2361/2361 823/2362/2362 822/2363/2363
f 819/2361/2361 822/2363/2363 818/2364/2364
f 820/2365/2365 824/2366/2366 823/2367/2367
f 820/2365/2365 823/2367/2367 819/2368/2368
f 822/2369/2369 823/2370/2370 824/2371/2371
f 822/2369/2369 824/2371/2371 821/2372/2372
f 825/2373/2373 828/2374/2374 827/2375/2375
f 825/2373/2373 827/2375/2375 826/2376/2376
f 825/2377/2377 829/2378/2378 832/2379/2379
f 825/2377/2377 832/2379/2379 828/2380/2380
f 826/2381/2381 830/2382/2382 829/2383/2383
f 826/2381/2381 829/2383/2383 825/2384/2384
f 827/2385/2385 831/2386/2386 830/2387/2387
f 827/2385/2385 830/2387/2387 826/2388/2388
f 828/2389/2389 832/2390/2390 831/2391/2391
f 828/2389/2389 831/2391/2391 827/2392/2392
f 830/2393/2393 831/2394/2394 832/2395/2395
f 830/2393/2393 832/2395/2395 829/2396/2396
f 833/2397/2397 836/2398/2398 835/2399/2399
f 833/2397/2397 835/2399/2399 834/2400/2400
f 833/2401/2401 837/2402/2402 840/2403/2403
f 833/2401/2401 840/2403/2403 836/2404/2404
f 834/2405/2405 838/2406/2406 837/2407/2407
f 834/2405/2405 837/2407/2407 833/2408/2408
f 835/2409/2409 839/2410/2410 838/2411/2411
f 835/2409/2409 838/2411/2411 834/2412/2412
f 836/2413/2413 840/2414/2414 839/2415/2415
f 836/2413/2413 839/2415/2415 835/2416/2416
f 838/2417/2417 839/2418/2418 840/2419/2419
f 838/2417/2417 840/2419/2419 837/2420/2420
f 841/2421/2421 844/2422/2422 843/2423/2423
f 841/2421/2421 843/2423/2423 842/2424/2424
f 841/2425/2425 845/2426/2426 848/2427/2427
f 841/2425/2425 848/2427/2427 844/2428/2428
f 842/2429/2429 846/2430/2430 845/2431/2431
f 842/2429/2429 845/2431/2431 841/2432/2432
f 843/2433/2433 847/2434/2434 846/2435/2435
f 843/2433/2433 846/2435/2435 842/2436/2436
f 844/2437/2437 848/2438/2438 847/2439/2439
f 844/2437/2437 847/2439/2439 843/2440/2440
f 846/2441/2441 847/2442/2442 848/2443/2443
f 846/2441/2441 848/2443/2443 845/2444/2444
f 849/2445/2445 852/2446/2446 851/2447/2447
f 849/2445/2445 851/2447/2447 850/2448/2448
f 849/2449/2449 853/2450/2450 856/2451/2451
f 849/2449/2449 856/2451/2451 852/2452/2452
f 850/2453/2453 854/2454/2454 853/2455/2455
f 850/2453/2453 853/2455/2455 849/2456/2456
f 851/2457/2457 855/2458/2458 854/2459/2459
f 851/2457/2457 854/2459/2459 850/2460/2460
f 852/2461/2461 856/2462/2462 855/2463/2463
f 852/2461/2461 855/2463/2463 851/2464/2464
f 854/2465/2465 855/2466/2466 856/2467/2467
f 854/2465/2465 856/2467/2467 853/2468/2468
f 857/2469/2469 860/2470/2470 859/2471/2471
f 857/2469/2469 859/2471/2471 858/2472/2472
f 857/2473/2473 861/2474/2474 864/2475/2475
f 857/2473/2473 864/2475/2475 860/2476/2476
f 858/2477/2477 862/2478/2478 861/2479/2479
f 858/2477/2477 861/2479/2479 857/2480/2480
f 859/2481/2481 863/2482/2482 862/2483/2483
f 859/2481/2481 862/2483/2483 858/2484/2484
f 860/2485/2485 864/2486/2486 863/2487/2487
f 860/2485/2485 863/2487/2487 859/2488/2488
f 862/2489/2489 863/2490/2490 864/2491/2491
f 862/2489/2489 864/2491/2491 861/2492/2492
f 865/2493/2493 868/2494/2494 867/2495/2495
f 865/2493/2493 867/2495/2495 866/2496/2496
f 865/2497/2497 869/2498/2498 872/2499/2499
f 865/2497/2497 872/2499/2499 868/2500/2500
f 866/2501/2501 870/2502/2502 869/2503/2503
f 866/2501/2501 869/2503/2503 865/2504/2504
f 867/2505/2505 871/2506/2506 870/2507/2507
f 867/2505/2505 870/2507/2507 866/2508/2508
f 868/2509/2509 872/2510/2510 871/2511/2511
f 868/2509/2509 871/2511/2511 867/2512/2512
f 870/2513/2513 871/2514/2514 872/2515/2515
f 870/2513/2513 872/2515/2515 869/2516/2516
f 873/2517/2517 876/2518/2518 875/2519/2519
f 873/2517/2517 875/2519/2519 874/2520/2520
f 873/2521/2521 877/2522/2522 880/2523/2523
f 873/2521/2521 880/2523/2523 876/2524/2524
f 874/2525/2525 878/2526/2526 877/2527/2527
f 874/2525/2525 877/2527/2527 873/2528/2528
f 875/2529/2529 879/2530/2530 878/2531/2531
f 875/2529/2529 878/2531/2531 874/2532/2532
f 876/2533/2533 880/2534/2534 879/2535/2535
f 876/2533/2533 879/2535/2535 875/2536/2536
f 878/2537/2537 879/2538/2538 880/2539/2539
f 878/2537/2537 880/2539/2539 877/2540/2540
f 881/2541/2541 884/2542/2542 883/2543/2543
f 881/2541/2541 883/2543/2543 882/2544/2544
f 881/2545/2545 885/2546/2546 888/2547/2547
f 881/2545/2545 888/2547/2547 884/2548/2548
f 882/2549/2549 886/2550/2550 885/2551/2551
f 882/2549/2549 885/2551/2551 881/2552/2552
f 883/2553/2553 887/2554/2554 886/2555/2555
f 883/2553/2553 886/2555/2555 882/2556/2556
f 884/2557/2557 888/2558/2558 887/2559/2559
f 884/2557/2557 887/2559/2559 883/2560/2560
f 886/2561/2561 887/2562/2562 888/2563/2563
f 886/2561/2561 888/2563/2563 885/2564/2564
f 889/2565/2565 892/2566/2566 891/2567/2567
f 889/2565/2565 891/2567/2567 890/2568/2568
f 889/2569/2569 893/2570/2570 896/2571/2571
f 889/2569/2569 896/2571/2571 892/2572/2572
f 890/2573/2573 894/2574/2574 893/2575/2575
f 890/2573/2573 893/2575/2575 889/2576/2576
f 891/2577/2577 895/2578/2578 894/2579/2579
f 891/2577/2577 894/2579/2579 890/2580/2580
f 892/2581/2581 896/2582/2582 895/2583/2583
f 892/2581/2581 895/2583/2583 891/2584/2584
f 894/2585/2585 895/2586/2586 896/2587/2587
f 894/2585/2585 896/2587/2587 893/2588/2588
f 897/2589/2589 900/2590/2590 899/2591/2591
f 897/2589/2589 899/2591/2591 898/2592/2592
f 897/2593/2593 901/2594/2594 904/2595/2595
f 897/2593/2593 904/2595/2595 900/2596/2596
f 898/2597/2597 902/2598/2598 901/2599/2599
f 898/2597/2597 901/2599/2599 897/2600/2600
f 899/2601/2601 903/2602/2602 902/2603/2603
f 899/2601/2601 902/2603/2603 898/2604/2604
f 900/2605/2605 904/2606/2606 903/2607/2607
f 900/2605/2605 903/2607/2607 899/2608/2608
f 902/2609/2609 903/2610/2610 904/2611/2611
f 902/2609/2609 904/2611/2611 901/2612/2612
f 905/2613/2613 908/2614/2614 907/2615/2615
f 905/2613/2613 907/2615/2615 906/2616/2616
f 905/2617/2617 909/2618/2618 912/2619/2619
f 905/2617/2617 912/2619/2619 908/2620/2620
f 906/2621/2621 910/2622/2622 909/2623/2623
f 906/2621/2621 909/2623/2623 905/2624/2624
f 907/2625/2625 911/2626/2626 910/2627/2627
f 907/2625/2625 910/2627/2627 906/2628/2628
f 908/2629/2629 912/2630/2630 911/2631/2631
f 908/2629/2629 911/2631/2631 907/2632/2632
f 910/2633/2633 911/2634/2634 912/2635/2635
f 910/2633/2633 912/2635/2635 909/2636/2636
f 913/2637/2637 916/2638/2638 915/2639/2639
f 913/2637/2637 915/2639/2639 914/2640/2640
f 913/2641/2641 917/2642/2642 920/2643/2643
f 913/2641/2641 920/2643/2643 916/2644/2644
f 914/2645/2645 918/2646/2646 917/2647/2647
f 914/2645/2645 917/2647/2647 913/2648/2648
f 915/2649/2649 919/2650/2650 918/2651/2651
f 915/2649/2649 918/2651/2651 914/2652/2652
f 916/2653/2653 920/2654/2654 919/2655/2655
f 916/2653/2653 919/2655/2655 915/2656/2656
f 918/2657/2657 919/2658/2658 920/2659/2659
f 918/2657/2657 920/2659/2659 917/2660/2660
f 921/2661/2661 924/2662/2662 923/2663/2663
f 921/2661/2661 923/2663/2663 922/2664/2664
f 921/2665/2665 925/2666/2666 928/2667/2667
f 921/2665/2665 928/2667/2667 924/2668/2668
f 922/2669/2669 926/2670/2670 925/2671/2671
f 922/2669/2669 925/2671/2671 921/2672/2672
f 923/2673/2673 927/2674/2674 926/2675/2675
f 923/2673/2673 926/2675/2675 922/2676/2676
f 924/2677/2677 928/2678/2678 927/2679/2679
f 924/2677/2677 927/2679/2679 923/2680/2680
f 926/2681/2681 927/2682/2682 928/2683/2683
f 926/2681/2681 928/2683/2683 925/2684/2684
f 929/2685/2685 932/2686/2686 931/2687/2687
f 929/2685/2685 931/2687/2687 930/2688/2688
f 929/2689/2689 933/2690/2690 936/2691/2691
f 929/2689/2689 936/2691/2691 932/2692/2692
f 930/2693/2693 934/2694/2694 933/2695/2695
f 930/2693/2693 933/2695/2695 929/2696/2696
f 931/2697/2697 935/2698/2698 934/2699/2699
f 931/2697/2697 934/2699/2699 930/2700/2700
f 932/2701/2701 936/2702/2702 935/2703/2703
f 932/2701/2701 935/2703/2703 931/2704/2704
f 934/2705/2705 935/2706/2706 936/2707/2707
f 934/2705/2705 936/2707/2707 933/2708/2708
f 937/2709/2709 940/2710/2710 939/2711/2711
f 937/2709/2709 939/2711/2711 938/2712/2712
f 937/2713/2713 941/2714/2714 944/2715/2715
f 937/2713/2713 944/2715/2715 940/2716/2716
f 938/2717/2717 942/2718/2718 941/2719/2719
f 938/2717/2717 941/2719/2719 937/2720/2720
f 939/2721/2721 943/2722/2722 942/2723/2723
f 939/2721/2721 942/2723/2723 938/2724/2724
f 940/2725/2725 944/2726/2726 943/2727/2727
f 940/2725/2725 943/2727/2727 939/2728/2728
f 942/2729/2729 943/2730/2730 944/2731/2731
f 942/2729/2729 944/2731/2731 941/2732/2732
f 945/2733/2733 948/2734/2734 947/2735/2735
f 945/2733/2733 947/2735/2735 946/2736/2736
f 945/2737/2737 949/2738/2738 952/2739/2739
f 945/2737/2737 952/2739/2739 948/2740/2740
f 946/2741/2741 950/2742/2742 949/2743/2743
f 946/2741/2741 949/2743/2743 945/2744/2744
f 947/2745/2745 951/2746/2746 950/2747/2747
f 947/2745/2745 950/2747/2747 946/2748/2748
f 948/2749/2749 952/2750/2750 951/2751/2751
f 948/2749/2749 951/2751/2751 947/2752/2752
f 950/2753/2753 951/2754/2754 952/2755/2755
f 950/2753/2753 952/2755/2755 949/2756/2756
f 953/2757/2757 956/2758/2758 955/2759/2759
f 953/2757/2757 955/2759/2759 954/2760/2760
f 953/2761/2761 957/2762/2762 960/2763/2763
f 953/2761/2761 960/2763/2763 956/2764/2764
f 954/2765/2765 958/2766/2766 957/2767/2767
f 954/2765/2765 957/2767/2767 953/2768/2768
f 955/2769/2769 959/2770/2770 958/2771/2771
f 955/2769/2769 958/2771/2771 954/2772/2772
f 956/2773/2773 960/2774/2774 959/2775/2775
f 956/2773/2773 959/2775/2775 955/2776/2776
f 958/2777/2777 959/2778/2778 960/2779/2779
f 958/2777/2777 960/2779/2779 957/2780/2780
f 961/2781/2781 964/2782/2782 963/2783/2783
f 961/2781/2781 963/2783/2783 962/2784/2784
f 961/2785/2785 965/2786/2786 968/2787/2787
f 961/2785/2785 968/2787/2787 964/2788/2788
f 962/2789/2789 966/2790/2790 965/2791/2791
f 962/2789/2789 965/2791/2791 961/2792/2792
f 963/2793/2793 967/2794/2794 966/2795/2795
f 963/2793/2793 966/2795/2795 962/2796/2796
f 964/2797/2797 968/2798/2798 967/2799/2799
f 964/2797/2797 967/2799/2799 963/2800/2800
f 966/2801/2801 967/2802/2802 968/2803/2803
f 966/2801/2801 968/2803/2803 965/2804/2804
f 969/2805/2805 972/2806/2806 971/2807/2807
f 969/2805/2805 971/2807/2807 970/2808/2808
f 969/2809/2809 973/2810/2810 976/2811/2811
f 969/2809/2809 976/2811/2811 972/2812/2812
f 970/2813/2813 974/2814/2814 973/2815/2815
f 970/2813/2813 973/2815/2815 969/2816/2816
f 971/2817/2817 975/2818/2818 974/2819/2819
f 971/2817/2817 974/2819/2819 970/2820/2820
f 972/2821/2821 976/2822/2822 975/2823/2823
f 972/2821/2821 975/2823/2823 971/2824/2824
f 974/2825/2825 975/2826/2826 976/2827/2827
f 974/2825/2825 976/2827/2827 973/2828/2828
f 977/2829/2829 980/2830/2830 979/2831/2831
f 977/2829/2829 979/2831/2831 978/2832/2832
f 977/2833/2833 981/2834/2834 984/2835/2835
f 977/2833/2833 984/2835/2835 980/2836/2836
f 978/2837/2837 982/2838/2838 981/2839/2839
f 978/2837/2837 981/2839/2839 977/2840/2840
f 979/2841/2841 983/2842/2842 982/2843/2843
f 979/2841/2841 982/2843/2843 978/2844/2844
f 980/2845/2845 984/2846/2846 983/2847/2847
f 980/2845/2845 983/2847/2847 979/2848/2848
f 982/2849/2849 983/2850/2850 984/2851/2851
f 982/2849/2849 984/2851/2851 981/2852/2852
f 985/2853/2853 988/2854/2854 987/2855/2855
f 985/2853/2853 987/2855/2855 986/2856/2856
f 985/2857/2857 989/2858/2858 992/2859/2859
f 985/2857/2857 992/2859/2859 988/2860/2860
f 986/2861/2861 990/2862/2862 989/2863/2863
f 986/2861/2861 989/2863/2863 985/2864/2864
f 987/2865/2865 991/2866/2866 990/2867/2867
f 987/2865/2865 990/2867/2867 986/2868/2868
f 988/2869/2869 992/2870/2870 991/2871/2871
f 988/2869/2869 991/2871/2871 987/2872/2872
f 990/2873/2873 991/2874/2874 992/2875/2875
f 990/2873/2873 992/2875/2875 989/2876/2876
f 993/2877/2877 996/2878/2878 995/2879/2879
f 993/2877/2877 995/2879/2879 994/2880/2880
f 993/2881/2881 997/2882/2882 1000/2883/2883
f 993/2881/2881 1000/2883/2883 996/2884/2884
f 994/2885/2885 998/2886/2886 997/2887/2887
f 994/2885/2885 997/2887/2887 993/2888/2888
f 995/2889/2889 999/2890/2890 998/2891/2891
f 995/2889/2889 998/2891/2891 994/2892/2892
f 996/2893/2893 1000/2894/2894 999/2895/2895
f 996/2893/2893 999/2895/2895 995/2896/2896
f 998/2897/2897 999/2898/2898 1000/2899/2899
f 998/2897/2897 1000/2899/2899 997/2900/2900
f 1001/2901/2901 1004/2902/2902 1003/2903/2903
f 1001/2901/2901 1003/2903/2903 1002/2904/2904
f 1001/2905/2905 1005/2906/2906 1008/2907/2907
f 1001/2905/2905 1008/2907/2907 1004/2908/2908
f 1002/2909/2909 1006/2910/2910 1005/2911/2911
f 1002/2909/2909 1005/2911/2911 1001/2912/2912
f 1003/2913/2913 1007/2914/2914 1006/2915/2915
f 1003/2913/2913 1006/2915/2915 1002/2916/2916
f 1004/2917/2917 1008/2918/2918 1007/2919/2919
f 1004/2917/2917 1007/2919/2919 1003/2920/2920
f 1006/2921/2921 1007/2922/2922 1008/2923/2923
f 1006/2921/2921 1008/2923/2923 1005/2924/2924
f 1009/2925/2925 1012/2926/2926 1011/2927/2927
f 1009/2925/2925 1011/2927/2927 1010/2928/2928
f 1009/2929/2929 1013/2930/2930 1016/2931/2931
f 1009/2929/2929 1016/2931/2931 1012/2932/2932
f 1010/2933/2933 1014/2934/2934 1013/2935/2935
f 1010/2933/2933 1013/2935/2935 1009/2936/2936
f 1011/2937/2937 1015/2938/2938 1014/2939/2939
f 1011/2937/2937 1014/2939/2939 1010/2940/2940
f 1012/2941/2941 1016/2942/2942 1015/2943/2943
f 1012/2941/2941 1015/2943/2943 1011/2944/2944
f 1014/2945/2945 1015/2946/2946 1016/2947/2947
f 1014/2945/2945 1016/2947/2947 1013/2948/2948
f 1017/2949/2949 1020/2950/2950 1019/2951/2951
f 1017/2949/2949 1019/2951/2951 1018/2952/2952
f 1017/2953/2953 1021/2954/2954 1024/2955/2955
f 1017/2953/2953 1024/2955/2955 1020/2956/2956
f 1018/2957/2957 1022/2958/2958 1021/2959/2959
f 1018/2957/2957 1021/2959/2959 1017/2960/2960
f 1019/2961/2961 1023/2962/2962 1022/2963/2963
f 1019/2961/2961 1022/2963/2963 1018/2964/2964
f 1020/2965/2965 1024/2966/2966 1023/2967/2967
f 1020/2965/2965 1023/2967/2967 1019/2968/2968
f 1022/2969/2969 1023/2970/2970 1024/2971/2971
f 1022/2969/2969 1024/2971/2971 1021/2972/2972
f 1025/2973/2973 1028/2974/2974 1027/2975/2975
f 1025/2973/2973 1027/2975/2975 1026/2976/2976
f 1025/2977/2977 1029/2978/2978 1032/2979/2979
f 1025/2977/2977 1032/2979/2979 1028/2980/2980
f 1026/2981/2981 1030/2982/2982 1029/2983/2983
f 1026/2981/2981 1029/2983/2983 1025/2984/2984
f 1027/2985/2985 1031/2986/2986 1030/2987/2987
f 1027/2985/2985 1030/2987/2987 1026/2988/2988
f 1028/2989/2989 1032/2990/2990 1031/2991/2991
f 1028/2989/2989 1031/2991/2991 1027/2992/2992
f 1030/2993/2993 1031/2994/2994 1032/2995/2995
f 1030/2993/2993 1032/2995/2995 1029/2996/2996
f 1033/2997/2997 1036/2998/2998 1035/2999/2999
f 1033/2997/2997 1035/2999/2999 1034/3000/3000
f 1033/3001/3001 1037/3002/3002 1040/3003/3003
f 1033/3001/3001 1040/3003/3003 1036/3004/3004
f 1034/3005/3005 1038/3006/3006 1037/3007/3007
f 1034/3005/3005 1037/3007/3007 1033/3008/3008
f 1035/3009/3009 1039/3010/3010 1038/3011/3011
f 1035/3009/3009 1038/3011/3011 1034/3012/3012
f 1036/3013/3013 1040/3014/3014 1039/3015/3015
f 1036/3013/3013 1039/3015/3015 1035/3016/3016
f 1038/3017/3017 1039/3018/3018 1040/3019/3019
f 1038/3017/3017 1040/3019/3019 1037/3020/3020
f 1041/3021/3021 1044/3022/3022 1043/3023/3023
f 1041/3021/3021 1043/3023/3023 1042/3024/3024
f 1041/3025/3025 1045/3026/3026 1048/3027/3027
f 1041/3025/3025 1048/3027/3027 1044/3028/3028
f 1042/3029/3029 1046/3030/3030 1045/3031/3031
f 1042/3029/3029 1045/3031/3031 1041/3032/3032
f 1043/3033/3033 1047/3034/3034 1046/3035/3035
f 1043/3033/3033 1046/3035/3035 1042/3036/3036
f 1044/3037/3037 1048/3038/3038 1047/3039/3039
f 1044/3037/3037 1047/3039/3039 1043/3040/3040
f 1046/3041/3041 1047/3042/3042 1048/3043/3043
f 1046/3041/3041 1048/3043/3043 1045/3044/3044
f 1049/3045/3045 1052/3046/3046 1051/3047/3047
f 1049/3045/3045 1051/3047/3047 1050/3048/3048
f 1049/3049/3049 1053/3050/3050 1056/3051/3051
f 1049/3049/3049 1056/3051/3051 1052/3052/3052
f 1050/3053/3053 1054/3054/3054 1053/3055/3055
f 1050/3053/3053 1053/3055/3055 1049/3056/3056
f 1051/3057/3057 1055/3058/3058 1054/3059/3059
f 1051/3057/3057 1054/3059/3059 1050/3060/3060
f 1052/3061/3061 1056/3062/3062 1055/3063/3063
f 1052/3061/3061 1055/3063/3063 1051/3064/3064
f 1054/3065/3065 1055/3066/3066 1056/3067/3067
f 1054/3065/3065 1056/3067/3067 1053/3068/3068
f 1057/3069/3069 1060/3070/3070 1059/3071/3071
f 1057/3069/3069 1059/3071/3071 1058/3072/3072
f 1057/3073/3073 1061/3074/3074 1064/3075/3075
f 1057/3073/3073 1064/3075/3075 1060/3076/3076
f 1058/3077/3077 1062/3078/3078 1061/3079/3079
f 1058/3077/3077 1061/3079/3079 1057/3080/3080
f 1059/3081/3081 1063/3082/3082 1062/3083/3083
f 1059/3081/3081 1062/3083/3083 1058/3084/3084
f 1060/3085/3085 1064/3086/3086 1063/3087/3087
f 1060/3085/3085 1063/3087/3087 1059/3088/3088
f 1062/3089/3089 1063/3090/3090 1064/3091/3091
f 1062/3089/3089 1064/3091/3091 1061/3092/3092
f 1065/3093/3093 1068/3094/3094 1067/3095/3095
f 1065/3093/3093 1067/3095/3095 1066/3096/3096
f 1065/3097/3097 1069/3098/3098 1072/3099/3099
f 1065/3097/3097 1072/3099/3099 1068/3100/3100
f 1066/3101/3101 1070/3102/3102 1069/3103/3103
f 1066/3101/3101 1069/3103/3103 1065/3104/3104
f 1067/3105/3105 1071/3106/3106 1070/3107/3107
f 1067/3105/3105 1070/3107/3107 1066/3108/3108
f 1068/3109/3109 1072/3110/3110 1071/3111/3111
f 1068/3109/3109 1071/3111/3111 1067/3112/3112
f 1070/3113/3113 1071/3114/3114 1072/3115/3115
f 1070/3113/3113 1072/3115/3115 1069/3116/3116
f 1073/3117/3117 1076/3118/3118 1075/3119/3119
f 1073/3117/3117 1075/3119/3119 1074/3120/3120
f 1073/3121/3121 1077/3122/3122 1080/3123/3123
f 1073/3121/3121 1080/3123/3123 1076/3124/3124
f 1074/3125/3125 1078/3126/3126 1077/3127/3127
f 1074/3125/3125 1077/3127/3127 1073/3128/3128
f 1075/3129/3129 1079/3130/3130 1078/3131/3131
f 1075/3129/3129 1078/3131/3131 1074/3132/3132
f 1076/3133/3133 1080/3134/3134 1079/3135/3135
f 1076/3133/3133 1079/3135/3135 1075/3136/3136
f 1078/3137/3137 1079/3138/3138 1080/3139/3139
f 1078/3137/3137 1080/3139/3139 1077/3140/3140
f 1081/3141/3141 1084/3142/3142 1083/3143/3143
f 1081/3141/3141 1083/3143/3143 1082/3144/3144
f 1081/3145/3145 1085/3146/3146 1088/3147/3147
f 1081/3145/3145 1088/3147/3147 1084/3148/3148
f 1082/3149/3149 1086/3150/3150 1085/3151/3151
f 1082/3149/3149 1085/3151/3151 1081/3152/3152
f 1083/3153/3153 1087/3154/3154 1086/3155/3155
f 1083/3153/3153 1086/3155/3155 1082/3156/3156
f 1084/3157/3157 1088/3158/3158 1087/3159/3159
f 1084/3157/3157 1087/3159/3159 1083/3160/3160
f 1086/3161/3161 1087/3162/3162 1088/3163/3163
f 1086/3161/3161 1088/3163/3163 1085/3164/3164
f 1089/3165/3165 1093/3166/3166 1090/3167/3167
f 1089/3168/3168 1110/3169/3169 1092/3170/3170
f 1090/3171/3171 1099/3172/3172 1091/3173/3173
f 1090/3171/3171 1102/3174/3174 1098/3175/3175
f 1090/3176/3176 1110/3169/3169 1089/3168/3168
f 1090/3176/3176 1112/3177/3177 1109/3178/3178
f 1091/3179/3179 1095/3180/3180 1092/3181/3181
f 1091/3173/3173 1103/3182/3182 1095/3183/3183
f 1091/3184/3184 1112/3177/3177 1090/3176/3176
f 1092/3185/3185 1093/3186/3186 1089/3187/3187
f 1092/3185/3185 1096/3188/3188 1093/3186/3186
f 1092/3170/3170 1112/3177/3177 1091/3184/3184
f 1093/3166/3166 1094/3189/3189 1090/3167/3167
f 1093/3190/3190 1095/3191/3191 1094/3192/3192
f 1093/3190/3190 1096/3193/3193 1095/3191/3191
f 1094/3194/3194 1102/3174/3174 1090/3171/3171
f 1095/3180/3180 1096/3195/3195 1092/3181/3181
f 1095/3183/3183 1102/3174/3174 1094/3194/3194
f 1095/3183/3183 1103/3182/3182 1102/3174/3174
f 1097/3196/3196 1099/3197/3197 1098/3198/3198
f 1097/3196/3196 1100/3199/3199 1099/3197/3197
f 1097/3200/3200 1102/3201/3201 1101/3202/3202
f 1097/3203/3203 1107/3204/3204 1100/3205/3205
f 1097/3206/3206 1108/3207/3207 1106/3208/3208
f 1098/3175/3175 1099/3172/3172 1090/3171/3171
f 1098/3209/3209 1102/3201/3201 1097/3200/3200
f 1099/3172/3172 1103/3182/3182 1091/3173/3173
f 1099/3210/3210 1104/3211/3211 1103/3212/3212
f 1100/3213/3213 1104/3211/3211 1099/3210/3210
f 1100/3214/3214 1105/3215/3215 1104/3216/3216
f 1100/3214/3214 1108/3207/3207 1105/3215/3215
f 1101/3217/3217 1105/3215/3215 1097/3206/3206
f 1102/3218/3218 1104/3219/3219 1101/3220/3220
f 1103/3221/3221 1104/3219/3219 1102/3218/3218
f 1104/3219/3219 1105/3222/3222 1101/3220/3220
f 1105/3215/3215 1108/3207/3207 1097/3206/3206
f 1106/3223/3223 1107/3204/3204 1097/3203/3203
f 1106/3208/3208 1108/3207/3207 1107/3224/3224
f 1107/3224/3224 1108/3207/3207 1100/3214/3214
f 1109/3178/3178 1110/3169/3169 1090/3176/3176
f 1109/3225/3225 1113/3226/3226 1110/3227/3227
f 1110/3169/3169 1111/3228/3228 1092/3170/3170
f 1110/3229/3229 1115/3230/3230 1111/3231/3231
f 1111/3228/3228 1112/3177/3177 1092/3170/3170
f 1111/3232/3232 1115/3233/3233 1112/3234/3234
f 1112/3235/3235 1113/3236/3236 1109/3237/3237
f 1112/3235/3235 1116/3238/3238 1113/3236/3236
f 1113/3226/3226 1114/3239/3239 1110/3227/3227
f 1113/3240/3240 1115/3241/3241 1114/3242/3242
f 1113/3240/3240 1116/3243/3243 1115/3241/3241
f 1114/3244/3244 1115/3230/3230 1110/3229/3229
f 1115/3233/3233 1116/3245/3245 1112/3234/3234
f 1117/3246/3246 1120/3247/3247 1119/3248/3248
f 1117/3246/3246 1119/3248/3248 1118/3249/3249
f 1117/3250/3250 1121/3251/3251 1124/3252/3252
f 1117/3250/3250 1124/3252/3252 1120/3253/3253
f 1118/3254/3254 1122/3255/3255 1121/3256/3256
f 1118/3254/3254 1121/3256/3256 1117/3257/3257
f 1119/3258/3258 1123/3259/3259 1122/3260/3260
f 1119/3258/3258 1122/3260/3260 1118/3261/3261
f 1120/3262/3262 1124/3263/3263 1123/3264/3264
f 1120/3262/3262 1123/3264/3264 1119/3265/3265
f 1122/3266/3266 1123/3267/3267 1124/3268/3268
f 1122/3266/3266 1124/3268/3268 1121/3269/3269
f 1125/3270/3270 1128/3271/3271 1127/3272/3272
f 1125/3270/3270 1127/3272/3272 1126/3273/3273
f 1125/3274/3274 1129/3275/3275 1132/3276/3276
f 1125/3274/3274 1132/3276/3276 1128/3277/3277
f 1126/3278/3278 1130/3279/3279 1129/3280/3280
f 1126/3278/3278 1129/3280/3280 1125/3281/3281
f 1127/3282/3282 1131/3283/3283 1130/3284/3284
f 1127/3282/3282 1130/3284/3284 1126/3285/3285
f 1128/3286/3286 1132/3287/3287 1131/3288/3288
f 1128/3286/3286 1131/3288/3288 1127/3289/3289
f 1130/3290/3290 1131/3291/3291 1132/3292/3292
f 1130/3290/3290 1132/3292/3292 1129/3293/3293
f 1133/3294/3294 1136/3295/3295 1135/3296/3296
f 1133/3294/3294 1135/3296/3296 1134/3297/3297
f 1133/3298/3298 1137/3299/3299 1140/3300/3300
f 1133/3298/3298 1140/3300/3300 1136/3301/3301
f 1134/3302/3302 1138/3303/3303 1137/3304/3304
f 1134/3302/3302 1137/3304/3304 1133/3305/3305
f 1135/3306/3306 1139/3307/3307 1138/3308/3308
f 1135/3306/3306 1138/3308/3308 1134/3309/3309
f 1136/3310/3310 1140/3311/3311 1139/3312/3312
f 1136/3310/3310 1139/3312/3312 1135/3313/3313
f 1138/3314/3314 1139/3315/3315 1140/3316/3316
f 1138/3314/3314 1140/3316/3316 1137/3317/3317
f 1141/3318/3318 1144/3319/3319 1143/3320/3320
f 1141/3318/3318 1143/3320/3320 1142/3321/3321
f 1141/3322/3322 1145/3323/3323 1148/3324/3324
f 1141/3322/3322 1148/3324/3324 1144/3325/3325
f 1142/3326/3326 1146/3327/3327 1145/3328/3328
f 1142/3326/3326 1145/3328/3328 1141/3329/3329
f 1143/3330/3330 1147/3331/3331 1146/3332/3332
f 1143/3330/3330 1146/3332/3332 1142/3333/3333
f 1144/3334/3334 1148/3335/3335 1147/3336/3336
f 1144/3334/3334 1147/3336/3336 1143/3337/3337
f 1146/3338/3338 1147/3339/3339 1148/3340/3340
f 1146/3338/3338 1148/3340/3340 1145/3341/3341
f 1149/3342/3342 1152/3343/3343 1151/3344/3344
f 1149/3342/3342 1151/3344/3344 1150/3345/3345
f 1149/3346/3346 1153/3347/3347 1156/3348/3348
f 1149/3346/3346 1156/3348/3348 1152/3349/3349
f 1150/3350/3350 1154/3351/3351 1153/3352/3352
f 1150/3350/3350 1153/3352/3352 1149/3353/3353
f 1151/3354/3354 1155/3355/3355 1154/3356/3356
f 1151/3354/3354 1154/3356/3356 1150/3357/3357
f 1152/3358/3358 1156/3359/3359 1155/3360/3360
f 1152/3358/3358 1155/3360/3360 1151/3361/3361
f 1154/3362/3362 1155/3363/3363 1156/3364/3364
f 1154/3362/3362 1156/3364/3364 1153/3365/3365
f 1157/3366/3366 1160/3367/3367 1159/3368/3368
f 1157/3366/3366 1159/3368/3368 1158/3369/3369
f 1157/3370/3370 1161/3371/3371 1164/3372/3372
f 1157/3370/3370 1164/3372/3372 1160/3373/3373
f 1158/3374/3374 1162/3375/3375 1161/3376/3376
f 1158/3374/3374 1161/3376/3376 1157/3377/3377
f 1159/3378/3378 1163/3379/3379 1162/3380/3380
f 1159/3378/3378 1162/3380/3380 1158/3381/3381
f 1160/3382/3382 1164/3383/3383 1163/3384/3384
f 1160/3382/3382 1163/3384/3384 1159/3385/3385
f 1162/3386/3386 1163/3387/3387 1164/3388/3388
f 1162/3386/3386 1164/3388/3388 1161/3389/3389
f 1165/3390/3390 1168/3391/3391 1167/3392/3392
f 1165/3390/3390 1167/3392/3392 1166/3393/3393
f 1165/3394/3394 1169/3395/3395 1172/3396/3396
f 1165/3394/3394 1172/3396/3396 1168/3397/3397
f 1166/3398/3398 1170/3399/3399 1169/3400/3400
f 1166/3398/3398 1169/3400/3400 1165/3401/3401
f 1167/3402/3402 1171/3403/3403 1170/3404/3404
f 1167/3402/3402 1170/3404/3404 1166/3405/3405
f 1168/3406/3406 1172/3407/3407 1171/3408/3408
f 1168/3406/3406 1171/3408/3408 1167/3409/3409
f 1170/3410/3410 1171/3411/3411 1172/3412/3412
f 1170/3410/3410 1172/3412/3412 1169/3413/3413
f 1173/3414/3414 1176/3415/3415 1175/3416/3416
f 1173/3414/3414 1175/3416/3416 1174/3417/3417
f 1173/3418/3418 1177/3419/3419 1180/3420/3420
f 1173/3418/3418 1180/3420/3420 1176/3421/3421
f 1174/3422/3422 1178/3423/3423 1177/3424/3424
f 1174/3422/3422 1177/3424/3424 1173/3425/3425
f 1175/3426/3426 1179/3427/3427 1178/3428/3428
f 1175/3426/3426 1178/3428/3428 1174/3429/3429
f 1176/3430/3430 1180/3431/3431 1179/3432/3432
f 1176/3430/3430 1179/3432/3432 1175/3433/3433
f 1178/3434/3434 1179/3435/3435 1180/3436/3436
f 1178/3434/3434 1180/3436/3436 1177/3437/3437
f 1181/3438/3438 1184/3439/3439 1183/3440/3440
f 1181/3438/3438 1183/3440/3440 1182/3441/3441
f 1181/3442/3442 1185/3443/3443 1188/3444/3444
f 1181/3442/3442 1188/3444/3444 1184/3445/3445
f 1182/3446/3446 1186/3447/3447 1185/3448/3448
f 1182/3446/3446 1185/3448/3448 1181/3449/3449
f 1183/3450/3450 1187/3451/3451 1186/3452/3452
f 1183/3450/3450 1186/3452/3452 1182/3453/3453
f 1184/3454/3454 1188/3455/3455 1187/3456/3456
f 1184/3454/3454 1187/3456/3456 1183/3457/3457
f 1186/3458/3458 1187/3459/3459 1188/3460/3460
f 1186/3458/3458 1188/3460/3460 1185/3461/3461
f 1189/3462/3462 1192/3463/3463 1191/3464/3464
f 1189/3462/3462 1191/3464/3464 1190/3465/3465
f 1189/3466/3466 1193/3467/3467 1196/3468/3468
f 1189/3466/3466 1196/3468/3468 1192/3469/3469
f 1190/3470/3470 1194/3471/3471 1193/3472/3472
f 1190/3470/3470 1193/3472/3472 1189/3473/3473
f 1191/3474/3474 1195/3475/3475 1194/3476/3476
f 1191/3474/3474 1194/3476/3476 1190/3477/3477
f 1192/3478/3478 1196/3479/3479 1195/3480/3480
f 1192/3478/3478 1195/3480/3480 1191/3481/3481
f 1194/3482/3482 1195/3483/3483 1196/3484/3484
f 1194/3482/3482 1196/3484/3484 1193/3485/3485
f 1197/3486/3486 1200/3487/3487 1199/3488/3488
f 1197/3486/3486 1199/3488/3488 1198/3489/3489
f 1197/3490/3490 1201/3491/3491 1204/3492/3492
f 1197/3490/3490 1204/3492/3492 1200/3493/3493
f 1198/3494/3494 1202/3495/3495 1201/3496/3496
f 1198/3494/3494 1201/3496/3496 1197/3497/3497
f 1199/3498/3498 1203/3499/3499 1202/3500/3500
f 1199/3498/3498 1202/3500/3500 1198/3501/3501
f 1200/3502/3502 1204/3503/3503 1203/3504/3504
f 1200/3502/3502 1203/3504/3504 1199/3505/3505
f 1202/3506/3506 1203/3507/3507 1204/3508/3508
f 1202/3506/3506 1204/3508/3508 1201/3509/3509
f 1205/3510/3510 1208/3511/3511 1207/3512/3512
f 1205/3510/3510 1207/3512/3512 1206/3513/3513
f 1205/3514/3514 1209/3515/3515 1212/3516/3516
f 1205/3514/3514 1212/3516/3516 1208/3517/3517
f 1206/3518/3518 1210/3519/3519 1209/3520/3520
f 1206/3518/3518 1209/3520/3520 1205/3521/3521
f 1207/3522/3522 1211/3523/3523 1210/3524/3524
f 1207/3522/3522 1210/3524/3524 1206/3525/3525
f 1208/3526/3526 1212/3527/3527 1211/3528/3528
f 1208/3526/3526 1211/3528/3528 1207/3529/3529
f 1210/3530/3530 1211/3531/3531 1212/3532/3532
f 1210/3530/3530 1212/3532/3532 1209/3533/3533
f 1213/3534/3534 1216/3535/3535 1215/3536/3536
f 1213/3534/3534 1215/3536/3536 1214/3537/3537
f 1213/3538/3538 1217/3539/3539 1220/3540/3540
f 1213/3538/3538 1220/3540/3540 1216/3541/3541
f 1214/3542/3542 1218/3543/3543 1217/3544/3544
f 1214/3542/3542 1217/3544/3544 1213/3545/3545
f 1215/3546/3546 1219/3547/3547 1218/3548/3548
f 1215/3546/3546 1218/3548/3548 1214/3549/3549
f 1216/3550/3550 1220/3551/3551 1219/3552/3552
f 1216/3550/3550 1219/3552/3552 1215/3553/3553
f 1218/3554/3554 1219/3555/3555 1220/3556/3556
f 1218/3554/3554 1220/3556/3556 1217/3557/3557
f 1221/3558/3558 1224/3559/3559 1223/3560/3560
f 1221/3558/3558 1223/3560/3560 1222/3561/3561
f 1221/3562/3562 1225/3563/3563 1228/3564/3564
f 1221/3562/3562 1228/3564/3564 1224/3565/3565
f 1222/3566/3566 1226/3567/3567 1225/3568/3568
f 1222/3566/3566 1225/3568/3568 1221/3569/3569
f 1223/3570/3570 1227/3571/3571 1226/3572/3572
f 1223/3570/3570 1226/3572/3572 1222/3573/3573
f 1224/3574/3574 1228/3575/3575 1227/3576/3576
f 1224/3574/3574 1227/3576/3576 1223/3577/3577
f 1226/3578/3578 1227/3579/3579 1228/3580/3580
f 1226/3578/3578 1228/3580/3580 1225/3581/3581
f 1229/3582/3582 1232/3583/3583 1231/3584/3584
f 1229/3582/3582 1231/3584/3584 1230/3585/3585
f 1229/3586/3586 1233/3587/3587 1236/3588/3588
f 1229/3586/3586 1236/3588/3588 1232/3589/3589
f 1230/3590/3590 1234/3591/3591 1233/3592/3592
f 1230/3590/3590 1233/3592/3592 1229/3593/3593
f 1231/3594/3594 1235/3595/3595 1234/3596/3596
f 1231/3594/3594 1234/3596/3596 1230/3597/3597
f 1232/3598/3598 1236/3599/3599 1235/3600/3600
f 1232/3598/3598 1235/3600/3600 1231/3601/3601
f 1234/3602/3602 1235/3603/3603 1236/3604/3604
f 1234/3602/3602 1236/3604/3604 1233/3605/3605
f 1237/3606/3606 1240/3607/3607 1239/3608/3608
f 1237/3606/3606 1239/3608/3608 1238/3609/3609
f 1237/3610/3610 1241/3611/3611 1244/3612/3612
f 1237/3610/3610 1244/3612/3612 1240/3613/3613
f 1238/3614/3614 1242/3615/3615 1241/3616/3616
f 1238/3614/3614 1241/3616/3616 1237/3617/3617
f 1239/3618/3618 1243/3619/3619 1242/3620/3620
f 1239/3618/3618 1242/3620/3620 1238/3621/3621
f 1240/3622/3622 1244/3623/3623 1243/3624/3624
f 1240/3622/3622 1243/3624/3624 1239/3625/3625
f 1242/3626/3626 1243/3627/3627 1244/3628/3628
f 1242/3626/3626 1244/3628/3628 1241/3629/3629
f 1245/3630/3630 1248/3631/3631 1247/3632/3632
f 1245/3630/3630 1247/3632/3632 1246/3633/3633
f 1245/3634/3634 1249/3635/3635 1252/3636/3636
f 1245/3634/3634 1252/3636/3636 1248/3637/3637
f 1246/3638/3638 1250/3639/3639 1249/3640/3640
f 1246/3638/3638 1249/3640/3640 1245/3641/3641
f 1247/3642/3642 1251/3643/3643 1250/3644/3644
f 1247/3642/3642 1250/3644/3644 1246/3645/3645
f 1248/3646/3646 1252/3647/3647 1251/3648/3648
f 1248/3646/3646 1251/3648/3648 1247/3649/3649
f 1250/3650/3650 1251/3651/3651 1252/3652/3652
f 1250/3650/3650 1252/3652/3652 1249/3653/3653
f 1253/3654/3654 1256/3655/3655 1255/3656/3656
f 1253/3654/3654 1255/3656/3656 1254/3657/3657
f 1253/3658/3658 1257/3659/3659 1260/3660/3660
f 1253/3658/3658 1260/3660/3660 1256/3661/3661
f 1254/3662/3662 1258/3663/3663 1257/3664/3664
f 1254/3662/3662 1257/3664/3664 1253/3665/3665
f 1255/3666/3666 1259/3667/3667 1258/3668/3668
f 1255/3666/3666 1258/3668/3668 1254/3669/3669
f 1256/3670/3670 1260/3671/3671 1259/3672/3672
f 1256/3670/3670 1259/3672/3672 1255/3673/3673
f 1258/3674/3674 1259/3675/3675 1260/3676/3676
f 1258/3674/3674 1260/3676/3676 1257/3677/3677
f 1261/3678/3678 1264/3679/3679 1263/3680/3680
f 1261/3678/3678 1263/3680/3680 1262/3681/3681
f 1261/3682/3682 1265/3683/3683 1268/3684/3684
f 1261/3682/3682 1268/3684/3684 1264/3685/3685
f 1262/3686/3686 1266/3687/3687 1265/3688/3688
f 1262/3686/3686 1265/3688/3688 1261/3689/3689
f 1263/3690/3690 1267/3691/3691 1266/3692/3692
f 1263/3690/3690 1266/3692/3692 1262/3693/3693
f 1264/3694/3694 1268/3695/3695 1267/3696/3696
f 1264/3694/3694 1267/3696/3696 1263/3697/3697
f 1266/3698/3698 1267/3699/3699 1268/3700/3700
f 1266/3698/3698 1268/3700/3700 1265/3701/3701
f 1269/3702/3702 1272/3703/3703 1271/3704/3704
f 1269/3702/3702 1271/3704/3704 1270/3705/3705
f 1269/3706/3706 1273/3707/3707 1276/3708/3708
f 1269/3706/3706 1276/3708/3708 1272/3709/3709
f 1270/3710/3710 1274/3711/3711 1273/3712/3712
f 1270/3710/3710 1273/3712/3712 1269/3713/3713
f 1271/3714/3714 1275/3715/3715 1274/3716/3716
f 1271/3714/3714 1274/3716/3716 1270/3717/3717
f 1272/3718/3718 1276/3719/3719 1275/3720/3720
f 1272/3718/3718 1275/3720/3720 1271/3721/3721
f 1274/3722/3722 1275/3723/3723 1276/3724/3724
f 1274/3722/3722 1276/3724/3724 1273/3725/3725
f 1277/3726/3726 1280/3727/3727 1279/3728/3728
f 1277/3726/3726 1279/3728/3728 1278/3729/3729
f 1277/3730/3730 1281/3731/3731 1284/3732/3732
f 1277/3730/3730 1284/3732/3732 1280/3733/3733
f 1278/3734/3734 1282/3735/3735 1281/3736/3736
f 1278/3734/3734 1281/3736/3736 1277/3737/3737
f 1279/3738/3738 1283/3739/3739 1282/3740/3740
f 1279/3738/3738 1282/3740/3740 1278/3741/3741
f 1280/3742/3742 1284/3743/3743 1283/3744/3744
f 1280/3742/3742 1283/3744/3744 1279/3745/3745
f 1282/3746/3746 1283/3747/3747 1284/3748/3748
f 1282/3746/3746 1284/3748/3748 1281/3749/3749
f 1285/3750/3750 1288/3751/3751 1287/3752/3752
f 1285/3750/3750 1287/3752/3752 1286/3753/3753
f 1285/3754/3754 1289/3755/3755 1292/3756/3756
f 1285/3754/3754 1292/3756/3756 1288/3757/3757
f 1286/3758/3758 1290/3759/3759 1289/3760/3760
f 1286/3758/3758 1289/3760/3760 1285/3761/3761
f 1287/3762/3762 1291/3763/3763 1290/3764/3764
f 1287/3762/3762 1290/3764/3764 1286/3765/3765
f 1288/3766/3766 1292/3767/3767 1291/3768/3768
f 1288/3766/3766 1291/3768/3768 1287/3769/3769
f 1290/3770/3770 1291/3771/3771 1292/3772/3772
f 1290/3770/3770 1292/3772/3772 1289/3773/3773
f 1293/3774/3774 1296/3775/3775 1295/3776/3776
f 1293/3774/3774 1295/3776/3776 1294/3777/3777
f 1293/3778/3778 1297/3779/3779 1300/3780/3780
f 1293/3778/3778 1300/3780/3780 1296/3781/3781
f 1294/3782/3782 1298/3783/3783 1297/3784/3784
f 1294/3782/3782 1297/3784/3784 1293/3785/3785
f 1295/3786/3786 1299/3787/3787 1298/3788/3788
f 1295/3786/3786 1298/3788/3788 1294/3789/3789
f 1296/3790/3790 1300/3791/3791 1299/3792/3792
f 1296/3790/3790 1299/3792/3792 1295/3793/3793
f 1298/3794/3794 1299/3795/3795 1300/3796/3796
f 1298/3794/3794 1300/3796/3796 1297/3797/3797
f 1301/3798/3798 1304/3799/3799 1303/3800/3800
f 1301/3798/3798 1303/3800/3800 1302/3801/3801
f 1301/3802/3802 1305/3803/3803 1308/3804/3804
f 1301/3802/3802 1308/3804/3804 1304/3805/3805
f 1302/3806/3806 1306/3807/3807 1305/3808/3808
f 1302/3806/3806 1305/3808/3808 1301/3809/3809
f 1303/3810/3810 1307/3811/3811 1306/3812/3812
f 1303/3810/3810 1306/3812/3812 1302/3813/3813
f 1304/3814/3814 1308/3815/3815 1307/3816/3816
f 1304/3814/3814 1307/3816/3816 1303/3817/3817
f 1306/3818/3818 1307/3819/3819 1308/3820/3820
f 1306/3818/3818 1308/3820/3820 1305/3821/3821
f 1309/3822/3822 1312/3823/3823 1311/3824/3824
f 1309/3822/3822 1311/3824/3824 1310/3825/3825
f 1309/3826/3826 1313/3827/3827 1316/3828/3828
f 1309/3826/3826 1316/3828/3828 1312/3829/3829
f 1310/3830/3830 1314/3831/3831 1313/3832/3832
f 1310/3830/3830 1313/3832/3832 1309/3833/3833
f 1311/3834/3834 1315/3835/3835 1314/3836/3836
f 1311/3834/3834 1314/3836/3836 1310/3837/3837
f 1312/3838/3838 1316/3839/3839 1315/3840/3840
f 1312/3838/3838 1315/3840/3840 1311/3841/3841
f 1314/3842/3842 1315/3843/3843 1316/3844/3844
f 1314/3842/3842 1316/3844/3844 1313/3845/3845
f 1317/3846/3846 1320/3847/3847 1319/3848/3848
f 1317/3846/3846 1319/3848/3848 1318/3849/3849
f 1317/3850/3850 1321/3851/3851 1324/3852/3852
f 1317/3850/3850 1324/3852/3852 1320/3853/3853
f 1318/3854/3854 1322/3855/3855 1321/3856/3856
f 1318/3854/3854 1321/3856/3856 1317/3857/3857
f 1319/3858/3858 1323/3859/3859 1322/3860/3860
f 1319/3858/3858 1322/3860/3860 1318/3861/3861
f 1320/3862/3862 1324/3863/3863 1323/3864/3864
f 1320/3862/3862 1323/3864/3864 1319/3865/3865
f 1322/3866/3866 1323/3867/3867 1324/3868/3868
f 1322/3866/3866 1324/3868/3868 1321/3869/3869
f 1325/3870/3870 1328/3871/3871 1327/3872/3872
f 1325/3870/3870 1327/3872/3872 1326/3873/3873
f 1325/3874/3874 1329/3875/3875 1332/3876/3876
f 1325/3874/3874 1332/3876/3876 1328/3877/3877
f 1326/3878/3878 1330/3879/3879 1329/3880/3880
f 1326/3878/3878 1329/3880/3880 1325/3881/3881
f 1327/3882/3882 1331/3883/3883 1330/3884/3884
f 1327/3882/3882 1330/3884/3884 1326/3885/3885
f 1328/3886/3886 1332/3887/3887 1331/3888/3888
f 1328/3886/3886 1331/3888/3888 1327/3889/3889
f 1330/3890/3890 1331/3891/3891 1332/3892/3892
f 1330/3890/3890 1332/3892/3892 1329/3893/3893
f 1333/3894/3894 1336/3895/3895 1335/3896/3896
f 1333/3894/3894 1335/3896/3896 1334/3897/3897
f 1333/3898/3898 1337/3899/3899 1340/3900/3900
f 1333/3898/3898 1340/3900/3900 1336/3901/3901
f 1334/3902/3902 1338/3903/3903 1337/3904/3904
f 1334/3902/3902 1337/3904/3904 1333/3905/3905
f 1335/3906/3906 1339/3907/3907 1338/3908/3908
f 1335/3906/3906 1338/3908/3908 1334/3909/3909
f 1336/3910/3910 1340/3911/3911 1339/3912/3912
f 1336/3910/3910 1339/3912/3912 1335/3913/3913
f 1338/3914/3914 1339/3915/3915 1340/3916/3916
f 1338/3914/3914 1340/3916/3916 1337/3917/3917
f 1341/3918/3918 1344/3919/3919 1343/3920/3920
f 1341/3918/3918 1343/3920/3920 1342/3921/3921
f 1341/3922/3922 1345/3923/3923 1348/3924/3924
f 1341/3922/3922 1348/3924/3924 1344/3925/3925
f 1342/3926/3926 1346/3927/3927 1345/3928/3928
f 1342/3926/3926 1345/3928/3928 1341/3929/3929
f 1343/3930/3930 1347/3931/3931 1346/3932/3932
f 1343/3930/3930 1346/3932/3932 1342/3933/3933
f 1344/3934/3934 1348/3935/3935 1347/3936/3936
f 1344/3934/3934 1347/3936/3936 1343/3937/3937
f 1346/3938/3938 1347/3939/3939 1348/3940/3940
f 1346/3938/3938 1348/3940/3940 1345/3941/3941
f 1349/3942/3942 1352/3943/3943 1351/3944/3944
f 1349/3942/3942 1351/3944/3944 1350/3945/3945
f 1349/3946/3946 1353/3947/3947 1356/3948/3948
f 1349/3946/3946 1356/3948/3948 1352/3949/3949
f 1350/3950/3950 1354/3951/3951 1353/3952/3952
f 1350/3950/3950 1353/3952/3952 1349/3953/3953
f 1351/3954/3954 1355/3955/3955 1354/3956/3956
f 1351/3954/3954 1354/3956/3956 1350/3957/3957
f 1352/3958/3958 1356/3959/3959 1355/3960/3960
f 1352/3958/3958 1355/3960/3960 1351/3961/3961
f 1354/3962/3962 1355/3963/3963 1356/3964/3964
f 1354/3962/3962 1356/3964/3964 1353/3965/3965
f 1357/3966/3966 1360/3967/3967 1359/3968/3968
f 1357/3966/3966 1359/3968/3968 1358/3969/3969
f 1357/3970/3970 1361/3971/3971 1364/3972/3972
f 1357/3970/3970 1364/3972/3972 1360/3973/3973
f 1358/3974/3974 1362/3975/3975 1361/3976/3976
f 1358/3974/3974 1361/3976/3976 1357/3977/3977
f 1359/3978/3978 1363/3979/3979 1362/3980/3980
f 1359/3978/3978 1362/3980/3980 1358/3981/3981
f 1360/3982/3982 1364/3983/3983 1363/3984/3984
f 1360/3982/3982 1363/3984/3984 1359/3985/3985
f 1362/3986/3986 1363/3987/3987 1364/3988/3988
f 1362/3986/3986 1364/3988/3988 1361/3989/3989
f 1365/3990/3990 1368/3991/3991 1367/3992/3992
f 1365/3990/3990 1367/3992/3992 1366/3993/3993
f 1365/3994/3994 1369/3995/3995 1372/3996/3996
f 1365/3994/3994 1372/3996/3996 1368/3997/3997
f 1366/3998/3998 1370/3999/3999 1369/4000/4000
f 1366/3998/3998 1369/4000/4000 1365/4001/4001
f 1367/4002/4002 1371/4003/4003 1370/4004/4004
f 1367/4002/4002 1370/4004/4004 1366/4005/4005
f 1368/4006/4006 1372/4007/4007 1371/4008/4008
f 1368/4006/4006 1371/4008/4008 1367/4009/4009
f 1370/4010/4010 1371/4011/4011 1372/4012/4012
f 1370/4010/4010 1372/4012/4012 1369/4013/4013
f 1373/4014/4014 1376/4015/4015 1375/4016/4016
f 1373/4014/4014 1375/4016/4016 1374/4017/4017
f 1373/4018/4018 1377/4019/4019 1380/4020/4020
f 1373/4018/4018 1380/4020/4020 1376/4021/4021
f 1374/4022/4022 1378/4023/4023 1377/4024/4024
f 1374/4022/4022 1377/4024/4024 1373/4025/4025
f 1375/4026/4026 1379/4027/4027 1378/4028/4028
f 1375/4026/4026 1378/4028/4028 1374/4029/4029
f 1376/4030/4030 1380/4031/4031 1379/4032/4032
f 1376/4030/4030 1379/4032/4032 1375/4033/4033
f 1378/4034/4034 1379/4035/4035 1380/4036/4036
f 1378/4034/4034 1380/4036/4036 1377/4037/4037
f 1381/4038/4038 1384/4039/4039 1383/4040/4040
f 1381/4038/4038 1383/4040/4040 1382/4041/4041
f 1381/4042/4042 1385/4043/4043 1388/4044/4044
f 1381/4042/4042 1388/4044/4044 1384/4045/4045
f 1382/4046/4046 1386/4047/4047 1385/4048/4048
f 1382/4046/4046 1385/4048/4048 1381/4049/4049
f 1383/4050/4050 1387/4051/4051 1386/4052/4052
f 1383/4050/4050 1386/4052/4052 1382/4053/4053
f 1384/4054/4054 1388/4055/4055 1387/4056/4056
f 1384/4054/4054 1387/4056/4056 1383/4057/4057
f 1386/4058/4058 1387/4059/4059 1388/4060/4060
f 1386/4058/4058 1388/4060/4060 1385/4061/4061
f 1389/4062/4062 1392/4063/4063 1391/4064/4064
f 1389/4062/4062 1391/4064/4064 1390/4065/4065
f 1389/4066/4066 1393/4067/4067 1396/4068/4068
f 1389/4066/4066 1396/4068/4068 1392/4069/4069
f 1390/4070/4070 1394/4071/4071 1393/4072/4072
f 1390/4070/4070 1393/4072/4072 1389/4073/4073
f 1391/4074/4074 1395/4075/4075 1394/4076/4076
f 1391/4074/4074 1394/4076/4076 1390/4077/4077
f 1392/4078/4078 1396/4079/4079 1395/4080/4080
f 1392/4078/4078 1395/4080/4080 1391/4081/4081
f 1394/4082/4082 1395/4083/4083 1396/4084/4084
f 1394/4082/4082 1396/4084/4084 1393/4085/4085
f 1397/4086/4086 1400/4087/4087 1399/4088/4088
f 1397/4086/4086 1399/4088/4088 1398/4089/4089
f 1397/4090/4090 1401/4091/4091 1404/4092/4092
f 1397/4090/4090 1404/4092/4092 1400/4093/4093
f 1398/4094/4094 1402/4095/4095 1401/4096/4096
f 1398/4094/4094 1401/4096/4096 1397/4097/4097
f 1399/4098/4098 1403/4099/4099 1402/4100/4100
f 1399/4098/4098 1402/4100/4100 1398/4101/4101
f 1400/4102/4102 1404/4103/4103 1403/4104/4104
f 1400/4102/4102 1403/4104/4104 1399/4105/4105
f 1402/4106/4106 1403/4107/4107 1404/4108/4108
f 1402/4106/4106 1404/4108/4108 1401/4109/4109
f 1405/4110/4110 1408/4111/4111 1407/4112/4112
f 1405/4110/4110 1407/4112/4112 1406/4113/4113
f 1405/4114/4114 1409/4115/4115 1412/4116/4116
f 1405/4114/4114 1412/4116/4116 1408/4117/4117
f 1406/4118/4118 1410/4119/4119 1409/4120/4120
f 1406/4118/4118 1409/4120/4120 1405/4121/4121
f 1407/4122/4122 1411/4123/4123 1410/4124/4124
f 1407/4122/4122 1410/4124/4124 1406/4125/4125
f 1408/4126/4126 1412/4127/4127 1411/4128/4128
f 1408/4126/4126 1411/4128/4128 1407/4129/4129
f 1410/4130/4130 1411/4131/4131 1412/4132/4132
f 1410/4130/4130 1412/4132/4132 1409/4133/4133
f 1413/4134/4134 1416/4135/4135 1415/4136/4136
f 1413/4134/4134 1415/4136/4136 1414/4137/4137
f 1413/4138/4138 1417/4139/4139 1420/4140/4140
f 1413/4138/4138 1420/4140/4140 1416/4141/4141
f 1414/4142/4142 1418/4143/4143 1417/4144/4144
f 1414/4142/4142 1417/4144/4144 1413/4145/4145
f 1415/4146/4146 1419/4147/4147 1418/4148/4148
f 1415/4146/4146 1418/4148/4148 1414/4149/4149
f 1416/4150/4150 1420/4151/4151 1419/4152/4152
f 1416/4150/4150 1419/4152/4152 1415/4153/4153
f 1418/4154/4154 1419/4155/4155 1420/4156/4156
f 1418/4154/4154 1420/4156/4156 1417/4157/4157
f 1421/4158/4158 1424/4159/4159 1423/4160/4160
f 1421/4158/4158 1423/4160/4160 1422/4161/4161
f 1421/4162/4162 1425/4163/4163 1428/4164/4164
f 1421/4162/4162 1428/4164/4164 1424/4165/4165
f 1422/4166/4166 1426/4167/4167 1425/4168/4168
f 1422/4166/4166 1425/4168/4168 1421/4169/4169
f 1423/4170/4170 1427/4171/4171 1426/4172/4172
f 1423/4170/4170 1426/4172/4172 1422/4173/4173
f 1424/4174/4174 1428/4175/4175 1427/4176/4176
f 1424/4174/4174 1427/4176/4176 1423/4177/4177
f 1426/4178/4178 1427/4179/4179 1428/4180/4180
f 1426/4178/4178 1428/4180/4180 1425/4181/4181
f 1429/4182/4182 1432/4183/4183 1431/4184/4184
f 1429/4182/4182 1431/4184/4184 1430/4185/4185
f 1429/4186/4186 1433/4187/4187 1436/4188/4188
f 1429/4186/4186 1436/4188/4188 1432/4189/4189
f 1430/4190/4190 1434/4191/4191 1433/4192/4192
f 1430/4190/4190 1433/4192/4192 1429/4193/4193
f 1431/4194/4194 1435/4195/4195 1434/4196/4196
f 1431/4194/4194 1434/4196/4196 1430/4197/4197
f 1432/4198/4198 1436/4199/4199 1435/4200/4200
f 1432/4198/4198 1435/4200/4200 1431/4201/4201
f 1434/4202/4202 1435/4203/4203 1436/4204/4204
f 1434/4202/4202 1436/4204/4204 1433/4205/4205
f 1437/4206/4206 1440/4207/4207 1439/4208/4208
f 1437/4206/4206 1439/4208/4208 1438/4209/4209
f 1437/4210/4210 1441/4211/4211 1444/4212/4212
f 1437/4210/4210 1444/4212/4212 1440/4213/4213
f 1438/4214/4214 1442/4215/4215 1441/4216/4216
f 1438/4214/4214 1441/4216/4216 1437/4217/4217
f 1439/4218/4218 1443/4219/4219 1442/4220/4220
f 1439/4218/4218 1442/4220/4220 1438/4221/4221
f 1440/4222/4222 1444/4223/4223 1443/4224/4224
f 1440/4222/4222 1443/4224/4224 1439/4225/4225
f 1442/4226/4226 1443/4227/4227 1444/4228/4228
f 1442/4226/4226 1444/4228/4228 1441/4229/4229
f 1445/4230/4230 1448/4231/4231 1447/4232/4232
f 1445/4230/4230 1447/4232/4232 1446/4233/4233
f 1445/4234/4234 1449/4235/4235 1452/4236/4236
f 1445/4234/4234 1452/4236/4236 1448/4237/4237
f 1446/4238/4238 1450/4239/4239 1449/4240/4240
f 1446/4238/4238 1449/4240/4240 1445/4241/4241
f 1447/4242/4242 1451/4243/4243 1450/4244/4244
f 1447/4242/4242 1450/4244/4244 1446/4245/4245
f 1448/4246/4246 1452/4247/4247 1451/4248/4248
f 1448/4246/4246 1451/4248/4248 1447/4249/4249
f 1450/4250/4250 1451/4251/4251 1452/4252/4252
f 1450/4250/4250 1452/4252/4252 1449/4253/4253
f 1453/4254/4254 1456/4255/4255 1455/4256/4256
f 1453/4254/4254 1455/4256/4256 1454/4257/4257
f 1453/4258/4258 1457/4259/4259 1460/4260/4260
f 1453/4258/4258 1460/4260/4260 1456/4261/4261
f 1454/4262/4262 1458/4263/4263 1457/4264/4264
f 1454/4262/4262 1457/4264/4264 1453/4265/4265
f 1455/4266/4266 1459/4267/4267 1458/4268/4268
f 1455/4266/4266 1458/4268/4268 1454/4269/4269
f 1456/4270/4270 1460/4271/4271 1459/4272/4272
f 1456/4270/4270 1459/4272/4272 1455/4273/4273
f 1458/4274/4274 1459/4275/4275 1460/4276/4276
f 1458/4274/4274 1460/4276/4276 1457/4277/4277
f 1461/4278/4278 1464/4279/4279 1463/4280/4280
f 1461/4278/4278 1463/4280/4280 1462/4281/4281
f 1461/4282/4282 1465/4283/4283 1468/4284/4284
f 1461/4282/4282 1468/4284/4284 1464/4285/4285
f 1462/4286/4286 1466/4287/4287 1465/4288/4288
f 1462/4286/4286 1465/4288/4288 1461/4289/4289
f 1463/4290/4290 1467/4291/4291 1466/4292/4292
f 1463/4290/4290 1466/4292/4292 1462/4293/4293
f 1464/4294/4294 1468/4295/4295 1467/4296/4296
f 1464/4294/4294 1467/4296/4296 1463/4297/4297
f 1466/4298/4298 1467/4299/4299 1468/4300/4300
f 1466/4298/4298 1468/4300/4300 1465/4301/4301
f 1469/4302/4302 1472/4303/4303 1471/4304/4304
f 1469/4302/4302 1471/4304/4304 1470/4305/4305
f 1469/4306/4306 1473/4307/4307 1476/4308/4308
f 1469/4306/4306 1476/4308/4308 1472/4309/4309
f 1470/4310/4310 1474/4311/4311 1473/4312/4312
f 1470/4310/4310 1473/4312/4312 1469/4313/4313
f 1471/4314/4314 1475/4315/4315 1474/4316/4316
f 1471/4314/4314 1474/4316/4316 1470/4317/4317
f 1472/4318/4318 1476/4319/4319 1475/4320/4320
f 1472/4318/4318 1475/4320/4320 1471/4321/4321
f 1474/4322/4322 1475/4323/4323 1476/4324/4324
f 1474/4322/4322 1476/4324/4324 1473/4325/4325
f 1477/4326/4326 1480/4327/4327 1479/4328/4328
f 1477/4326/4326 1479/4328/4328 1478/4329/4329
f 1477/4330/4330 1481/4331/4331 1484/4332/4332
f 1477/4330/4330 1484/4332/4332 1480/4333/4333
f 1478/4334/4334 1482/4335/4335 1481/4336/4336
f 1478/4334/4334 1481/4336/4336 1477/4337/4337
f 1479/4338/4338 1483/4339/4339 1482/4340/4340
f 1479/4338/4338 1482/4340/4340 1478/4341/4341
f 1480/4342/4342 1484/4343/4343 1483/4344/4344
f 1480/4342/4342 1483/4344/4344 1479/4345/4345
f 1482/4346/4346 1483/4347/4347 1484/4348/4348
f 1482/4346/4346 1484/4348/4348 1481/4349/4349
f 1485/4350/4350 1488/4351/4351 1487/4352/4352
f 1485/4350/4350 1487/4352/4352 1486/4353/4353
f 1485/4354/4354 1489/4355/4355 1492/4356/4356
f 1485/4354/4354 1492/4356/4356 1488/4357/4357
f 1486/4358/4358 1490/4359/4359 1489/4360/4360
f 1486/4358/4358 1489/4360/4360 1485/4361/4361
f 1487/4362/4362 1491/4363/4363 1490/4364/4364
f 1487/4362/4362 1490/4364/4364 1486/4365/4365
f 1488/4366/4366 1492/4367/4367 1491/4368/4368
f 1488/4366/4366 1491/4368/4368 1487/4369/4369
f 1490/4370/4370 1491/4371/4371 1492/4372/4372
f 1490/4370/4370 1492/4372/4372 1489/4373/4373
f 1493/4374/4374 1496/4375/4375 1495/4376/4376
f 1493/4374/4374 1495/4376/4376 1494/4377/4377
f 1493/4378/4378 1497/4379/4379 1500/4380/4380
f 1493/4378/4378 1500/4380/4380 1496/4381/4381
f 1494/4382/4382 1498/4383/4383 1497/4384/4384
f 1494/4382/4382 1497/4384/4384 1493/4385/4385
f 1495/4386/4386 1499/4387/4387 1498/4388/4388
f 1495/4386/4386 1498/4388/4388 1494/4389/4389
f 1496/4390/4390 1500/4391/4391 1499/4392/4392
f 1496/4390/4390 1499/4392/4392 1495/4393/4393
f 1498/4394/4394 1499/4395/4395 1500/4396/4396
f 1498/4394/4394 1500/4396/4396 1497/4397/4397
f 1501/4398/4398 1504/4399/4399 1503/4400/4400
f 1501/4398/4398 1503/4400/4400 1502/4401/4401
f 1501/4402/4402 1505/4403/4403 1508/4404/4404
f 1501/4402/4402 1508/4404/4404 1504/4405/4405
f 1502/4406/4406 1506/4407/4407 1505/4408/4408
f 1502/4406/4406 1505/4408/4408 1501/4409/4409
f 1503/4410/4410 1507/4411/4411 1506/4412/4412
f 1503/4410/4410 1506/4412/4412 1502/4413/4413
f 1504/4414/4414 1508/4415/4415 1507/4416/4416
f 1504/4414/4414 1507/4416/4416 1503/4417/4417
f 1506/4418/4418 1507/4419/4419 1508/4420/4420
f 1506/4418/4418 1508/4420/4420 1505/4421/4421
f 1509/4422/4422 1512/4423/4423 1511/4424/4424
f 1509/4422/4422 1511/4424/4424 1510/4425/4425
f 1509/4426/4426 1513/4427/4427 1516/4428/4428
f 1509/4426/4426 1516/4428/4428 1512/4429/4429
f 1510/4430/4430 1514/4431/4431 1513/4427/4427
f 1510/4430/4430 1513/4427/4427 1509/4426/4426
f 1511/4432/4432 1515/4433/4433 1514/4431/4431
f 1511/4432/4432 1514/4431/4431 1510/4430/4430
f 1512/4429/4429 1516/4428/4428 1515/4433/4433
f 1512/4429/4429 1515/4433/4433 1511/4432/4432
f 1514/4434/4434 1515/4435/4435 1516/4436/4436
f 1514/4434/4434 1516/4436/4436 1513/4437/4437
f 1517/4438/4438 1520/4439/4439 1519/4440/4440
f 1517/4438/4438 1519/4440/4440 1518/4441/4441
f 1517/4442/4442 1521/4443/4443 1524/4444/4444
f 1517/4442/4442 1524/4444/4444 1520/4445/4445
f 1518/4446/4446 1522/4447/4447 1521/4448/4448
f 1518/4446/4446 1521/4448/4448 1517/4449/4449
f 1519/4450/4450 1523/4451/4451 1522/4452/4452
f 1519/4450/4450 1522/4452/4452 1518/4453/4453
f 1520/4454/4454 1524/4455/4455 1523/4456/4456
f 1520/4454/4454 1523/4456/4456 1519/4457/4457
f 1522/4458/4458 1523/4459/4459 1524/4460/4460
f 1522/4458/4458 1524/4460/4460 1521/4461/4461
f 1525/4462/4462 1528/4463/4463 1527/4464/4464
f 1525/4462/4462 1527/4464/4464 1526/4465/4465
f 1525/4466/4466 1529/4467/4467 1532/4468/4468
f 1525/4466/4466 1532/4468/4468 1528/4469/4469
f 1526/4470/4470 1530/4471/4471 1529/4472/4472
f 1526/4470/4470 1529/4472/4472 1525/4473/4473
f 1527/4474/4474 1531/4475/4475 1530/4476/4476
f 1527/4474/4474 1530/4476/4476 1526/4477/4477
f 1528/4478/4478 1532/4479/4479 1531/4480/4480
f 1528/4478/4478 1531/4480/4480 1527/4481/4481
f 1530/4482/4482 1531/4483/4483 1532/4484/4484
f 1530/4482/4482 1532/4484/4484 1529/4485/4485
f 1533/4486/4486 1536/4487/4487 1535/4488/4488
f 1533/4486/4486 1535/4488/4488 1534/4489/4489
f 1533/4490/4490 1537/4491/4491 1540/4492/4492
f 1533/4490/4490 1540/4492/4492 1536/4493/4493
f 1534/4494/4494 1538/4495/4495 1537/4496/4496
f 1534/4494/4494 1537/4496/4496 1533/4497/4497
f 1535/4498/4498 1539/4499/4499 1538/4500/4500
f 1535/4498/4498 1538/4500/4500 1534/4501/4501
f 1536/4502/4502 1540/4503/4503 1539/4504/4504
f 1536/4502/4502 1539/4504/4504 1535/4505/4505
f 1538/4506/4506 1539/4507/4507 1540/4508/4508
f 1538/4506/4506 1540/4508/4508 1537/4509/4509
f 1541/4510/4510 1544/4511/4511 1543/4512/4512
f 1541/4510/4510 1543/4512/4512 1542/4513/4513
f 1541/4514/4514 1545/4515/4515 1548/4516/4516
f 1541/4514/4514 1548/4516/4516 1544/4517/4517
f 1542/4518/4518 1546/4519/4519 1545/4520/4520
f 1542/4518/4518 1545/4520/4520 1541/4521/4521
f 1543/4522/4522 1547/4523/4523 1546/4524/4524
f 1543/4522/4522 1546/4524/4524 1542/4525/4525
f 1544/4526/4526 1548/4527/4527 1547/4528/4528
f 1544/4526/4526 1547/4528/4528 1543/4529/4529
f 1546/4530/4530 1547/4531/4531 1548/4532/4532
f 1546/4530/4530 1548/4532/4532 1545/4533/4533
f 1549/4534/4534 1552/4535/4535 1551/4536/4536
f 1549/4534/4534 1551/4536/4536 1550/4537/4537
f 1549/4538/4538 1553/4539/4539 1556/4540/4540
f 1549/4538/4538 1556/4540/4540 1552/4541/4541
f 1550/4542/4542 1554/4543/4543 1553/4544/4544
f 1550/4542/4542 1553/4544/4544 1549/4545/4545
f 1551/4546/4546 1555/4547/4547 1554/4548/4548
f 1551/4546/4546 1554/4548/4548 1550/4549/4549
f 1552/4550/4550 1556/4551/4551 1555/4552/4552
f 1552/4550/4550 1555/4552/4552 1551/4553/4553
f 1554/4554/4554 1555/4555/4555 1556/4556/4556
f 1554/4554/4554 1556/4556/4556 1553/4557/4557
f 1557/4558/4558 1560/4559/4559 1559/4560/4560
f 1557/4558/4558 1559/4560/4560 1558/4561/4561
f 1557/4562/4562 1561/4563/4563 1564/4564/4564
f 1557/4562/4562 1564/4564/4564 1560/4565/4565
f 1558/4566/4566 1562/4567/4567 1561/4568/4568
f 1558/4566/4566 1561/4568/4568 1557/4569/4569
f 1559/4570/4570 1563/4571/4571 1562/4572/4572
f 1559/4570/4570 1562/4572/4572 1558/4573/4573
f 1560/4574/4574 1564/4575/4575 1563/4576/4576
f 1560/4574/4574 1563/4576/4576 1559/4577/4577
f 1562/4578/4578 1563/4579/4579 1564/4580/4580
f 1562/4578/4578 1564/4580/4580 1561/4581/4581
f 1565/4582/4582 1568/4583/4583 1567/4584/4584
f 1565/4582/4582 1567/4584/4584 1566/4585/4585
f 1565/4586/4586 1569/4587/4587 1572/4588/4588
f 1565/4586/4586 1572/4588/4588 1568/4589/4589
f 1566/4590/4590 1570/4591/4591 1569/4592/4592
f 1566/4590/4590 1569/4592/4592 1565/4593/4593
f 1567/4594/4594 1571/4595/4595 1570/4596/4596
f 1567/4594/4594 1570/4596/4596 1566/4597/4597
f 1568/4598/4598 1572/4599/4599 1571/4600/4600
f 1568/4598/4598 1571/4600/4600 1567/4601/4601
f 1570/4602/4602 1571/4603/4603 1572/4604/4604
f 1570/4602/4602 1572/4604/4604 1569/4605/4605
f 1573/4606/4606 1576/4607/4607 1575/4608/4608
f 1573/4606/4606 1575/4608/4608 1574/4609/4609
f 1573/4610/4610 1577/4611/4611 1580/4612/4612
f 1573/4610/4610 1580/4612/4612 1576/4613/4613
f 1574/4614/4614 1578/4615/4615 1577/4616/4616
f 1574/4614/4614 1577/4616/4616 1573/4617/4617
f 1575/4618/4618 1579/4619/4619 1578/4620/4620
f 1575/4618/4618 1578/4620/4620 1574/4621/4621
f 1576/4622/4622 1580/4623/4623 1579/4624/4624
f 1576/4622/4622 1579/4624/4624 1575/4625/4625
f 1578/4626/4626 1579/4627/4627 1580/4628/4628
f 1578/4626/4626 1580/4628/4628 1577/4629/4629
f 1581/4630/4630 1584/4631/4631 1583/4632/4632
f 1581/4630/4630 1583/4632/4632 1582/4633/4633
f 1581/4634/4634 1585/4635/4635 1588/4636/4636
f 1581/4634/4634 1588/4636/4636 1584/4637/4637
f 1582/4638/4638 1586/4639/4639 1585/4640/4640
f 1582/4638/4638 1585/4640/4640 1581/4641/4641
f 1583/4642/4642 1587/4643/4643 1586/4644/4644
f 1583/4642/4642 1586/4644/4644 1582/4645/4645
f 1584/4646/4646 1588/4647/4647 1587/4648/4648
f 1584/4646/4646 1587/4648/4648 1583/4649/4649
f 1586/4650/4650 1587/4651/4651 1588/4652/4652
f 1586/4650/4650 1588/4652/4652 1585/4653/4653
f 1589/4654/4654 1592/4655/4655 1591/4656/4656
f 1589/4654/4654 1591/4656/4656 1590/4657/4657
f 1589/4658/4658 1593/4659/4659 1596/4660/4660
f 1589/4658/4658 1596/4660/4660 1592/4661/4661
f 1590/4662/4662 1594/4663/4663 1593/4664/4664
f 1590/4662/4662 1593/4664/4664 1589/4665/4665
f 1591/4666/4666 1595/4667/4667 1594/4668/4668
f 1591/4666/4666 1594/4668/4668 1590/4669/4669
f 1592/4670/4670 1596/4671/4671 1595/4672/4672
f 1592/4670/4670 1595/4672/4672 1591/4673/4673
f 1594/4674/4674 1595/4675/4675 1596/4676/4676
f 1594/4674/4674 1596/4676/4676 1593/4677/4677
f 1597/4678/4678 1601/4679/4679 1602/4680/4680
f 1597/4678/4678 1602/4680/4680 1598/4681/4681
f 1598/4682/4682 1599/4683/4683 1600/4684/4684
f 1598/4682/4682 1600/4684/4684 1597/4685/4685
f 1598/4686/4686 1602/4687/4687 1603/4688/4688
f 1598/4686/4686 1603/4688/4688 1599/4689/4689
f 1599/4690/4690 1603/4691/4691 1604/4692/4692
f 1599/4690/4690 1604/4692/4692 1600/4693/4693
f 1600/4694/4694 1604/4695/4695 1601/4696/4696
f 1600/4694/4694 1601/4696/4696 1597/4697/4697
f 1601/4698/4698 1604/4699/4699 1603/4700/4700
f 1601/4698/4698 1603/4700/4700 1602/4701/4701
f 1605/4702/4702 1609/4703/4703 1610/4704/4704
f 1605/4702/4702 1610/4704/4704 1606/4705/4705
f 1606/4706/4706 1607/4707/4707 1608/4708/4708
f 1606/4706/4706 1608/4708/4708 1605/4709/4709
f 1606/4710/4710 1610/4711/4711 1611/4712/4712
f 1606/4710/4710 1611/4712/4712 1607/4713/4713
f 1607/4714/4714 1611/4715/4715 1612/4716/4716
f 1607/4714/4714 1612/4716/4716 1608/4717/4717
f 1608/4718/4718 1612/4719/4719 1609/4720/4720
f 1608/4718/4718 1609/4720/4720 1605/4721/4721
f 1609/4722/4722 1612/4723/4723 1611/4724/4724
f 1609/4722/4722 1611/4724/4724 1610/4725/4725
f 1613/4726/4726 1617/4727/4727 1618/4728/4728
f 1613/4726/4726 1618/4728/4728 1614/4729/4729
f 1614/4730/4730 1615/4731/4731 1616/4732/4732
f 1614/4730/4730 1616/4732/4732 1613/4733/4733
f 1614/4734/4734 1618/4735/4735 1619/4736/4736
f 1614/4734/4734 1619/4736/4736 1615/4737/4737
f 1615/4738/4738 1619/4739/4739 1620/4740/4740
f 1615/4738/4738 1620/4740/4740 1616/4741/4741
f 1616/4742/4742 1620/4743/4743 1617/4744/4744
f 1616/4742/4742 1617/4744/4744 1613/4745/4745
f 1617/4746/4746 1620/4747/4747 1619/4748/4748
f 1617/4746/4746 1619/4748/4748 1618/4749/4749
f 1621/4750/4750 1625/4751/4751 1626/4752/4752
f 1621/4750/4750 1626/4752/4752 1622/4753/4753
f 1622/4754/4754 1623/4755/4755 1624/4756/4756
f 1622/4754/4754 1624/4756/4756 1621/4757/4757
f 1622/4758/4758 1626/4759/4759 1627/4760/4760
f 1622/4758/4758 1627/4760/4760 1623/4761/4761
f 1623/4762/4762 1627/4763/4763 1628/4764/4764
f 1623/4762/4762 1628/4764/4764 1624/4765/4765
f 1624/4766/4766 1628/4767/4767 1625/4768/4768
f 1624/4766/4766 1625/4768/4768 1621/4769/4769
f 1625/4770/4770 1628/4771/4771 1627/4772/4772
f 1625/4770/4770 1627/4772/4772 1626/4773/4773
f 1629/4774/4774 1633/4775/4775 1634/4776/4776
f 1629/4774/4774 1634/4776/4776 1630/4777/4777
f 1630/4778/4778 1631/4779/4779 1632/4780/4780
f 1630/4778/4778 1632/4780/4780 1629/4781/4781
f 1630/4782/4782 1634/4783/4783 1635/4784/4784
f 1630/4782/4782 1635/4784/4784 1631/4785/4785
f 1631/4786/4786 1635/4787/4787 1636/4788/4788
f 1631/4786/4786 1636/4788/4788 1632/4789/4789
f 1632/4790/4790 1636/4791/4791 1633/4792/4792
f 1632/4790/4790 1633/4792/4792 1629/4793/4793
f 1633/4794/4794 1636/4795/4795 1635/4796/4796
f 1633/4794/4794 1635/4796/4796 1634/4797/4797
f 1637/4798/4798 1641/4799/4799 1642/4800/4800
f 1637/4798/4798 1642/4800/4800 1638/4801/4801
f 1638/4802/4802 1639/4803/4803 1640/4804/4804
f 1638/4802/4802 1640/4804/4804 1637/4805/4805
f 1638/4806/4806 1642/4807/4807 1643/4808/4808
f 1638/4806/4806 1643/4808/4808 1639/4809/4809
f 1639/4810/4810 1643/4811/4811 1644/4812/4812
f 1639/4810/4810 1644/4812/4812 1640/4813/4813
f 1640/4814/4814 1644/4815/4815 1641/4816/4816
f 1640/4814/4814 1641/4816/4816 1637/4817/4817
f 1641/4818/4818 1644/4819/4819 1643/4820/4820
f 1641/4818/4818 1643/4820/4820 1642/4821/4821
f 1645/4822/4822 1649/4823/4823 1650/4824/4824
f 1645/4822/4822 1650/4824/4824 1646/4825/4825
f 1646/4826/4826 1647/4827/4827 1648/4828/4828
f 1646/4826/4826 1648/4828/4828 1645/4829/4829
f 1646/4830/4830 1650/4831/4831 1651/4832/4832
f 1646/4830/4830 1651/4832/4832 1647/4833/4833
f 1647/4834/4834 1651/4835/4835 1652/4836/4836
f 1647/4834/4834 1652/4836/4836 1648/4837/4837
f 1648/4838/4838 1652/4839/4839 1649/4840/4840
f 1648/4838/4838 1649/4840/4840 1645/4841/4841
f 1649/4842/4842 1652/4843/4843 1651/4844/4844
f 1649/4842/4842 1651/4844/4844 1650/4845/4845
f 1653/4846/4846 1657/4847/4847 1658/4848/4848
f 1653/4846/4846 1658/4848/4848 1654/4849/4849
f 1654/4850/4850 1655/4851/4851 1656/4852/4852
f 1654/4850/4850 1656/4852/4852 1653/4853/4853
f 1654/4854/4854 1658/4855/4855 1659/4856/4856
f 1654/4854/4854 1659/4856/4856 1655/4857/4857
f 1655/4858/4858 1659/4859/4859 1660/4860/4860
f 1655/4858/4858 1660/4860/4860 1656/4861/4861
f 1656/4862/4862 1660/4863/4863 1657/4864/4864
f 1656/4862/4862 1657/4864/4864 1653/4865/4865
f 1657/4866/4866 1660/4867/4867 1659/4868/4868
f 1657/4866/4866 1659/4868/4868 1658/4869/4869
f 1661/4870/4870 1665/4871/4871 1666/4872/4872
f 1661/4870/4870 1666/4872/4872 1662/4873/4873
f 1662/4874/4874 1663/4875/4875 1664/4876/4876
f 1662/4874/4874 1664/4876/4876 1661/4877/4877
f 1662/4878/4878 1666/4879/4879 1667/4880/4880
f 1662/4878/4878 1667/4880/4880 1663/4881/4881
f 1663/4882/4882 1667/4883/4883 1668/4884/4884
f 1663/4882/4882 1668/4884/4884 1664/4885/4885
f 1664/4886/4886 1668/4887/4887 1665/4888/4888
f 1664/4886/4886 1665/4888/4888 1661/4889/4889
f 1665/4890/4890 1668/4891/4891 1667/4892/4892
f 1665/4890/4890 1667/4892/4892 1666/4893/4893
f 1669/4894/4894 1673/4895/4895 1674/4896/4896
f 1669/4894/4894 1674/4896/4896 1670/4897/4897
f 1670/4898/4898 1671/4899/4899 1672/4900/4900
f 1670/4898/4898 1672/4900/4900 1669/4901/4901
f 1670/4902/4902 1674/4903/4903 1675/4904/4904
f 1670/4902/4902 1675/4904/4904 1671/4905/4905
f 1671/4906/4906 1675/4907/4907 1676/4908/4908
f 1671/4906/4906 1676/4908/4908 1672/4909/4909
f 1672/4910/4910 1676/4911/4911 1673/4912/4912
f 1672/4910/4910 1673/4912/4912 1669/4913/4913
f 1673/4914/4914 1676/4915/4915 1675/4916/4916
f 1673/4914/4914 1675/4916/4916 1674/4917/4917
f 1677/4918/4918 1681/4919/4919 1682/4920/4920
f 1677/4918/4918 1682/4920/4920 1678/4921/4921
f 1678/4922/4922 1679/4923/4923 1680/4924/4924
f 1678/4922/4922 1680/4924/4924 1677/4925/4925
f 1678/4926/4926 1682/4927/4927 1683/4928/4928
f 1678/4926/4926 1683/4928/4928 1679/4929/4929
f 1679/4930/4930 1683/4931/4931 1684/4932/4932
f 1679/4930/4930 1684/4932/4932 1680/4933/4933
f 1680/4934/4934 1684/4935/4935 1681/4936/4936
f 1680/4934/4934 1681/4936/4936 1677/4937/4937
f 1681/4938/4938 1684/4939/4939 1683/4940/4940
f 1681/4938/4938 1683/4940/4940 1682/4941/4941
f 1685/4942/4942 1689/4943/4943 1690/4944/4944
f 1685/4942/4942 1690/4944/4944 1686/4945/4945
f 1686/4946/4946 1687/4947/4947 1688/4948/4948
f 1686/4946/4946 1688/4948/4948 1685/4949/4949
f 1686/4950/4950 1690/4951/4951 1691/4952/4952
f 1686/4950/4950 1691/4952/4952 1687/4953/4953
f 1687/4954/4954 1691/4955/4955 1692/4956/4956
f 1687/4954/4954 1692/4956/4956 1688/4957/4957
f 1688/4958/4958 1692/4959/4959 1689/4960/4960
f 1688/4958/4958 1689/4960/4960 1685/4961/4961
f 1689/4962/4962 1692/4963/4963 1691/4964/4964
f 1689/4962/4962 1691/4964/4964 1690/4965/4965
f 1693/4966/4966 1697/4967/4967 1698/4968/4968
f 1693/4966/4966 1698/4968/4968 1694/4969/4969
f 1694/4970/4970 1695/4971/4971 1696/4972/4972
f 1694/4970/4970 1696/4972/4972 1693/4973/4973
f 1694/4974/4974 1698/4975/4975 1699/4976/4976
f 1694/4974/4974 1699/4976/4976 1695/4977/4977
f 1695/4978/4978 1699/4979/4979 1700/4980/4980
f 1695/4978/4978 1700/4980/4980 1696/4981/4981
f 1696/4982/4982 1700/4983/4983 1697/4984/4984
f 1696/4982/4982 1697/4984/4984 1693/4985/4985
f 1697/4986/4986 1700/4987/4987 1699/4988/4988
f 1697/4986/4986 1699/4988/4988 1698/4989/4989
f 1701/4990/4990 1705/4991/4991 1706/4992/4992
f 1701/4990/4990 1706/4992/4992 1702/4993/4993
f 1702/4994/4994 1703/4995/4995 1704/4996/4996
f 1702/4994/4994 1704/4996/4996 1701/4997/4997
f 1702/4998/4998 1706/4999/4999 1707/5000/5000
f 1702/4998/4998 1707/5000/5000 1703/5001/5001
f 1703/5002/5002 1707/5003/5003 1708/5004/5004
f 1703/5002/5002 1708/5004/5004 1704/5005/5005
f 1704/5006/5006 1708/5007/5007 1705/5008/5008
f 1704/5006/5006 1705/5008/5008 1701/5009/5009
f 1705/5010/5010 1708/5011/5011 1707/5012/5012
f 1705/5010/5010 1707/5012/5012 1706/5013/5013
f 1709/5014/5014 1713/5015/5015 1714/5016/5016
f 1709/5014/5014 1714/5016/5016 1710/5017/5017
f 1710/5018/5018 1711/5019/5019 1712/5020/5020
f 1710/5018/5018 1712/5020/5020 1709/5021/5021
f 1710/5022/5022 1714/5023/5023 1715/5024/5024
f 1710/5022/5022 1715/5024/5024 1711/5025/5025
f 1711/5026/5026 1715/5027/5027 1716/5028/5028
f 1711/5026/5026 1716/5028/5028 1712/5029/5029
f 1712/5030/5030 1716/5031/5031 1713/5032/5032
f 1712/5030/5030 1713/5032/5032 1709/5033/5033
f 1713/5034/5034 1716/5035/5035 1715/5036/5036
f 1713/5034/5034 1715/5036/5036 1714/5037/5037
f 1717/5038/5038 1721/5039/5039 1722/5040/5040
f 1717/5038/5038 1722/5040/5040 1718/5041/5041
f 1718/5042/5042 1719/5043/5043 1720/5044/5044
f 1718/5042/5042 1720/5044/5044 1717/5045/5045
f 1718/5046/5046 1722/5047/5047 1723/5048/5048
f 1718/5046/5046 1723/5048/5048 1719/5049/5049
f 1719/5050/5050 1723/5051/5051 1724/5052/5052
f 1719/5050/5050 1724/5052/5052 1720/5053/5053
f 1720/5054/5054 1724/5055/5055 1721/5056/5056
f 1720/5054/5054 1721/5056/5056 1717/5057/5057
f 1721/5058/5058 1724/5059/5059 1723/5060/5060
f 1721/5058/5058 1723/5060/5060 1722/5061/5061
f 1725/5062/5062 1729/5063/5063 1730/5064/5064
f 1725/5062/5062 1730/5064/5064 1726/5065/5065
f 1726/5066/5066 1727/5067/5067 1728/5068/5068
f 1726/5066/5066 1728/5068/5068 1725/5069/5069
f 1726/5070/5070 1730/5071/5071 1731/5072/5072
f 1726/5070/5070 1731/5072/5072 1727/5073/5073
f 1727/5074/5074 1731/5075/5075 1732/5076/5076
f 1727/5074/5074 1732/5076/5076 1728/5077/5077
f 1728/5078/5078 1732/5079/5079 1729/5080/5080
f 1728/5078/5078 1729/5080/5080 1725/5081/5081
f 1729/5082/5082 1732/5083/5083 1731/5084/5084
f 1729/5082/5082 1731/5084/5084 1730/5085/5085
f 1733/5086/5086 1737/5087/5087 1738/5088/5088
f 1733/5086/5086 1738/5088/5088 1734/5089/5089
f 1734/5090/5090 1735/5091/5091 1736/5092/5092
f 1734/5090/5090 1736/5092/5092 1733/5093/5093
f 1734/5094/5094 1738/5095/5095 1739/5096/5096
f 1734/5094/5094 1739/5096/5096 1735/5097/5097
f 1735/5098/5098 1739/5099/5099 1740/5100/5100
f 1735/5098/5098 1740/5100/5100 1736/5101/5101
f 1736/5102/5102 1740/5103/5103 1737/5104/5104
f 1736/5102/5102 1737/5104/5104 1733/5105/5105
f 1737/5106/5106 1740/5107/5107 1739/5108/5108
f 1737/5106/5106 1739/5108/5108 1738/5109/5109
f 1741/5110/5110 1745/5111/5111 1746/5112/5112
f 1741/5110/5110 1746/5112/5112 1742/5113/5113
f 1742/5114/5114 1743/5115/5115 1744/5116/5116
f 1742/5114/5114 1744/5116/5116 1741/5117/5117
f 1742/5118/5118 1746/5119/5119 1747/5120/5120
f 1742/5118/5118 1747/5120/5120 1743/5121/5121
f 1743/5122/5122 1747/5123/5123 1748/5124/5124
f 1743/5122/5122 1748/5124/5124 1744/5125/5125
f 1744/5126/5126 1748/5127/5127 1745/5128/5128
f 1744/5126/5126 1745/5128/5128 1741/5129/5129
f 1745/5130/5130 1748/5131/5131 1747/5132/5132
f 1745/5130/5130 1747/5132/5132 1746/5133/5133
f 1749/5134/5134 1753/5135/5135 1754/5136/5136
f 1749/5134/5134 1754/5136/5136 1750/5137/5137
f 1750/5138/5138 1751/5139/5139 1752/5140/5140
f 1750/5138/5138 1752/5140/5140 1749/5141/5141
f 1750/5142/5142 1754/5143/5143 1755/5144/5144
f 1750/5142/5142 1755/5144/5144 1751/5145/5145
f 1751/5146/5146 1755/5147/5147 1756/5148/5148
f 1751/5146/5146 1756/5148/5148 1752/5149/5149
f 1752/5150/5150 1756/5151/5151 1753/5152/5152
f 1752/5150/5150 1753/5152/5152 1749/5153/5153
f 1753/5154/5154 1756/5155/5155 1755/5156/5156
f 1753/5154/5154 1755/5156/5156 1754/5157/5157
f 1757/5158/5158 1761/5159/5159 1762/5160/5160
f 1757/5158/5158 1762/5160/5160 1758/5161/5161
f 1758/5162/5162 1759/5163/5163 1760/5164/5164
f 1758/5162/5162 1760/5164/5164 1757/5165/5165
f 1758/5166/5166 1762/5167/5167 1763/5168/5168
f 1758/5166/5166 1763/5168/5168 1759/5169/5169
f 1759/5170/5170 1763/5171/5171 1764/5172/5172
f 1759/5170/5170 1764/5172/5172 1760/5173/5173
f 1760/5174/5174 1764/5175/5175 1761/5176/5176
f 1760/5174/5174 1761/5176/5176 1757/5177/5177
f 1761/5178/5178 1764/5179/5179 1763/5180/5180
f 1761/5178/5178 1763/5180/5180 1762/5181/5181
f 1765/5182/5182 1769/5183/5183 1770/5184/5184
f 1765/5182/5182 1770/5184/5184 1766/5185/5185
f 1766/5186/5186 1767/5187/5187 1768/5188/5188
f 1766/5186/5186 1768/5188/5188 1765/5189/5189
f 1766/5190/5190 1770/5191/5191 1771/5192/5192
f 1766/5190/5190 1771/5192/5192 1767/5193/5193
f 1767/5194/5194 1771/5195/5195 1772/5196/5196
f 1767/5194/5194 1772/5196/5196 1768/5197/5197
f 1768/5198/5198 1772/5199/5199 1769/5200/5200
f 1768/5198/5198 1769/5200/5200 1765/5201/5201
f 1769/5202/5202 1772/5203/5203 1771/5204/5204
f 1769/5202/5202 1771/5204/5204 1770/5205/5205
f 1773/5206/5206 1777/5207/5207 1778/5208/5208
f 1773/5206/5206 1778/5208/5208 1774/5209/5209
f 1774/5210/5210 1775/5211/5211 1776/5212/5212
f 1774/5210/5210 1776/5212/5212 1773/5213/5213
f 1774/5214/5214 1778/5215/5215 1779/5216/5216
f 1774/5214/5214 1779/5216/5216 1775/5217/5217
f 1775/5218/5218 1779/5219/5219 1780/5220/5220
f 1775/5218/5218 1780/5220/5220 1776/5221/5221
f 1776/5222/5222 1780/5223/5223 1777/5224/5224
f 1776/5222/5222 1777/5224/5224 1773/5225/5225
f 1777/5226/5226 1780/5227/5227 1779/5228/5228
f 1777/5226/5226 1779/5228/5228 1778/5229/5229
f 1781/5230/5230 1785/5231/5231 1786/5232/5232
f 1781/5230/5230 1786/5232/5232 1782/5233/5233
f 1782/5234/5234 1783/5235/5235 1784/5236/5236
f 1782/5234/5234 1784/5236/5236 1781/5237/5237
f 1782/5238/5238 1786/5239/5239 1787/5240/5240
f 1782/5238/5238 1787/5240/5240 1783/5241/5241
f 1783/5242/5242 1787/5243/5243 1788/5244/5244
f 1783/5242/5242 1788/5244/5244 1784/5245/5245
f 1784/5246/5246 1788/5247/5247 1785/5248/5248
f 1784/5246/5246 1785/5248/5248 1781/5249/5249
f 1785/5250/5250 1788/5251/5251 1787/5252/5252
f 1785/5250/5250 1787/5252/5252 1786/5253/5253
f 1789/5254/5254 1793/5255/5255 1794/5256/5256
f 1789/5254/5254 1794/5256/5256 1790/5257/5257
f 1790/5258/5258 1791/5259/5259 1792/5260/5260
f 1790/5258/5258 1792/5260/5260 1789/5261/5261
f 1790/5262/5262 1794/5263/5263 1795/5264/5264
f 1790/5262/5262 1795/5264/5264 1791/5265/5265
f 1791/5266/5266 1795/5267/5267 1796/5268/5268
f 1791/5266/5266 1796/5268/5268 1792/5269/5269
f 1792/5270/5270 1796/5271/5271 1793/5272/5272
f 1792/5270/5270 1793/5272/5272 1789/5273/5273
f 1793/5274/5274 1796/5275/5275 1795/5276/5276
f 1793/5274/5274 1795/5276/5276 1794/5277/5277
f 1797/5278/5278 1801/5279/5279 1802/5280/5280
f 1797/5278/5278 1802/5280/5280 1798/5281/5281
f 1798/5282/5282 1799/5283/5283 1800/5284/5284
f 1798/5282/5282 1800/5284/5284 1797/5285/5285
f 1798/5286/5286 1802/5287/5287 1803/5288/5288
f 1798/5286/5286 1803/5288/5288 1799/5289/5289
f 1799/5290/5290 1803/5291/5291 1804/5292/5292
f 1799/5290/5290 1804/5292/5292 1800/5293/5293
f 1800/5294/5294 1804/5295/5295 1801/5296/5296
f 1800/5294/5294 1801/5296/5296 1797/5297/5297
f 1801/5298/5298 1804/5299/5299 1803/5300/5300
f 1801/5298/5298 1803/5300/5300 1802/5301/5301
f 1805/5302/5302 1809/5303/5303 1810/5304/5304
f 1805/5302/5302 1810/5304/5304 1806/5305/5305
f 1806/5306/5306 1807/5307/5307 1808/5308/5308
f 1806/5306/5306 1808/5308/5308 1805/5309/5309
f 1806/5310/5310 1810/5311/5311 1811/5312/5312
f 1806/5310/5310 1811/5312/5312 1807/5313/5313
f 1807/5314/5314 1811/5315/5315 1812/5316/5316
f 1807/5314/5314 1812/5316/5316 1808/5317/5317
f 1808/5318/5318 1812/5319/5319 1809/5320/5320
f 1808/5318/5318 1809/5320/5320 1805/5321/5321
f 1809/5322/5322 1812/5323/5323 1811/5324/5324
f 1809/5322/5322 1811/5324/5324 1810/5325/5325
f 1813/5326/5326 1817/5327/5327 1818/5328/5328
f 1813/5326/5326 1818/5328/5328 1814/5329/5329
f 1814/5330/5330 1815/5331/5331 1816/5332/5332
f 1814/5330/5330 1816/5332/5332 1813/5333/5333
f 1814/5334/5334 1818/5335/5335 1819/5336/5336
f 1814/5334/5334 1819/5336/5336 1815/5337/5337
f 1815/5338/5338 1819/5339/5339 1820/5340/5340
f 1815/5338/5338 1820/5340/5340 1816/5341/5341
f 1816/5342/5342 1820/5343/5343 1817/5344/5344
f 1816/5342/5342 1817/5344/5344 1813/5345/5345
f 1817/5346/5346 1820/5347/5347 1819/5348/5348
f 1817/5346/5346 1819/5348/5348 1818/5349/5349
f 1821/5350/5350 1825/5351/5351 1826/5352/5352
f 1821/5350/5350 1826/5352/5352 1822/5353/5353
f 1822/5354/5354 1823/5355/5355 1824/5356/5356
f 1822/5354/5354 1824/5356/5356 1821/5357/5357
f 1822/5358/5358 1826/5359/5359 1827/5360/5360
f 1822/5358/5358 1827/5360/5360 1823/5361/5361
f 1823/5362/5362 1827/5363/5363 1828/5364/5364
f 1823/5362/5362 1828/5364/5364 1824/5365/5365
f 1824/5366/5366 1828/5367/5367 1825/5368/5368
f 1824/5366/5366 1825/5368/5368 1821/5369/5369
f 1825/5370/5370 1828/5371/5371 1827/5372/5372
f 1825/5370/5370 1827/5372/5372 1826/5373/5373
f 1829/5374/5374 1833/5375/5375 1834/5376/5376
f 1829/5374/5374 1834/5376/5376 1830/5377/5377
f 1830/5378/5378 1831/5379/5379 1832/5380/5380
f 1830/5378/5378 1832/5380/5380 1829/5381/5381
f 1830/5382/5382 1834/5383/5383 1835/5384/5384
f 1830/5382/5382 1835/5384/5384 1831/5385/5385
f 1831/5386/5386 1835/5387/5387 1836/5388/5388
f 1831/5386/5386 1836/5388/5388 1832/5389/5389
f 1832/5390/5390 1836/5391/5391 1833/5392/5392
f 1832/5390/5390 1833/5392/5392 1829/5393/5393
f 1833/5394/5394 1836/5395/5395 1835/5396/5396
f 1833/5394/5394 1835/5396/5396 1834/5397/5397
f 1837/5398/5398 1841/5399/5399 1842/5400/5400
f 1837/5398/5398 1842/5400/5400 1838/5401/5401
f 1838/5402/5402 1839/5403/5403 1840/5404/5404
f 1838/5402/5402 1840/5404/5404 1837/5405/5405
f 1838/5406/5406 1842/5407/5407 1843/5408/5408
f 1838/5406/5406 1843/5408/5408 1839/5409/5409
f 1839/5410/5410 1843/5411/5411 1844/5412/5412
f 1839/5410/5410 1844/5412/5412 1840/5413/5413
f 1840/5414/5414 1844/5415/5415 1841/5416/5416
f 1840/5414/5414 1841/5416/5416 1837/5417/5417
f 1841/5418/5418 1844/5419/5419 1843/5420/5420
f 1841/5418/5418 1843/5420/5420 1842/5421/5421
f 1845/5422/5422 1849/5423/5423 1850/5424/5424
f 1845/5422/5422 1850/5424/5424 1846/5425/5425
f 1846/5426/5426 1847/5427/5427 1848/5428/5428
f 1846/5426/5426 1848/5428/5428 1845/5429/5429
f 1846/5430/5430 1850/5431/5431 1851/5432/5432
f 1846/5430/5430 1851/5432/5432 1847/5433/5433
f 1847/5434/5434 1851/5435/5435 1852/5436/5436
f 1847/5434/5434 1852/5436/5436 1848/5437/5437
f 1848/5438/5438 1852/5439/5439 1849/5440/5440
f 1848/5438/5438 1849/5440/5440 1845/5441/5441
f 1849/5442/5442 1852/5443/5443 1851/5444/5444
f 1849/5442/5442 1851/5444/5444 1850/5445/5445
f 1853/5446/5446 1857/5447/5447 1858/5448/5448
f 1853/5446/5446 1858/5448/5448 1854/5449/5449
f 1854/5450/5450 1855/5451/5451 1856/5452/5452
f 1854/5450/5450 1856/5452/5452 1853/5453/5453
f 1854/5454/5454 1858/5455/5455 1859/5456/5456
f 1854/5454/5454 1859/5456/5456 1855/5457/5457
f 1855/5458/5458 1859/5459/5459 1860/5460/5460
f 1855/5458/5458 1860/5460/5460 1856/5461/5461
f 1856/5462/5462 1860/5463/5463 1857/5464/5464
f 1856/5462/5462 1857/5464/5464 1853/5465/5465
f 1857/5466/5466 1860/5467/5467 1859/5468/5468
f 1857/5466/5466 1859/5468/5468 1858/5469/5469
f 1861/5470/5470 1865/5471/5471 1866/5472/5472
f 1861/5470/5470 1866/5472/5472 1862/5473/5473
f 1862/5474/5474 1863/5475/5475 1864/5476/5476
f 1862/5474/5474 1864/5476/5476 1861/5477/5477
f 1862/5478/5478 1866/5479/5479 1867/5480/5480
f 1862/5478/5478 1867/5480/5480 1863/5481/5481
f 1863/5482/5482 1867/5483/5483 1868/5484/5484
f 1863/5482/5482 1868/5484/5484 1864/5485/5485
f 1864/5486/5486 1868/5487/5487 1865/5488/5488
f 1864/5486/5486 1865/5488/5488 1861/5489/5489
f 1865/5490/5490 1868/5491/5491 1867/5492/5492
f 1865/5490/5490 1867/5492/5492 1866/5493/5493
f 1869/5494/5494 1873/5495/5495 1874/5496/5496
f 1869/5494/5494 1874/5496/5496 1870/5497/5497
f 1870/5498/5498 1871/5499/5499 1872/5500/5500
f 1870/5498/5498 1872/5500/5500 1869/5501/5501
f 1870/5502/5502 1874/5503/5503 1875/5504/5504
f 1870/5502/5502 1875/5504/5504 1871/5505/5505
f 1871/5506/5506 1875/5507/5507 1876/5508/5508
f 1871/5506/5506 1876/5508/5508 1872/5509/5509
f 1872/5510/5510 1876/5511/5511 1873/5512/5512
f 1872/5510/5510 1873/5512/5512 1869/5513/5513
f 1873/5514/5514 1876/5515/5515 1875/5516/5516
f 1873/5514/5514 1875/5516/5516 1874/5517/5517
f 1877/5518/5518 1881/5519/5519 1882/5520/5520
f 1877/5518/5518 1882/5520/5520 1878/5521/5521
f 1878/5522/5522 1879/5523/5523 1880/5524/5524
f 1878/5522/5522 1880/5524/5524 1877/5525/5525
f 1878/5526/5526 1882/5527/5527 1883/5528/5528
f 1878/5526/5526 1883/5528/5528 1879/5529/5529
f 1879/5530/5530 1883/5531/5531 1884/5532/5532
f 1879/5530/5530 1884/5532/5532 1880/5533/5533
f 1880/5534/5534 1884/5535/5535 1881/5536/5536
f 1880/5534/5534 1881/5536/5536 1877/5537/5537
f 1881/5538/5538 1884/5539/5539 1883/5540/5540
f 1881/5538/5538 1883/5540/5540 1882/5541/5541
f 1885/5542/5542 1889/5543/5543 1890/5544/5544
f 1885/5542/5542 1890/5544/5544 1886/5545/5545
f 1886/5546/5546 1887/5547/5547 1888/5548/5548
f 1886/5546/5546 1888/5548/5548 1885/5549/5549
f 1886/5550/5550 1890/5551/5551 1891/5552/5552
f 1886/5550/5550 1891/5552/5552 1887/5553/5553
f 1887/5554/5554 1891/5555/5555 1892/5556/5556
f 1887/5554/5554 1892/5556/5556 1888/5557/5557
f 1888/5558/5558 1892/5559/5559 1889/5560/5560
f 1888/5558/5558 1889/5560/5560 1885/5561/5561
f 1889/5562/5562 1892/5563/5563 1891/5564/5564
f 1889/5562/5562 1891/5564/5564 1890/5565/5565
f 1893/5566/5566 1897/5567/5567 1898/5568/5568
f 1893/5566/5566 1898/5568/5568 1894/5569/5569
f 1894/5570/5570 1895/5571/5571 1896/5572/5572
f 1894/5570/5570 1896/5572/5572 1893/5573/5573
f 1894/5574/5574 1898/5575/5575 1899/5576/5576
f 1894/5574/5574 1899/5576/5576 1895/5577/5577
f 1895/5578/5578 1899/5579/5579 1900/5580/5580
f 1895/5578/5578 1900/5580/5580 1896/5581/5581
f 1896/5582/5582 1900/5583/5583 1897/5584/5584
f 1896/5582/5582 1897/5584/5584 1893/5585/5585
f 1897/5586/5586 1900/5587/5587 1899/5588/5588
f 1897/5586/5586 1899/5588/5588 1898/5589/5589
f 1901/5590/5590 1905/5591/5591 1906/5592/5592
f 1901/5590/5590 1906/5592/5592 1902/5593/5593
f 1902/5594/5594 1903/5595/5595 1904/5596/5596
f 1902/5594/5594 1904/5596/5596 1901/5597/5597
f 1902/5598/5598 1906/5599/5599 1907/5600/5600
f 1902/5598/5598 1907/5600/5600 1903/5601/5601
f 1903/5602/5602 1907/5603/5603 1908/5604/5604
f 1903/5602/5602 1908/5604/5604 1904/5605/5605
f 1904/5606/5606 1908/5607/5607 1905/5608/5608
f 1904/5606/5606 1905/5608/5608 1901/5609/5609
f 1905/5610/5610 1908/5611/5611 1907/5612/5612
f 1905/5610/5610 1907/5612/5612 1906/5613/5613
f 1909/5614/5614 1913/5615/5615 1914/5616/5616
f 1909/5614/5614 1914/5616/5616 1910/5617/5617
f 1910/5618/5618 1911/5619/5619 1912/5620/5620
f 1910/5618/5618 1912/5620/5620 1909/5621/5621
f 1910/5622/5622 1914/5623/5623 1915/5624/5624
f 1910/5622/5622 1915/5624/5624 1911/5625/5625
f 1911/5626/5626 1915/5627/5627 1916/5628/5628
f 1911/5626/5626 1916/5628/5628 1912/5629/5629
f 1912/5630/5630 1916/5631/5631 1913/5632/5632
f 1912/5630/5630 1913/5632/5632 1909/5633/5633
f 1913/5634/5634 1916/5635/5635 1915/5636/5636
f 1913/5634/5634 1915/5636/5636 1914/5637/5637
f 1917/5638/5638 1920/5639/5639 1919/5640/5640
f 1917/5638/5638 1919/5640/5640 1918/5641/5641
f 1917/5638/5638 1921/5642/5642 1924/5643/5643
f 1917/5638/5638 1924/5643/5643 1920/5639/5639
f 1918/5641/5641 1922/5644/5644 1921/5642/5642
f 1918/5641/5641 1921/5642/5642 1917/5638/5638
f 1919/5640/5640 1923/5645/5645 1922/5644/5644
f 1919/5640/5640 1922/5644/5644 1918/5641/5641
f 1920/5639/5639 1924/5643/5643 1923/5645/5645
f 1920/5639/5639 1923/5645/5645 1919/5640/5640
f 1922/5646/5646 1923/5647/5647 1924/5648/5648
f 1922/5646/5646 1924/5648/5648 1921/5649/5649
