version 1
nodes
0 "abdomen" -1
1 "thigh.L" 0
2 "calf.L" 1
3 "foot.L" 2
4 "thigh.R" 0
5 "calf.R" 4
6 "foot.R" 5
7 "spine" 0
8 "thorax" 7
9 "head" 8
10 "shoulder.L" 8
11 "upperarm.L" 10
12 "forearm.L" 11
13 "hand.L" 12
14 "item.L" 13
15 "shoulder.R" 8
16 "upperarm.R" 15
17 "forearm.R" 16
18 "hand.R" 17
19 "item.R" 18
end
skeleton
time 0
 0 0.002980 -0.048350 9.104100 0.000000 -1.570796 1.570796 
 1 0.628640 1.089370 -0.408870 3.141591 -0.086538 3.141591 
 2 4.649140 0.006280 -0.152480 0.000000 0.006659 0.000000 
 3 4.724810 0.000000 0.000000 -0.000382 -1.565503 -3.141211 
 4 0.615950 -1.120970 -0.411960 3.141591 -0.081798 3.141591 
 5 4.669700 0.025960 -0.151690 0.000000 0.020869 0.000000 
 6 4.698490 0.000000 0.000000 -0.000136 -1.556099 -3.141457 
 7 1.972170 0.012830 0.000000 -0.030366 -0.000000 -0.006836 
 8 1.985240 0.001840 0.000060 0.006341 -0.000196 0.006335 
 9 2.705030 0.000240 0.000000 0.008152 -0.000346 0.014506 
 10 1.758180 0.692770 0.008290 -1.777310 -0.023953 1.647033 
 11 1.454170 0.000000 0.000000 0.108582 0.052931 0.010999 
 12 2.770650 0.000000 0.000000 -0.021798 0.032954 0.003188 
 13 2.720050 -0.001310 0.011070 0.139929 -0.013553 0.017038 
 14 0.642300 0.121820 0.167370 -0.022679 0.034877 1.539277 
 15 1.758870 -0.686840 -0.024860 1.773674 0.023954 -1.646038 
 16 1.454170 0.000000 0.000000 -0.108581 0.052931 -0.010999 
 17 2.771110 0.002230 -0.003730 0.018988 0.030166 -0.002914 
 18 2.717440 0.001100 0.009450 -0.126333 -0.000301 -0.023219 
 19 0.647860 -0.124370 0.170260 -0.010578 0.018687 -1.544341 
time 1
 0 0.002980 -0.048350 9.104100 -1.570808 -1.568236 -3.141545 
 1 0.628640 1.089370 -0.408870 2.977348 -0.238912 3.104409 
 2 4.649140 0.006280 -0.152480 0.023881 -0.078445 -0.061722 
 3 4.724810 0.000000 0.000000 1.514275 -1.257701 1.606778 
 4 0.615950 -1.120970 -0.411960 -3.025768 0.064353 -3.077926 
 5 4.669700 0.025960 -0.151690 -0.333644 0.146643 -0.060944 
 6 4.698490 0.000000 0.000000 -1.356475 -1.080235 -1.450558 
 7 1.972170 0.012830 0.000000 -0.026743 -0.175902 -0.018101 
 8 1.985240 0.001840 0.000060 0.003923 0.265383 0.014126 
 9 2.705030 0.000240 0.000000 0.008253 0.046561 -0.025399 
 10 1.758180 0.692770 0.008290 -1.804177 -0.221719 1.701034 
 11 1.454170 0.000000 0.000000 1.000732 -1.132629 -0.474709 
 12 2.770650 0.000000 0.000000 -0.229043 -0.125329 0.239707 
 13 2.720050 -0.001310 0.011070 0.712940 -0.053464 0.041854 
 14 0.642300 0.121820 0.167370 -0.022679 0.034877 1.539277 
 15 1.758870 -0.686840 -0.024860 1.770119 0.030279 -1.753009 
 16 1.454170 0.000000 0.000000 -0.417165 -1.011911 0.196291 
 17 2.771110 0.002230 -0.003730 -0.283777 -0.180106 -0.430694 
 18 2.717440 0.001100 0.009450 0.068511 -0.542533 0.432558 
 19 0.647860 -0.124370 0.170260 -0.019060 0.234643 -1.504489 
time 2
 0 0.002980 -0.048350 9.104100 -1.570808 -1.568236 -3.141545 
 1 0.628640 1.089370 -0.408870 2.977348 -0.238912 3.104409 
 2 4.649140 0.006280 -0.152480 0.023881 -0.078445 -0.061722 
 3 4.724810 0.000000 0.000000 1.514275 -1.257701 1.606779 
 4 0.615950 -1.120970 -0.411960 -3.025768 0.064353 -3.077926 
 5 4.669700 0.025960 -0.151690 -0.333644 0.146643 -0.060944 
 6 4.698490 0.000000 0.000000 -1.356475 -1.080235 -1.450558 
 7 1.972170 0.012830 0.000000 -0.026729 -0.176823 -0.018103 
 8 1.985240 0.001840 0.000060 0.003921 0.271155 0.014295 
 9 2.705030 0.000240 0.000000 0.008407 0.044571 -0.025725 
 10 1.758180 0.692770 0.008290 -1.804177 -0.221719 1.701034 
 11 1.454170 0.000000 0.000000 1.000732 -1.132629 -0.474709 
 12 2.770650 0.000000 0.000000 -0.229043 -0.125329 0.239707 
 13 2.720050 -0.001310 0.011070 0.712940 -0.053464 0.041854 
 14 0.642300 0.121820 0.167370 -0.022679 0.034877 1.539277 
 15 1.758870 -0.686840 -0.024860 1.770119 0.030279 -1.753009 
 16 1.454170 0.000000 0.000000 -0.416304 -1.012530 0.195471 
 17 2.771110 0.002230 -0.003730 -0.283594 -0.180089 -0.430498 
 18 2.717440 0.001100 0.009450 0.068257 -0.544741 0.437874 
 19 0.647860 -0.124370 0.170260 -0.019060 0.234643 -1.504489 
time 3
 0 0.002980 -0.048350 9.104100 -1.570808 -1.568236 -3.141545 
 1 0.628640 1.089370 -0.408870 2.977348 -0.238912 3.104409 
 2 4.649140 0.006280 -0.152480 0.023881 -0.078445 -0.061722 
 3 4.724810 0.000000 0.000000 1.514275 -1.257701 1.606779 
 4 0.615950 -1.120970 -0.411960 -3.025768 0.064353 -3.077926 
 5 4.669700 0.025960 -0.151690 -0.333644 0.146643 -0.060944 
 6 4.698490 0.000000 0.000000 -1.356475 -1.080235 -1.450558 
 7 1.972170 0.012830 0.000000 -0.026714 -0.177774 -0.018106 
 8 1.985240 0.001840 0.000060 0.003918 0.276909 0.014464 
 9 2.705030 0.000240 0.000000 0.008666 0.038998 -0.026059 
 10 1.758180 0.692770 0.008290 -1.804177 -0.221719 1.701034 
 11 1.454170 0.000000 0.000000 1.000733 -1.132629 -0.474709 
 12 2.770650 0.000000 0.000000 -0.229043 -0.125329 0.239707 
 13 2.720050 -0.001310 0.011070 0.712940 -0.053464 0.041854 
 14 0.642300 0.121820 0.167370 -0.022679 0.034877 1.539277 
 15 1.758870 -0.686840 -0.024860 1.770119 0.030279 -1.753009 
 16 1.454170 0.000000 0.000000 -0.413862 -1.013178 0.193146 
 17 2.771110 0.002230 -0.003730 -0.283055 -0.180042 -0.429922 
 18 2.717440 0.001100 0.009450 0.067539 -0.547029 0.443281 
 19 0.647860 -0.124370 0.170260 -0.019060 0.234643 -1.504489 
time 4
 0 0.002980 -0.048350 9.104100 -1.570808 -1.568236 -3.141545 
 1 0.628640 1.089370 -0.408870 2.977348 -0.238912 3.104409 
 2 4.649140 0.006280 -0.152480 0.023881 -0.078445 -0.061722 
 3 4.724810 0.000000 0.000000 1.514275 -1.257701 1.606779 
 4 0.615950 -1.120970 -0.411960 -3.025768 0.064353 -3.077926 
 5 4.669700 0.025960 -0.151690 -0.333644 0.146643 -0.060944 
 6 4.698490 0.000000 0.000000 -1.356475 -1.080235 -1.450558 
 7 1.972170 0.012830 0.000000 -0.026698 -0.178739 -0.018109 
 8 1.985240 0.001840 0.000060 0.003916 0.282577 0.014631 
 9 2.705030 0.000240 0.000000 0.009011 0.030440 -0.026396 
 10 1.758180 0.692770 0.008290 -1.804177 -0.221719 1.701034 
 11 1.454170 0.000000 0.000000 1.000732 -1.132629 -0.474709 
 12 2.770650 0.000000 0.000000 -0.229043 -0.125329 0.239707 
 13 2.720050 -0.001310 0.011070 0.712940 -0.053464 0.041854 
 14 0.642300 0.121820 0.167370 -0.022679 0.034877 1.539277 
 15 1.758870 -0.686840 -0.024860 1.770119 0.030279 -1.753009 
 16 1.454170 0.000000 0.000000 -0.410050 -1.013847 0.189515 
 17 2.771110 0.002230 -0.003730 -0.282182 -0.179965 -0.428988 
 18 2.717440 0.001100 0.009450 0.066423 -0.549366 0.448720 
 19 0.647860 -0.124370 0.170260 -0.019060 0.234643 -1.504489 
time 5
 0 0.002980 -0.048350 9.104100 -1.570808 -1.568236 -3.141545 
 1 0.628640 1.089370 -0.408870 2.977348 -0.238912 3.104409 
 2 4.649140 0.006280 -0.152480 0.023881 -0.078445 -0.061722 
 3 4.724810 0.000000 0.000000 1.514275 -1.257701 1.606779 
 4 0.615950 -1.120970 -0.411960 -3.025768 0.064353 -3.077926 
 5 4.669700 0.025960 -0.151690 -0.333644 0.146643 -0.060944 
 6 4.698490 0.000000 0.000000 -1.356475 -1.080235 -1.450558 
 7 1.972170 0.012830 0.000000 -0.026683 -0.179702 -0.018111 
 8 1.985240 0.001840 0.000060 0.003914 0.288094 0.014793 
 9 2.705030 0.000240 0.000000 0.009423 0.019493 -0.026730 
 10 1.758180 0.692770 0.008290 -1.804177 -0.221719 1.701034 
 11 1.454170 0.000000 0.000000 1.000732 -1.132629 -0.474709 
 12 2.770650 0.000000 0.000000 -0.229043 -0.125329 0.239707 
 13 2.720050 -0.001310 0.011070 0.712940 -0.053464 0.041854 
 14 0.642300 0.121820 0.167370 -0.022679 0.034877 1.539277 
 15 1.758870 -0.686840 -0.024860 1.770119 0.030279 -1.753009 
 16 1.454170 0.000000 0.000000 -0.405079 -1.014529 0.184780 
 17 2.771110 0.002230 -0.003730 -0.280992 -0.179860 -0.427715 
 18 2.717440 0.001100 0.009450 0.064976 -0.551723 0.454129 
 19 0.647860 -0.124370 0.170260 -0.019060 0.234643 -1.504489 
time 6
 0 0.002980 -0.048350 9.104100 -1.570808 -1.568236 -3.141545 
 1 0.628640 1.089370 -0.408870 2.977348 -0.238912 3.104409 
 2 4.649140 0.006280 -0.152480 0.023881 -0.078445 -0.061722 
 3 4.724810 0.000000 0.000000 1.514275 -1.257701 1.606779 
 4 0.615950 -1.120970 -0.411960 -3.025768 0.064353 -3.077926 
 5 4.669700 0.025960 -0.151690 -0.333644 0.146643 -0.060944 
 6 4.698490 0.000000 0.000000 -1.356475 -1.080235 -1.450558 
 7 1.972170 0.012830 0.000000 -0.026668 -0.180647 -0.018114 
 8 1.985240 0.001840 0.000060 0.003911 0.293397 0.014948 
 9 2.705030 0.000240 0.000000 0.009884 0.006755 -0.027057 
 10 1.758180 0.692770 0.008290 -1.804177 -0.221719 1.701034 
 11 1.454170 0.000000 0.000000 1.000732 -1.132629 -0.474709 
 12 2.770650 0.000000 0.000000 -0.229043 -0.125329 0.239707 
 13 2.720050 -0.001310 0.011070 0.712940 -0.053464 0.041854 
 14 0.642300 0.121820 0.167370 -0.022679 0.034877 1.539277 
 15 1.758870 -0.686840 -0.024860 1.770119 0.030279 -1.753009 
 16 1.454170 0.000000 0.000000 -0.399159 -1.015214 0.179141 
 17 2.771110 0.002230 -0.003730 -0.279505 -0.179728 -0.426125 
 18 2.717440 0.001100 0.009450 0.063264 -0.554068 0.459451 
 19 0.647860 -0.124370 0.170260 -0.019060 0.234643 -1.504489 
time 7
 0 0.002980 -0.048350 9.104100 -1.570808 -1.568236 -3.141545 
 1 0.628640 1.089370 -0.408870 2.977348 -0.238912 3.104409 
 2 4.649140 0.006280 -0.152480 0.023881 -0.078445 -0.061722 
 3 4.724810 0.000000 0.000000 1.514275 -1.257701 1.606779 
 4 0.615950 -1.120970 -0.411960 -3.025768 0.064353 -3.077926 
 5 4.669700 0.025960 -0.151690 -0.333644 0.146643 -0.060944 
 6 4.698490 0.000000 0.000000 -1.356475 -1.080235 -1.450558 
 7 1.972170 0.012830 0.000000 -0.026654 -0.181560 -0.018117 
 8 1.985240 0.001840 0.000060 0.003909 0.298418 0.015096 
 9 2.705030 0.000240 0.000000 0.010376 -0.007177 -0.027372 
 10 1.758180 0.692770 0.008290 -1.804177 -0.221719 1.701034 
 11 1.454170 0.000000 0.000000 1.000732 -1.132629 -0.474709 
 12 2.770650 0.000000 0.000000 -0.229043 -0.125329 0.239707 
 13 2.720050 -0.001310 0.011070 0.712940 -0.053464 0.041854 
 14 0.642300 0.121820 0.167370 -0.022679 0.034877 1.539277 
 15 1.758870 -0.686840 -0.024860 1.770119 0.030279 -1.753009 
 16 1.454170 0.000000 0.000000 -0.392501 -1.015893 0.172800 
 17 2.771110 0.002230 -0.003730 -0.277740 -0.179572 -0.424237 
 18 2.717440 0.001100 0.009450 0.061352 -0.556370 0.464624 
 19 0.647860 -0.124370 0.170260 -0.019060 0.234643 -1.504489 
time 8
 0 0.002980 -0.048350 9.104100 -1.570808 -1.568236 -3.141545 
 1 0.628640 1.089370 -0.408870 2.977348 -0.238912 3.104409 
 2 4.649140 0.006280 -0.152480 0.023881 -0.078445 -0.061722 
 3 4.724810 0.000000 0.000000 1.514275 -1.257701 1.606779 
 4 0.615950 -1.120970 -0.411960 -3.025768 0.064353 -3.077926 
 5 4.669700 0.025960 -0.151690 -0.333644 0.146643 -0.060944 
 6 4.698490 0.000000 0.000000 -1.356475 -1.080235 -1.450558 
 7 1.972170 0.012830 0.000000 -0.026640 -0.182424 -0.018119 
 8 1.985240 0.001840 0.000060 0.003907 0.303093 0.015233 
 9 2.705030 0.000240 0.000000 0.010879 -0.021706 -0.027668 
 10 1.758180 0.692770 0.008290 -1.804177 -0.221719 1.701034 
 11 1.454170 0.000000 0.000000 1.000732 -1.132629 -0.474709 
 12 2.770650 0.000000 0.000000 -0.229043 -0.125329 0.239707 
 13 2.720050 -0.001310 0.011070 0.712940 -0.053464 0.041854 
 14 0.642300 0.121820 0.167370 -0.022679 0.034877 1.539277 
 15 1.758870 -0.686840 -0.024860 1.770119 0.030279 -1.753009 
 16 1.454170 0.000000 0.000000 -0.385316 -1.016559 0.165957 
 17 2.771110 0.002230 -0.003730 -0.275716 -0.179394 -0.422073 
 18 2.717440 0.001100 0.009450 0.059309 -0.558599 0.469589 
 19 0.647860 -0.124370 0.170260 -0.019060 0.234643 -1.504489 
time 9
 0 0.002980 -0.048350 9.104100 -1.570808 -1.568236 -3.141545 
 1 0.628640 1.089370 -0.408870 2.977348 -0.238912 3.104409 
 2 4.649140 0.006280 -0.152480 0.023881 -0.078445 -0.061722 
 3 4.724810 0.000000 0.000000 1.514275 -1.257701 1.606779 
 4 0.615950 -1.120970 -0.411960 -3.025768 0.064353 -3.077926 
 5 4.669700 0.025960 -0.151690 -0.333644 0.146643 -0.060944 
 6 4.698490 0.000000 0.000000 -1.356475 -1.080235 -1.450558 
 7 1.972170 0.012830 0.000000 -0.026627 -0.183223 -0.018121 
 8 1.985240 0.001840 0.000060 0.003905 0.307356 0.015358 
 9 2.705030 0.000240 0.000000 0.011375 -0.036236 -0.027942 
 10 1.758180 0.692770 0.008290 -1.804177 -0.221719 1.701034 
 11 1.454170 0.000000 0.000000 1.000732 -1.132629 -0.474709 
 12 2.770650 0.000000 0.000000 -0.229043 -0.125329 0.239707 
 13 2.720050 -0.001310 0.011070 0.712940 -0.053464 0.041854 
 14 0.642300 0.121820 0.167370 -0.022679 0.034877 1.539277 
 15 1.758870 -0.686840 -0.024860 1.770119 0.030279 -1.753009 
 16 1.454170 0.000000 0.000000 -0.377815 -1.017202 0.158812 
 17 2.771110 0.002230 -0.003730 -0.273453 -0.179194 -0.419652 
 18 2.717440 0.001100 0.009450 0.057199 -0.560724 0.474286 
 19 0.647860 -0.124370 0.170260 -0.019060 0.234643 -1.504489 
time 10
 0 0.002980 -0.048350 9.104100 -1.570808 -1.568236 -3.141545 
 1 0.628640 1.089370 -0.408870 2.977348 -0.238912 3.104409 
 2 4.649140 0.006280 -0.152480 0.023881 -0.078445 -0.061722 
 3 4.724810 0.000000 0.000000 1.514275 -1.257701 1.606779 
 4 0.615950 -1.120970 -0.411960 -3.025768 0.064353 -3.077926 
 5 4.669700 0.025960 -0.151690 -0.333644 0.146643 -0.060944 
 6 4.698490 0.000000 0.000000 -1.356475 -1.080235 -1.450558 
 7 1.972170 0.012830 0.000000 -0.026616 -0.183942 -0.018123 
 8 1.985240 0.001840 0.000060 0.003903 0.311143 0.015469 
 9 2.705030 0.000240 0.000000 0.011846 -0.050168 -0.028188 
 10 1.758180 0.692770 0.008290 -1.804177 -0.221719 1.701034 
 11 1.454170 0.000000 0.000000 1.000732 -1.132629 -0.474709 
 12 2.770650 0.000000 0.000000 -0.229043 -0.125329 0.239707 
 13 2.720050 -0.001310 0.011070 0.712940 -0.053464 0.041854 
 14 0.642300 0.121820 0.167370 -0.022679 0.034877 1.539277 
 15 1.758870 -0.686840 -0.024860 1.770119 0.030279 -1.753009 
 16 1.454170 0.000000 0.000000 -0.370208 -1.017815 0.151568 
 17 2.771110 0.002230 -0.003730 -0.270969 -0.178974 -0.416996 
 18 2.717440 0.001100 0.009450 0.055088 -0.562714 0.478654 
 19 0.647860 -0.124370 0.170260 -0.019060 0.234643 -1.504489 
time 11
 0 0.002980 -0.048350 9.104100 -1.570808 -1.568236 -3.141545 
 1 0.628640 1.089370 -0.408870 2.977348 -0.238912 3.104409 
 2 4.649140 0.006280 -0.152480 0.023881 -0.078445 -0.061722 
 3 4.724810 0.000000 0.000000 1.514275 -1.257701 1.606779 
 4 0.615950 -1.120970 -0.411960 -3.025768 0.064353 -3.077926 
 5 4.669700 0.025960 -0.151690 -0.333644 0.146643 -0.060944 
 6 4.698490 0.000000 0.000000 -1.356475 -1.080235 -1.450558 
 7 1.972170 0.012830 0.000000 -0.026606 -0.184566 -0.018125 
 8 1.985240 0.001840 0.000060 0.003902 0.314387 0.015564 
 9 2.705030 0.000240 0.000000 0.012273 -0.062906 -0.028401 
 10 1.758180 0.692770 0.008290 -1.804177 -0.221719 1.701034 
 11 1.454170 0.000000 0.000000 1.000732 -1.132629 -0.474709 
 12 2.770650 0.000000 0.000000 -0.229043 -0.125329 0.239707 
 13 2.720050 -0.001310 0.011070 0.712940 -0.053464 0.041854 
 14 0.642300 0.121820 0.167370 -0.022679 0.034877 1.539277 
 15 1.758870 -0.686840 -0.024860 1.770119 0.030279 -1.753009 
 16 1.454170 0.000000 0.000000 -0.362707 -1.018388 0.144423 
 17 2.771110 0.002230 -0.003730 -0.268284 -0.178737 -0.414124 
 18 2.717440 0.001100 0.009450 0.053045 -0.564538 0.482635 
 19 0.647860 -0.124370 0.170260 -0.019060 0.234643 -1.504489 
time 12
 0 0.002980 -0.048350 9.104100 -1.570808 -1.568236 -3.141545 
 1 0.628640 1.089370 -0.408870 2.977348 -0.238912 3.104409 
 2 4.649140 0.006280 -0.152480 0.023881 -0.078445 -0.061722 
 3 4.724810 0.000000 0.000000 1.514275 -1.257701 1.606779 
 4 0.615950 -1.120970 -0.411960 -3.025768 0.064353 -3.077926 
 5 4.669700 0.025960 -0.151690 -0.333644 0.146643 -0.060944 
 6 4.698490 0.000000 0.000000 -1.356475 -1.080235 -1.450558 
 7 1.972170 0.012830 0.000000 -0.026598 -0.185078 -0.018127 
 8 1.985240 0.001840 0.000060 0.003901 0.317025 0.015642 
 9 2.705030 0.000240 0.000000 0.012638 -0.073852 -0.028575 
 10 1.758180 0.692770 0.008290 -1.804177 -0.221719 1.701034 
 11 1.454170 0.000000 0.000000 1.000733 -1.132629 -0.474709 
 12 2.770650 0.000000 0.000000 -0.229043 -0.125329 0.239707 
 13 2.720050 -0.001310 0.011070 0.712940 -0.053464 0.041854 
 14 0.642300 0.121820 0.167370 -0.022679 0.034877 1.539277 
 15 1.758870 -0.686840 -0.024860 1.770119 0.030279 -1.753009 
 16 1.454170 0.000000 0.000000 -0.355522 -1.018912 0.137580 
 17 2.771110 0.002230 -0.003730 -0.265417 -0.178484 -0.411058 
 18 2.717440 0.001100 0.009450 0.051133 -0.566166 0.486167 
 19 0.647860 -0.124370 0.170260 -0.019060 0.234643 -1.504489 
time 13
 0 0.002980 -0.048350 9.104100 -1.570808 -1.568236 -3.141545 
 1 0.628640 1.089370 -0.408870 2.977348 -0.238912 3.104409 
 2 4.649140 0.006280 -0.152480 0.023881 -0.078445 -0.061722 
 3 4.724810 0.000000 0.000000 1.514275 -1.257701 1.606779 
 4 0.615950 -1.120970 -0.411960 -3.025768 0.064353 -3.077926 
 5 4.669700 0.025960 -0.151690 -0.333644 0.146643 -0.060944 
 6 4.698490 0.000000 0.000000 -1.356475 -1.080235 -1.450558 
 7 1.972170 0.012830 0.000000 -0.026592 -0.185464 -0.018128 
 8 1.985240 0.001840 0.000060 0.003900 0.318989 0.015699 
 9 2.705030 0.000240 0.000000 0.012921 -0.082411 -0.028706 
 10 1.758180 0.692770 0.008290 -1.804177 -0.221719 1.701034 
 11 1.454170 0.000000 0.000000 1.000732 -1.132629 -0.474709 
 12 2.770650 0.000000 0.000000 -0.229043 -0.125329 0.239707 
 13 2.720050 -0.001310 0.011070 0.712940 -0.053464 0.041854 
 14 0.642300 0.121820 0.167370 -0.022679 0.034877 1.539277 
 15 1.758870 -0.686840 -0.024860 1.770119 0.030279 -1.753009 
 16 1.454170 0.000000 0.000000 -0.348864 -1.019380 0.131239 
 17 2.771110 0.002230 -0.003730 -0.262387 -0.178216 -0.407817 
 18 2.717440 0.001100 0.009450 0.049421 -0.567568 0.489192 
 19 0.647860 -0.124370 0.170260 -0.019060 0.234643 -1.504489 
time 14
 0 0.002980 -0.048350 9.104100 -1.570808 -1.568236 -3.141545 
 1 0.628640 1.089370 -0.408870 2.977348 -0.238912 3.104409 
 2 4.649140 0.006280 -0.152480 0.023881 -0.078445 -0.061722 
 3 4.724810 0.000000 0.000000 1.514275 -1.257701 1.606779 
 4 0.615950 -1.120970 -0.411960 -3.025768 0.064353 -3.077926 
 5 4.669700 0.025960 -0.151690 -0.333644 0.146643 -0.060944 
 6 4.698490 0.000000 0.000000 -1.356475 -1.080235 -1.450558 
 7 1.972170 0.012830 0.000000 -0.026588 -0.185706 -0.018129 
 8 1.985240 0.001840 0.000060 0.003899 0.320216 0.015735 
 9 2.705030 0.000240 0.000000 0.013105 -0.087984 -0.028788 
 10 1.758180 0.692770 0.008290 -1.804177 -0.221719 1.701034 
 11 1.454170 0.000000 0.000000 1.000732 -1.132629 -0.474709 
 12 2.770650 0.000000 0.000000 -0.229043 -0.125329 0.239707 
 13 2.720050 -0.001310 0.011070 0.712940 -0.053464 0.041854 
 14 0.642300 0.121820 0.167370 -0.022679 0.034877 1.539277 
 15 1.758870 -0.686840 -0.024860 1.770119 0.030279 -1.753009 
 16 1.454170 0.000000 0.000000 -0.342944 -1.019781 0.125600 
 17 2.771110 0.002230 -0.003730 -0.259213 -0.177936 -0.404423 
 18 2.717440 0.001100 0.009450 0.047974 -0.568711 0.491649 
 19 0.647860 -0.124370 0.170260 -0.019060 0.234643 -1.504489 
time 15
 0 0.002980 -0.048350 9.104100 -1.570808 -1.568236 -3.141545 
 1 0.628640 1.089370 -0.408870 2.977348 -0.238912 3.104409 
 2 4.649140 0.006280 -0.152480 0.023881 -0.078445 -0.061722 
 3 4.724810 0.000000 0.000000 1.514275 -1.257701 1.606779 
 4 0.615950 -1.120970 -0.411960 -3.025768 0.064353 -3.077926 
 5 4.669700 0.025960 -0.151690 -0.333644 0.146643 -0.060944 
 6 4.698490 0.000000 0.000000 -1.356475 -1.080235 -1.450558 
 7 1.972170 0.012830 0.000000 -0.026587 -0.185791 -0.018129 
 8 1.985240 0.001840 0.000060 0.003899 0.320639 0.015748 
 9 2.705030 0.000240 0.000000 0.013170 -0.089974 -0.028817 
 10 1.758180 0.692770 0.008290 -1.804177 -0.221719 1.701034 
 11 1.454170 0.000000 0.000000 1.000732 -1.132629 -0.474709 
 12 2.770650 0.000000 0.000000 -0.229043 -0.125329 0.239707 
 13 2.720050 -0.001310 0.011070 0.712940 -0.053464 0.041854 
 14 0.642300 0.121820 0.167370 -0.022679 0.034877 1.539277 
 15 1.758870 -0.686840 -0.024860 1.770119 0.030279 -1.753009 
 16 1.454170 0.000000 0.000000 -0.337973 -1.020109 0.120865 
 17 2.771110 0.002230 -0.003730 -0.255915 -0.177645 -0.400895 
 18 2.717440 0.001100 0.009450 0.046858 -0.569566 0.493478 
 19 0.647860 -0.124370 0.170260 -0.019060 0.234643 -1.504489 
time 16
 0 0.002980 -0.048350 9.104100 -1.570808 -1.568236 -3.141545 
 1 0.628640 1.089370 -0.408870 2.977348 -0.238912 3.104409 
 2 4.649140 0.006280 -0.152480 0.023881 -0.078445 -0.061722 
 3 4.724810 0.000000 0.000000 1.514275 -1.257701 1.606779 
 4 0.615950 -1.120970 -0.411960 -3.025768 0.064353 -3.077926 
 5 4.669700 0.025960 -0.151690 -0.333644 0.146643 -0.060944 
 6 4.698490 0.000000 0.000000 -1.356475 -1.080235 -1.450558 
 7 1.972170 0.012830 0.000000 -0.026589 -0.185665 -0.018129 
 8 1.985240 0.001840 0.000060 0.003899 0.319935 0.015727 
 9 2.705030 0.000240 0.000000 0.013138 -0.089111 -0.028794 
 10 1.758180 0.692770 0.008290 -1.804177 -0.221719 1.701034 
 11 1.454170 0.000000 0.000000 1.000732 -1.132629 -0.474709 
 12 2.770650 0.000000 0.000000 -0.229043 -0.125329 0.239707 
 13 2.720050 -0.001310 0.011070 0.712940 -0.053464 0.041854 
 14 0.642300 0.121820 0.167370 -0.022679 0.034877 1.539277 
 15 1.758870 -0.686840 -0.024860 1.770119 0.030279 -1.753009 
 16 1.454170 0.000000 0.000000 -0.334161 -1.020354 0.117234 
 17 2.771110 0.002230 -0.003730 -0.252511 -0.177344 -0.397255 
 18 2.717440 0.001100 0.009450 0.046140 -0.570101 0.494619 
 19 0.647860 -0.124370 0.170260 -0.019060 0.234643 -1.504489 
time 17
 0 0.002980 -0.048350 9.104100 -1.570808 -1.568236 -3.141545 
 1 0.628640 1.089370 -0.408870 2.977348 -0.238912 3.104409 
 2 4.649140 0.006280 -0.152480 0.023881 -0.078445 -0.061722 
 3 4.724810 0.000000 0.000000 1.514275 -1.257701 1.606779 
 4 0.615950 -1.120970 -0.411960 -3.025768 0.064353 -3.077926 
 5 4.669700 0.025960 -0.151690 -0.333644 0.146643 -0.060944 
 6 4.698490 0.000000 0.000000 -1.356475 -1.080235 -1.450558 
 7 1.972170 0.012830 0.000000 -0.026594 -0.185310 -0.018128 
 8 1.985240 0.001840 0.000060 0.003900 0.317954 0.015669 
 9 2.705030 0.000240 0.000000 0.013049 -0.086696 -0.028731 
 10 1.758180 0.692770 0.008290 -1.804177 -0.221719 1.701034 
 11 1.454170 0.000000 0.000000 1.000732 -1.132629 -0.474709 
 12 2.770650 0.000000 0.000000 -0.229043 -0.125329 0.239707 
 13 2.720050 -0.001310 0.011070 0.712940 -0.053464 0.041854 
 14 0.642300 0.121820 0.167370 -0.022679 0.034877 1.539277 
 15 1.758870 -0.686840 -0.024860 1.770119 0.030279 -1.753009 
 16 1.454170 0.000000 0.000000 -0.331719 -1.020507 0.114909 
 17 2.771110 0.002230 -0.003730 -0.249021 -0.177036 -0.393523 
 18 2.717440 0.001100 0.009450 0.045886 -0.570286 0.495013 
 19 0.647860 -0.124370 0.170260 -0.019060 0.234643 -1.504489 
time 18
 0 0.002980 -0.048350 9.104100 -1.570808 -1.568236 -3.141545 
 1 0.628640 1.089370 -0.408870 2.977348 -0.238912 3.104409 
 2 4.649140 0.006280 -0.152480 0.023881 -0.078445 -0.061722 
 3 4.724810 0.000000 0.000000 1.514275 -1.257701 1.606779 
 4 0.615950 -1.120970 -0.411960 -3.025768 0.064353 -3.077926 
 5 4.669700 0.025960 -0.151690 -0.333644 0.146643 -0.060944 
 6 4.698490 0.000000 0.000000 -1.356475 -1.080235 -1.450558 
 7 1.972170 0.012830 0.000000 -0.026603 -0.184762 -0.018126 
 8 1.985240 0.001840 0.000060 0.003901 0.314893 0.015579 
 9 2.705030 0.000240 0.000000 0.012912 -0.082987 -0.028633 
 10 1.758180 0.692770 0.008290 -1.804177 -0.221719 1.701034 
 11 1.454170 0.000000 0.000000 1.000732 -1.132629 -0.474709 
 12 2.770650 0.000000 0.000000 -0.229043 -0.125329 0.239707 
 13 2.720050 -0.001310 0.011070 0.712940 -0.053464 0.041854 
 14 0.642300 0.121820 0.167370 -0.022679 0.034877 1.539277 
 15 1.758870 -0.686840 -0.024860 1.770119 0.030279 -1.753009 
 16 1.454170 0.000000 0.000000 -0.330858 -1.020560 0.114089 
 17 2.771110 0.002230 -0.003730 -0.245464 -0.176722 -0.389719 
 18 2.717440 0.001100 0.009450 0.046104 -0.569911 0.494683 
 19 0.647860 -0.124370 0.170260 -0.019060 0.234643 -1.504489 
time 19
 0 0.002980 -0.048350 9.104100 -1.570808 -1.568236 -3.141545 
 1 0.628640 1.089370 -0.408870 2.977348 -0.238912 3.104409 
 2 4.649140 0.006280 -0.152480 0.023881 -0.078445 -0.061722 
 3 4.724810 0.000000 0.000000 1.514275 -1.257701 1.606779 
 4 0.615950 -1.120970 -0.411960 -3.025768 0.064353 -3.077926 
 5 4.669700 0.025960 -0.151690 -0.333644 0.146643 -0.060944 
 6 4.698490 0.000000 0.000000 -1.356475 -1.080235 -1.450558 
 7 1.972170 0.012830 0.000000 -0.026614 -0.184056 -0.018124 
 8 1.985240 0.001840 0.000060 0.003903 0.310947 0.015463 
 9 2.705030 0.000240 0.000000 0.012737 -0.078242 -0.028508 
 10 1.758180 0.692770 0.008290 -1.804177 -0.221719 1.701034 
 11 1.454170 0.000000 0.000000 1.000732 -1.132629 -0.474709 
 12 2.770650 0.000000 0.000000 -0.229043 -0.125329 0.239707 
 13 2.720050 -0.001310 0.011070 0.712940 -0.053464 0.041854 
 14 0.642300 0.121820 0.167370 -0.022679 0.034877 1.539277 
 15 1.758870 -0.686840 -0.024860 1.770119 0.030279 -1.753009 
 16 1.454170 0.000000 0.000000 -0.332493 -1.020406 0.115646 
 17 2.771110 0.002230 -0.003730 -0.241859 -0.176403 -0.385863 
 18 2.717440 0.001100 0.009450 0.046732 -0.568828 0.493734 
 19 0.647860 -0.124370 0.170260 -0.019060 0.234643 -1.504489 
time 20
 0 0.002980 -0.048350 9.104100 -1.570808 -1.568236 -3.141545 
 1 0.628640 1.089370 -0.408870 2.977348 -0.238912 3.104409 
 2 4.649140 0.006280 -0.152480 0.023881 -0.078445 -0.061722 
 3 4.724810 0.000000 0.000000 1.514275 -1.257701 1.606779 
 4 0.615950 -1.120970 -0.411960 -3.025768 0.064353 -3.077926 
 5 4.669700 0.025960 -0.151690 -0.333644 0.146643 -0.060944 
 6 4.698490 0.000000 0.000000 -1.356475 -1.080235 -1.450558 
 7 1.972170 0.012830 0.000000 -0.026627 -0.183227 -0.018122 
 8 1.985240 0.001840 0.000060 0.003905 0.306313 0.015327 
 9 2.705030 0.000240 0.000000 0.012533 -0.072722 -0.028363 
 10 1.758180 0.692770 0.008290 -1.804177 -0.221719 1.701034 
 11 1.454170 0.000000 0.000000 1.000732 -1.132629 -0.474709 
 12 2.770650 0.000000 0.000000 -0.229043 -0.125329 0.239707 
 13 2.720050 -0.001310 0.011070 0.712940 -0.053464 0.041854 
 14 0.642300 0.121820 0.167370 -0.022679 0.034877 1.539277 
 15 1.758870 -0.686840 -0.024860 1.770119 0.030279 -1.753009 
 16 1.454170 0.000000 0.000000 -0.336932 -1.019989 0.119875 
 17 2.771110 0.002230 -0.003730 -0.238226 -0.176082 -0.381977 
 18 2.717440 0.001100 0.009450 0.047731 -0.567106 0.492224 
 19 0.647860 -0.124370 0.170260 -0.019060 0.234643 -1.504489 
time 21
 0 0.002980 -0.048350 9.104100 -1.570808 -1.568236 -3.141545 
 1 0.628640 1.089370 -0.408870 2.977348 -0.238912 3.104409 
 2 4.649140 0.006280 -0.152480 0.023881 -0.078445 -0.061722 
 3 4.724810 0.000000 0.000000 1.514275 -1.257701 1.606779 
 4 0.615950 -1.120970 -0.411960 -3.025768 0.064353 -3.077926 
 5 4.669700 0.025960 -0.151690 -0.333644 0.146643 -0.060944 
 6 4.698490 0.000000 0.000000 -1.356475 -1.080235 -1.450558 
 7 1.972170 0.012830 0.000000 -0.026642 -0.182310 -0.018119 
 8 1.985240 0.001840 0.000060 0.003907 0.301189 0.015177 
 9 2.705030 0.000240 0.000000 0.012311 -0.066683 -0.028205 
 10 1.758180 0.692770 0.008290 -1.804177 -0.221719 1.701034 
 11 1.454170 0.000000 0.000000 1.000732 -1.132629 -0.474709 
 12 2.770650 0.000000 0.000000 -0.229043 -0.125329 0.239707 
 13 2.720050 -0.001310 0.011070 0.712940 -0.053464 0.041854 
 14 0.642300 0.121820 0.167370 -0.022679 0.034877 1.539277 
 15 1.758870 -0.686840 -0.024860 1.770119 0.030279 -1.753009 
 16 1.454170 0.000000 0.000000 -0.343473 -1.019373 0.126106 
 17 2.771110 0.002230 -0.003730 -0.234582 -0.175760 -0.378080 
 18 2.717440 0.001100 0.009450 0.049062 -0.564813 0.490213 
 19 0.647860 -0.124370 0.170260 -0.019060 0.234643 -1.504489 
time 22
 0 0.002980 -0.048350 9.104100 -1.570808 -1.568236 -3.141545 
 1 0.628640 1.089370 -0.408870 2.977348 -0.238912 3.104409 
 2 4.649140 0.006280 -0.152480 0.023881 -0.078445 -0.061722 
 3 4.724810 0.000000 0.000000 1.514275 -1.257701 1.606779 
 4 0.615950 -1.120970 -0.411960 -3.025768 0.064353 -3.077926 
 5 4.669700 0.025960 -0.151690 -0.333644 0.146643 -0.060944 
 6 4.698490 0.000000 0.000000 -1.356475 -1.080235 -1.450558 
 7 1.972170 0.012830 0.000000 -0.026657 -0.181340 -0.018116 
 8 1.985240 0.001840 0.000060 0.003910 0.295770 0.015018 
 9 2.705030 0.000240 0.000000 0.012078 -0.060386 -0.028039 
 10 1.758180 0.692770 0.008290 -1.804177 -0.221719 1.701034 
 11 1.454170 0.000000 0.000000 1.000732 -1.132629 -0.474709 
 12 2.770650 0.000000 0.000000 -0.229043 -0.125329 0.239707 
 13 2.720050 -0.001310 0.011070 0.712940 -0.053464 0.041854 
 14 0.642300 0.121820 0.167370 -0.022679 0.034877 1.539277 
 15 1.758870 -0.686840 -0.024860 1.770119 0.030279 -1.753009 
 16 1.454170 0.000000 0.000000 -0.351415 -1.018627 0.133672 
 17 2.771110 0.002230 -0.003730 -0.230949 -0.175439 -0.374194 
 18 2.717440 0.001100 0.009450 0.050686 -0.562014 0.487758 
 19 0.647860 -0.124370 0.170260 -0.019060 0.234643 -1.504489 
time 23
 0 0.002980 -0.048350 9.104100 -1.570808 -1.568236 -3.141545 
 1 0.628640 1.089370 -0.408870 2.977348 -0.238912 3.104409 
 2 4.649140 0.006280 -0.152480 0.023881 -0.078445 -0.061722 
 3 4.724810 0.000000 0.000000 1.514275 -1.257701 1.606779 
 4 0.615950 -1.120970 -0.411960 -3.025768 0.064353 -3.077926 
 5 4.669700 0.025960 -0.151690 -0.333644 0.146643 -0.060944 
 6 4.698490 0.000000 0.000000 -1.356475 -1.080235 -1.450558 
 7 1.972170 0.012830 0.000000 -0.026673 -0.180353 -0.018113 
 8 1.985240 0.001840 0.000060 0.003912 0.290252 0.014856 
 9 2.705030 0.000240 0.000000 0.011846 -0.054089 -0.027874 
 10 1.758180 0.692770 0.008290 -1.804177 -0.221719 1.701034 
 11 1.454170 0.000000 0.000000 1.000732 -1.132629 -0.474709 
 12 2.770650 0.000000 0.000000 -0.229043 -0.125329 0.239707 
 13 2.720050 -0.001310 0.011070 0.712940 -0.053464 0.041854 
 14 0.642300 0.121820 0.167370 -0.022679 0.034877 1.539277 
 15 1.758870 -0.686840 -0.024860 1.770119 0.030279 -1.753009 
 16 1.454170 0.000000 0.000000 -0.360059 -1.017814 0.141906 
 17 2.771110 0.002230 -0.003730 -0.227344 -0.175121 -0.370338 
 18 2.717440 0.001100 0.009450 0.052564 -0.558778 0.484921 
 19 0.647860 -0.124370 0.170260 -0.019060 0.234643 -1.504489 
time 24
 0 0.002980 -0.048350 9.104100 -1.570808 -1.568236 -3.141545 
 1 0.628640 1.089370 -0.408870 2.977348 -0.238912 3.104409 
 2 4.649140 0.006280 -0.152480 0.023881 -0.078445 -0.061722 
 3 4.724810 0.000000 0.000000 1.514275 -1.257701 1.606779 
 4 0.615950 -1.120970 -0.411960 -3.025768 0.064353 -3.077926 
 5 4.669700 0.025960 -0.151690 -0.333644 0.146643 -0.060944 
 6 4.698490 0.000000 0.000000 -1.356475 -1.080235 -1.450558 
 7 1.972170 0.012830 0.000000 -0.026688 -0.179383 -0.018111 
 8 1.985240 0.001840 0.000060 0.003914 0.284833 0.014697 
 9 2.705030 0.000240 0.000000 0.011623 -0.048051 -0.027715 
 10 1.758180 0.692770 0.008290 -1.804177 -0.221719 1.701034 
 11 1.454170 0.000000 0.000000 1.000732 -1.132629 -0.474709 
 12 2.770650 0.000000 0.000000 -0.229043 -0.125329 0.239707 
 13 2.720050 -0.001310 0.011070 0.712940 -0.053464 0.041854 
 14 0.642300 0.121820 0.167370 -0.022679 0.034877 1.539277 
 15 1.758870 -0.686840 -0.024860 1.770119 0.030279 -1.753009 
 16 1.454170 0.000000 0.000000 -0.368702 -1.017001 0.150140 
 17 2.771110 0.002230 -0.003730 -0.223787 -0.174807 -0.366534 
 18 2.717440 0.001100 0.009450 0.054657 -0.555172 0.481758 
 19 0.647860 -0.124370 0.170260 -0.019060 0.234643 -1.504489 
time 25
 0 0.002980 -0.048350 9.104100 -1.570808 -1.568236 -3.141545 
 1 0.628640 1.089370 -0.408870 2.977348 -0.238912 3.104409 
 2 4.649140 0.006280 -0.152480 0.023881 -0.078445 -0.061722 
 3 4.724810 0.000000 0.000000 1.514275 -1.257701 1.606779 
 4 0.615950 -1.120970 -0.411960 -3.025768 0.064353 -3.077926 
 5 4.669700 0.025960 -0.151690 -0.333644 0.146643 -0.060944 
 6 4.698490 0.000000 0.000000 -1.356475 -1.080235 -1.450558 
 7 1.972170 0.012830 0.000000 -0.026702 -0.178466 -0.018108 
 8 1.985240 0.001840 0.000060 0.003916 0.279708 0.014546 
 9 2.705030 0.000240 0.000000 0.011419 -0.042530 -0.027570 
 10 1.758180 0.692770 0.008290 -1.804177 -0.221719 1.701034 
 11 1.454170 0.000000 0.000000 1.000732 -1.132629 -0.474709 
 12 2.770650 0.000000 0.000000 -0.229043 -0.125329 0.239707 
 13 2.720050 -0.001310 0.011070 0.712940 -0.053464 0.041854 
 14 0.642300 0.121820 0.167370 -0.022679 0.034877 1.539277 
 15 1.758870 -0.686840 -0.024860 1.770119 0.030279 -1.753009 
 16 1.454170 0.000000 0.000000 -0.376644 -1.016254 0.157706 
 17 2.771110 0.002230 -0.003730 -0.220297 -0.174498 -0.362802 
 18 2.717440 0.001100 0.009450 0.056925 -0.551263 0.478331 
 19 0.647860 -0.124370 0.170260 -0.019060 0.234643 -1.504489 
time 26
 0 0.002980 -0.048350 9.104100 -1.570808 -1.568236 -3.141545 
 1 0.628640 1.089370 -0.408870 2.977348 -0.238912 3.104409 
 2 4.649140 0.006280 -0.152480 0.023881 -0.078445 -0.061722 
 3 4.724810 0.000000 0.000000 1.514275 -1.257701 1.606779 
 4 0.615950 -1.120970 -0.411960 -3.025768 0.064353 -3.077926 
 5 4.669700 0.025960 -0.151690 -0.333644 0.146643 -0.060944 
 6 4.698490 0.000000 0.000000 -1.356475 -1.080235 -1.450558 
 7 1.972170 0.012830 0.000000 -0.026715 -0.177636 -0.018106 
 8 1.985240 0.001840 0.000060 0.003919 0.275075 0.014410 
 9 2.705030 0.000240 0.000000 0.011244 -0.037786 -0.027445 
 10 1.758180 0.692770 0.008290 -1.804177 -0.221719 1.701034 
 11 1.454170 0.000000 0.000000 1.000732 -1.132629 -0.474709 
 12 2.770650 0.000000 0.000000 -0.229043 -0.125329 0.239707 
 13 2.720050 -0.001310 0.011070 0.712940 -0.053464 0.041854 
 14 0.642300 0.121820 0.167370 -0.022679 0.034877 1.539277 
 15 1.758870 -0.686840 -0.024860 1.770119 0.030279 -1.753009 
 16 1.454170 0.000000 0.000000 -0.383185 -1.015639 0.163937 
 17 2.771110 0.002230 -0.003730 -0.216893 -0.174198 -0.359161 
 18 2.717440 0.001100 0.009450 0.059330 -0.547119 0.474696 
 19 0.647860 -0.124370 0.170260 -0.019060 0.234643 -1.504489 
time 27
 0 0.002980 -0.048350 9.104100 -1.570808 -1.568236 -3.141545 
 1 0.628640 1.089370 -0.408870 2.977348 -0.238912 3.104409 
 2 4.649140 0.006280 -0.152480 0.023881 -0.078445 -0.061722 
 3 4.724810 0.000000 0.000000 1.514275 -1.257701 1.606779 
 4 0.615950 -1.120970 -0.411960 -3.025768 0.064353 -3.077926 
 5 4.669700 0.025960 -0.151690 -0.333644 0.146643 -0.060944 
 6 4.698490 0.000000 0.000000 -1.356475 -1.080235 -1.450558 
 7 1.972170 0.012830 0.000000 -0.026727 -0.176930 -0.018104 
 8 1.985240 0.001840 0.000060 0.003920 0.271129 0.014294 
 9 2.705030 0.000240 0.000000 0.011107 -0.034077 -0.027348 
 10 1.758180 0.692770 0.008290 -1.804177 -0.221719 1.701034 
 11 1.454170 0.000000 0.000000 1.000732 -1.132629 -0.474709 
 12 2.770650 0.000000 0.000000 -0.229043 -0.125329 0.239707 
 13 2.720050 -0.001310 0.011070 0.712940 -0.053464 0.041854 
 14 0.642300 0.121820 0.167370 -0.022679 0.034877 1.539277 
 15 1.758870 -0.686840 -0.024860 1.770119 0.030279 -1.753009 
 16 1.454170 0.000000 0.000000 -0.387624 -1.015221 0.168166 
 17 2.771110 0.002230 -0.003730 -0.213595 -0.173906 -0.355634 
 18 2.717440 0.001100 0.009450 0.061833 -0.542806 0.470914 
 19 0.647860 -0.124370 0.170260 -0.019060 0.234643 -1.504489 
time 28
 0 0.002980 -0.048350 9.104100 -1.570808 -1.568236 -3.141545 
 1 0.628640 1.089370 -0.408870 2.977348 -0.238912 3.104409 
 2 4.649140 0.006280 -0.152480 0.023881 -0.078445 -0.061722 
 3 4.724810 0.000000 0.000000 1.514275 -1.257701 1.606779 
 4 0.615950 -1.120970 -0.411960 -3.025768 0.064353 -3.077926 
 5 4.669700 0.025960 -0.151690 -0.333644 0.146643 -0.060944 
 6 4.698490 0.000000 0.000000 -1.356475 -1.080235 -1.450558 
 7 1.972170 0.012830 0.000000 -0.026735 -0.176382 -0.018102 
 8 1.985240 0.001840 0.000060 0.003922 0.268068 0.014205 
 9 2.705030 0.000240 0.000000 0.011018 -0.031662 -0.027284 
 10 1.758180 0.692770 0.008290 -1.804177 -0.221719 1.701034 
 11 1.454170 0.000000 0.000000 1.000732 -1.132629 -0.474709 
 12 2.770650 0.000000 0.000000 -0.229043 -0.125329 0.239707 
 13 2.720050 -0.001310 0.011070 0.712940 -0.053464 0.041854 
 14 0.642300 0.121820 0.167370 -0.022679 0.034877 1.539277 
 15 1.758870 -0.686840 -0.024860 1.770119 0.030279 -1.753009 
 16 1.454170 0.000000 0.000000 -0.389259 -1.015068 0.169723 
 17 2.771110 0.002230 -0.003730 -0.210421 -0.173626 -0.352240 
 18 2.717440 0.001100 0.009450 0.064394 -0.538393 0.467044 
 19 0.647860 -0.124370 0.170260 -0.019060 0.234643 -1.504489 
time 29
 0 0.002980 -0.048350 9.104100 -1.570808 -1.568236 -3.141545 
 1 0.628640 1.089370 -0.408870 2.977348 -0.238912 3.104409 
 2 4.649140 0.006280 -0.152480 0.023881 -0.078445 -0.061722 
 3 4.724810 0.000000 0.000000 1.514275 -1.257701 1.606779 
 4 0.615950 -1.120970 -0.411960 -3.025768 0.064353 -3.077926 
 5 4.669700 0.025960 -0.151690 -0.333644 0.146643 -0.060944 
 6 4.698490 0.000000 0.000000 -1.356475 -1.080235 -1.450558 
 7 1.972170 0.012830 0.000000 -0.026741 -0.176028 -0.018101 
 8 1.985240 0.001840 0.000060 0.003922 0.266087 0.014146 
 9 2.705030 0.000240 0.000000 0.010986 -0.030799 -0.027262 
 10 1.758180 0.692770 0.008290 -1.804177 -0.221719 1.701034 
 11 1.454170 0.000000 0.000000 1.000732 -1.132629 -0.474709 
 12 2.770650 0.000000 0.000000 -0.229043 -0.125329 0.239707 
 13 2.720050 -0.001310 0.011070 0.712940 -0.053464 0.041854 
 14 0.642300 0.121820 0.167370 -0.022679 0.034877 1.539277 
 15 1.758870 -0.686840 -0.024860 1.770119 0.030279 -1.753009 
 16 1.454170 0.000000 0.000000 -0.388672 -1.015121 0.169164 
 17 2.771110 0.002230 -0.003730 -0.207391 -0.173358 -0.348999 
 18 2.717440 0.001100 0.009450 0.066975 -0.533945 0.463143 
 19 0.647860 -0.124370 0.170260 -0.019060 0.234643 -1.504489 
time 30
 0 0.002980 -0.048350 9.104100 -1.570808 -1.568236 -3.141545 
 1 0.628640 1.089370 -0.408870 2.977348 -0.238912 3.104409 
 2 4.649140 0.006280 -0.152480 0.023881 -0.078445 -0.061722 
 3 4.724810 0.000000 0.000000 1.514275 -1.257701 1.606779 
 4 0.615950 -1.120970 -0.411960 -3.025768 0.064353 -3.077926 
 5 4.669700 0.025960 -0.151690 -0.333644 0.146643 -0.060944 
 6 4.698490 0.000000 0.000000 -1.356475 -1.080235 -1.450558 
 7 1.972170 0.012830 0.000000 -0.026743 -0.175902 -0.018101 
 8 1.985240 0.001840 0.000060 0.003923 0.265383 0.014126 
 9 2.705030 0.000240 0.000000 0.010996 -0.031056 -0.027268 
 10 1.758180 0.692770 0.008290 -1.804177 -0.221719 1.701034 
 11 1.454170 0.000000 0.000000 1.000732 -1.132629 -0.474709 
 12 2.770650 0.000000 0.000000 -0.229043 -0.125329 0.239707 
 13 2.720050 -0.001310 0.011070 0.712940 -0.053464 0.041854 
 14 0.642300 0.121820 0.167370 -0.022679 0.034877 1.539277 
 15 1.758870 -0.686840 -0.024860 1.770119 0.030279 -1.753009 
 16 1.454170 0.000000 0.000000 -0.387008 -1.015273 0.167579 
 17 2.771110 0.002230 -0.003730 -0.204524 -0.173105 -0.345933 
 18 2.717440 0.001100 0.009450 0.069536 -0.529532 0.459273 
 19 0.647860 -0.124370 0.170260 -0.019060 0.234643 -1.504489 
time 31
 0 0.002980 -0.048350 9.104100 -1.570808 -1.568236 -3.141545 
 1 0.628640 1.089370 -0.408870 2.977348 -0.238912 3.104409 
 2 4.649140 0.006280 -0.152480 0.023881 -0.078445 -0.061722 
 3 4.724810 0.000000 0.000000 1.514275 -1.257701 1.606779 
 4 0.615950 -1.120970 -0.411960 -3.025768 0.064353 -3.077926 
 5 4.669700 0.025960 -0.151690 -0.333644 0.146643 -0.060944 
 6 4.698490 0.000000 0.000000 -1.356475 -1.080235 -1.450558 
 7 1.972170 0.012830 0.000000 -0.026741 -0.176028 -0.018101 
 8 1.985240 0.001840 0.000060 0.003922 0.266087 0.014146 
 9 2.705030 0.000240 0.000000 0.011022 -0.031781 -0.027287 
 10 1.758180 0.692770 0.008290 -1.804177 -0.221719 1.701034 
 11 1.454170 0.000000 0.000000 1.000732 -1.132629 -0.474709 
 12 2.770650 0.000000 0.000000 -0.229043 -0.125329 0.239707 
 13 2.720050 -0.001310 0.011070 0.712940 -0.053464 0.041854 
 14 0.642300 0.121820 0.167370 -0.022679 0.034877 1.539277 
 15 1.758870 -0.686840 -0.024860 1.770119 0.030279 -1.753009 
 16 1.454170 0.000000 0.000000 -0.384410 -1.015510 0.165104 
 17 2.771110 0.002230 -0.003730 -0.201839 -0.172868 -0.343061 
 18 2.717440 0.001100 0.009450 0.072039 -0.525219 0.455491 
 19 0.647860 -0.124370 0.170260 -0.019060 0.234643 -1.504489 
time 32
 0 0.002980 -0.048350 9.104100 -1.570808 -1.568236 -3.141545 
 1 0.628640 1.089370 -0.408870 2.977348 -0.238912 3.104409 
 2 4.649140 0.006280 -0.152480 0.023881 -0.078445 -0.061722 
 3 4.724810 0.000000 0.000000 1.514275 -1.257701 1.606779 
 4 0.615950 -1.120970 -0.411960 -3.025768 0.064353 -3.077926 
 5 4.669700 0.025960 -0.151690 -0.333644 0.146643 -0.060944 
 6 4.698490 0.000000 0.000000 -1.356475 -1.080235 -1.450558 
 7 1.972170 0.012830 0.000000 -0.026735 -0.176382 -0.018102 
 8 1.985240 0.001840 0.000060 0.003922 0.268068 0.014205 
 9 2.705030 0.000240 0.000000 0.011063 -0.032901 -0.027316 
 10 1.758180 0.692770 0.008290 -1.804177 -0.221719 1.701034 
 11 1.454170 0.000000 0.000000 1.000732 -1.132629 -0.474709 
 12 2.770650 0.000000 0.000000 -0.229043 -0.125329 0.239707 
 13 2.720050 -0.001310 0.011070 0.712940 -0.053464 0.041854 
 14 0.642300 0.121820 0.167370 -0.022679 0.034877 1.539277 
 15 1.758870 -0.686840 -0.024860 1.770119 0.030279 -1.753009 
 16 1.454170 0.000000 0.000000 -0.381022 -1.015820 0.161876 
 17 2.771110 0.002230 -0.003730 -0.199355 -0.172649 -0.340405 
 18 2.717440 0.001100 0.009450 0.074444 -0.521075 0.451856 
 19 0.647860 -0.124370 0.170260 -0.019060 0.234643 -1.504489 
time 33
 0 0.002980 -0.048350 9.104100 -1.570808 -1.568236 -3.141545 
 1 0.628640 1.089370 -0.408870 2.977348 -0.238912 3.104409 
 2 4.649140 0.006280 -0.152480 0.023881 -0.078445 -0.061722 
 3 4.724810 0.000000 0.000000 1.514275 -1.257701 1.606779 
 4 0.615950 -1.120970 -0.411960 -3.025768 0.064353 -3.077926 
 5 4.669700 0.025960 -0.151690 -0.333644 0.146643 -0.060944 
 6 4.698490 0.000000 0.000000 -1.356475 -1.080235 -1.450558 
 7 1.972170 0.012830 0.000000 -0.026727 -0.176930 -0.018104 
 8 1.985240 0.001840 0.000060 0.003920 0.271129 0.014294 
 9 2.705030 0.000240 0.000000 0.011116 -0.034344 -0.027354 
 10 1.758180 0.692770 0.008290 -1.804177 -0.221719 1.701034 
 11 1.454170 0.000000 0.000000 1.000732 -1.132629 -0.474709 
 12 2.770650 0.000000 0.000000 -0.229043 -0.125329 0.239707 
 13 2.720050 -0.001310 0.011070 0.712940 -0.053464 0.041854 
 14 0.642300 0.121820 0.167370 -0.022679 0.034877 1.539277 
 15 1.758870 -0.686840 -0.024860 1.770119 0.030279 -1.753009 
 16 1.454170 0.000000 0.000000 -0.376987 -1.016188 0.158032 
 17 2.771110 0.002230 -0.003730 -0.197092 -0.172449 -0.337984 
 18 2.717440 0.001100 0.009450 0.076713 -0.517166 0.448428 
 19 0.647860 -0.124370 0.170260 -0.019060 0.234643 -1.504489 
time 34
 0 0.002980 -0.048350 9.104100 -1.570808 -1.568236 -3.141545 
 1 0.628640 1.089370 -0.408870 2.977348 -0.238912 3.104409 
 2 4.649140 0.006280 -0.152480 0.023881 -0.078445 -0.061722 
 3 4.724810 0.000000 0.000000 1.514275 -1.257701 1.606779 
 4 0.615950 -1.120970 -0.411960 -3.025768 0.064353 -3.077926 
 5 4.669700 0.025960 -0.151690 -0.333644 0.146643 -0.060944 
 6 4.698490 0.000000 0.000000 -1.356475 -1.080235 -1.450558 
 7 1.972170 0.012830 0.000000 -0.026715 -0.177636 -0.018106 
 8 1.985240 0.001840 0.000060 0.003919 0.275075 0.014410 
 9 2.705030 0.000240 0.000000 0.011178 -0.036039 -0.027397 
 10 1.758180 0.692770 0.008290 -1.804177 -0.221719 1.701034 
 11 1.454170 0.000000 0.000000 1.000732 -1.132629 -0.474709 
 12 2.770650 0.000000 0.000000 -0.229043 -0.125329 0.239707 
 13 2.720050 -0.001310 0.011070 0.712940 -0.053464 0.041854 
 14 0.642300 0.121820 0.167370 -0.022679 0.034877 1.539277 
 15 1.758870 -0.686840 -0.024860 1.770119 0.030279 -1.753009 
 16 1.454170 0.000000 0.000000 -0.372449 -1.016602 0.153709 
 17 2.771110 0.002230 -0.003730 -0.195068 -0.172270 -0.335820 
 18 2.717440 0.001100 0.009450 0.078805 -0.513560 0.445266 
 19 0.647860 -0.124370 0.170260 -0.019060 0.234643 -1.504489 
time 35
 0 0.002980 -0.048350 9.104100 -1.570808 -1.568236 -3.141545 
 1 0.628640 1.089370 -0.408870 2.977348 -0.238912 3.104409 
 2 4.649140 0.006280 -0.152480 0.023881 -0.078445 -0.061722 
 3 4.724810 0.000000 0.000000 1.514275 -1.257701 1.606779 
 4 0.615950 -1.120970 -0.411960 -3.025768 0.064353 -3.077926 
 5 4.669700 0.025960 -0.151690 -0.333644 0.146643 -0.060944 
 6 4.698490 0.000000 0.000000 -1.356475 -1.080235 -1.450558 
 7 1.972170 0.012830 0.000000 -0.026702 -0.178466 -0.018108 
 8 1.985240 0.001840 0.000060 0.003916 0.279708 0.014546 
 9 2.705030 0.000240 0.000000 0.011247 -0.037913 -0.027446 
 10 1.758180 0.692770 0.008290 -1.804177 -0.221719 1.701034 
 11 1.454170 0.000000 0.000000 1.000732 -1.132629 -0.474709 
 12 2.770650 0.000000 0.000000 -0.229043 -0.125329 0.239707 
 13 2.720050 -0.001310 0.011070 0.712940 -0.053464 0.041854 
 14 0.642300 0.121820 0.167370 -0.022679 0.034877 1.539277 
 15 1.758870 -0.686840 -0.024860 1.770119 0.030279 -1.753009 
 16 1.454170 0.000000 0.000000 -0.367553 -1.017050 0.149044 
 17 2.771110 0.002230 -0.003730 -0.193303 -0.172114 -0.333932 
 18 2.717440 0.001100 0.009450 0.080683 -0.510324 0.442428 
 19 0.647860 -0.124370 0.170260 -0.019060 0.234643 -1.504489 
time 36
 0 0.002980 -0.048350 9.104100 -1.570808 -1.568236 -3.141545 
 1 0.628640 1.089370 -0.408870 2.977348 -0.238912 3.104409 
 2 4.649140 0.006280 -0.152480 0.023881 -0.078445 -0.061722 
 3 4.724810 0.000000 0.000000 1.514275 -1.257701 1.606779 
 4 0.615950 -1.120970 -0.411960 -3.025768 0.064353 -3.077926 
 5 4.669700 0.025960 -0.151690 -0.333644 0.146643 -0.060944 
 6 4.698490 0.000000 0.000000 -1.356475 -1.080235 -1.450558 
 7 1.972170 0.012830 0.000000 -0.026688 -0.179383 -0.018111 
 8 1.985240 0.001840 0.000060 0.003914 0.284833 0.014697 
 9 2.705030 0.000240 0.000000 0.011320 -0.039895 -0.027497 
 10 1.758180 0.692770 0.008290 -1.804177 -0.221719 1.701034 
 11 1.454170 0.000000 0.000000 1.000732 -1.132629 -0.474709 
 12 2.770650 0.000000 0.000000 -0.229043 -0.125329 0.239707 
 13 2.720050 -0.001310 0.011070 0.712940 -0.053464 0.041854 
 14 0.642300 0.121820 0.167370 -0.022679 0.034877 1.539277 
 15 1.758870 -0.686840 -0.024860 1.770119 0.030279 -1.753009 
 16 1.454170 0.000000 0.000000 -0.362440 -1.017516 0.144174 
 17 2.771110 0.002230 -0.003730 -0.191816 -0.171983 -0.332342 
 18 2.717440 0.001100 0.009450 0.082307 -0.507526 0.439974 
 19 0.647860 -0.124370 0.170260 -0.019060 0.234643 -1.504489 
time 37
 0 0.002980 -0.048350 9.104100 -1.570808 -1.568236 -3.141545 
 1 0.628640 1.089370 -0.408870 2.977348 -0.238912 3.104409 
 2 4.649140 0.006280 -0.152480 0.023881 -0.078445 -0.061722 
 3 4.724810 0.000000 0.000000 1.514275 -1.257701 1.606779 
 4 0.615950 -1.120970 -0.411960 -3.025768 0.064353 -3.077926 
 5 4.669700 0.025960 -0.151690 -0.333644 0.146643 -0.060944 
 6 4.698490 0.000000 0.000000 -1.356475 -1.080235 -1.450558 
 7 1.972170 0.012830 0.000000 -0.026673 -0.180353 -0.018113 
 8 1.985240 0.001840 0.000060 0.003912 0.290252 0.014856 
 9 2.705030 0.000240 0.000000 0.011394 -0.041914 -0.027550 
 10 1.758180 0.692770 0.008290 -1.804177 -0.221719 1.701034 
 11 1.454170 0.000000 0.000000 1.000732 -1.132629 -0.474709 
 12 2.770650 0.000000 0.000000 -0.229043 -0.125329 0.239707 
 13 2.720050 -0.001310 0.011070 0.712940 -0.053464 0.041854 
 14 0.642300 0.121820 0.167370 -0.022679 0.034877 1.539277 
 15 1.758870 -0.686840 -0.024860 1.770119 0.030279 -1.753009 
 16 1.454170 0.000000 0.000000 -0.357256 -1.017990 0.139235 
 17 2.771110 0.002230 -0.003730 -0.190626 -0.171878 -0.331069 
 18 2.717440 0.001100 0.009450 0.083638 -0.505232 0.437963 
 19 0.647860 -0.124370 0.170260 -0.019060 0.234643 -1.504489 
time 38
 0 0.002980 -0.048350 9.104100 -1.570808 -1.568236 -3.141545 
 1 0.628640 1.089370 -0.408870 2.977348 -0.238912 3.104409 
 2 4.649140 0.006280 -0.152480 0.023881 -0.078445 -0.061722 
 3 4.724810 0.000000 0.000000 1.514275 -1.257701 1.606779 
 4 0.615950 -1.120970 -0.411960 -3.025768 0.064353 -3.077926 
 5 4.669700 0.025960 -0.151690 -0.333644 0.146643 -0.060944 
 6 4.698490 0.000000 0.000000 -1.356475 -1.080235 -1.450558 
 7 1.972170 0.012830 0.000000 -0.026657 -0.181340 -0.018116 
 8 1.985240 0.001840 0.000060 0.003910 0.295770 0.015018 
 9 2.705030 0.000240 0.000000 0.011466 -0.043896 -0.027601 
 10 1.758180 0.692770 0.008290 -1.804177 -0.221719 1.701034 
 11 1.454170 0.000000 0.000000 1.000732 -1.132629 -0.474709 
 12 2.770650 0.000000 0.000000 -0.229043 -0.125329 0.239707 
 13 2.720050 -0.001310 0.011070 0.712940 -0.053464 0.041854 
 14 0.642300 0.121820 0.167370 -0.022679 0.034877 1.539277 
 15 1.758870 -0.686840 -0.024860 1.770119 0.030279 -1.753009 
 16 1.454170 0.000000 0.000000 -0.352144 -1.018456 0.134365 
 17 2.771110 0.002230 -0.003730 -0.189753 -0.171800 -0.330135 
 18 2.717440 0.001100 0.009450 0.084637 -0.503510 0.436453 
 19 0.647860 -0.124370 0.170260 -0.019060 0.234643 -1.504489 
time 39
 0 0.002980 -0.048350 9.104100 -1.570808 -1.568236 -3.141545 
 1 0.628640 1.089370 -0.408870 2.977348 -0.238912 3.104409 
 2 4.649140 0.006280 -0.152480 0.023881 -0.078445 -0.061722 
 3 4.724810 0.000000 0.000000 1.514275 -1.257701 1.606779 
 4 0.615950 -1.120970 -0.411960 -3.025768 0.064353 -3.077926 
 5 4.669700 0.025960 -0.151690 -0.333644 0.146643 -0.060944 
 6 4.698490 0.000000 0.000000 -1.356475 -1.080235 -1.450558 
 7 1.972170 0.012830 0.000000 -0.026642 -0.182310 -0.018119 
 8 1.985240 0.001840 0.000060 0.003907 0.301189 0.015177 
 9 2.705030 0.000240 0.000000 0.011535 -0.045770 -0.027650 
 10 1.758180 0.692770 0.008290 -1.804177 -0.221719 1.701034 
 11 1.454170 0.000000 0.000000 1.000732 -1.132629 -0.474709 
 12 2.770650 0.000000 0.000000 -0.229043 -0.125329 0.239707 
 13 2.720050 -0.001310 0.011070 0.712940 -0.053464 0.041854 
 14 0.642300 0.121820 0.167370 -0.022679 0.034877 1.539277 
 15 1.758870 -0.686840 -0.024860 1.770119 0.030279 -1.753009 
 16 1.454170 0.000000 0.000000 -0.347247 -1.018903 0.129700 
 17 2.771110 0.002230 -0.003730 -0.189214 -0.171753 -0.329559 
 18 2.717440 0.001100 0.009450 0.085266 -0.502428 0.435504 
 19 0.647860 -0.124370 0.170260 -0.019060 0.234643 -1.504489 
time 40
 0 0.002980 -0.048350 9.104100 -1.570808 -1.568236 -3.141545 
 1 0.628640 1.089370 -0.408870 2.977348 -0.238912 3.104409 
 2 4.649140 0.006280 -0.152480 0.023881 -0.078445 -0.061722 
 3 4.724810 0.000000 0.000000 1.514275 -1.257701 1.606779 
 4 0.615950 -1.120970 -0.411960 -3.025768 0.064353 -3.077926 
 5 4.669700 0.025960 -0.151690 -0.333644 0.146643 -0.060944 
 6 4.698490 0.000000 0.000000 -1.356475 -1.080235 -1.450558 
 7 1.972170 0.012830 0.000000 -0.026627 -0.183227 -0.018122 
 8 1.985240 0.001840 0.000060 0.003905 0.306313 0.015327 
 9 2.705030 0.000240 0.000000 0.011597 -0.047465 -0.027693 
 10 1.758180 0.692770 0.008290 -1.804177 -0.221719 1.701034 
 11 1.454170 0.000000 0.000000 1.000732 -1.132629 -0.474709 
 12 2.770650 0.000000 0.000000 -0.229043 -0.125329 0.239707 
 13 2.720050 -0.001310 0.011070 0.712940 -0.053464 0.041854 
 14 0.642300 0.121820 0.167370 -0.022679 0.034877 1.539277 
 15 1.758870 -0.686840 -0.024860 1.770119 0.030279 -1.753009 
 16 1.454170 0.000000 0.000000 -0.342710 -1.019318 0.125377 
 17 2.771110 0.002230 -0.003730 -0.189031 -0.171737 -0.329363 
 18 2.717440 0.001100 0.009450 0.085484 -0.502052 0.435174 
 19 0.647860 -0.124370 0.170260 -0.019060 0.234643 -1.504489 
time 41
 0 0.002980 -0.048350 9.104100 -1.570808 -1.568236 -3.141545 
 1 0.628640 1.089370 -0.408870 2.977348 -0.238912 3.104409 
 2 4.649140 0.006280 -0.152480 0.023881 -0.078445 -0.061722 
 3 4.724810 0.000000 0.000000 1.514275 -1.257701 1.606779 
 4 0.615950 -1.120970 -0.411960 -3.025768 0.064353 -3.077926 
 5 4.669700 0.025960 -0.151690 -0.333644 0.146643 -0.060944 
 6 4.698490 0.000000 0.000000 -1.356475 -1.080235 -1.450558 
 7 1.972170 0.012830 0.000000 -0.026614 -0.184056 -0.018124 
 8 1.985240 0.001840 0.000060 0.003903 0.310947 0.015463 
 9 2.705030 0.000240 0.000000 0.011650 -0.048908 -0.027731 
 10 1.758180 0.692770 0.008290 -1.804177 -0.221719 1.701034 
 11 1.454170 0.000000 0.000000 1.000732 -1.132629 -0.474709 
 12 2.770650 0.000000 0.000000 -0.229043 -0.125329 0.239707 
 13 2.720050 -0.001310 0.011070 0.712940 -0.053464 0.041854 
 14 0.642300 0.121820 0.167370 -0.022679 0.034877 1.539277 
 15 1.758870 -0.686840 -0.024860 1.770119 0.030279 -1.753009 
 16 1.454170 0.000000 0.000000 -0.338675 -1.019686 0.121533 
 17 2.771110 0.002230 -0.003730 -0.189109 -0.171744 -0.329446 
 18 2.717440 0.001100 0.009450 0.085412 -0.502321 0.435375 
 19 0.647860 -0.124370 0.170260 -0.019060 0.234643 -1.504489 
time 42
 0 0.002980 -0.048350 9.104100 -1.570808 -1.568236 -3.141545 
 1 0.628640 1.089370 -0.408870 2.977348 -0.238912 3.104409 
 2 4.649140 0.006280 -0.152480 0.023881 -0.078445 -0.061722 
 3 4.724810 0.000000 0.000000 1.514275 -1.257701 1.606779 
 4 0.615950 -1.120970 -0.411960 -3.025768 0.064353 -3.077926 
 5 4.669700 0.025960 -0.151690 -0.333644 0.146643 -0.060944 
 6 4.698490 0.000000 0.000000 -1.356475 -1.080235 -1.450558 
 7 1.972170 0.012830 0.000000 -0.026603 -0.184762 -0.018126 
 8 1.985240 0.001840 0.000060 0.003901 0.314893 0.015579 
 9 2.705030 0.000240 0.000000 0.011691 -0.050028 -0.027760 
 10 1.758180 0.692770 0.008290 -1.804177 -0.221719 1.701034 
 11 1.454170 0.000000 0.000000 1.000732 -1.132629 -0.474709 
 12 2.770650 0.000000 0.000000 -0.229043 -0.125329 0.239707 
 13 2.720050 -0.001310 0.011070 0.712940 -0.053464 0.041854 
 14 0.642300 0.121820 0.167370 -0.022679 0.034877 1.539277 
 15 1.758870 -0.686840 -0.024860 1.770119 0.030279 -1.753009 
 16 1.454170 0.000000 0.000000 -0.335287 -1.019995 0.118305 
 17 2.771110 0.002230 -0.003730 -0.189339 -0.171764 -0.329693 
 18 2.717440 0.001100 0.009450 0.085203 -0.503101 0.435956 
 19 0.647860 -0.124370 0.170260 -0.019060 0.234643 -1.504489 
time 43
 0 0.002980 -0.048350 9.104100 -1.570808 -1.568236 -3.141545 
 1 0.628640 1.089370 -0.408870 2.977348 -0.238912 3.104409 
 2 4.649140 0.006280 -0.152480 0.023881 -0.078445 -0.061722 
 3 4.724810 0.000000 0.000000 1.514275 -1.257701 1.606779 
 4 0.615950 -1.120970 -0.411960 -3.025768 0.064353 -3.077926 
 5 4.669700 0.025960 -0.151690 -0.333644 0.146643 -0.060944 
 6 4.698490 0.000000 0.000000 -1.356475 -1.080235 -1.450558 
 7 1.972170 0.012830 0.000000 -0.026594 -0.185310 -0.018128 
 8 1.985240 0.001840 0.000060 0.003900 0.317954 0.015669 
 9 2.705030 0.000240 0.000000 0.011717 -0.050753 -0.027779 
 10 1.758180 0.692770 0.008290 -1.804177 -0.221719 1.701034 
 11 1.454170 0.000000 0.000000 1.000732 -1.132629 -0.474709 
 12 2.770650 0.000000 0.000000 -0.229043 -0.125329 0.239707 
 13 2.720050 -0.001310 0.011070 0.712940 -0.053464 0.041854 
 14 0.642300 0.121820 0.167370 -0.022679 0.034877 1.539277 
 15 1.758870 -0.686840 -0.024860 1.770119 0.030279 -1.753009 
 16 1.454170 0.000000 0.000000 -0.332689 -1.020233 0.115830 
 17 2.771110 0.002230 -0.003730 -0.189718 -0.171797 -0.330098 
 18 2.717440 0.001100 0.009450 0.084867 -0.504352 0.436888 
 19 0.647860 -0.124370 0.170260 -0.019060 0.234643 -1.504489 
time 44
 0 0.002980 -0.048350 9.104100 -1.570808 -1.568236 -3.141545 
 1 0.628640 1.089370 -0.408870 2.977348 -0.238912 3.104409 
 2 4.649140 0.006280 -0.152480 0.023881 -0.078445 -0.061722 
 3 4.724810 0.000000 0.000000 1.514275 -1.257701 1.606779 
 4 0.615950 -1.120970 -0.411960 -3.025768 0.064353 -3.077926 
 5 4.669700 0.025960 -0.151690 -0.333644 0.146643 -0.060944 
 6 4.698490 0.000000 0.000000 -1.356475 -1.080235 -1.450558 
 7 1.972170 0.012830 0.000000 -0.026589 -0.185665 -0.018129 
 8 1.985240 0.001840 0.000060 0.003899 0.319935 0.015727 
 9 2.705030 0.000240 0.000000 0.011727 -0.051010 -0.027785 
 10 1.758180 0.692770 0.008290 -1.804177 -0.221719 1.701034 
 11 1.454170 0.000000 0.000000 1.000732 -1.132629 -0.474709 
 12 2.770650 0.000000 0.000000 -0.229043 -0.125329 0.239707 
 13 2.720050 -0.001310 0.011070 0.712940 -0.053464 0.041854 
 14 0.642300 0.121820 0.167370 -0.022679 0.034877 1.539277 
 15 1.758870 -0.686840 -0.024860 1.770119 0.030279 -1.753009 
 16 1.454170 0.000000 0.000000 -0.331024 -1.020385 0.114245 
 17 2.771110 0.002230 -0.003730 -0.190238 -0.171843 -0.330654 
 18 2.717440 0.001100 0.009450 0.084416 -0.506037 0.438143 
 19 0.647860 -0.124370 0.170260 -0.019060 0.234643 -1.504489 
time 45
 0 0.002980 -0.048350 9.104100 -1.570808 -1.568236 -3.141545 
 1 0.628640 1.089370 -0.408870 2.977348 -0.238912 3.104409 
 2 4.649140 0.006280 -0.152480 0.023881 -0.078445 -0.061722 
 3 4.724810 0.000000 0.000000 1.514275 -1.257701 1.606779 
 4 0.615950 -1.120970 -0.411960 -3.025768 0.064353 -3.077926 
 5 4.669700 0.025960 -0.151690 -0.333644 0.146643 -0.060944 
 6 4.698490 0.000000 0.000000 -1.356475 -1.080235 -1.450558 
 7 1.972170 0.012830 0.000000 -0.026587 -0.185791 -0.018129 
 8 1.985240 0.001840 0.000060 0.003899 0.320639 0.015748 
 9 2.705030 0.000240 0.000000 0.011714 -0.050656 -0.027776 
 10 1.758180 0.692770 0.008290 -1.804177 -0.221719 1.701034 
 11 1.454170 0.000000 0.000000 1.000732 -1.132629 -0.474709 
 12 2.770650 0.000000 0.000000 -0.229043 -0.125329 0.239707 
 13 2.720050 -0.001310 0.011070 0.712940 -0.053464 0.041854 
 14 0.642300 0.121820 0.167370 -0.022679 0.034877 1.539277 
 15 1.758870 -0.686840 -0.024860 1.770119 0.030279 -1.753009 
 16 1.454170 0.000000 0.000000 -0.330438 -1.020438 0.113686 
 17 2.771110 0.002230 -0.003730 -0.190895 -0.171901 -0.331357 
 18 2.717440 0.001100 0.009450 0.083859 -0.508115 0.439691 
 19 0.647860 -0.124370 0.170260 -0.019060 0.234643 -1.504489 
time 46
 0 0.002980 -0.048350 9.104100 -1.570808 -1.568236 -3.141545 
 1 0.628640 1.089370 -0.408870 2.977348 -0.238912 3.104409 
 2 4.649140 0.006280 -0.152480 0.023881 -0.078445 -0.061722 
 3 4.724810 0.000000 0.000000 1.514275 -1.257701 1.606779 
 4 0.615950 -1.120970 -0.411960 -3.025768 0.064353 -3.077926 
 5 4.669700 0.025960 -0.151690 -0.333644 0.146643 -0.060944 
 6 4.698490 0.000000 0.000000 -1.356475 -1.080235 -1.450558 
 7 1.972170 0.012830 0.000000 -0.026588 -0.185692 -0.018129 
 8 1.985240 0.001840 0.000060 0.003899 0.320088 0.015732 
 9 2.705030 0.000240 0.000000 0.011678 -0.049660 -0.027751 
 10 1.758180 0.692770 0.008290 -1.804177 -0.221719 1.701034 
 11 1.454170 0.000000 0.000000 1.000732 -1.132629 -0.474709 
 12 2.770650 0.000000 0.000000 -0.229043 -0.125329 0.239707 
 13 2.720050 -0.001310 0.011070 0.712940 -0.053464 0.041854 
 14 0.642300 0.121820 0.167370 -0.022679 0.034877 1.539277 
 15 1.758870 -0.686840 -0.024860 1.770119 0.030279 -1.753009 
 16 1.454170 0.000000 0.000000 -0.331103 -1.020372 0.114319 
 17 2.771110 0.002230 -0.003730 -0.191684 -0.171971 -0.332200 
 18 2.717440 0.001100 0.009450 0.083207 -0.510547 0.441503 
 19 0.647860 -0.124370 0.170260 -0.019060 0.234643 -1.504489 
time 47
 0 0.002980 -0.048350 9.104100 -1.570808 -1.568236 -3.141545 
 1 0.628640 1.089370 -0.408870 2.977348 -0.238912 3.104409 
 2 4.649140 0.006280 -0.152480 0.023881 -0.078445 -0.061722 
 3 4.724810 0.000000 0.000000 1.514275 -1.257701 1.606779 
 4 0.615950 -1.120970 -0.411960 -3.025768 0.064353 -3.077926 
 5 4.669700 0.025960 -0.151690 -0.333644 0.146643 -0.060944 
 6 4.698490 0.000000 0.000000 -1.356475 -1.080235 -1.450558 
 7 1.972170 0.012830 0.000000 -0.026593 -0.185412 -0.018128 
 8 1.985240 0.001840 0.000060 0.003900 0.318525 0.015686 
 9 2.705030 0.000240 0.000000 0.011622 -0.048121 -0.027712 
 10 1.758180 0.692770 0.008290 -1.804177 -0.221719 1.701034 
 11 1.454170 0.000000 0.000000 1.000732 -1.132629 -0.474709 
 12 2.770650 0.000000 0.000000 -0.229043 -0.125329 0.239707 
 13 2.720050 -0.001310 0.011070 0.712940 -0.053464 0.041854 
 14 0.642300 0.121820 0.167370 -0.022679 0.034877 1.539277 
 15 1.758870 -0.686840 -0.024860 1.770119 0.030279 -1.753009 
 16 1.454170 0.000000 0.000000 -0.332990 -1.020184 0.116116 
 17 2.771110 0.002230 -0.003730 -0.192599 -0.172052 -0.333179 
 18 2.717440 0.001100 0.009450 0.082471 -0.513293 0.443550 
 19 0.647860 -0.124370 0.170260 -0.019060 0.234643 -1.504489 
time 48
 0 0.002980 -0.048350 9.104100 -1.570808 -1.568236 -3.141545 
 1 0.628640 1.089370 -0.408870 2.977348 -0.238912 3.104409 
 2 4.649140 0.006280 -0.152480 0.023881 -0.078445 -0.061722 
 3 4.724810 0.000000 0.000000 1.514275 -1.257701 1.606779 
 4 0.615950 -1.120970 -0.411960 -3.025768 0.064353 -3.077926 
 5 4.669700 0.025960 -0.151690 -0.333644 0.146643 -0.060944 
 6 4.698490 0.000000 0.000000 -1.356475 -1.080235 -1.450558 
 7 1.972170 0.012830 0.000000 -0.026599 -0.184975 -0.018127 
 8 1.985240 0.001840 0.000060 0.003901 0.316084 0.015614 
 9 2.705030 0.000240 0.000000 0.011550 -0.046137 -0.027662 
 10 1.758180 0.692770 0.008290 -1.804177 -0.221719 1.701034 
 11 1.454170 0.000000 0.000000 1.000732 -1.132629 -0.474709 
 12 2.770650 0.000000 0.000000 -0.229043 -0.125329 0.239707 
 13 2.720050 -0.001310 0.011070 0.712940 -0.053464 0.041854 
 14 0.642300 0.121820 0.167370 -0.022679 0.034877 1.539277 
 15 1.758870 -0.686840 -0.024860 1.770119 0.030279 -1.753009 
 16 1.454170 0.000000 0.000000 -0.335936 -1.019891 0.118922 
 17 2.771110 0.002230 -0.003730 -0.193635 -0.172143 -0.334287 
 18 2.717440 0.001100 0.009450 0.081661 -0.516314 0.445801 
 19 0.647860 -0.124370 0.170260 -0.019060 0.234643 -1.504489 
time 49
 0 0.002980 -0.048350 9.104100 -1.570808 -1.568236 -3.141545 
 1 0.628640 1.089370 -0.408870 2.977348 -0.238912 3.104409 
 2 4.649140 0.006280 -0.152480 0.023881 -0.078445 -0.061722 
 3 4.724810 0.000000 0.000000 1.514275 -1.257701 1.606779 
 4 0.615950 -1.120970 -0.411960 -3.025768 0.064353 -3.077926 
 5 4.669700 0.025960 -0.151690 -0.333644 0.146643 -0.060944 
 6 4.698490 0.000000 0.000000 -1.356475 -1.080235 -1.450558 
 7 1.972170 0.012830 0.000000 -0.026608 -0.184406 -0.018125 
 8 1.985240 0.001840 0.000060 0.003902 0.312901 0.015521 
 9 2.705030 0.000240 0.000000 0.011466 -0.043808 -0.027602 
 10 1.758180 0.692770 0.008290 -1.804177 -0.221719 1.701034 
 11 1.454170 0.000000 0.000000 1.000732 -1.132629 -0.474709 
 12 2.770650 0.000000 0.000000 -0.229043 -0.125329 0.239707 
 13 2.720050 -0.001310 0.011070 0.712940 -0.053464 0.041854 
 14 0.642300 0.121820 0.167370 -0.022679 0.034877 1.539277 
 15 1.758870 -0.686840 -0.024860 1.770119 0.030279 -1.753009 
 16 1.454170 0.000000 0.000000 -0.339777 -1.019509 0.122580 
 17 2.771110 0.002230 -0.003730 -0.194787 -0.172245 -0.335519 
 18 2.717440 0.001100 0.009450 0.080788 -0.519572 0.448228 
 19 0.647860 -0.124370 0.170260 -0.019060 0.234643 -1.504489 
time 50
 0 0.002980 -0.048350 9.104100 -1.570808 -1.568236 -3.141545 
 1 0.628640 1.089370 -0.408870 2.977348 -0.238912 3.104409 
 2 4.649140 0.006280 -0.152480 0.023881 -0.078445 -0.061722 
 3 4.724810 0.000000 0.000000 1.514275 -1.257701 1.606779 
 4 0.615950 -1.120970 -0.411960 -3.025768 0.064353 -3.077926 
 5 4.669700 0.025960 -0.151690 -0.333644 0.146643 -0.060944 
 6 4.698490 0.000000 0.000000 -1.356475 -1.080235 -1.450558 
 7 1.972170 0.012830 0.000000 -0.026619 -0.183727 -0.018123 
 8 1.985240 0.001840 0.000060 0.003904 0.309111 0.015409 
 9 2.705030 0.000240 0.000000 0.011372 -0.041231 -0.027537 
 10 1.758180 0.692770 0.008290 -1.804177 -0.221719 1.701034 
 11 1.454170 0.000000 0.000000 1.000732 -1.132629 -0.474709 
 12 2.770650 0.000000 0.000000 -0.229043 -0.125329 0.239707 
 13 2.720050 -0.001310 0.011070 0.712940 -0.053464 0.041854 
 14 0.642300 0.121820 0.167370 -0.022679 0.034877 1.539277 
 15 1.758870 -0.686840 -0.024860 1.770119 0.030279 -1.753009 
 16 1.454170 0.000000 0.000000 -0.344352 -1.019054 0.126937 
 17 2.771110 0.002230 -0.003730 -0.196049 -0.172357 -0.336869 
 18 2.717440 0.001100 0.009450 0.079862 -0.523026 0.450802 
 19 0.647860 -0.124370 0.170260 -0.019060 0.234643 -1.504489 
time 51
 0 0.002980 -0.048350 9.104100 -1.570808 -1.568236 -3.141545 
 1 0.628640 1.089370 -0.408870 2.977348 -0.238912 3.104409 
 2 4.649140 0.006280 -0.152480 0.023881 -0.078445 -0.061722 
 3 4.724810 0.000000 0.000000 1.514275 -1.257701 1.606779 
 4 0.615950 -1.120970 -0.411960 -3.025768 0.064353 -3.077926 
 5 4.669700 0.025960 -0.151690 -0.333644 0.146643 -0.060944 
 6 4.698490 0.000000 0.000000 -1.356475 -1.080235 -1.450558 
 7 1.972170 0.012830 0.000000 -0.026631 -0.182965 -0.018121 
 8 1.985240 0.001840 0.000060 0.003906 0.304848 0.015284 
 9 2.705030 0.000240 0.000000 0.011273 -0.038506 -0.027468 
 10 1.758180 0.692770 0.008290 -1.804177 -0.221719 1.701034 
 11 1.454170 0.000000 0.000000 1.000732 -1.132629 -0.474709 
 12 2.770650 0.000000 0.000000 -0.229043 -0.125329 0.239707 
 13 2.720050 -0.001310 0.011070 0.712940 -0.053464 0.041854 
 14 0.642300 0.121820 0.167370 -0.022679 0.034877 1.539277 
 15 1.758870 -0.686840 -0.024860 1.770119 0.030279 -1.753009 
 16 1.454170 0.000000 0.000000 -0.349497 -1.018542 0.131837 
 17 2.771110 0.002230 -0.003730 -0.197417 -0.172477 -0.338332 
 18 2.717440 0.001100 0.009450 0.078894 -0.526638 0.453492 
 19 0.647860 -0.124370 0.170260 -0.019060 0.234643 -1.504489 
time 52
 0 0.002980 -0.048350 9.104100 -1.570808 -1.568236 -3.141545 
 1 0.628640 1.089370 -0.408870 2.977348 -0.238912 3.104409 
 2 4.649140 0.006280 -0.152480 0.023881 -0.078445 -0.061722 
 3 4.724810 0.000000 0.000000 1.514275 -1.257701 1.606779 
 4 0.615950 -1.120970 -0.411960 -3.025768 0.064353 -3.077926 
 5 4.669700 0.025960 -0.151690 -0.333644 0.146643 -0.060944 
 6 4.698490 0.000000 0.000000 -1.356475 -1.080235 -1.450558 
 7 1.972170 0.012830 0.000000 -0.026644 -0.182141 -0.018118 
 8 1.985240 0.001840 0.000060 0.003908 0.300248 0.015149 
 9 2.705030 0.000240 0.000000 0.011173 -0.035732 -0.027397 
 10 1.758180 0.692770 0.008290 -1.804177 -0.221719 1.701034 
 11 1.454170 0.000000 0.000000 1.000732 -1.132629 -0.474709 
 12 2.770650 0.000000 0.000000 -0.229043 -0.125329 0.239707 
 13 2.720050 -0.001310 0.011070 0.712940 -0.053464 0.041854 
 14 0.642300 0.121820 0.167370 -0.022679 0.034877 1.539277 
 15 1.758870 -0.686840 -0.024860 1.770119 0.030279 -1.753009 
 16 1.454170 0.000000 0.000000 -0.355049 -1.017989 0.137125 
 17 2.771110 0.002230 -0.003730 -0.198884 -0.172607 -0.339901 
 18 2.717440 0.001100 0.009450 0.077894 -0.530367 0.456271 
 19 0.647860 -0.124370 0.170260 -0.019060 0.234643 -1.504489 
time 53
 0 0.002980 -0.048350 9.104100 -1.570808 -1.568236 -3.141545 
 1 0.628640 1.089370 -0.408870 2.977348 -0.238912 3.104409 
 2 4.649140 0.006280 -0.152480 0.023881 -0.078445 -0.061722 
 3 4.724810 0.000000 0.000000 1.514275 -1.257701 1.606779 
 4 0.615950 -1.120970 -0.411960 -3.025768 0.064353 -3.077926 
 5 4.669700 0.025960 -0.151690 -0.333644 0.146643 -0.060944 
 6 4.698490 0.000000 0.000000 -1.356475 -1.080235 -1.450558 
 7 1.972170 0.012830 0.000000 -0.026658 -0.181282 -0.018116 
 8 1.985240 0.001840 0.000060 0.003910 0.295446 0.015008 
 9 2.705030 0.000240 0.000000 0.011074 -0.033008 -0.027328 
 10 1.758180 0.692770 0.008290 -1.804177 -0.221719 1.701034 
 11 1.454170 0.000000 0.000000 1.000732 -1.132629 -0.474709 
 12 2.770650 0.000000 0.000000 -0.229043 -0.125329 0.239707 
 13 2.720050 -0.001310 0.011070 0.712940 -0.053464 0.041854 
 14 0.642300 0.121820 0.167370 -0.022679 0.034877 1.539277 
 15 1.758870 -0.686840 -0.024860 1.770119 0.030279 -1.753009 
 16 1.454170 0.000000 0.000000 -0.360846 -1.017413 0.142645 
 17 2.771110 0.002230 -0.003730 -0.200447 -0.172745 -0.341572 
 18 2.717440 0.001100 0.009450 0.076874 -0.534176 0.459108 
 19 0.647860 -0.124370 0.170260 -0.019060 0.234643 -1.504489 
time 54
 0 0.002980 -0.048350 9.104100 -1.570808 -1.568236 -3.141545 
 1 0.628640 1.089370 -0.408870 2.977348 -0.238912 3.104409 
 2 4.649140 0.006280 -0.152480 0.023881 -0.078445 -0.061722 
 3 4.724810 0.000000 0.000000 1.514275 -1.257701 1.606779 
 4 0.615950 -1.120970 -0.411960 -3.025768 0.064353 -3.077926 
 5 4.669700 0.025960 -0.151690 -0.333644 0.146643 -0.060944 
 6 4.698490 0.000000 0.000000 -1.356475 -1.080235 -1.450558 
 7 1.972170 0.012830 0.000000 -0.026672 -0.180410 -0.018114 
 8 1.985240 0.001840 0.000060 0.003912 0.290576 0.014865 
 9 2.705030 0.000240 0.000000 0.010981 -0.030431 -0.027263 
 10 1.758180 0.692770 0.008290 -1.804177 -0.221719 1.701034 
 11 1.454170 0.000000 0.000000 1.000732 -1.132629 -0.474709 
 12 2.770650 0.000000 0.000000 -0.229043 -0.125329 0.239707 
 13 2.720050 -0.001310 0.011070 0.712940 -0.053464 0.041854 
 14 0.642300 0.121820 0.167370 -0.022679 0.034877 1.539277 
 15 1.758870 -0.686840 -0.024860 1.770119 0.030279 -1.753009 
 16 1.454170 0.000000 0.000000 -0.366724 -1.016828 0.148243 
 17 2.771110 0.002230 -0.003730 -0.202099 -0.172891 -0.343339 
 18 2.717440 0.001100 0.009450 0.075843 -0.538023 0.461975 
 19 0.647860 -0.124370 0.170260 -0.019060 0.234643 -1.504489 
time 55
 0 0.002980 -0.048350 9.104100 -1.570808 -1.568236 -3.141545 
 1 0.628640 1.089370 -0.408870 2.977348 -0.238912 3.104409 
 2 4.649140 0.006280 -0.152480 0.023881 -0.078445 -0.061722 
 3 4.724810 0.000000 0.000000 1.514275 -1.257701 1.606779 
 4 0.615950 -1.120970 -0.411960 -3.025768 0.064353 -3.077926 
 5 4.669700 0.025960 -0.151690 -0.333644 0.146643 -0.060944 
 6 4.698490 0.000000 0.000000 -1.356475 -1.080235 -1.450558 
 7 1.972170 0.012830 0.000000 -0.026685 -0.179551 -0.018111 
 8 1.985240 0.001840 0.000060 0.003914 0.285773 0.014724 
 9 2.705030 0.000240 0.000000 0.010896 -0.028102 -0.027204 
 10 1.758180 0.692770 0.008290 -1.804177 -0.221719 1.701034 
 11 1.454170 0.000000 0.000000 1.000732 -1.132629 -0.474709 
 12 2.770650 0.000000 0.000000 -0.229043 -0.125329 0.239707 
 13 2.720050 -0.001310 0.011070 0.712940 -0.053464 0.041854 
 14 0.642300 0.121820 0.167370 -0.022679 0.034877 1.539277 
 15 1.758870 -0.686840 -0.024860 1.770119 0.030279 -1.753009 
 16 1.454170 0.000000 0.000000 -0.372521 -1.016251 0.153764 
 17 2.771110 0.002230 -0.003730 -0.203835 -0.173044 -0.345196 
 18 2.717440 0.001100 0.009450 0.074811 -0.541871 0.464842 
 19 0.647860 -0.124370 0.170260 -0.019060 0.234643 -1.504489 
time 56
 0 0.002980 -0.048350 9.104100 -1.570808 -1.568236 -3.141545 
 1 0.628640 1.089370 -0.408870 2.977348 -0.238912 3.104409 
 2 4.649140 0.006280 -0.152480 0.023881 -0.078445 -0.061722 
 3 4.724810 0.000000 0.000000 1.514275 -1.257701 1.606779 
 4 0.615950 -1.120970 -0.411960 -3.025768 0.064353 -3.077926 
 5 4.669700 0.025960 -0.151690 -0.333644 0.146643 -0.060944 
 6 4.698490 0.000000 0.000000 -1.356475 -1.080235 -1.450558 
 7 1.972170 0.012830 0.000000 -0.026698 -0.178728 -0.018109 
 8 1.985240 0.001840 0.000060 0.003916 0.281173 0.014589 
 9 2.705030 0.000240 0.000000 0.010824 -0.026118 -0.027153 
 10 1.758180 0.692770 0.008290 -1.804177 -0.221719 1.701034 
 11 1.454170 0.000000 0.000000 1.000732 -1.132629 -0.474709 
 12 2.770650 0.000000 0.000000 -0.229043 -0.125329 0.239707 
 13 2.720050 -0.001310 0.011070 0.712940 -0.053464 0.041854 
 14 0.642300 0.121820 0.167370 -0.022679 0.034877 1.539277 
 15 1.758870 -0.686840 -0.024860 1.770119 0.030279 -1.753009 
 16 1.454170 0.000000 0.000000 -0.378073 -1.015698 0.159052 
 17 2.771110 0.002230 -0.003730 -0.205650 -0.173205 -0.347137 
 18 2.717440 0.001100 0.009450 0.073791 -0.545679 0.467679 
 19 0.647860 -0.124370 0.170260 -0.019060 0.234643 -1.504489 
time 57
 0 0.002980 -0.048350 9.104100 -1.570808 -1.568236 -3.141545 
 1 0.628640 1.089370 -0.408870 2.977348 -0.238912 3.104409 
 2 4.649140 0.006280 -0.152480 0.023881 -0.078445 -0.061722 
 3 4.724810 0.000000 0.000000 1.514275 -1.257701 1.606779 
 4 0.615950 -1.120970 -0.411960 -3.025768 0.064353 -3.077926 
 5 4.669700 0.025960 -0.151690 -0.333644 0.146643 -0.060944 
 6 4.698490 0.000000 0.000000 -1.356475 -1.080235 -1.450558 
 7 1.972170 0.012830 0.000000 -0.026710 -0.177965 -0.018107 
 8 1.985240 0.001840 0.000060 0.003918 0.276911 0.014464 
 9 2.705030 0.000240 0.000000 0.010768 -0.024579 -0.027114 
 10 1.758180 0.692770 0.008290 -1.804177 -0.221719 1.701034 
 11 1.454170 0.000000 0.000000 1.000732 -1.132629 -0.474709 
 12 2.770650 0.000000 0.000000 -0.229043 -0.125329 0.239707 
 13 2.720050 -0.001310 0.011070 0.712940 -0.053464 0.041854 
 14 0.642300 0.121820 0.167370 -0.022679 0.034877 1.539277 
 15 1.758870 -0.686840 -0.024860 1.770119 0.030279 -1.753009 
 16 1.454170 0.000000 0.000000 -0.383218 -1.015187 0.163951 
 17 2.771110 0.002230 -0.003730 -0.207539 -0.173372 -0.349157 
 18 2.717440 0.001100 0.009450 0.072791 -0.549408 0.470458 
 19 0.647860 -0.124370 0.170260 -0.019060 0.234643 -1.504489 
time 58
 0 0.002980 -0.048350 9.104100 -1.570808 -1.568236 -3.141545 
 1 0.628640 1.089370 -0.408870 2.977348 -0.238912 3.104409 
 2 4.649140 0.006280 -0.152480 0.023881 -0.078445 -0.061722 
 3 4.724810 0.000000 0.000000 1.514275 -1.257701 1.606779 
 4 0.615950 -1.120970 -0.411960 -3.025768 0.064353 -3.077926 
 5 4.669700 0.025960 -0.151690 -0.333644 0.146643 -0.060944 
 6 4.698490 0.000000 0.000000 -1.356475 -1.080235 -1.450558 
 7 1.972170 0.012830 0.000000 -0.026721 -0.177287 -0.018105 
 8 1.985240 0.001840 0.000060 0.003919 0.273121 0.014353 
 9 2.705030 0.000240 0.000000 0.010732 -0.023583 -0.027089 
 10 1.758180 0.692770 0.008290 -1.804177 -0.221719 1.701034 
 11 1.454170 0.000000 0.000000 1.000732 -1.132629 -0.474709 
 12 2.770650 0.000000 0.000000 -0.229043 -0.125329 0.239707 
 13 2.720050 -0.001310 0.011070 0.712940 -0.053464 0.041854 
 14 0.642300 0.121820 0.167370 -0.022679 0.034877 1.539277 
 15 1.758870 -0.686840 -0.024860 1.770119 0.030279 -1.753009 
 16 1.454170 0.000000 0.000000 -0.387793 -1.014731 0.168308 
 17 2.771110 0.002230 -0.003730 -0.209496 -0.173544 -0.351250 
 18 2.717440 0.001100 0.009450 0.071823 -0.553020 0.473149 
 19 0.647860 -0.124370 0.170260 -0.019060 0.234643 -1.504489 
time 59
 0 0.002980 -0.048350 9.104100 -1.570808 -1.568236 -3.141545 
 1 0.628640 1.089370 -0.408870 2.977348 -0.238912 3.104409 
 2 4.649140 0.006280 -0.152480 0.023881 -0.078445 -0.061722 
 3 4.724810 0.000000 0.000000 1.514275 -1.257701 1.606779 
 4 0.615950 -1.120970 -0.411960 -3.025768 0.064353 -3.077926 
 5 4.669700 0.025960 -0.151690 -0.333644 0.146643 -0.060944 
 6 4.698490 0.000000 0.000000 -1.356475 -1.080235 -1.450558 
 7 1.972170 0.012830 0.000000 -0.026730 -0.176717 -0.018103 
 8 1.985240 0.001840 0.000060 0.003921 0.269938 0.014259 
 9 2.705030 0.000240 0.000000 0.010719 -0.023229 -0.027080 
 10 1.758180 0.692770 0.008290 -1.804177 -0.221719 1.701034 
 11 1.454170 0.000000 0.000000 1.000732 -1.132629 -0.474709 
 12 2.770650 0.000000 0.000000 -0.229043 -0.125329 0.239707 
 13 2.720050 -0.001310 0.011070 0.712940 -0.053464 0.041854 
 14 0.642300 0.121820 0.167370 -0.022679 0.034877 1.539277 
 15 1.758870 -0.686840 -0.024860 1.770119 0.030279 -1.753009 
 16 1.454170 0.000000 0.000000 -0.391634 -1.014349 0.171967 
 17 2.771110 0.002230 -0.003730 -0.211516 -0.173723 -0.353411 
 18 2.717440 0.001100 0.009450 0.070897 -0.556474 0.475722 
 19 0.647860 -0.124370 0.170260 -0.019060 0.234643 -1.504489 
time 60
 0 0.002980 -0.048350 9.104100 -1.570808 -1.568236 -3.141545 
 1 0.628640 1.089370 -0.408870 2.977348 -0.238912 3.104409 
 2 4.649140 0.006280 -0.152480 0.023881 -0.078445 -0.061722 
 3 4.724810 0.000000 0.000000 1.514275 -1.257701 1.606779 
 4 0.615950 -1.120970 -0.411960 -3.025768 0.064353 -3.077926 
 5 4.669700 0.025960 -0.151690 -0.333644 0.146643 -0.060944 
 6 4.698490 0.000000 0.000000 -1.356475 -1.080235 -1.450558 
 7 1.972170 0.012830 0.000000 -0.026737 -0.176280 -0.018102 
 8 1.985240 0.001840 0.000060 0.003922 0.267497 0.014188 
 9 2.705030 0.000240 0.000000 0.010735 -0.023654 -0.027091 
 10 1.758180 0.692770 0.008290 -1.804177 -0.221719 1.701034 
 11 1.454170 0.000000 0.000000 1.000732 -1.132629 -0.474709 
 12 2.770650 0.000000 0.000000 -0.229043 -0.125329 0.239707 
 13 2.720050 -0.001310 0.011070 0.712940 -0.053464 0.041854 
 14 0.642300 0.121820 0.167370 -0.022679 0.034877 1.539277 
 15 1.758870 -0.686840 -0.024860 1.770119 0.030279 -1.753009 
 16 1.454170 0.000000 0.000000 -0.394580 -1.014056 0.174773 
 17 2.771110 0.002230 -0.003730 -0.213595 -0.173906 -0.355634 
 18 2.717440 0.001100 0.009450 0.070024 -0.559732 0.478149 
 19 0.647860 -0.124370 0.170260 -0.019060 0.234643 -1.504489 
time 61
 0 0.002980 -0.048350 9.104100 -1.570808 -1.568236 -3.141545 
 1 0.628640 1.089370 -0.408870 2.977348 -0.238912 3.104409 
 2 4.649140 0.006280 -0.152480 0.023881 -0.078445 -0.061722 
 3 4.724810 0.000000 0.000000 1.514275 -1.257701 1.606779 
 4 0.615950 -1.120970 -0.411960 -3.025768 0.064353 -3.077926 
 5 4.669700 0.025960 -0.151690 -0.333644 0.146643 -0.060944 
 6 4.698490 0.000000 0.000000 -1.356475 -1.080235 -1.450558 
 7 1.972170 0.012830 0.000000 -0.026741 -0.176001 -0.018101 
 8 1.985240 0.001840 0.000060 0.003922 0.265934 0.014142 
 9 2.705030 0.000240 0.000000 0.010780 -0.024869 -0.027122 
 10 1.758180 0.692770 0.008290 -1.804177 -0.221719 1.701034 
 11 1.454170 0.000000 0.000000 1.000732 -1.132629 -0.474709 
 12 2.770650 0.000000 0.000000 -0.229043 -0.125329 0.239707 
 13 2.720050 -0.001310 0.011070 0.712940 -0.053464 0.041854 
 14 0.642300 0.121820 0.167370 -0.022679 0.034877 1.539277 
 15 1.758870 -0.686840 -0.024860 1.770119 0.030279 -1.753009 
 16 1.454170 0.000000 0.000000 -0.396467 -1.013868 0.176570 
 17 2.771110 0.002230 -0.003730 -0.215726 -0.174095 -0.357913 
 18 2.717440 0.001100 0.009450 0.069214 -0.562753 0.480401 
 19 0.647860 -0.124370 0.170260 -0.019060 0.234643 -1.504489 
time 62
 0 0.002980 -0.048350 9.104100 -1.570808 -1.568236 -3.141545 
 1 0.628640 1.089370 -0.408870 2.977348 -0.238912 3.104409 
 2 4.649140 0.006280 -0.152480 0.023881 -0.078445 -0.061722 
 3 4.724810 0.000000 0.000000 1.514275 -1.257701 1.606779 
 4 0.615950 -1.120970 -0.411960 -3.025768 0.064353 -3.077926 
 5 4.669700 0.025960 -0.151690 -0.333644 0.146643 -0.060944 
 6 4.698490 0.000000 0.000000 -1.356475 -1.080235 -1.450558 
 7 1.972170 0.012830 0.000000 -0.026743 -0.175902 -0.018101 
 8 1.985240 0.001840 0.000060 0.003923 0.265383 0.014126 
 9 2.705030 0.000240 0.000000 0.010849 -0.026781 -0.027172 
 10 1.758180 0.692770 0.008290 -1.804177 -0.221719 1.701034 
 11 1.454170 0.000000 0.000000 1.000732 -1.132629 -0.474709 
 12 2.770650 0.000000 0.000000 -0.229043 -0.125329 0.239707 
 13 2.720050 -0.001310 0.011070 0.712940 -0.053464 0.041854 
 14 0.642300 0.121820 0.167370 -0.022679 0.034877 1.539277 
 15 1.758870 -0.686840 -0.024860 1.770119 0.030279 -1.753009 
 16 1.454170 0.000000 0.000000 -0.397132 -1.013802 0.177203 
 17 2.771110 0.002230 -0.003730 -0.217904 -0.174287 -0.360243 
 18 2.717440 0.001100 0.009450 0.068478 -0.565499 0.482447 
 19 0.647860 -0.124370 0.170260 -0.019060 0.234643 -1.504489 
time 63
 0 0.002980 -0.048350 9.104100 -1.570808 -1.568236 -3.141545 
 1 0.628640 1.089370 -0.408870 2.977348 -0.238912 3.104409 
 2 4.649140 0.006280 -0.152480 0.023881 -0.078445 -0.061722 
 3 4.724810 0.000000 0.000000 1.514275 -1.257701 1.606779 
 4 0.615950 -1.120970 -0.411960 -3.025768 0.064353 -3.077926 
 5 4.669700 0.025960 -0.151690 -0.333644 0.146643 -0.060944 
 6 4.698490 0.000000 0.000000 -1.356475 -1.080235 -1.450558 
 7 1.972170 0.012830 0.000000 -0.026741 -0.176046 -0.018101 
 8 1.985240 0.001840 0.000060 0.003922 0.266188 0.014149 
 9 2.705030 0.000240 0.000000 0.010942 -0.029296 -0.027237 
 10 1.758180 0.692770 0.008290 -1.804177 -0.221719 1.701034 
 11 1.454170 0.000000 0.000000 1.000732 -1.132629 -0.474709 
 12 2.770650 0.000000 0.000000 -0.229043 -0.125329 0.239707 
 13 2.720050 -0.001310 0.011070 0.712940 -0.053464 0.041854 
 14 0.642300 0.121820 0.167370 -0.022679 0.034877 1.539277 
 15 1.758870 -0.686840 -0.024860 1.770119 0.030279 -1.753009 
 16 1.454170 0.000000 0.000000 -0.396739 -1.013846 0.176828 
 17 2.771110 0.002230 -0.003730 -0.220124 -0.174483 -0.362617 
 18 2.717440 0.001100 0.009450 0.067827 -0.567931 0.484259 
 19 0.647860 -0.124370 0.170260 -0.019060 0.234643 -1.504489 
time 64
 0 0.002980 -0.048350 9.104100 -1.570808 -1.568236 -3.141545 
 1 0.628640 1.089370 -0.408870 2.977348 -0.238912 3.104409 
 2 4.649140 0.006280 -0.152480 0.023881 -0.078445 -0.061722 
 3 4.724810 0.000000 0.000000 1.514275 -1.257701 1.606779 
 4 0.615950 -1.120970 -0.411960 -3.025768 0.064353 -3.077926 
 5 4.669700 0.025960 -0.151690 -0.333644 0.146643 -0.060944 
 6 4.698490 0.000000 0.000000 -1.356475 -1.080235 -1.450558 
 7 1.972170 0.012830 0.000000 -0.026734 -0.176450 -0.018102 
 8 1.985240 0.001840 0.000060 0.003921 0.268443 0.014216 
 9 2.705030 0.000240 0.000000 0.011052 -0.032323 -0.027315 
 10 1.758180 0.692770 0.008290 -1.804177 -0.221719 1.701034 
 11 1.454170 0.000000 0.000000 1.000732 -1.132629 -0.474709 
 12 2.770650 0.000000 0.000000 -0.229043 -0.125329 0.239707 
 13 2.720050 -0.001310 0.011070 0.712940 -0.053464 0.041854 
 14 0.642300 0.121820 0.167370 -0.022679 0.034877 1.539277 
 15 1.758870 -0.686840 -0.024860 1.770119 0.030279 -1.753009 
 16 1.454170 0.000000 0.000000 -0.395622 -1.013970 0.175765 
 17 2.771110 0.002230 -0.003730 -0.222381 -0.174683 -0.365031 
 18 2.717440 0.001100 0.009450 0.067270 -0.570009 0.485807 
 19 0.647860 -0.124370 0.170260 -0.019060 0.234643 -1.504489 
time 65
 0 0.002980 -0.048350 9.104100 -1.570808 -1.568236 -3.141545 
 1 0.628640 1.089370 -0.408870 2.977348 -0.238912 3.104409 
 2 4.649140 0.006280 -0.152480 0.023881 -0.078445 -0.061722 
 3 4.724810 0.000000 0.000000 1.514275 -1.257701 1.606779 
 4 0.615950 -1.120970 -0.411960 -3.025768 0.064353 -3.077926 
 5 4.669700 0.025960 -0.151690 -0.333644 0.146643 -0.060944 
 6 4.698490 0.000000 0.000000 -1.356475 -1.080235 -1.450558 
 7 1.972170 0.012830 0.000000 -0.026724 -0.177070 -0.018104 
 8 1.985240 0.001840 0.000060 0.003920 0.271907 0.014317 
 9 2.705030 0.000240 0.000000 0.011178 -0.035767 -0.027404 
 10 1.758180 0.692770 0.008290 -1.804177 -0.221719 1.701034 
 11 1.454170 0.000000 0.000000 1.000732 -1.132629 -0.474709 
 12 2.770650 0.000000 0.000000 -0.229043 -0.125329 0.239707 
 13 2.720050 -0.001310 0.011070 0.712940 -0.053464 0.041854 
 14 0.642300 0.121820 0.167370 -0.022679 0.034877 1.539277 
 15 1.758870 -0.686840 -0.024860 1.770119 0.030279 -1.753009 
 16 1.454170 0.000000 0.000000 -0.393879 -1.014163 0.174106 
 17 2.771110 0.002230 -0.003730 -0.224670 -0.174885 -0.367479 
 18 2.717440 0.001100 0.009450 0.066818 -0.571694 0.487062 
 19 0.647860 -0.124370 0.170260 -0.019060 0.234643 -1.504489 
time 66
 0 0.002980 -0.048350 9.104100 -1.570808 -1.568236 -3.141545 
 1 0.628640 1.089370 -0.408870 2.977348 -0.238912 3.104409 
 2 4.649140 0.006280 -0.152480 0.023881 -0.078445 -0.061722 
 3 4.724810 0.000000 0.000000 1.514275 -1.257701 1.606779 
 4 0.615950 -1.120970 -0.411960 -3.025768 0.064353 -3.077926 
 5 4.669700 0.025960 -0.151690 -0.333644 0.146643 -0.060944 
 6 4.698490 0.000000 0.000000 -1.356475 -1.080235 -1.450558 
 7 1.972170 0.012830 0.000000 -0.026712 -0.177862 -0.018106 
 8 1.985240 0.001840 0.000060 0.003918 0.276337 0.014447 
 9 2.705030 0.000240 0.000000 0.011316 -0.039536 -0.027502 
 10 1.758180 0.692770 0.008290 -1.804177 -0.221719 1.701034 
 11 1.454170 0.000000 0.000000 1.000732 -1.132629 -0.474709 
 12 2.770650 0.000000 0.000000 -0.229043 -0.125329 0.239707 
 13 2.720050 -0.001310 0.011070 0.712940 -0.053464 0.041854 
 14 0.642300 0.121820 0.167370 -0.022679 0.034877 1.539277 
 15 1.758870 -0.686840 -0.024860 1.770119 0.030279 -1.753009 
 16 1.454170 0.000000 0.000000 -0.391606 -1.014416 0.171942 
 17 2.771110 0.002230 -0.003730 -0.226985 -0.175089 -0.369955 
 18 2.717440 0.001100 0.009450 0.066483 -0.572945 0.487994 
 19 0.647860 -0.124370 0.170260 -0.019060 0.234643 -1.504489 
time 67
 0 0.002980 -0.048350 9.104100 -1.570808 -1.568236 -3.141545 
 1 0.628640 1.089370 -0.408870 2.977348 -0.238912 3.104409 
 2 4.649140 0.006280 -0.152480 0.023881 -0.078445 -0.061722 
 3 4.724810 0.000000 0.000000 1.514275 -1.257701 1.606779 
 4 0.615950 -1.120970 -0.411960 -3.025768 0.064353 -3.077926 
 5 4.669700 0.025960 -0.151690 -0.333644 0.146643 -0.060944 
 6 4.698490 0.000000 0.000000 -1.356475 -1.080235 -1.450558 
 7 1.972170 0.012830 0.000000 -0.026697 -0.178785 -0.018109 
 8 1.985240 0.001840 0.000060 0.003916 0.281492 0.014599 
 9 2.705030 0.000240 0.000000 0.011463 -0.043537 -0.027605 
 10 1.758180 0.692770 0.008290 -1.804177 -0.221719 1.701034 
 11 1.454170 0.000000 0.000000 1.000733 -1.132629 -0.474709 
 12 2.770650 0.000000 0.000000 -0.229043 -0.125329 0.239707 
 13 2.720050 -0.001310 0.011070 0.712940 -0.053464 0.041854 
 14 0.642300 0.121820 0.167370 -0.022679 0.034877 1.539277 
 15 1.758870 -0.686840 -0.024860 1.770119 0.030279 -1.753009 
 16 1.454170 0.000000 0.000000 -0.388899 -1.014716 0.169365 
 17 2.771110 0.002230 -0.003730 -0.229322 -0.175296 -0.372454 
 18 2.717440 0.001100 0.009450 0.066274 -0.573725 0.488576 
 19 0.647860 -0.124370 0.170260 -0.019060 0.234643 -1.504489 
time 68
 0 0.002980 -0.048350 9.104100 -1.570808 -1.568236 -3.141545 
 1 0.628640 1.089370 -0.408870 2.977348 -0.238912 3.104409 
 2 4.649140 0.006280 -0.152480 0.023881 -0.078445 -0.061722 
 3 4.724810 0.000000 0.000000 1.514275 -1.257701 1.606779 
 4 0.615950 -1.120970 -0.411960 -3.025768 0.064353 -3.077926 
 5 4.669700 0.025960 -0.151690 -0.333644 0.146643 -0.060944 
 6 4.698490 0.000000 0.000000 -1.356475 -1.080235 -1.450558 
 7 1.972170 0.012830 0.000000 -0.026681 -0.179794 -0.018112 
 8 1.985240 0.001840 0.000060 0.003913 0.287131 0.014764 
 9 2.705030 0.000240 0.000000 0.011614 -0.047678 -0.027712 
 10 1.758180 0.692770 0.008290 -1.804177 -0.221719 1.701034 
 11 1.454170 0.000000 0.000000 1.000733 -1.132629 -0.474709 
 12 2.770650 0.000000 0.000000 -0.229043 -0.125329 0.239707 
 13 2.720050 -0.001310 0.011070 0.712940 -0.053464 0.041854 
 14 0.642300 0.121820 0.167370 -0.022679 0.034877 1.539277 
 15 1.758870 -0.686840 -0.024860 1.770119 0.030279 -1.753009 
 16 1.454170 0.000000 0.000000 -0.385855 -1.015055 0.166467 
 17 2.771110 0.002230 -0.003730 -0.231674 -0.175503 -0.374969 
 18 2.717440 0.001100 0.009450 0.066202 -0.573994 0.488776 
 19 0.647860 -0.124370 0.170260 -0.019060 0.234643 -1.504489 
time 69
 0 0.002980 -0.048350 9.104100 -1.570808 -1.568236 -3.141545 
 1 0.628640 1.089370 -0.408870 2.977348 -0.238912 3.104409 
 2 4.649140 0.006280 -0.152480 0.023881 -0.078445 -0.061722 
 3 4.724810 0.000000 0.000000 1.514275 -1.257701 1.606779 
 4 0.615950 -1.120970 -0.411960 -3.025768 0.064353 -3.077926 
 5 4.669700 0.025960 -0.151690 -0.333644 0.146643 -0.060944 
 6 4.698490 0.000000 0.000000 -1.356475 -1.080235 -1.450558 
 7 1.972170 0.012830 0.000000 -0.026665 -0.180846 -0.018115 
 8 1.985240 0.001840 0.000060 0.003911 0.293011 0.014937 
 9 2.705030 0.000240 0.000000 0.011767 -0.051865 -0.027820 
 10 1.758180 0.692770 0.008290 -1.804177 -0.221719 1.701034 
 11 1.454170 0.000000 0.000000 1.000733 -1.132629 -0.474709 
 12 2.770650 0.000000 0.000000 -0.229043 -0.125329 0.239707 
 13 2.720050 -0.001310 0.011070 0.712940 -0.053464 0.041854 
 14 0.642300 0.121820 0.167370 -0.022679 0.034877 1.539277 
 15 1.758870 -0.686840 -0.024860 1.770119 0.030279 -1.753009 
 16 1.454170 0.000000 0.000000 -0.382569 -1.015420 0.163340 
 17 2.771110 0.002230 -0.003730 -0.234036 -0.175712 -0.377496 
 18 2.717440 0.001100 0.009450 0.066208 -0.573904 0.488615 
 19 0.647860 -0.124370 0.170260 -0.019060 0.234643 -1.504489 
time 70
 0 0.002980 -0.048350 9.104100 -1.570808 -1.568236 -3.141545 
 1 0.628640 1.089370 -0.408870 2.977348 -0.238912 3.104409 
 2 4.649140 0.006280 -0.152480 0.023881 -0.078445 -0.061722 
 3 4.724810 0.000000 0.000000 1.514275 -1.257701 1.606779 
 4 0.615950 -1.120970 -0.411960 -3.025768 0.064353 -3.077926 
 5 4.669700 0.025960 -0.151690 -0.333644 0.146643 -0.060944 
 6 4.698490 0.000000 0.000000 -1.356475 -1.080235 -1.450558 
 7 1.972170 0.012830 0.000000 -0.026648 -0.181898 -0.018118 
 8 1.985240 0.001840 0.000060 0.003908 0.298891 0.015109 
 9 2.705030 0.000240 0.000000 0.011919 -0.056006 -0.027927 
 10 1.758180 0.692770 0.008290 -1.804177 -0.221719 1.701034 
 11 1.454170 0.000000 0.000000 1.000732 -1.132629 -0.474709 
 12 2.770650 0.000000 0.000000 -0.229043 -0.125329 0.239707 
 13 2.720050 -0.001310 0.011070 0.712940 -0.053464 0.041854 
 14 0.642300 0.121820 0.167370 -0.022679 0.034877 1.539277 
 15 1.758870 -0.686840 -0.024860 1.770119 0.030279 -1.753009 
 16 1.454170 0.000000 0.000000 -0.379139 -1.015801 0.160075 
 17 2.771110 0.002230 -0.003730 -0.236404 -0.175921 -0.380028 
 18 2.717440 0.001100 0.009450 0.066228 -0.573641 0.488145 
 19 0.647860 -0.124370 0.170260 -0.019060 0.234643 -1.504489 
time 71
 0 0.002980 -0.048350 9.104100 -1.570808 -1.568236 -3.141545 
 1 0.628640 1.089370 -0.408870 2.977348 -0.238912 3.104409 
 2 4.649140 0.006280 -0.152480 0.023881 -0.078445 -0.061722 
 3 4.724810 0.000000 0.000000 1.514275 -1.257701 1.606779 
 4 0.615950 -1.120970 -0.411960 -3.025768 0.064353 -3.077926 
 5 4.669700 0.025960 -0.151690 -0.333644 0.146643 -0.060944 
 6 4.698490 0.000000 0.000000 -1.356475 -1.080235 -1.450558 
 7 1.972170 0.012830 0.000000 -0.026632 -0.182908 -0.018121 
 8 1.985240 0.001840 0.000060 0.003906 0.304529 0.015275 
 9 2.705030 0.000240 0.000000 0.012065 -0.060007 -0.028031 
 10 1.758180 0.692770 0.008290 -1.804177 -0.221719 1.701034 
 11 1.454170 0.000000 0.000000 1.000732 -1.132629 -0.474709 
 12 2.770650 0.000000 0.000000 -0.229043 -0.125329 0.239707 
 13 2.720050 -0.001310 0.011070 0.712940 -0.053464 0.041854 
 14 0.642300 0.121820 0.167370 -0.022679 0.034877 1.539277 
 15 1.758870 -0.686840 -0.024860 1.770119 0.030279 -1.753009 
 16 1.454170 0.000000 0.000000 -0.375661 -1.016187 0.156764 
 17 2.771110 0.002230 -0.003730 -0.238772 -0.176130 -0.382561 
 18 2.717440 0.001100 0.009450 0.066259 -0.573216 0.487386 
 19 0.647860 -0.124370 0.170260 -0.019060 0.234643 -1.504489 
time 72
 0 0.002980 -0.048350 9.104100 -1.570808 -1.568236 -3.141545 
 1 0.628640 1.089370 -0.408870 2.977348 -0.238912 3.104409 
 2 4.649140 0.006280 -0.152480 0.023881 -0.078445 -0.061722 
 3 4.724810 0.000000 0.000000 1.514275 -1.257701 1.606779 
 4 0.615950 -1.120970 -0.411960 -3.025768 0.064353 -3.077926 
 5 4.669700 0.025960 -0.151690 -0.333644 0.146643 -0.060944 
 6 4.698490 0.000000 0.000000 -1.356475 -1.080235 -1.450558 
 7 1.972170 0.012830 0.000000 -0.026618 -0.183830 -0.018123 
 8 1.985240 0.001840 0.000060 0.003904 0.309685 0.015426 
 9 2.705030 0.000240 0.000000 0.012203 -0.063776 -0.028128 
 10 1.758180 0.692770 0.008290 -1.804177 -0.221719 1.701034 
 11 1.454170 0.000000 0.000000 1.000732 -1.132629 -0.474709 
 12 2.770650 0.000000 0.000000 -0.229043 -0.125329 0.239707 
 13 2.720050 -0.001310 0.011070 0.712940 -0.053464 0.041854 
 14 0.642300 0.121820 0.167370 -0.022679 0.034877 1.539277 
 15 1.758870 -0.686840 -0.024860 1.770119 0.030279 -1.753009 
 16 1.454170 0.000000 0.000000 -0.372231 -1.016568 0.153498 
 17 2.771110 0.002230 -0.003730 -0.241134 -0.176339 -0.385088 
 18 2.717440 0.001100 0.009450 0.066301 -0.572642 0.486360 
 19 0.647860 -0.124370 0.170260 -0.019060 0.234643 -1.504489 
time 73
 0 0.002980 -0.048350 9.104100 -1.570808 -1.568236 -3.141545 
 1 0.628640 1.089370 -0.408870 2.977348 -0.238912 3.104409 
 2 4.649140 0.006280 -0.152480 0.023881 -0.078445 -0.061722 
 3 4.724810 0.000000 0.000000 1.514275 -1.257701 1.606779 
 4 0.615950 -1.120970 -0.411960 -3.025768 0.064353 -3.077926 
 5 4.669700 0.025960 -0.151690 -0.333644 0.146643 -0.060944 
 6 4.698490 0.000000 0.000000 -1.356475 -1.080235 -1.450558 
 7 1.972170 0.012830 0.000000 -0.026605 -0.184623 -0.018126 
 8 1.985240 0.001840 0.000060 0.003902 0.314115 0.015556 
 9 2.705030 0.000240 0.000000 0.012329 -0.067220 -0.028217 
 10 1.758180 0.692770 0.008290 -1.804177 -0.221719 1.701034 
 11 1.454170 0.000000 0.000000 1.000732 -1.132629 -0.474709 
 12 2.770650 0.000000 0.000000 -0.229043 -0.125329 0.239707 
 13 2.720050 -0.001310 0.011070 0.712940 -0.053464 0.041854 
 14 0.642300 0.121820 0.167370 -0.022679 0.034877 1.539277 
 15 1.758870 -0.686840 -0.024860 1.770119 0.030279 -1.753009 
 16 1.454170 0.000000 0.000000 -0.368946 -1.016933 0.150371 
 17 2.771110 0.002230 -0.003730 -0.243486 -0.176547 -0.387603 
 18 2.717440 0.001100 0.009450 0.066353 -0.571930 0.485087 
 19 0.647860 -0.124370 0.170260 -0.019060 0.234643 -1.504489 
time 74
 0 0.002980 -0.048350 9.104100 -1.570808 -1.568236 -3.141545 
 1 0.628640 1.089370 -0.408870 2.977348 -0.238912 3.104409 
 2 4.649140 0.006280 -0.152480 0.023881 -0.078445 -0.061722 
 3 4.724810 0.000000 0.000000 1.514275 -1.257701 1.606779 
 4 0.615950 -1.120970 -0.411960 -3.025768 0.064353 -3.077926 
 5 4.669700 0.025960 -0.151690 -0.333644 0.146643 -0.060944 
 6 4.698490 0.000000 0.000000 -1.356475 -1.080235 -1.450558 
 7 1.972170 0.012830 0.000000 -0.026595 -0.185243 -0.018127 
 8 1.985240 0.001840 0.000060 0.003900 0.317578 0.015658 
 9 2.705030 0.000240 0.000000 0.012440 -0.070247 -0.028296 
 10 1.758180 0.692770 0.008290 -1.804177 -0.221719 1.701034 
 11 1.454170 0.000000 0.000000 1.000732 -1.132629 -0.474709 
 12 2.770650 0.000000 0.000000 -0.229043 -0.125329 0.239707 
 13 2.720050 -0.001310 0.011070 0.712940 -0.053464 0.041854 
 14 0.642300 0.121820 0.167370 -0.022679 0.034877 1.539277 
 15 1.758870 -0.686840 -0.024860 1.770119 0.030279 -1.753009 
 16 1.454170 0.000000 0.000000 -0.365901 -1.017271 0.147473 
 17 2.771110 0.002230 -0.003730 -0.245822 -0.176753 -0.390102 
 18 2.717440 0.001100 0.009450 0.066415 -0.571091 0.483588 
 19 0.647860 -0.124370 0.170260 -0.019060 0.234643 -1.504489 
time 75
 0 0.002980 -0.048350 9.104100 -1.570808 -1.568236 -3.141545 
 1 0.628640 1.089370 -0.408870 2.977348 -0.238912 3.104409 
 2 4.649140 0.006280 -0.152480 0.023881 -0.078445 -0.061722 
 3 4.724810 0.000000 0.000000 1.514275 -1.257701 1.606779 
 4 0.615950 -1.120970 -0.411960 -3.025768 0.064353 -3.077926 
 5 4.669700 0.025960 -0.151690 -0.333644 0.146643 -0.060944 
 6 4.698490 0.000000 0.000000 -1.356475 -1.080235 -1.450558 
 7 1.972170 0.012830 0.000000 -0.026589 -0.185646 -0.018128 
 8 1.985240 0.001840 0.000060 0.003899 0.319834 0.015724 
 9 2.705030 0.000240 0.000000 0.012532 -0.072762 -0.028361 
 10 1.758180 0.692770 0.008290 -1.804177 -0.221719 1.701034 
 11 1.454170 0.000000 0.000000 1.000732 -1.132629 -0.474709 
 12 2.770650 0.000000 0.000000 -0.229043 -0.125329 0.239707 
 13 2.720050 -0.001310 0.011070 0.712940 -0.053464 0.041854 
 14 0.642300 0.121820 0.167370 -0.022679 0.034877 1.539277 
 15 1.758870 -0.686840 -0.024860 1.770119 0.030279 -1.753009 
 16 1.454170 0.000000 0.000000 -0.363194 -1.017571 0.144896 
 17 2.771110 0.002230 -0.003730 -0.248138 -0.176958 -0.392578 
 18 2.717440 0.001100 0.009450 0.066485 -0.570136 0.481882 
 19 0.647860 -0.124370 0.170260 -0.019060 0.234643 -1.504489 
time 76
 0 0.002980 -0.048350 9.104100 -1.570808 -1.568236 -3.141545 
 1 0.628640 1.089370 -0.408870 2.977348 -0.238912 3.104409 
 2 4.649140 0.006280 -0.152480 0.023881 -0.078445 -0.061722 
 3 4.724810 0.000000 0.000000 1.514275 -1.257701 1.606779 
 4 0.615950 -1.120970 -0.411960 -3.025768 0.064353 -3.077926 
 5 4.669700 0.025960 -0.151690 -0.333644 0.146643 -0.060944 
 6 4.698490 0.000000 0.000000 -1.356475 -1.080235 -1.450558 
 7 1.972170 0.012830 0.000000 -0.026587 -0.185791 -0.018129 
 8 1.985240 0.001840 0.000060 0.003899 0.320639 0.015748 
 9 2.705030 0.000240 0.000000 0.012602 -0.074674 -0.028410 
 10 1.758180 0.692770 0.008290 -1.804177 -0.221719 1.701034 
 11 1.454170 0.000000 0.000000 1.000732 -1.132629 -0.474709 
 12 2.770650 0.000000 0.000000 -0.229043 -0.125329 0.239707 
 13 2.720050 -0.001310 0.011070 0.712940 -0.053464 0.041854 
 14 0.642300 0.121820 0.167370 -0.022679 0.034877 1.539277 
 15 1.758870 -0.686840 -0.024860 1.770119 0.030279 -1.753009 
 16 1.454170 0.000000 0.000000 -0.360921 -1.017824 0.142732 
 17 2.771110 0.002230 -0.003730 -0.250426 -0.177160 -0.395026 
 18 2.717440 0.001100 0.009450 0.066563 -0.569079 0.479992 
 19 0.647860 -0.124370 0.170260 -0.019060 0.234643 -1.504489 
time 77
 0 0.002980 -0.048350 9.104100 -1.570808 -1.568236 -3.141545 
 1 0.628640 1.089370 -0.408870 2.977348 -0.238912 3.104409 
 2 4.649140 0.006280 -0.152480 0.023881 -0.078445 -0.061722 
 3 4.724810 0.000000 0.000000 1.514275 -1.257701 1.606779 
 4 0.615950 -1.120970 -0.411960 -3.025768 0.064353 -3.077926 
 5 4.669700 0.025960 -0.151690 -0.333644 0.146643 -0.060944 
 6 4.698490 0.000000 0.000000 -1.356475 -1.080235 -1.450558 
 7 1.972170 0.012830 0.000000 -0.026587 -0.185740 -0.018129 
 8 1.985240 0.001840 0.000060 0.003899 0.320359 0.015740 
 9 2.705030 0.000240 0.000000 0.012647 -0.075889 -0.028441 
 10 1.758180 0.692770 0.008290 -1.804177 -0.221719 1.701034 
 11 1.454170 0.000000 0.000000 1.000732 -1.132629 -0.474709 
 12 2.770650 0.000000 0.000000 -0.229043 -0.125329 0.239707 
 13 2.720050 -0.001310 0.011070 0.712940 -0.053464 0.041854 
 14 0.642300 0.121820 0.167370 -0.022679 0.034877 1.539277 
 15 1.758870 -0.686840 -0.024860 1.770119 0.030279 -1.753009 
 16 1.454170 0.000000 0.000000 -0.359178 -1.018017 0.141072 
 17 2.771110 0.002230 -0.003730 -0.252684 -0.177359 -0.397440 
 18 2.717440 0.001100 0.009450 0.066647 -0.567928 0.477936 
 19 0.647860 -0.124370 0.170260 -0.019060 0.234643 -1.504489 
time 78
 0 0.002980 -0.048350 9.104100 -1.570808 -1.568236 -3.141545 
 1 0.628640 1.089370 -0.408870 2.977348 -0.238912 3.104409 
 2 4.649140 0.006280 -0.152480 0.023881 -0.078445 -0.061722 
 3 4.724810 0.000000 0.000000 1.514275 -1.257701 1.606779 
 4 0.615950 -1.120970 -0.411960 -3.025768 0.064353 -3.077926 
 5 4.669700 0.025960 -0.151690 -0.333644 0.146643 -0.060944 
 6 4.698490 0.000000 0.000000 -1.356475 -1.080235 -1.450558 
 7 1.972170 0.012830 0.000000 -0.026590 -0.185596 -0.018128 
 8 1.985240 0.001840 0.000060 0.003899 0.319552 0.015716 
 9 2.705030 0.000240 0.000000 0.012662 -0.076314 -0.028452 
 10 1.758180 0.692770 0.008290 -1.804177 -0.221719 1.701034 
 11 1.454170 0.000000 0.000000 1.000732 -1.132629 -0.474709 
 12 2.770650 0.000000 0.000000 -0.229043 -0.125329 0.239707 
 13 2.720050 -0.001310 0.011070 0.712940 -0.053464 0.041854 
 14 0.642300 0.121820 0.167370 -0.022679 0.034877 1.539277 
 15 1.758870 -0.686840 -0.024860 1.770119 0.030279 -1.753009 
 16 1.454170 0.000000 0.000000 -0.358062 -1.018141 0.140010 
 17 2.771110 0.002230 -0.003730 -0.254904 -0.177555 -0.399814 
 18 2.717440 0.001100 0.009450 0.066737 -0.566697 0.475737 
 19 0.647860 -0.124370 0.170260 -0.019060 0.234643 -1.504489 
time 79
 0 0.002980 -0.048350 9.104100 -1.570808 -1.568236 -3.141545 
 1 0.628640 1.089370 -0.408870 2.977348 -0.238912 3.104409 
 2 4.649140 0.006280 -0.152480 0.023881 -0.078445 -0.061722 
 3 4.724810 0.000000 0.000000 1.514275 -1.257701 1.606779 
 4 0.615950 -1.120970 -0.411960 -3.025768 0.064353 -3.077926 
 5 4.669700 0.025960 -0.151690 -0.333644 0.146643 -0.060944 
 6 4.698490 0.000000 0.000000 -1.356475 -1.080235 -1.450558 
 7 1.972170 0.012830 0.000000 -0.026593 -0.185366 -0.018128 
 8 1.985240 0.001840 0.000060 0.003900 0.318265 0.015678 
 9 2.705030 0.000240 0.000000 0.012636 -0.075576 -0.028434 
 10 1.758180 0.692770 0.008290 -1.804177 -0.221719 1.701034 
 11 1.454170 0.000000 0.000000 1.000732 -1.132629 -0.474709 
 12 2.770650 0.000000 0.000000 -0.229043 -0.125329 0.239707 
 13 2.720050 -0.001310 0.011070 0.712940 -0.053464 0.041854 
 14 0.642300 0.121820 0.167370 -0.022679 0.034877 1.539277 
 15 1.758870 -0.686840 -0.024860 1.770119 0.030279 -1.753009 
 16 1.454170 0.000000 0.000000 -0.357668 -1.018185 0.139635 
 17 2.771110 0.002230 -0.003730 -0.257082 -0.177748 -0.402144 
 18 2.717440 0.001100 0.009450 0.066833 -0.565397 0.473414 
 19 0.647860 -0.124370 0.170260 -0.019060 0.234643 -1.504489 
time 80
 0 0.002980 -0.048350 9.104100 -1.570808 -1.568236 -3.141545 
 1 0.628640 1.089370 -0.408870 2.977348 -0.238912 3.104409 
 2 4.649140 0.006280 -0.152480 0.023881 -0.078445 -0.061722 
 3 4.724810 0.000000 0.000000 1.514275 -1.257701 1.606779 
 4 0.615950 -1.120970 -0.411960 -3.025768 0.064353 -3.077926 
 5 4.669700 0.025960 -0.151690 -0.333644 0.146643 -0.060944 
 6 4.698490 0.000000 0.000000 -1.356475 -1.080235 -1.450558 
 7 1.972170 0.012830 0.000000 -0.026598 -0.185058 -0.018127 
 8 1.985240 0.001840 0.000060 0.003901 0.316546 0.015628 
 9 2.705030 0.000240 0.000000 0.012559 -0.073453 -0.028381 
 10 1.758180 0.692770 0.008290 -1.804177 -0.221719 1.701034 
 11 1.454170 0.000000 0.000000 1.000732 -1.132629 -0.474709 
 12 2.770650 0.000000 0.000000 -0.229043 -0.125329 0.239707 
 13 2.720050 -0.001310 0.011070 0.712940 -0.053464 0.041854 
 14 0.642300 0.121820 0.167370 -0.022679 0.034877 1.539277 
 15 1.758870 -0.686840 -0.024860 1.770119 0.030279 -1.753009 
 16 1.454170 0.000000 0.000000 -0.358060 -1.018144 0.140008 
 17 2.771110 0.002230 -0.003730 -0.259213 -0.177936 -0.404423 
 18 2.717440 0.001100 0.009450 0.066932 -0.564040 0.470988 
 19 0.647860 -0.124370 0.170260 -0.019060 0.234643 -1.504489 
time 81
 0 0.002980 -0.048350 9.104100 -1.570808 -1.568236 -3.141545 
 1 0.628640 1.089370 -0.408870 2.977348 -0.238912 3.104409 
 2 4.649140 0.006280 -0.152480 0.023881 -0.078445 -0.061722 
 3 4.724810 0.000000 0.000000 1.514275 -1.257701 1.606779 
 4 0.615950 -1.120970 -0.411960 -3.025768 0.064353 -3.077926 
 5 4.669700 0.025960 -0.151690 -0.333644 0.146643 -0.060944 
 6 4.698490 0.000000 0.000000 -1.356475 -1.080235 -1.450558 
 7 1.972170 0.012830 0.000000 -0.026604 -0.184682 -0.018126 
 8 1.985240 0.001840 0.000060 0.003901 0.314444 0.015566 
 9 2.705030 0.000240 0.000000 0.012438 -0.070083 -0.028298 
 10 1.758180 0.692770 0.008290 -1.804177 -0.221719 1.701034 
 11 1.454170 0.000000 0.000000 1.000732 -1.132629 -0.474709 
 12 2.770650 0.000000 0.000000 -0.229043 -0.125329 0.239707 
 13 2.720050 -0.001310 0.011070 0.712940 -0.053464 0.041854 
 14 0.642300 0.121820 0.167370 -0.022679 0.034877 1.539277 
 15 1.758870 -0.686840 -0.024860 1.770119 0.030279 -1.753009 
 16 1.454170 0.000000 0.000000 -0.359184 -1.018025 0.141079 
 17 2.771110 0.002230 -0.003730 -0.261292 -0.178120 -0.406646 
 18 2.717440 0.001100 0.009450 0.067035 -0.562636 0.468480 
 19 0.647860 -0.124370 0.170260 -0.019060 0.234643 -1.504489 
time 82
 0 0.002980 -0.048350 9.104100 -1.570808 -1.568236 -3.141545 
 1 0.628640 1.089370 -0.408870 2.977348 -0.238912 3.104409 
 2 4.649140 0.006280 -0.152480 0.023881 -0.078445 -0.061722 
 3 4.724810 0.000000 0.000000 1.514275 -1.257701 1.606779 
 4 0.615950 -1.120970 -0.411960 -3.025768 0.064353 -3.077926 
 5 4.669700 0.025960 -0.151690 -0.333644 0.146643 -0.060944 
 6 4.698490 0.000000 0.000000 -1.356475 -1.080235 -1.450558 
 7 1.972170 0.012830 0.000000 -0.026611 -0.184245 -0.018124 
 8 1.985240 0.001840 0.000060 0.003903 0.312005 0.015494 
 9 2.705030 0.000240 0.000000 0.012278 -0.065606 -0.028186 
 10 1.758180 0.692770 0.008290 -1.804177 -0.221719 1.701034 
 11 1.454170 0.000000 0.000000 1.000732 -1.132629 -0.474709 
 12 2.770650 0.000000 0.000000 -0.229043 -0.125329 0.239707 
 13 2.720050 -0.001310 0.011070 0.712940 -0.053464 0.041854 
 14 0.642300 0.121820 0.167370 -0.022679 0.034877 1.539277 
 15 1.758870 -0.686840 -0.024860 1.770119 0.030279 -1.753009 
 16 1.454170 0.000000 0.000000 -0.360964 -1.017838 0.142773 
 17 2.771110 0.002230 -0.003730 -0.263312 -0.178298 -0.408807 
 18 2.717440 0.001100 0.009450 0.067141 -0.561198 0.465910 
 19 0.647860 -0.124370 0.170260 -0.019060 0.234643 -1.504489 
time 83
 0 0.002980 -0.048350 9.104100 -1.570808 -1.568236 -3.141545 
 1 0.628640 1.089370 -0.408870 2.977348 -0.238912 3.104409 
 2 4.649140 0.006280 -0.152480 0.023881 -0.078445 -0.061722 
 3 4.724810 0.000000 0.000000 1.514275 -1.257701 1.606779 
 4 0.615950 -1.120970 -0.411960 -3.025768 0.064353 -3.077926 
 5 4.669700 0.025960 -0.151690 -0.333644 0.146643 -0.060944 
 6 4.698490 0.000000 0.000000 -1.356475 -1.080235 -1.450558 
 7 1.972170 0.012830 0.000000 -0.026619 -0.183758 -0.018123 
 8 1.985240 0.001840 0.000060 0.003904 0.309279 0.015414 
 9 2.705030 0.000240 0.000000 0.012082 -0.060159 -0.028051 
 10 1.758180 0.692770 0.008290 -1.804177 -0.221719 1.701034 
 11 1.454170 0.000000 0.000000 1.000732 -1.132629 -0.474709 
 12 2.770650 0.000000 0.000000 -0.229043 -0.125329 0.239707 
 13 2.720050 -0.001310 0.011070 0.712940 -0.053464 0.041854 
 14 0.642300 0.121820 0.167370 -0.022679 0.034877 1.539277 
 15 1.758870 -0.686840 -0.024860 1.770119 0.030279 -1.753009 
 16 1.454170 0.000000 0.000000 -0.363322 -1.017589 0.145019 
 17 2.771110 0.002230 -0.003730 -0.265269 -0.178471 -0.410900 
 18 2.717440 0.001100 0.009450 0.067248 -0.559736 0.463298 
 19 0.647860 -0.124370 0.170260 -0.019060 0.234643 -1.504489 
time 84
 0 0.002980 -0.048350 9.104100 -1.570808 -1.568236 -3.141545 
 1 0.628640 1.089370 -0.408870 2.977348 -0.238912 3.104409 
 2 4.649140 0.006280 -0.152480 0.023881 -0.078445 -0.061722 
 3 4.724810 0.000000 0.000000 1.514275 -1.257701 1.606779 
 4 0.615950 -1.120970 -0.411960 -3.025768 0.064353 -3.077926 
 5 4.669700 0.025960 -0.151690 -0.333644 0.146643 -0.060944 
 6 4.698490 0.000000 0.000000 -1.356475 -1.080235 -1.450558 
 7 1.972170 0.012830 0.000000 -0.026627 -0.183227 -0.018122 
 8 1.985240 0.001840 0.000060 0.003905 0.306313 0.015327 
 9 2.705030 0.000240 0.000000 0.011857 -0.053881 -0.027895 
 10 1.758180 0.692770 0.008290 -1.804177 -0.221719 1.701034 
 11 1.454170 0.000000 0.000000 1.000732 -1.132629 -0.474709 
 12 2.770650 0.000000 0.000000 -0.229043 -0.125329 0.239707 
 13 2.720050 -0.001310 0.011070 0.712940 -0.053464 0.041854 
 14 0.642300 0.121820 0.167370 -0.022679 0.034877 1.539277 
 15 1.758870 -0.686840 -0.024860 1.770119 0.030279 -1.753009 
 16 1.454170 0.000000 0.000000 -0.366180 -1.017287 0.147741 
 17 2.771110 0.002230 -0.003730 -0.267158 -0.178638 -0.412920 
 18 2.717440 0.001100 0.009450 0.067356 -0.558264 0.460667 
 19 0.647860 -0.124370 0.170260 -0.019060 0.234643 -1.504489 
time 85
 0 0.002980 -0.048350 9.104100 -1.570808 -1.568236 -3.141545 
 1 0.628640 1.089370 -0.408870 2.977348 -0.238912 3.104409 
 2 4.649140 0.006280 -0.152480 0.023881 -0.078445 -0.061722 
 3 4.724810 0.000000 0.000000 1.514275 -1.257701 1.606779 
 4 0.615950 -1.120970 -0.411960 -3.025768 0.064353 -3.077926 
 5 4.669700 0.025960 -0.151690 -0.333644 0.146643 -0.060944 
 6 4.698490 0.000000 0.000000 -1.356475 -1.080235 -1.450558 
 7 1.972170 0.012830 0.000000 -0.026636 -0.182662 -0.018120 
 8 1.985240 0.001840 0.000060 0.003906 0.303156 0.015235 
 9 2.705030 0.000240 0.000000 0.011607 -0.046911 -0.027722 
 10 1.758180 0.692770 0.008290 -1.804177 -0.221719 1.701034 
 11 1.454170 0.000000 0.000000 1.000732 -1.132629 -0.474709 
 12 2.770650 0.000000 0.000000 -0.229043 -0.125329 0.239707 
 13 2.720050 -0.001310 0.011070 0.712940 -0.053464 0.041854 
 14 0.642300 0.121820 0.167370 -0.022679 0.034877 1.539277 
 15 1.758870 -0.686840 -0.024860 1.770119 0.030279 -1.753009 
 16 1.454170 0.000000 0.000000 -0.369463 -1.016941 0.150867 
 17 2.771110 0.002230 -0.003730 -0.268973 -0.178798 -0.414861 
 18 2.717440 0.001100 0.009450 0.067464 -0.556791 0.458035 
 19 0.647860 -0.124370 0.170260 -0.019060 0.234643 -1.504489 
time 86
 0 0.002980 -0.048350 9.104100 -1.570808 -1.568236 -3.141545 
 1 0.628640 1.089370 -0.408870 2.977348 -0.238912 3.104409 
 2 4.649140 0.006280 -0.152480 0.023881 -0.078445 -0.061722 
 3 4.724810 0.000000 0.000000 1.514275 -1.257701 1.606779 
 4 0.615950 -1.120970 -0.411960 -3.025768 0.064353 -3.077926 
 5 4.669700 0.025960 -0.151690 -0.333644 0.146643 -0.060944 
 6 4.698490 0.000000 0.000000 -1.356475 -1.080235 -1.450558 
 7 1.972170 0.012830 0.000000 -0.026645 -0.182071 -0.018118 
 8 1.985240 0.001840 0.000060 0.003908 0.299854 0.015138 
 9 2.705030 0.000240 0.000000 0.011337 -0.039387 -0.027535 
 10 1.758180 0.692770 0.008290 -1.804177 -0.221719 1.701034 
 11 1.454170 0.000000 0.000000 1.000732 -1.132629 -0.474709 
 12 2.770650 0.000000 0.000000 -0.229043 -0.125329 0.239707 
 13 2.720050 -0.001310 0.011070 0.712940 -0.053464 0.041854 
 14 0.642300 0.121820 0.167370 -0.022679 0.034877 1.539277 
 15 1.758870 -0.686840 -0.024860 1.770119 0.030279 -1.753009 
 16 1.454170 0.000000 0.000000 -0.373093 -1.016559 0.154324 
 17 2.771110 0.002230 -0.003730 -0.270709 -0.178951 -0.416718 
 18 2.717440 0.001100 0.009450 0.067572 -0.555330 0.455424 
 19 0.647860 -0.124370 0.170260 -0.019060 0.234643 -1.504489 
time 87
 0 0.002980 -0.048350 9.104100 -1.570808 -1.568236 -3.141545 
 1 0.628640 1.089370 -0.408870 2.977348 -0.238912 3.104409 
 2 4.649140 0.006280 -0.152480 0.023881 -0.078445 -0.061722 
 3 4.724810 0.000000 0.000000 1.514275 -1.257701 1.606779 
 4 0.615950 -1.120970 -0.411960 -3.025768 0.064353 -3.077926 
 5 4.669700 0.025960 -0.151690 -0.333644 0.146643 -0.060944 
 6 4.698490 0.000000 0.000000 -1.356475 -1.080235 -1.450558 
 7 1.972170 0.012830 0.000000 -0.026655 -0.181463 -0.018117 
 8 1.985240 0.001840 0.000060 0.003909 0.296456 0.015038 
 9 2.705030 0.000240 0.000000 0.011052 -0.031448 -0.027338 
 10 1.758180 0.692770 0.008290 -1.804177 -0.221719 1.701034 
 11 1.454170 0.000000 0.000000 1.000732 -1.132629 -0.474709 
 12 2.770650 0.000000 0.000000 -0.229043 -0.125329 0.239707 
 13 2.720050 -0.001310 0.011070 0.712940 -0.053464 0.041854 
 14 0.642300 0.121820 0.167370 -0.022679 0.034877 1.539277 
 15 1.758870 -0.686840 -0.024860 1.770119 0.030279 -1.753009 
 16 1.454170 0.000000 0.000000 -0.376993 -1.016147 0.158037 
 17 2.771110 0.002230 -0.003730 -0.272361 -0.179097 -0.418485 
 18 2.717440 0.001100 0.009450 0.067677 -0.553891 0.452854 
 19 0.647860 -0.124370 0.170260 -0.019060 0.234643 -1.504489 
time 88
 0 0.002980 -0.048350 9.104100 -1.570808 -1.568236 -3.141545 
 1 0.628640 1.089370 -0.408870 2.977348 -0.238912 3.104409 
 2 4.649140 0.006280 -0.152480 0.023881 -0.078445 -0.061722 
 3 4.724810 0.000000 0.000000 1.514275 -1.257701 1.606779 
 4 0.615950 -1.120970 -0.411960 -3.025768 0.064353 -3.077926 
 5 4.669700 0.025960 -0.151690 -0.333644 0.146643 -0.060944 
 6 4.698490 0.000000 0.000000 -1.356475 -1.080235 -1.450558 
 7 1.972170 0.012830 0.000000 -0.026665 -0.180846 -0.018115 
 8 1.985240 0.001840 0.000060 0.003911 0.293011 0.014937 
 9 2.705030 0.000240 0.000000 0.010757 -0.023231 -0.027133 
 10 1.758180 0.692770 0.008290 -1.804177 -0.221719 1.701034 
 11 1.454170 0.000000 0.000000 1.000733 -1.132629 -0.474709 
 12 2.770650 0.000000 0.000000 -0.229043 -0.125329 0.239707 
 13 2.720050 -0.001310 0.011070 0.712940 -0.053464 0.041854 
 14 0.642300 0.121820 0.167370 -0.022679 0.034877 1.539277 
 15 1.758870 -0.686840 -0.024860 1.770119 0.030279 -1.753009 
 16 1.454170 0.000000 0.000000 -0.381085 -1.015716 0.161934 
 17 2.771110 0.002230 -0.003730 -0.273924 -0.179235 -0.420156 
 18 2.717440 0.001100 0.009450 0.067780 -0.552488 0.450345 
 19 0.647860 -0.124370 0.170260 -0.019060 0.234643 -1.504489 
time 89
 0 0.002980 -0.048350 9.104100 -1.570808 -1.568236 -3.141545 
 1 0.628640 1.089370 -0.408870 2.977348 -0.238912 3.104409 
 2 4.649140 0.006280 -0.152480 0.023881 -0.078445 -0.061722 
 3 4.724810 0.000000 0.000000 1.514275 -1.257701 1.606779 
 4 0.615950 -1.120970 -0.411960 -3.025768 0.064353 -3.077926 
 5 4.669700 0.025960 -0.151690 -0.333644 0.146643 -0.060944 
 6 4.698490 0.000000 0.000000 -1.356475 -1.080235 -1.450558 
 7 1.972170 0.012830 0.000000 -0.026674 -0.180230 -0.018113 
 8 1.985240 0.001840 0.000060 0.003912 0.289565 0.014836 
 9 2.705030 0.000240 0.000000 0.010457 -0.014877 -0.026926 
 10 1.758180 0.692770 0.008290 -1.804177 -0.221719 1.701034 
 11 1.454170 0.000000 0.000000 1.000732 -1.132629 -0.474709 
 12 2.770650 0.000000 0.000000 -0.229043 -0.125329 0.239707 
 13 2.720050 -0.001310 0.011070 0.712940 -0.053464 0.041854 
 14 0.642300 0.121820 0.167370 -0.022679 0.034877 1.539277 
 15 1.758870 -0.686840 -0.024860 1.770119 0.030279 -1.753009 
 16 1.454170 0.000000 0.000000 -0.385293 -1.015272 0.165941 
 17 2.771110 0.002230 -0.003730 -0.275391 -0.179365 -0.421725 
 18 2.717440 0.001100 0.009450 0.067880 -0.551130 0.447920 
 19 0.647860 -0.124370 0.170260 -0.019060 0.234643 -1.504489 
time 90
 0 0.002980 -0.048350 9.104100 -1.570808 -1.568236 -3.141545 
 1 0.628640 1.089370 -0.408870 2.977348 -0.238912 3.104409 
 2 4.649140 0.006280 -0.152480 0.023881 -0.078445 -0.061722 
 3 4.724810 0.000000 0.000000 1.514275 -1.257701 1.606779 
 4 0.615950 -1.120970 -0.411960 -3.025768 0.064353 -3.077926 
 5 4.669700 0.025960 -0.151690 -0.333644 0.146643 -0.060944 
 6 4.698490 0.000000 0.000000 -1.356475 -1.080235 -1.450558 
 7 1.972170 0.012830 0.000000 -0.026684 -0.179622 -0.018111 
 8 1.985240 0.001840 0.000060 0.003914 0.286168 0.014736 
 9 2.705030 0.000240 0.000000 0.010158 -0.006522 -0.026718 
 10 1.758180 0.692770 0.008290 -1.804177 -0.221719 1.701034 
 11 1.454170 0.000000 0.000000 1.000732 -1.132629 -0.474709 
 12 2.770650 0.000000 0.000000 -0.229043 -0.125329 0.239707 
 13 2.720050 -0.001310 0.011070 0.712940 -0.053464 0.041854 
 14 0.642300 0.121820 0.167370 -0.022679 0.034877 1.539277 
 15 1.758870 -0.686840 -0.024860 1.770119 0.030279 -1.753009 
 16 1.454170 0.000000 0.000000 -0.389540 -1.014824 0.169985 
 17 2.771110 0.002230 -0.003730 -0.276759 -0.179486 -0.423188 
 18 2.717440 0.001100 0.009450 0.067976 -0.549830 0.445597 
 19 0.647860 -0.124370 0.170260 -0.019060 0.234643 -1.504489 
time 91
 0 0.002980 -0.048350 9.104100 -1.570808 -1.568236 -3.141545 
 1 0.628640 1.089370 -0.408870 2.977348 -0.238912 3.104409 
 2 4.649140 0.006280 -0.152480 0.023881 -0.078445 -0.061722 
 3 4.724810 0.000000 0.000000 1.514275 -1.257701 1.606779 
 4 0.615950 -1.120970 -0.411960 -3.025768 0.064353 -3.077926 
 5 4.669700 0.025960 -0.151690 -0.333644 0.146643 -0.060944 
 6 4.698490 0.000000 0.000000 -1.356475 -1.080235 -1.450558 
 7 1.972170 0.012830 0.000000 -0.026693 -0.179031 -0.018110 
 8 1.985240 0.001840 0.000060 0.003915 0.282866 0.014639 
 9 2.705030 0.000240 0.000000 0.009863 0.001695 -0.026514 
 10 1.758180 0.692770 0.008290 -1.804177 -0.221719 1.701034 
 11 1.454170 0.000000 0.000000 1.000732 -1.132629 -0.474709 
 12 2.770650 0.000000 0.000000 -0.229043 -0.125329 0.239707 
 13 2.720050 -0.001310 0.011070 0.712940 -0.053464 0.041854 
 14 0.642300 0.121820 0.167370 -0.022679 0.034877 1.539277 
 15 1.758870 -0.686840 -0.024860 1.770119 0.030279 -1.753009 
 16 1.454170 0.000000 0.000000 -0.393748 -1.014380 0.173992 
 17 2.771110 0.002230 -0.003730 -0.278021 -0.179597 -0.424538 
 18 2.717440 0.001100 0.009450 0.068066 -0.548599 0.443397 
 19 0.647860 -0.124370 0.170260 -0.019060 0.234643 -1.504489 
time 92
 0 0.002980 -0.048350 9.104100 -1.570808 -1.568236 -3.141545 
 1 0.628640 1.089370 -0.408870 2.977348 -0.238912 3.104409 
 2 4.649140 0.006280 -0.152480 0.023881 -0.078445 -0.061722 
 3 4.724810 0.000000 0.000000 1.514275 -1.257701 1.606779 
 4 0.615950 -1.120970 -0.411960 -3.025768 0.064353 -3.077926 
 5 4.669700 0.025960 -0.151690 -0.333644 0.146643 -0.060944 
 6 4.698490 0.000000 0.000000 -1.356475 -1.080235 -1.450558 
 7 1.972170 0.012830 0.000000 -0.026702 -0.178466 -0.018108 
 8 1.985240 0.001840 0.000060 0.003916 0.279708 0.014546 
 9 2.705030 0.000240 0.000000 0.009578 0.009634 -0.026317 
 10 1.758180 0.692770 0.008290 -1.804177 -0.221719 1.701034 
 11 1.454170 0.000000 0.000000 1.000732 -1.132629 -0.474709 
 12 2.770650 0.000000 0.000000 -0.229043 -0.125329 0.239707 
 13 2.720050 -0.001310 0.011070 0.712940 -0.053464 0.041854 
 14 0.642300 0.121820 0.167370 -0.022679 0.034877 1.539277 
 15 1.758870 -0.686840 -0.024860 1.770119 0.030279 -1.753009 
 16 1.454170 0.000000 0.000000 -0.397840 -1.013949 0.177889 
 17 2.771110 0.002230 -0.003730 -0.279173 -0.179699 -0.425770 
 18 2.717440 0.001100 0.009450 0.068150 -0.547449 0.441342 
 19 0.647860 -0.124370 0.170260 -0.019060 0.234643 -1.504489 
time 93
 0 0.002980 -0.048350 9.104100 -1.570808 -1.568236 -3.141545 
 1 0.628640 1.089370 -0.408870 2.977348 -0.238912 3.104409 
 2 4.649140 0.006280 -0.152480 0.023881 -0.078445 -0.061722 
 3 4.724810 0.000000 0.000000 1.514275 -1.257701 1.606779 
 4 0.615950 -1.120970 -0.411960 -3.025768 0.064353 -3.077926 
 5 4.669700 0.025960 -0.151690 -0.333644 0.146643 -0.060944 
 6 4.698490 0.000000 0.000000 -1.356475 -1.080235 -1.450558 
 7 1.972170 0.012830 0.000000 -0.026711 -0.177935 -0.018107 
 8 1.985240 0.001840 0.000060 0.003918 0.276743 0.014459 
 9 2.705030 0.000240 0.000000 0.009308 0.017158 -0.026130 
 10 1.758180 0.692770 0.008290 -1.804177 -0.221719 1.701034 
 11 1.454170 0.000000 0.000000 1.000732 -1.132629 -0.474709 
 12 2.770650 0.000000 0.000000 -0.229043 -0.125329 0.239707 
 13 2.720050 -0.001310 0.011070 0.712940 -0.053464 0.041854 
 14 0.642300 0.121820 0.167370 -0.022679 0.034877 1.539277 
 15 1.758870 -0.686840 -0.024860 1.770119 0.030279 -1.753009 
 16 1.454170 0.000000 0.000000 -0.401740 -1.013538 0.181603 
 17 2.771110 0.002230 -0.003730 -0.280209 -0.179791 -0.426878 
 18 2.717440 0.001100 0.009450 0.068228 -0.546391 0.439451 
 19 0.647860 -0.124370 0.170260 -0.019060 0.234643 -1.504489 
time 94
 0 0.002980 -0.048350 9.104100 -1.570808 -1.568236 -3.141545 
 1 0.628640 1.089370 -0.408870 2.977348 -0.238912 3.104409 
 2 4.649140 0.006280 -0.152480 0.023881 -0.078445 -0.061722 
 3 4.724810 0.000000 0.000000 1.514275 -1.257701 1.606779 
 4 0.615950 -1.120970 -0.411960 -3.025768 0.064353 -3.077926 
 5 4.669700 0.025960 -0.151690 -0.333644 0.146643 -0.060944 
 6 4.698490 0.000000 0.000000 -1.356475 -1.080235 -1.450558 
 7 1.972170 0.012830 0.000000 -0.026718 -0.177447 -0.018105 
 8 1.985240 0.001840 0.000060 0.003919 0.274017 0.014379 
 9 2.705030 0.000240 0.000000 0.009058 0.024128 -0.025957 
 10 1.758180 0.692770 0.008290 -1.804177 -0.221719 1.701034 
 11 1.454170 0.000000 0.000000 1.000732 -1.132629 -0.474709 
 12 2.770650 0.000000 0.000000 -0.229043 -0.125329 0.239707 
 13 2.720050 -0.001310 0.011070 0.712940 -0.053464 0.041854 
 14 0.642300 0.121820 0.167370 -0.022679 0.034877 1.539277 
 15 1.758870 -0.686840 -0.024860 1.770119 0.030279 -1.753009 
 16 1.454170 0.000000 0.000000 -0.405369 -1.013155 0.185059 
 17 2.771110 0.002230 -0.003730 -0.281124 -0.179871 -0.427857 
 18 2.717440 0.001100 0.009450 0.068298 -0.545437 0.437746 
 19 0.647860 -0.124370 0.170260 -0.019060 0.234643 -1.504489 
time 95
 0 0.002980 -0.048350 9.104100 -1.570808 -1.568236 -3.141545 
 1 0.628640 1.089370 -0.408870 2.977348 -0.238912 3.104409 
 2 4.649140 0.006280 -0.152480 0.023881 -0.078445 -0.061722 
 3 4.724810 0.000000 0.000000 1.514275 -1.257701 1.606779 
 4 0.615950 -1.120970 -0.411960 -3.025768 0.064353 -3.077926 
 5 4.669700 0.025960 -0.151690 -0.333644 0.146643 -0.060944 
 6 4.698490 0.000000 0.000000 -1.356475 -1.080235 -1.450558 
 7 1.972170 0.012830 0.000000 -0.026725 -0.177011 -0.018104 
 8 1.985240 0.001840 0.000060 0.003920 0.271578 0.014308 
 9 2.705030 0.000240 0.000000 0.008832 0.030406 -0.025801 
 10 1.758180 0.692770 0.008290 -1.804177 -0.221719 1.701034 
 11 1.454170 0.000000 0.000000 1.000732 -1.132629 -0.474709 
 12 2.770650 0.000000 0.000000 -0.229043 -0.125329 0.239707 
 13 2.720050 -0.001310 0.011070 0.712940 -0.053464 0.041854 
 14 0.642300 0.121820 0.167370 -0.022679 0.034877 1.539277 
 15 1.758870 -0.686840 -0.024860 1.770119 0.030279 -1.753009 
 16 1.454170 0.000000 0.000000 -0.408652 -1.012809 0.188185 
 17 2.771110 0.002230 -0.003730 -0.281913 -0.179941 -0.428700 
 18 2.717440 0.001100 0.009450 0.068360 -0.544598 0.436246 
 19 0.647860 -0.124370 0.170260 -0.019060 0.234643 -1.504489 
time 96
 0 0.002980 -0.048350 9.104100 -1.570808 -1.568236 -3.141545 
 1 0.628640 1.089370 -0.408870 2.977348 -0.238912 3.104409 
 2 4.649140 0.006280 -0.152480 0.023881 -0.078445 -0.061722 
 3 4.724810 0.000000 0.000000 1.514275 -1.257701 1.606779 
 4 0.615950 -1.120970 -0.411960 -3.025768 0.064353 -3.077926 
 5 4.669700 0.025960 -0.151690 -0.333644 0.146643 -0.060944 
 6 4.698490 0.000000 0.000000 -1.356475 -1.080235 -1.450558 
 7 1.972170 0.012830 0.000000 -0.026731 -0.176634 -0.018103 
 8 1.985240 0.001840 0.000060 0.003921 0.269476 0.014246 
 9 2.705030 0.000240 0.000000 0.008637 0.035852 -0.025665 
 10 1.758180 0.692770 0.008290 -1.804177 -0.221719 1.701034 
 11 1.454170 0.000000 0.000000 1.000732 -1.132629 -0.474709 
 12 2.770650 0.000000 0.000000 -0.229043 -0.125329 0.239707 
 13 2.720050 -0.001310 0.011070 0.712940 -0.053464 0.041854 
 14 0.642300 0.121820 0.167370 -0.022679 0.034877 1.539277 
 15 1.758870 -0.686840 -0.024860 1.770119 0.030279 -1.753009 
 16 1.454170 0.000000 0.000000 -0.411511 -1.012507 0.190908 
 17 2.771110 0.002230 -0.003730 -0.282570 -0.179999 -0.429403 
 18 2.717440 0.001100 0.009450 0.068412 -0.543885 0.434973 
 19 0.647860 -0.124370 0.170260 -0.019060 0.234643 -1.504489 
time 97
 0 0.002980 -0.048350 9.104100 -1.570808 -1.568236 -3.141545 
 1 0.628640 1.089370 -0.408870 2.977348 -0.238912 3.104409 
 2 4.649140 0.006280 -0.152480 0.023881 -0.078445 -0.061722 
 3 4.724810 0.000000 0.000000 1.514275 -1.257701 1.606779 
 4 0.615950 -1.120970 -0.411960 -3.025768 0.064353 -3.077926 
 5 4.669700 0.025960 -0.151690 -0.333644 0.146643 -0.060944 
 6 4.698490 0.000000 0.000000 -1.356475 -1.080235 -1.450558 
 7 1.972170 0.012830 0.000000 -0.026736 -0.176327 -0.018102 
 8 1.985240 0.001840 0.000060 0.003922 0.267757 0.014195 
 9 2.705030 0.000240 0.000000 0.008476 0.040330 -0.025554 
 10 1.758180 0.692770 0.008290 -1.804177 -0.221719 1.701034 
 11 1.454170 0.000000 0.000000 1.000732 -1.132629 -0.474709 
 12 2.770650 0.000000 0.000000 -0.229043 -0.125329 0.239707 
 13 2.720050 -0.001310 0.011070 0.712940 -0.053464 0.041854 
 14 0.642300 0.121820 0.167370 -0.022679 0.034877 1.539277 
 15 1.758870 -0.686840 -0.024860 1.770119 0.030279 -1.753009 
 16 1.454170 0.000000 0.000000 -0.413869 -1.012259 0.193153 
 17 2.771110 0.002230 -0.003730 -0.283090 -0.180045 -0.429959 
 18 2.717440 0.001100 0.009450 0.068454 -0.543311 0.433947 
 19 0.647860 -0.124370 0.170260 -0.019060 0.234643 -1.504489 
time 98
 0 0.002980 -0.048350 9.104100 -1.570808 -1.568236 -3.141545 
 1 0.628640 1.089370 -0.408870 2.977348 -0.238912 3.104409 
 2 4.649140 0.006280 -0.152480 0.023881 -0.078445 -0.061722 
 3 4.724810 0.000000 0.000000 1.514275 -1.257701 1.606779 
 4 0.615950 -1.120970 -0.411960 -3.025768 0.064353 -3.077926 
 5 4.669700 0.025960 -0.151690 -0.333644 0.146643 -0.060944 
 6 4.698490 0.000000 0.000000 -1.356475 -1.080235 -1.450558 
 7 1.972170 0.012830 0.000000 -0.026740 -0.176096 -0.018101 
 8 1.985240 0.001840 0.000060 0.003922 0.266470 0.014158 
 9 2.705030 0.000240 0.000000 0.008355 0.043699 -0.025470 
 10 1.758180 0.692770 0.008290 -1.804177 -0.221719 1.701034 
 11 1.454170 0.000000 0.000000 1.000732 -1.132629 -0.474709 
 12 2.770650 0.000000 0.000000 -0.229043 -0.125329 0.239707 
 13 2.720050 -0.001310 0.011070 0.712940 -0.053464 0.041854 
 14 0.642300 0.121820 0.167370 -0.022679 0.034877 1.539277 
 15 1.758870 -0.686840 -0.024860 1.770119 0.030279 -1.753009 
 16 1.454170 0.000000 0.000000 -0.415649 -1.012071 0.194847 
 17 2.771110 0.002230 -0.003730 -0.283468 -0.180078 -0.430364 
 18 2.717440 0.001100 0.009450 0.068485 -0.542887 0.433189 
 19 0.647860 -0.124370 0.170260 -0.019060 0.234643 -1.504489 
time 99
 0 0.002980 -0.048350 9.104100 -1.570808 -1.568236 -3.141545 
 1 0.628640 1.089370 -0.408870 2.977348 -0.238912 3.104409 
 2 4.649140 0.006280 -0.152480 0.023881 -0.078445 -0.061722 
 3 4.724810 0.000000 0.000000 1.514275 -1.257701 1.606779 
 4 0.615950 -1.120970 -0.411960 -3.025768 0.064353 -3.077926 
 5 4.669700 0.025960 -0.151690 -0.333644 0.146643 -0.060944 
 6 4.698490 0.000000 0.000000 -1.356475 -1.080235 -1.450558 
 7 1.972170 0.012830 0.000000 -0.026742 -0.175952 -0.018101 
 8 1.985240 0.001840 0.000060 0.003923 0.265663 0.014134 
 9 2.705030 0.000240 0.000000 0.008279 0.045823 -0.025418 
 10 1.758180 0.692770 0.008290 -1.804177 -0.221719 1.701034 
 11 1.454170 0.000000 0.000000 1.000732 -1.132629 -0.474709 
 12 2.770650 0.000000 0.000000 -0.229043 -0.125329 0.239707 
 13 2.720050 -0.001310 0.011070 0.712940 -0.053464 0.041854 
 14 0.642300 0.121820 0.167370 -0.022679 0.034877 1.539277 
 15 1.758870 -0.686840 -0.024860 1.770119 0.030279 -1.753009 
 16 1.454170 0.000000 0.000000 -0.416773 -1.011952 0.195918 
 17 2.771110 0.002230 -0.003730 -0.283699 -0.180099 -0.430611 
 18 2.717440 0.001100 0.009450 0.068505 -0.542624 0.432719 
 19 0.647860 -0.124370 0.170260 -0.019060 0.234643 -1.504489 
time 100
 0 0.002980 -0.048350 9.104100 -1.570808 -1.568236 -3.141545 
 1 0.628640 1.089370 -0.408870 2.977348 -0.238912 3.104409 
 2 4.649140 0.006280 -0.152480 0.023881 -0.078445 -0.061722 
 3 4.724810 0.000000 0.000000 1.514275 -1.257701 1.606779 
 4 0.615950 -1.120970 -0.411960 -3.025768 0.064353 -3.077926 
 5 4.669700 0.025960 -0.151690 -0.333644 0.146643 -0.060944 
 6 4.698490 0.000000 0.000000 -1.356475 -1.080235 -1.450558 
 7 1.972170 0.012830 0.000000 -0.026743 -0.175902 -0.018101 
 8 1.985240 0.001840 0.000060 0.003923 0.265383 0.014126 
 9 2.705030 0.000240 0.000000 0.008253 0.046561 -0.025399 
 10 1.758180 0.692770 0.008290 -1.804177 -0.221719 1.701034 
 11 1.454170 0.000000 0.000000 1.000732 -1.132629 -0.474709 
 12 2.770650 0.000000 0.000000 -0.229043 -0.125329 0.239707 
 13 2.720050 -0.001310 0.011070 0.712940 -0.053464 0.041854 
 14 0.642300 0.121820 0.167370 -0.022679 0.034877 1.539277 
 15 1.758870 -0.686840 -0.024860 1.770119 0.030279 -1.753009 
 16 1.454170 0.000000 0.000000 -0.417165 -1.011911 0.196291 
 17 2.771110 0.002230 -0.003730 -0.283777 -0.180106 -0.430694 
 18 2.717440 0.001100 0.009450 0.068511 -0.542533 0.432558 
 19 0.647860 -0.124370 0.170260 -0.019060 0.234643 -1.504489 
end
